Date,Open,High,Low,Close,Adj Close,Volume,AMD
2012-09-14,3.960000,3.990000,3.850000,3.900000,3.900000,23583300,AMD
2012-09-17,3.900000,4.020000,3.820000,4.010000,4.010000,42220500,AMD
2012-09-18,3.700000,3.900000,3.600000,3.620000,3.620000,91369500,AMD
2012-09-19,3.660000,3.710000,3.580000,3.660000,3.660000,31304000,AMD
2012-09-20,3.640000,3.660000,3.590000,3.590000,3.590000,20836600,AMD
2012-09-21,3.630000,3.680000,3.580000,3.600000,3.600000,20269300,AMD
2012-09-24,3.540000,3.550000,3.450000,3.460000,3.460000,23733000,AMD
2012-09-25,3.480000,3.500000,3.280000,3.280000,3.280000,29232200,AMD
2012-09-26,3.270000,3.420000,3.220000,3.320000,3.320000,22959900,AMD
2012-09-27,3.360000,3.500000,3.340000,3.430000,3.430000,19551200,AMD
2012-09-28,3.430000,3.440000,3.350000,3.370000,3.370000,15558100,AMD
2012-10-01,3.390000,3.410000,3.260000,3.280000,3.280000,25050500,AMD
2012-10-02,3.300000,3.410000,3.170000,3.270000,3.270000,27052700,AMD
2012-10-03,3.280000,3.290000,3.100000,3.120000,3.120000,27800700,AMD
2012-10-04,3.170000,3.250000,3.090000,3.220000,3.220000,23236300,AMD
2012-10-05,3.240000,3.280000,3.170000,3.220000,3.220000,11215000,AMD
2012-10-08,3.210000,3.240000,3.150000,3.190000,3.190000,9897400,AMD
2012-10-09,3.180000,3.260000,3.150000,3.250000,3.250000,19696500,AMD
2012-10-10,3.220000,3.220000,3.130000,3.150000,3.150000,19234500,AMD
2012-10-11,3.190000,3.240000,3.130000,3.200000,3.200000,18206700,AMD
2012-10-12,2.860000,2.990000,2.740000,2.740000,2.740000,83878000,AMD
2012-10-15,2.790000,2.830000,2.730000,2.750000,2.750000,26746100,AMD
2012-10-16,2.770000,2.780000,2.660000,2.680000,2.680000,38376800,AMD
2012-10-17,2.660000,2.800000,2.640000,2.770000,2.770000,32949000,AMD
2012-10-18,2.760000,2.780000,2.600000,2.620000,2.620000,35679500,AMD
2012-10-19,2.540000,2.620000,2.170000,2.180000,2.180000,110069000,AMD
2012-10-22,2.230000,2.230000,2.090000,2.100000,2.100000,37955900,AMD
2012-10-23,2.060000,2.210000,2.030000,2.140000,2.140000,33501900,AMD
2012-10-24,2.170000,2.220000,2.060000,2.080000,2.080000,37324400,AMD
2012-10-25,2.100000,2.150000,2.070000,2.120000,2.120000,21980400,AMD
2012-10-26,2.130000,2.140000,2.060000,2.070000,2.070000,16693000,AMD
2012-10-31,2.130000,2.140000,2.050000,2.050000,2.050000,17427600,AMD
2012-11-01,2.070000,2.140000,2.050000,2.140000,2.140000,21773300,AMD
2012-11-02,2.150000,2.150000,2.070000,2.100000,2.100000,20725300,AMD
2012-11-05,2.100000,2.120000,2.060000,2.110000,2.110000,21064800,AMD
2012-11-06,2.120000,2.140000,2.060000,2.070000,2.070000,24027100,AMD
2012-11-07,2.070000,2.100000,2.010000,2.010000,2.010000,30029200,AMD
2012-11-08,2.030000,2.060000,1.960000,1.980000,1.980000,35841500,AMD
2012-11-09,2.000000,2.070000,1.970000,2.030000,2.030000,39582000,AMD
2012-11-12,2.040000,2.060000,1.990000,1.990000,1.990000,15959100,AMD
2012-11-13,1.980000,2.350000,1.970000,2.090000,2.090000,60092100,AMD
2012-11-14,2.040000,2.050000,1.920000,1.930000,1.930000,40052600,AMD
2012-11-15,1.930000,1.930000,1.860000,1.870000,1.870000,20270000,AMD
2012-11-16,1.870000,1.900000,1.810000,1.860000,1.860000,23501300,AMD
2012-11-19,1.900000,1.950000,1.890000,1.920000,1.920000,18774000,AMD
2012-11-20,1.920000,1.920000,1.860000,1.880000,1.880000,11637300,AMD
2012-11-21,1.890000,1.920000,1.860000,1.870000,1.870000,7525400,AMD
2012-11-23,1.920000,1.970000,1.920000,1.950000,1.950000,8567500,AMD
2012-11-26,1.960000,1.970000,1.840000,1.870000,1.870000,30192600,AMD
2012-11-27,1.870000,1.890000,1.850000,1.880000,1.880000,22732800,AMD
2012-11-28,1.880000,1.990000,1.860000,1.960000,1.960000,27471900,AMD
2012-11-29,2.010000,2.120000,2.010000,2.040000,2.040000,42800100,AMD
2012-11-30,2.160000,2.220000,2.110000,2.200000,2.200000,66853900,AMD
2012-12-03,2.280000,2.460000,2.260000,2.360000,2.360000,70160800,AMD
2012-12-04,2.480000,2.480000,2.210000,2.260000,2.260000,52165300,AMD
2012-12-05,2.300000,2.320000,2.250000,2.290000,2.290000,20378800,AMD
2012-12-06,2.330000,2.390000,2.270000,2.340000,2.340000,22223500,AMD
2012-12-07,2.380000,2.390000,2.290000,2.360000,2.360000,34202800,AMD
2012-12-10,2.350000,2.390000,2.310000,2.320000,2.320000,10015500,AMD
2012-12-11,2.340000,2.360000,2.300000,2.330000,2.330000,14745400,AMD
2012-12-12,2.370000,2.440000,2.360000,2.370000,2.370000,24565900,AMD
2012-12-13,2.400000,2.440000,2.380000,2.410000,2.410000,25069800,AMD
2012-12-14,2.430000,2.440000,2.390000,2.390000,2.390000,16552900,AMD
2012-12-17,2.410000,2.460000,2.390000,2.460000,2.460000,15273300,AMD
2012-12-18,2.500000,2.530000,2.470000,2.520000,2.520000,26636300,AMD
2012-12-19,2.550000,2.570000,2.490000,2.520000,2.520000,20586800,AMD
2012-12-20,2.530000,2.530000,2.370000,2.400000,2.400000,24819400,AMD
2012-12-21,2.330000,2.590000,2.250000,2.590000,2.590000,40732900,AMD
2012-12-24,2.540000,2.570000,2.470000,2.480000,2.480000,9625400,AMD
2012-12-26,2.490000,2.530000,2.420000,2.430000,2.430000,12798000,AMD
2012-12-27,2.420000,2.430000,2.340000,2.390000,2.390000,18485500,AMD
2012-12-28,2.300000,2.360000,2.250000,2.280000,2.280000,26210200,AMD
2012-12-31,2.290000,2.420000,2.280000,2.400000,2.400000,20698200,AMD
2013-01-02,2.550000,2.570000,2.450000,2.530000,2.530000,27214800,AMD
2013-01-03,2.520000,2.590000,2.460000,2.490000,2.490000,24966900,AMD
2013-01-04,2.510000,2.590000,2.490000,2.590000,2.590000,22054200,AMD
2013-01-07,2.610000,2.700000,2.600000,2.670000,2.670000,25575200,AMD
2013-01-08,2.720000,2.760000,2.640000,2.670000,2.670000,29140800,AMD
2013-01-09,2.700000,2.720000,2.600000,2.630000,2.630000,16675100,AMD
2013-01-10,2.690000,2.700000,2.610000,2.620000,2.620000,19408800,AMD
2013-01-11,2.630000,2.680000,2.550000,2.670000,2.670000,20032100,AMD
2013-01-14,2.680000,2.700000,2.620000,2.640000,2.640000,17300300,AMD
2013-01-15,2.620000,2.700000,2.600000,2.680000,2.680000,23696400,AMD
2013-01-16,2.670000,2.760000,2.630000,2.720000,2.720000,31384700,AMD
2013-01-17,2.760000,2.780000,2.710000,2.740000,2.740000,17872200,AMD
2013-01-18,2.650000,2.680000,2.430000,2.460000,2.460000,41786200,AMD
2013-01-22,2.520000,2.540000,2.430000,2.450000,2.450000,35143000,AMD
2013-01-23,2.620000,2.750000,2.590000,2.730000,2.730000,69200500,AMD
2013-01-24,2.700000,2.840000,2.670000,2.790000,2.790000,32497200,AMD
2013-01-25,2.840000,2.930000,2.820000,2.850000,2.850000,33639700,AMD
2013-01-28,2.890000,2.920000,2.780000,2.820000,2.820000,23636700,AMD
2013-01-29,2.860000,2.860000,2.690000,2.740000,2.740000,20071100,AMD
2013-01-30,2.750000,2.780000,2.630000,2.650000,2.650000,19781200,AMD
2013-01-31,2.700000,2.710000,2.450000,2.600000,2.600000,27846400,AMD
2013-02-01,2.630000,2.680000,2.570000,2.600000,2.600000,18806200,AMD
2013-02-04,2.630000,2.640000,2.520000,2.520000,2.520000,15382300,AMD
2013-02-05,2.550000,2.600000,2.490000,2.600000,2.600000,12440400,AMD
2013-02-06,2.590000,2.640000,2.560000,2.600000,2.600000,8831000,AMD
2013-02-07,2.610000,2.630000,2.560000,2.570000,2.570000,6780200,AMD
2013-02-08,2.580000,2.600000,2.580000,2.590000,2.590000,5972800,AMD
2013-02-11,2.590000,2.700000,2.590000,2.670000,2.670000,22415300,AMD
2013-02-12,2.710000,2.780000,2.690000,2.770000,2.770000,13675500,AMD
2013-02-13,2.810000,2.830000,2.730000,2.750000,2.750000,11495000,AMD
2013-02-14,2.740000,2.750000,2.690000,2.750000,2.750000,13289000,AMD
2013-02-15,2.770000,2.790000,2.700000,2.710000,2.710000,10718400,AMD
2013-02-19,2.750000,2.820000,2.730000,2.820000,2.820000,19819200,AMD
2013-02-20,2.840000,2.840000,2.680000,2.700000,2.700000,21361700,AMD
2013-02-21,2.690000,2.690000,2.520000,2.600000,2.600000,30776300,AMD
2013-02-22,2.640000,2.670000,2.550000,2.610000,2.610000,20254200,AMD
2013-02-25,2.640000,2.650000,2.530000,2.530000,2.530000,16946200,AMD
2013-02-26,2.540000,2.550000,2.440000,2.460000,2.460000,17584400,AMD
2013-02-27,2.480000,2.550000,2.450000,2.530000,2.530000,10653100,AMD
2013-02-28,2.560000,2.570000,2.480000,2.490000,2.490000,11378900,AMD
2013-03-01,2.500000,2.510000,2.420000,2.420000,2.420000,19689400,AMD
2013-03-04,2.440000,2.450000,2.360000,2.400000,2.400000,14570000,AMD
2013-03-05,2.450000,2.470000,2.400000,2.430000,2.430000,13958900,AMD
2013-03-06,2.450000,2.460000,2.400000,2.430000,2.430000,10834600,AMD
2013-03-07,2.440000,2.570000,2.430000,2.550000,2.550000,21089800,AMD
2013-03-08,2.570000,2.640000,2.520000,2.560000,2.560000,11330600,AMD
2013-03-11,2.570000,2.600000,2.510000,2.590000,2.590000,13393400,AMD
2013-03-12,2.590000,2.630000,2.570000,2.610000,2.610000,9510100,AMD
2013-03-13,2.620000,2.630000,2.570000,2.600000,2.600000,7482100,AMD
2013-03-14,2.620000,2.630000,2.580000,2.630000,2.630000,9222000,AMD
2013-03-15,2.600000,2.620000,2.580000,2.600000,2.600000,15805100,AMD
2013-03-18,2.590000,2.680000,2.550000,2.650000,2.650000,12996000,AMD
2013-03-19,2.660000,2.700000,2.620000,2.670000,2.670000,19316200,AMD
2013-03-20,2.700000,2.750000,2.690000,2.750000,2.750000,13502800,AMD
2013-03-21,2.730000,2.750000,2.630000,2.640000,2.640000,17021600,AMD
2013-03-22,2.660000,2.670000,2.530000,2.540000,2.540000,18524100,AMD
2013-03-25,2.570000,2.600000,2.490000,2.510000,2.510000,11266100,AMD
2013-03-26,2.520000,2.540000,2.500000,2.540000,2.540000,6330300,AMD
2013-03-27,2.500000,2.620000,2.500000,2.550000,2.550000,5902600,AMD
2013-03-28,2.550000,2.570000,2.520000,2.550000,2.550000,4866900,AMD
2013-04-01,2.540000,2.570000,2.420000,2.440000,2.440000,14464800,AMD
2013-04-02,2.450000,2.450000,2.380000,2.390000,2.390000,11427400,AMD
2013-04-03,2.400000,2.410000,2.320000,2.320000,2.320000,14485800,AMD
2013-04-04,2.340000,2.370000,2.320000,2.330000,2.330000,11177500,AMD
2013-04-05,2.300000,2.310000,2.280000,2.290000,2.290000,13725000,AMD
2013-04-08,2.310000,2.610000,2.260000,2.590000,2.590000,44767800,AMD
2013-04-09,2.580000,2.630000,2.440000,2.630000,2.630000,33886600,AMD
2013-04-10,2.650000,2.660000,2.570000,2.610000,2.610000,20686300,AMD
2013-04-11,2.550000,2.570000,2.460000,2.520000,2.520000,12946700,AMD
2013-04-12,2.500000,2.500000,2.430000,2.480000,2.480000,10712600,AMD
2013-04-15,2.450000,2.470000,2.400000,2.400000,2.400000,11522300,AMD
2013-04-16,2.430000,2.440000,2.400000,2.440000,2.440000,10954300,AMD
2013-04-17,2.410000,2.470000,2.400000,2.400000,2.400000,14829200,AMD
2013-04-18,2.400000,2.560000,2.290000,2.510000,2.510000,27340500,AMD
2013-04-19,2.440000,2.500000,2.390000,2.470000,2.470000,25040200,AMD
2013-04-22,2.470000,2.510000,2.430000,2.460000,2.460000,14131700,AMD
2013-04-23,2.500000,2.550000,2.470000,2.530000,2.530000,14550400,AMD
2013-04-24,2.540000,2.620000,2.520000,2.610000,2.610000,16537800,AMD
2013-04-25,2.630000,2.720000,2.630000,2.680000,2.680000,20971000,AMD
2013-04-26,2.660000,2.680000,2.600000,2.640000,2.640000,17317200,AMD
2013-04-29,2.660000,2.700000,2.650000,2.680000,2.680000,11220000,AMD
2013-04-30,2.680000,2.820000,2.670000,2.820000,2.820000,32647200,AMD
2013-05-01,2.810000,3.280000,2.790000,3.220000,3.220000,88006700,AMD
2013-05-02,3.160000,3.480000,3.140000,3.410000,3.410000,74185900,AMD
2013-05-03,3.470000,3.800000,3.470000,3.600000,3.600000,87328700,AMD
2013-05-06,3.720000,3.750000,3.530000,3.610000,3.610000,51378200,AMD
2013-05-07,3.650000,3.670000,3.440000,3.540000,3.540000,35339500,AMD
2013-05-08,3.540000,3.850000,3.470000,3.830000,3.830000,57017200,AMD
2013-05-09,3.910000,3.990000,3.830000,3.860000,3.860000,47232300,AMD
2013-05-10,3.790000,3.970000,3.790000,3.950000,3.950000,30586600,AMD
2013-05-13,3.950000,4.220000,3.940000,4.170000,4.170000,54889400,AMD
2013-05-14,4.310000,4.320000,4.180000,4.260000,4.260000,53292800,AMD
2013-05-15,4.290000,4.420000,4.260000,4.380000,4.380000,39347300,AMD
2013-05-16,3.900000,3.940000,3.660000,3.830000,3.830000,80221500,AMD
2013-05-17,3.930000,4.100000,3.900000,4.070000,4.070000,33952700,AMD
2013-05-20,4.180000,4.200000,4.070000,4.100000,4.100000,35458600,AMD
2013-05-21,4.150000,4.200000,3.950000,4.020000,4.020000,36560500,AMD
2013-05-22,4.080000,4.100000,3.910000,3.960000,3.960000,28771500,AMD
2013-05-23,3.810000,4.050000,3.790000,4.010000,4.010000,33152600,AMD
2013-05-24,4.030000,4.060000,3.970000,4.050000,4.050000,20655600,AMD
2013-05-28,4.130000,4.150000,4.020000,4.050000,4.050000,19603800,AMD
2013-05-29,4.010000,4.050000,3.960000,3.980000,3.980000,16279300,AMD
2013-05-30,4.000000,4.060000,3.990000,4.040000,4.040000,15229500,AMD
2013-05-31,4.070000,4.110000,3.990000,4.000000,4.000000,17715000,AMD
2013-06-03,4.020000,4.030000,3.810000,3.960000,3.960000,23938100,AMD
2013-06-04,3.950000,4.040000,3.940000,4.010000,4.010000,19612600,AMD
2013-06-05,4.010000,4.030000,3.890000,3.910000,3.910000,15404600,AMD
2013-06-06,3.870000,3.940000,3.810000,3.940000,3.940000,20863700,AMD
2013-06-07,3.980000,3.990000,3.880000,3.910000,3.910000,12026500,AMD
2013-06-10,3.950000,4.080000,3.920000,4.060000,4.060000,32378100,AMD
2013-06-11,4.000000,4.110000,3.960000,3.960000,3.960000,20201200,AMD
2013-06-12,4.000000,4.030000,3.900000,3.900000,3.900000,14600100,AMD
2013-06-13,3.900000,3.960000,3.870000,3.950000,3.950000,14192300,AMD
2013-06-14,3.980000,4.040000,3.910000,3.940000,3.940000,14395600,AMD
2013-06-17,4.120000,4.140000,4.020000,4.050000,4.050000,31973300,AMD
2013-06-18,4.100000,4.110000,4.050000,4.090000,4.090000,22841700,AMD
2013-06-19,4.150000,4.180000,4.040000,4.070000,4.070000,24193500,AMD
2013-06-20,4.020000,4.030000,3.860000,3.870000,3.870000,26704000,AMD
2013-06-21,3.970000,4.040000,3.900000,4.000000,4.000000,32752000,AMD
2013-06-24,4.070000,4.090000,3.990000,4.050000,4.050000,29135600,AMD
2013-06-25,4.110000,4.150000,4.060000,4.150000,4.150000,26642400,AMD
2013-06-26,4.200000,4.210000,4.120000,4.140000,4.140000,19841200,AMD
2013-06-27,4.190000,4.190000,4.060000,4.080000,4.080000,17426100,AMD
2013-06-28,4.080000,4.120000,4.020000,4.080000,4.080000,13329600,AMD
2013-07-01,4.110000,4.130000,4.070000,4.100000,4.100000,10712200,AMD
2013-07-02,4.090000,4.120000,3.950000,3.970000,3.970000,17766600,AMD
2013-07-03,4.000000,4.070000,3.960000,4.060000,4.060000,11315900,AMD
2013-07-05,4.080000,4.100000,4.030000,4.070000,4.070000,8965400,AMD
2013-07-08,4.080000,4.090000,3.980000,4.000000,4.000000,16930900,AMD
2013-07-09,4.020000,4.080000,4.010000,4.050000,4.050000,9550900,AMD
2013-07-10,4.060000,4.060000,3.960000,3.980000,3.980000,19122800,AMD
2013-07-11,4.220000,4.450000,4.160000,4.450000,4.450000,106975700,AMD
2013-07-12,4.480000,4.500000,4.260000,4.320000,4.320000,50286600,AMD
2013-07-15,4.340000,4.400000,4.310000,4.400000,4.400000,21953700,AMD
2013-07-16,4.410000,4.490000,4.250000,4.430000,4.430000,39716700,AMD
2013-07-17,4.440000,4.450000,4.330000,4.380000,4.380000,17002100,AMD
2013-07-18,4.380000,4.650000,4.370000,4.640000,4.640000,70347000,AMD
2013-07-19,3.990000,4.080000,3.850000,4.030000,4.030000,151516000,AMD
2013-07-22,4.010000,4.010000,3.890000,3.900000,3.900000,50010900,AMD
2013-07-23,3.880000,3.880000,3.640000,3.660000,3.660000,76847700,AMD
2013-07-24,3.690000,3.750000,3.580000,3.630000,3.630000,50913500,AMD
2013-07-25,3.640000,3.740000,3.600000,3.700000,3.700000,29243400,AMD
2013-07-26,3.700000,3.830000,3.660000,3.820000,3.820000,42575800,AMD
2013-07-29,3.870000,3.890000,3.750000,3.750000,3.750000,32247500,AMD
2013-07-30,3.790000,3.850000,3.750000,3.820000,3.820000,19611600,AMD
2013-07-31,3.850000,3.900000,3.770000,3.770000,3.770000,34342100,AMD
2013-08-01,3.810000,3.870000,3.780000,3.810000,3.810000,22276700,AMD
2013-08-02,3.800000,3.840000,3.770000,3.800000,3.800000,13481100,AMD
2013-08-05,3.830000,3.840000,3.800000,3.820000,3.820000,11734100,AMD
2013-08-06,3.810000,3.820000,3.710000,3.720000,3.720000,19462800,AMD
2013-08-07,3.680000,3.700000,3.570000,3.690000,3.690000,27553200,AMD
2013-08-08,3.710000,3.730000,3.610000,3.710000,3.710000,16994400,AMD
2013-08-09,3.690000,3.700000,3.630000,3.650000,3.650000,13656300,AMD
2013-08-12,3.620000,3.720000,3.610000,3.650000,3.650000,10665300,AMD
2013-08-13,3.670000,3.710000,3.630000,3.690000,3.690000,12387400,AMD
2013-08-14,3.680000,3.830000,3.650000,3.820000,3.820000,32081500,AMD
2013-08-15,3.760000,3.840000,3.650000,3.690000,3.690000,28245900,AMD
2013-08-16,3.690000,3.710000,3.650000,3.660000,3.660000,11659600,AMD
2013-08-19,3.670000,3.680000,3.590000,3.600000,3.600000,14414700,AMD
2013-08-20,3.620000,3.690000,3.590000,3.630000,3.630000,16665100,AMD
2013-08-21,3.620000,3.680000,3.600000,3.610000,3.610000,13992800,AMD
2013-08-22,3.630000,3.650000,3.600000,3.630000,3.630000,10071400,AMD
2013-08-23,3.670000,3.740000,3.610000,3.650000,3.650000,22498900,AMD
2013-08-26,3.650000,3.660000,3.580000,3.580000,3.580000,22464000,AMD
2013-08-27,3.550000,3.550000,3.330000,3.390000,3.390000,51647100,AMD
2013-08-28,3.350000,3.490000,3.330000,3.420000,3.420000,19453800,AMD
2013-08-29,3.430000,3.480000,3.370000,3.380000,3.380000,13448100,AMD
2013-08-30,3.380000,3.410000,3.250000,3.270000,3.270000,31721500,AMD
2013-09-03,3.320000,3.350000,3.250000,3.270000,3.270000,15543600,AMD
2013-09-04,3.280000,3.340000,3.250000,3.310000,3.310000,29576000,AMD
2013-09-05,3.320000,3.490000,3.300000,3.410000,3.410000,23102100,AMD
2013-09-06,3.540000,3.600000,3.430000,3.570000,3.570000,35974800,AMD
2013-09-09,3.630000,3.720000,3.620000,3.690000,3.690000,23646200,AMD
2013-09-10,3.780000,3.870000,3.770000,3.870000,3.870000,33201100,AMD
2013-09-11,3.870000,3.890000,3.740000,3.820000,3.820000,24009100,AMD
2013-09-12,3.760000,3.800000,3.690000,3.750000,3.750000,28947700,AMD
2013-09-13,3.750000,3.870000,3.720000,3.830000,3.830000,25331400,AMD
2013-09-16,3.900000,3.900000,3.790000,3.820000,3.820000,30569700,AMD
2013-09-17,3.830000,3.900000,3.770000,3.850000,3.850000,25590700,AMD
2013-09-18,3.850000,3.950000,3.830000,3.930000,3.930000,24046300,AMD
2013-09-19,3.960000,4.000000,3.920000,3.950000,3.950000,24274700,AMD
2013-09-20,3.910000,3.960000,3.790000,3.830000,3.830000,94572300,AMD
2013-09-23,3.810000,3.870000,3.770000,3.790000,3.790000,20920500,AMD
2013-09-24,3.790000,3.890000,3.750000,3.800000,3.800000,21462700,AMD
2013-09-25,3.820000,3.940000,3.790000,3.910000,3.910000,23559200,AMD
2013-09-26,3.940000,3.980000,3.880000,3.890000,3.890000,17460300,AMD
2013-09-27,3.870000,3.910000,3.830000,3.860000,3.860000,11436100,AMD
2013-09-30,3.790000,3.860000,3.750000,3.810000,3.810000,16556900,AMD
2013-10-01,3.820000,3.940000,3.810000,3.860000,3.860000,26056400,AMD
2013-10-02,3.830000,3.940000,3.820000,3.900000,3.900000,18583300,AMD
2013-10-03,3.930000,3.940000,3.860000,3.900000,3.900000,25498500,AMD
2013-10-04,3.910000,3.950000,3.890000,3.910000,3.910000,17134400,AMD
2013-10-07,3.870000,3.910000,3.830000,3.860000,3.860000,16734000,AMD
2013-10-08,3.870000,3.890000,3.680000,3.720000,3.720000,35910400,AMD
2013-10-09,3.750000,3.750000,3.550000,3.650000,3.650000,36053700,AMD
2013-10-10,3.720000,3.800000,3.720000,3.790000,3.790000,24019400,AMD
2013-10-11,3.780000,3.850000,3.750000,3.830000,3.830000,17384600,AMD
2013-10-14,3.870000,4.050000,3.850000,3.970000,3.970000,63648400,AMD
2013-10-15,4.030000,4.100000,4.010000,4.020000,4.020000,52027500,AMD
2013-10-16,4.100000,4.100000,4.030000,4.090000,4.090000,34138300,AMD
2013-10-17,4.120000,4.130000,4.060000,4.090000,4.090000,45838000,AMD
2013-10-18,3.560000,3.660000,3.510000,3.530000,3.530000,108913700,AMD
2013-10-21,3.560000,3.560000,3.300000,3.370000,3.370000,68891000,AMD
2013-10-22,3.320000,3.340000,3.120000,3.180000,3.180000,92506500,AMD
2013-10-23,3.200000,3.250000,3.040000,3.140000,3.140000,65948000,AMD
2013-10-24,3.210000,3.300000,3.160000,3.230000,3.230000,43033200,AMD
2013-10-25,3.290000,3.390000,3.290000,3.340000,3.340000,43346300,AMD
2013-10-28,3.380000,3.390000,3.320000,3.320000,3.320000,23820500,AMD
2013-10-29,3.340000,3.370000,3.320000,3.330000,3.330000,15816500,AMD
2013-10-30,3.350000,3.360000,3.300000,3.300000,3.300000,16208000,AMD
2013-10-31,3.310000,3.350000,3.250000,3.340000,3.340000,18062700,AMD
2013-11-01,3.370000,3.370000,3.300000,3.310000,3.310000,14422000,AMD
2013-11-04,3.340000,3.380000,3.290000,3.320000,3.320000,16749400,AMD
2013-11-05,3.320000,3.350000,3.290000,3.330000,3.330000,14003100,AMD
2013-11-06,3.330000,3.350000,3.300000,3.320000,3.320000,15065300,AMD
2013-11-07,3.330000,3.330000,3.230000,3.280000,3.280000,18856200,AMD
2013-11-08,3.260000,3.290000,3.200000,3.270000,3.270000,12072000,AMD
2013-11-11,3.290000,3.340000,3.250000,3.340000,3.340000,12981500,AMD
2013-11-12,3.340000,3.450000,3.330000,3.440000,3.440000,20185800,AMD
2013-11-13,3.500000,3.550000,3.460000,3.540000,3.540000,28914000,AMD
2013-11-14,3.550000,3.570000,3.470000,3.520000,3.520000,15123200,AMD
2013-11-15,3.530000,3.530000,3.480000,3.500000,3.500000,11570800,AMD
2013-11-18,3.530000,3.540000,3.470000,3.470000,3.470000,13170900,AMD
2013-11-19,3.460000,3.480000,3.360000,3.420000,3.420000,20169800,AMD
2013-11-20,3.440000,3.460000,3.400000,3.420000,3.420000,9937400,AMD
2013-11-21,3.430000,3.440000,3.350000,3.370000,3.370000,13646200,AMD
2013-11-22,3.380000,3.390000,3.330000,3.340000,3.340000,11315300,AMD
2013-11-25,3.360000,3.400000,3.340000,3.390000,3.390000,11605400,AMD
2013-11-26,3.420000,3.480000,3.400000,3.450000,3.450000,16989300,AMD
2013-11-27,3.480000,3.580000,3.460000,3.560000,3.560000,19876400,AMD
2013-11-29,3.600000,3.680000,3.580000,3.640000,3.640000,15448400,AMD
2013-12-02,3.650000,3.700000,3.560000,3.660000,3.660000,24119700,AMD
2013-12-03,3.640000,3.710000,3.580000,3.620000,3.620000,23323200,AMD
2013-12-04,3.570000,3.630000,3.480000,3.570000,3.570000,21609700,AMD
2013-12-05,3.560000,3.650000,3.550000,3.640000,3.640000,14465700,AMD
2013-12-06,3.670000,3.700000,3.630000,3.660000,3.660000,15825300,AMD
2013-12-09,3.660000,3.700000,3.630000,3.630000,3.630000,10470700,AMD
2013-12-10,3.630000,3.780000,3.600000,3.720000,3.720000,29571500,AMD
2013-12-11,3.740000,3.770000,3.660000,3.680000,3.680000,13436700,AMD
2013-12-12,3.680000,3.750000,3.650000,3.690000,3.690000,10013900,AMD
2013-12-13,3.700000,3.720000,3.650000,3.690000,3.690000,9074200,AMD
2013-12-16,3.640000,3.660000,3.510000,3.590000,3.590000,22228600,AMD
2013-12-17,3.600000,3.670000,3.580000,3.650000,3.650000,14836400,AMD
2013-12-18,3.640000,3.670000,3.600000,3.650000,3.650000,12658100,AMD
2013-12-19,3.640000,3.680000,3.600000,3.650000,3.650000,10419000,AMD
2013-12-20,3.640000,3.700000,3.640000,3.690000,3.690000,12762700,AMD
2013-12-23,3.740000,3.780000,3.720000,3.750000,3.750000,14531000,AMD
2013-12-24,3.770000,3.800000,3.750000,3.770000,3.770000,5798900,AMD
2013-12-26,3.800000,3.850000,3.790000,3.800000,3.800000,9887600,AMD
2013-12-27,3.820000,3.830000,3.760000,3.780000,3.780000,8248800,AMD
2013-12-30,3.790000,3.880000,3.780000,3.850000,3.850000,17519300,AMD
2013-12-31,3.870000,3.880000,3.830000,3.870000,3.870000,12347800,AMD
2014-01-02,3.850000,3.980000,3.840000,3.950000,3.950000,20548400,AMD
2014-01-03,3.980000,4.000000,3.880000,4.000000,4.000000,22887200,AMD
2014-01-06,4.010000,4.180000,3.990000,4.130000,4.130000,42398300,AMD
2014-01-07,4.190000,4.250000,4.110000,4.180000,4.180000,42932100,AMD
2014-01-08,4.230000,4.260000,4.140000,4.180000,4.180000,30678700,AMD
2014-01-09,4.200000,4.230000,4.050000,4.090000,4.090000,30667600,AMD
2014-01-10,4.090000,4.200000,4.070000,4.170000,4.170000,20840800,AMD
2014-01-13,4.190000,4.200000,4.090000,4.130000,4.130000,22856100,AMD
2014-01-14,4.140000,4.300000,4.130000,4.300000,4.300000,42434800,AMD
2014-01-15,4.340000,4.600000,4.320000,4.470000,4.470000,66613100,AMD
2014-01-16,4.500000,4.510000,4.320000,4.380000,4.380000,46975600,AMD
2014-01-17,4.150000,4.350000,4.110000,4.180000,4.180000,45842700,AMD
2014-01-21,4.310000,4.340000,4.130000,4.170000,4.170000,58702900,AMD
2014-01-22,3.790000,3.820000,3.660000,3.670000,3.670000,86329500,AMD
2014-01-23,3.670000,3.680000,3.580000,3.620000,3.620000,29844700,AMD
2014-01-24,3.600000,3.610000,3.410000,3.470000,3.470000,48095800,AMD
2014-01-27,3.480000,3.490000,3.350000,3.410000,3.410000,31332300,AMD
2014-01-28,3.430000,3.570000,3.410000,3.540000,3.540000,27962600,AMD
2014-01-29,3.520000,3.560000,3.450000,3.480000,3.480000,21765000,AMD
2014-01-30,3.510000,3.520000,3.450000,3.480000,3.480000,17111700,AMD
2014-01-31,3.450000,3.470000,3.430000,3.430000,3.430000,13602100,AMD
2014-02-03,3.430000,3.440000,3.330000,3.330000,3.330000,22280200,AMD
2014-02-04,3.350000,3.430000,3.300000,3.370000,3.370000,22681000,AMD
2014-02-05,3.360000,3.370000,3.290000,3.310000,3.310000,14858900,AMD
2014-02-06,3.320000,3.460000,3.320000,3.410000,3.410000,16072900,AMD
2014-02-07,3.460000,3.500000,3.420000,3.470000,3.470000,23119700,AMD
2014-02-10,3.500000,3.640000,3.450000,3.630000,3.630000,21241100,AMD
2014-02-11,3.660000,3.750000,3.650000,3.700000,3.700000,34198100,AMD
2014-02-12,3.710000,3.730000,3.630000,3.690000,3.690000,18321300,AMD
2014-02-13,3.640000,3.710000,3.640000,3.700000,3.700000,13368600,AMD
2014-02-14,3.700000,3.720000,3.640000,3.690000,3.690000,12387900,AMD
2014-02-18,3.690000,3.720000,3.650000,3.700000,3.700000,11956700,AMD
2014-02-19,3.700000,3.740000,3.680000,3.720000,3.720000,14175500,AMD
2014-02-20,3.720000,3.750000,3.660000,3.690000,3.690000,13276100,AMD
2014-02-21,3.710000,3.750000,3.660000,3.690000,3.690000,13606800,AMD
2014-02-24,3.710000,3.730000,3.700000,3.710000,3.710000,10717900,AMD
2014-02-25,3.730000,3.740000,3.660000,3.690000,3.690000,9173500,AMD
2014-02-26,3.700000,3.720000,3.630000,3.700000,3.700000,13211700,AMD
2014-02-27,3.690000,3.770000,3.680000,3.710000,3.710000,18218000,AMD
2014-02-28,3.730000,3.770000,3.700000,3.710000,3.710000,14643200,AMD
2014-03-03,3.660000,3.700000,3.600000,3.670000,3.670000,19555800,AMD
2014-03-04,3.700000,3.730000,3.680000,3.700000,3.700000,10516100,AMD
2014-03-05,3.700000,3.730000,3.690000,3.710000,3.710000,10740200,AMD
2014-03-06,3.720000,3.750000,3.710000,3.730000,3.730000,10713000,AMD
2014-03-07,3.750000,4.020000,3.750000,3.950000,3.950000,55435800,AMD
2014-03-10,4.040000,4.060000,3.800000,3.810000,3.810000,42135800,AMD
2014-03-11,3.860000,4.010000,3.830000,3.850000,3.850000,34951400,AMD
2014-03-12,3.860000,3.930000,3.850000,3.910000,3.910000,14700500,AMD
2014-03-13,3.940000,3.990000,3.840000,3.860000,3.860000,19803000,AMD
2014-03-14,3.840000,3.900000,3.820000,3.850000,3.850000,18161500,AMD
2014-03-17,3.880000,3.910000,3.780000,3.800000,3.800000,20004100,AMD
2014-03-18,3.820000,3.910000,3.810000,3.890000,3.890000,15273700,AMD
2014-03-19,3.910000,4.000000,3.900000,3.980000,3.980000,28516900,AMD
2014-03-20,3.960000,4.050000,3.900000,4.050000,4.050000,23600600,AMD
2014-03-21,4.070000,4.140000,4.010000,4.040000,4.040000,23871200,AMD
2014-03-24,4.050000,4.140000,3.980000,4.050000,4.050000,20669500,AMD
2014-03-25,4.090000,4.120000,4.020000,4.050000,4.050000,14517000,AMD
2014-03-26,4.080000,4.100000,4.020000,4.050000,4.050000,14799700,AMD
2014-03-27,3.990000,4.070000,3.870000,3.910000,3.910000,24532000,AMD
2014-03-28,3.930000,3.970000,3.870000,3.880000,3.880000,13189200,AMD
2014-03-31,3.930000,4.020000,3.900000,4.010000,4.010000,15386000,AMD
2014-04-01,4.040000,4.100000,4.020000,4.070000,4.070000,18778800,AMD
2014-04-02,4.120000,4.120000,4.060000,4.060000,4.060000,14839500,AMD
2014-04-03,4.070000,4.100000,3.970000,4.000000,4.000000,16802300,AMD
2014-04-04,4.030000,4.110000,3.920000,4.010000,4.010000,23427000,AMD
2014-04-07,3.980000,3.990000,3.830000,3.880000,3.880000,24874600,AMD
2014-04-08,3.890000,4.000000,3.830000,3.990000,3.990000,17339100,AMD
2014-04-09,4.010000,4.020000,3.950000,3.980000,3.980000,11270300,AMD
2014-04-10,3.970000,4.010000,3.840000,3.850000,3.850000,21364300,AMD
2014-04-11,3.820000,3.850000,3.650000,3.650000,3.650000,34428800,AMD
2014-04-14,3.720000,3.780000,3.650000,3.710000,3.710000,22735100,AMD
2014-04-15,3.740000,3.820000,3.720000,3.790000,3.790000,21754300,AMD
2014-04-16,3.810000,3.830000,3.730000,3.760000,3.760000,18173300,AMD
2014-04-17,3.780000,3.800000,3.690000,3.690000,3.690000,32048100,AMD
2014-04-21,4.010000,4.200000,3.960000,4.120000,4.120000,102651500,AMD
2014-04-22,4.130000,4.310000,4.110000,4.300000,4.300000,52806800,AMD
2014-04-23,4.280000,4.300000,4.160000,4.250000,4.250000,29136300,AMD
2014-04-24,4.270000,4.350000,4.200000,4.280000,4.280000,27532800,AMD
2014-04-25,4.220000,4.260000,4.040000,4.050000,4.050000,37810200,AMD
2014-04-28,4.090000,4.120000,3.870000,3.960000,3.960000,31737100,AMD
2014-04-29,4.020000,4.030000,3.960000,4.030000,4.030000,14582900,AMD
2014-04-30,4.000000,4.100000,3.990000,4.090000,4.090000,18419200,AMD
2014-05-01,4.130000,4.240000,4.100000,4.200000,4.200000,37807300,AMD
2014-05-02,4.170000,4.200000,4.100000,4.120000,4.120000,14479700,AMD
2014-05-05,4.100000,4.140000,4.060000,4.090000,4.090000,9015400,AMD
2014-05-06,4.060000,4.130000,3.980000,4.010000,4.010000,17929300,AMD
2014-05-07,4.040000,4.040000,3.890000,3.970000,3.970000,22374700,AMD
2014-05-08,3.950000,4.030000,3.910000,3.930000,3.930000,14550200,AMD
2014-05-09,3.910000,3.930000,3.850000,3.870000,3.870000,15982900,AMD
2014-05-12,3.870000,4.000000,3.860000,3.970000,3.970000,14785500,AMD
2014-05-13,3.990000,4.090000,3.980000,4.030000,4.030000,11224000,AMD
2014-05-14,4.030000,4.060000,3.980000,3.980000,3.980000,10349600,AMD
2014-05-15,3.960000,3.980000,3.890000,3.960000,3.960000,18000900,AMD
2014-05-16,3.950000,4.050000,3.910000,4.020000,4.020000,17166600,AMD
2014-05-19,4.000000,4.100000,3.960000,4.090000,4.090000,18171000,AMD
2014-05-20,4.090000,4.110000,4.000000,4.050000,4.050000,15647500,AMD
2014-05-21,4.060000,4.100000,4.050000,4.100000,4.100000,13369500,AMD
2014-05-22,4.090000,4.090000,4.010000,4.010000,4.010000,11903100,AMD
2014-05-23,4.030000,4.060000,3.970000,4.020000,4.020000,9831100,AMD
2014-05-27,4.050000,4.060000,4.030000,4.040000,4.040000,6922800,AMD
2014-05-28,4.040000,4.060000,3.990000,4.000000,4.000000,12293800,AMD
2014-05-29,4.020000,4.060000,4.010000,4.030000,4.030000,8876700,AMD
2014-05-30,4.020000,4.030000,3.980000,4.000000,4.000000,10030600,AMD
2014-06-02,4.030000,4.030000,3.940000,3.970000,3.970000,10859500,AMD
2014-06-03,3.960000,3.980000,3.920000,3.940000,3.940000,10858800,AMD
2014-06-04,3.930000,4.050000,3.930000,4.040000,4.040000,13286000,AMD
2014-06-05,4.040000,4.090000,4.020000,4.080000,4.080000,13723800,AMD
2014-06-06,4.090000,4.110000,4.060000,4.060000,4.060000,8466000,AMD
2014-06-09,4.050000,4.100000,4.040000,4.070000,4.070000,7597200,AMD
2014-06-10,4.100000,4.230000,4.100000,4.200000,4.200000,28322100,AMD
2014-06-11,4.180000,4.300000,4.170000,4.290000,4.290000,20596200,AMD
2014-06-12,4.330000,4.440000,4.280000,4.290000,4.290000,26709500,AMD
2014-06-13,4.360000,4.390000,4.240000,4.280000,4.280000,17734600,AMD
2014-06-16,4.260000,4.440000,4.260000,4.440000,4.440000,26192800,AMD
2014-06-17,4.410000,4.500000,4.410000,4.470000,4.470000,19445000,AMD
2014-06-18,4.500000,4.500000,4.350000,4.400000,4.400000,14702400,AMD
2014-06-19,4.420000,4.450000,4.330000,4.360000,4.360000,10880500,AMD
2014-06-20,4.340000,4.370000,4.070000,4.100000,4.100000,54721600,AMD
2014-06-23,4.060000,4.080000,3.900000,4.010000,4.010000,49634100,AMD
2014-06-24,4.010000,4.070000,3.930000,3.940000,3.940000,20402400,AMD
2014-06-25,3.950000,4.000000,3.940000,3.960000,3.960000,13844700,AMD
2014-06-26,3.950000,4.090000,3.940000,4.030000,4.030000,21640500,AMD
2014-06-27,4.060000,4.110000,4.040000,4.110000,4.110000,16034600,AMD
2014-06-30,4.120000,4.250000,4.080000,4.190000,4.190000,25850200,AMD
2014-07-01,4.210000,4.260000,4.170000,4.220000,4.220000,29412600,AMD
2014-07-02,4.230000,4.350000,4.220000,4.340000,4.340000,20486500,AMD
2014-07-03,4.360000,4.400000,4.140000,4.240000,4.240000,22521700,AMD
2014-07-07,4.230000,4.310000,4.210000,4.260000,4.260000,21165500,AMD
2014-07-08,4.250000,4.300000,4.100000,4.220000,4.220000,41685800,AMD
2014-07-09,4.210000,4.290000,4.200000,4.230000,4.230000,18462200,AMD
2014-07-10,4.180000,4.360000,4.140000,4.290000,4.290000,39245000,AMD
2014-07-11,4.300000,4.400000,4.290000,4.370000,4.370000,22425600,AMD
2014-07-14,4.440000,4.650000,4.390000,4.640000,4.640000,73046000,AMD
2014-07-15,4.630000,4.800000,4.410000,4.530000,4.530000,156113700,AMD
2014-07-16,4.600000,4.770000,4.570000,4.660000,4.660000,61848100,AMD
2014-07-17,4.660000,4.680000,4.500000,4.570000,4.570000,51309800,AMD
2014-07-18,3.730000,3.840000,3.670000,3.830000,3.830000,137577700,AMD
2014-07-21,3.860000,3.870000,3.750000,3.780000,3.780000,34219100,AMD
2014-07-22,3.820000,3.860000,3.780000,3.800000,3.800000,34004800,AMD
2014-07-23,3.820000,3.830000,3.750000,3.760000,3.760000,31748200,AMD
2014-07-24,3.750000,3.800000,3.710000,3.730000,3.730000,27967600,AMD
2014-07-25,3.730000,3.790000,3.690000,3.760000,3.760000,31793700,AMD
2014-07-28,3.770000,3.780000,3.680000,3.730000,3.730000,31443400,AMD
2014-07-29,3.740000,3.840000,3.730000,3.790000,3.790000,36157400,AMD
2014-07-30,3.820000,3.880000,3.770000,3.820000,3.820000,42981200,AMD
2014-07-31,3.800000,3.990000,3.780000,3.910000,3.910000,112162900,AMD
2014-08-01,3.910000,4.010000,3.870000,3.970000,3.970000,33710000,AMD
2014-08-04,3.970000,4.020000,3.930000,4.000000,4.000000,21493200,AMD
2014-08-05,3.990000,4.110000,3.970000,4.080000,4.080000,40330600,AMD
2014-08-06,4.060000,4.140000,4.030000,4.120000,4.120000,16271200,AMD
2014-08-07,4.140000,4.200000,4.070000,4.100000,4.100000,32712300,AMD
2014-08-08,4.100000,4.150000,4.050000,4.120000,4.120000,27166900,AMD
2014-08-11,4.030000,4.190000,3.990000,4.140000,4.140000,29560500,AMD
2014-08-12,4.120000,4.140000,4.080000,4.080000,4.080000,27369900,AMD
2014-08-13,4.080000,4.150000,4.030000,4.110000,4.110000,30396800,AMD
2014-08-14,4.100000,4.170000,4.080000,4.080000,4.080000,26148100,AMD
2014-08-15,4.120000,4.140000,4.070000,4.130000,4.130000,33349200,AMD
2014-08-18,4.140000,4.220000,4.140000,4.210000,4.210000,45381300,AMD
2014-08-19,4.200000,4.300000,4.200000,4.270000,4.270000,23222100,AMD
2014-08-20,4.250000,4.320000,4.220000,4.280000,4.280000,11986600,AMD
2014-08-21,4.290000,4.290000,4.210000,4.240000,4.240000,11939800,AMD
2014-08-22,4.220000,4.280000,4.210000,4.250000,4.250000,8364700,AMD
2014-08-25,4.270000,4.270000,4.180000,4.180000,4.180000,8998200,AMD
2014-08-26,4.170000,4.220000,4.130000,4.190000,4.190000,9183900,AMD
2014-08-27,4.200000,4.210000,4.150000,4.160000,4.160000,7304400,AMD
2014-08-28,4.140000,4.190000,4.070000,4.140000,4.140000,10331400,AMD
2014-08-29,4.150000,4.190000,4.140000,4.170000,4.170000,7347200,AMD
2014-09-02,4.160000,4.250000,4.150000,4.160000,4.160000,12603300,AMD
2014-09-03,4.170000,4.230000,4.170000,4.190000,4.190000,9600600,AMD
2014-09-04,4.180000,4.250000,4.150000,4.150000,4.150000,12791400,AMD
2014-09-05,4.170000,4.190000,4.150000,4.150000,4.150000,6630200,AMD
2014-09-08,4.130000,4.180000,4.100000,4.130000,4.130000,8396200,AMD
2014-09-09,4.150000,4.160000,4.080000,4.080000,4.080000,8964800,AMD
2014-09-10,4.080000,4.110000,4.010000,4.080000,4.080000,13276800,AMD
2014-09-11,4.030000,4.080000,4.020000,4.080000,4.080000,8086800,AMD
2014-09-12,4.060000,4.110000,3.960000,3.960000,3.960000,14123900,AMD
2014-09-15,3.980000,4.020000,3.900000,3.910000,3.910000,18257000,AMD
2014-09-16,3.890000,3.900000,3.800000,3.810000,3.810000,40156400,AMD
2014-09-17,3.820000,3.880000,3.800000,3.820000,3.820000,24894600,AMD
2014-09-18,3.880000,3.940000,3.700000,3.880000,3.880000,16141400,AMD
2014-09-19,3.930000,3.940000,3.810000,3.810000,3.810000,23030000,AMD
2014-09-22,3.810000,3.830000,3.750000,3.760000,3.760000,14201400,AMD
2014-09-23,3.760000,3.790000,3.690000,3.690000,3.690000,16282500,AMD
2014-09-24,3.710000,3.750000,3.690000,3.700000,3.700000,11792600,AMD
2014-09-25,3.700000,3.720000,3.600000,3.630000,3.630000,17556500,AMD
2014-09-26,3.630000,3.670000,3.600000,3.600000,3.600000,12976300,AMD
2014-09-29,3.560000,3.660000,3.540000,3.550000,3.550000,26857600,AMD
2014-09-30,3.560000,3.580000,3.400000,3.410000,3.410000,55952200,AMD
2014-10-01,3.390000,3.420000,3.300000,3.350000,3.350000,33645900,AMD
2014-10-02,3.370000,3.440000,3.280000,3.390000,3.390000,27904500,AMD
2014-10-03,3.430000,3.460000,3.370000,3.400000,3.400000,16797000,AMD
2014-10-06,3.420000,3.440000,3.300000,3.360000,3.360000,17864800,AMD
2014-10-07,3.350000,3.380000,3.280000,3.280000,3.280000,17720600,AMD
2014-10-08,3.300000,3.310000,3.180000,3.280000,3.280000,28000000,AMD
2014-10-09,3.030000,3.200000,2.940000,2.950000,2.950000,69528900,AMD
2014-10-10,2.950000,2.950000,2.710000,2.720000,2.720000,41062500,AMD
2014-10-13,2.780000,2.850000,2.730000,2.740000,2.740000,38269400,AMD
2014-10-14,2.610000,2.750000,2.600000,2.620000,2.620000,39964200,AMD
2014-10-15,2.620000,2.710000,2.540000,2.610000,2.610000,36924600,AMD
2014-10-16,2.560000,2.720000,2.540000,2.640000,2.640000,38795400,AMD
2014-10-17,2.670000,2.860000,2.660000,2.720000,2.720000,75956600,AMD
2014-10-20,2.790000,2.800000,2.600000,2.670000,2.670000,28711000,AMD
2014-10-21,2.700000,2.780000,2.680000,2.770000,2.770000,24033800,AMD
2014-10-22,2.790000,2.800000,2.640000,2.640000,2.640000,23034800,AMD
2014-10-23,2.680000,2.710000,2.650000,2.690000,2.690000,23731000,AMD
2014-10-24,2.690000,2.730000,2.670000,2.680000,2.680000,11945800,AMD
2014-10-27,2.680000,2.710000,2.650000,2.660000,2.660000,13307500,AMD
2014-10-28,2.690000,2.770000,2.670000,2.720000,2.720000,22878300,AMD
2014-10-29,2.750000,2.810000,2.730000,2.770000,2.770000,15600900,AMD
2014-10-30,2.790000,2.790000,2.700000,2.750000,2.750000,13026100,AMD
2014-10-31,2.790000,2.830000,2.750000,2.800000,2.800000,14704800,AMD
2014-11-03,2.810000,2.900000,2.810000,2.870000,2.870000,11733600,AMD
2014-11-04,2.900000,2.910000,2.750000,2.830000,2.830000,12524300,AMD
2014-11-05,2.850000,2.870000,2.770000,2.800000,2.800000,9635100,AMD
2014-11-06,2.780000,2.800000,2.750000,2.760000,2.760000,8932900,AMD
2014-11-07,2.770000,2.800000,2.760000,2.780000,2.780000,7293800,AMD
2014-11-10,2.780000,2.810000,2.750000,2.760000,2.760000,12593100,AMD
2014-11-11,2.780000,2.790000,2.720000,2.730000,2.730000,8113500,AMD
2014-11-12,2.730000,2.750000,2.650000,2.710000,2.710000,15875400,AMD
2014-11-13,2.710000,2.740000,2.650000,2.660000,2.660000,10915400,AMD
2014-11-14,2.680000,2.700000,2.610000,2.610000,2.610000,12373000,AMD
2014-11-17,2.620000,2.690000,2.610000,2.670000,2.670000,12593800,AMD
2014-11-18,2.690000,2.730000,2.630000,2.650000,2.650000,14967800,AMD
2014-11-19,2.680000,2.680000,2.610000,2.630000,2.630000,10323300,AMD
2014-11-20,2.600000,2.720000,2.590000,2.690000,2.690000,15043900,AMD
2014-11-21,2.720000,2.770000,2.710000,2.770000,2.770000,11311600,AMD
2014-11-24,2.800000,2.850000,2.800000,2.830000,2.830000,12293900,AMD
2014-11-25,2.840000,2.860000,2.760000,2.830000,2.830000,11073600,AMD
2014-11-26,2.810000,2.840000,2.800000,2.840000,2.840000,10553500,AMD
2014-11-28,2.850000,2.850000,2.770000,2.790000,2.790000,5665000,AMD
2014-12-01,2.770000,2.790000,2.640000,2.670000,2.670000,16025100,AMD
2014-12-02,2.690000,2.710000,2.610000,2.680000,2.680000,12438800,AMD
2014-12-03,2.710000,2.820000,2.690000,2.740000,2.740000,18256500,AMD
2014-12-04,2.750000,2.750000,2.660000,2.690000,2.690000,14513400,AMD
2014-12-05,2.690000,2.700000,2.660000,2.660000,2.660000,9479300,AMD
2014-12-08,2.650000,2.680000,2.520000,2.580000,2.580000,25402100,AMD
2014-12-09,2.550000,2.590000,2.490000,2.590000,2.590000,22914800,AMD
2014-12-10,2.580000,2.580000,2.460000,2.480000,2.480000,17690100,AMD
2014-12-11,2.510000,2.540000,2.460000,2.490000,2.490000,10151600,AMD
2014-12-12,2.460000,2.550000,2.350000,2.520000,2.520000,21211600,AMD
2014-12-15,2.520000,2.600000,2.460000,2.470000,2.470000,19636400,AMD
2014-12-16,2.440000,2.530000,2.420000,2.500000,2.500000,17051600,AMD
2014-12-17,2.500000,2.570000,2.460000,2.550000,2.550000,12521300,AMD
2014-12-18,2.580000,2.590000,2.540000,2.550000,2.550000,12423900,AMD
2014-12-19,2.530000,2.570000,2.510000,2.570000,2.570000,14701500,AMD
2014-12-22,2.550000,2.680000,2.520000,2.660000,2.660000,15044900,AMD
2014-12-23,2.690000,2.720000,2.660000,2.670000,2.670000,8274400,AMD
2014-12-24,2.630000,2.700000,2.630000,2.650000,2.650000,4624000,AMD
2014-12-26,2.650000,2.690000,2.650000,2.650000,2.650000,4029600,AMD
2014-12-29,2.640000,2.660000,2.630000,2.660000,2.660000,8527000,AMD
2014-12-30,2.640000,2.700000,2.630000,2.630000,2.630000,7783700,AMD
2014-12-31,2.640000,2.700000,2.640000,2.670000,2.670000,11177900,AMD
2015-01-02,2.670000,2.670000,2.670000,2.670000,2.670000,0,AMD
2015-01-05,2.670000,2.700000,2.640000,2.660000,2.660000,8878200,AMD
2015-01-06,2.650000,2.660000,2.550000,2.630000,2.630000,13912500,AMD
2015-01-07,2.630000,2.650000,2.540000,2.580000,2.580000,12377600,AMD
2015-01-08,2.590000,2.650000,2.560000,2.610000,2.610000,11136600,AMD
2015-01-09,2.630000,2.640000,2.580000,2.630000,2.630000,8907600,AMD
2015-01-12,2.620000,2.640000,2.550000,2.630000,2.630000,9979600,AMD
2015-01-13,2.640000,2.680000,2.600000,2.660000,2.660000,17907400,AMD
2015-01-14,2.600000,2.660000,2.580000,2.630000,2.630000,9989900,AMD
2015-01-15,2.620000,2.650000,2.490000,2.520000,2.520000,17744000,AMD
2015-01-16,2.520000,2.530000,2.390000,2.390000,2.390000,30192400,AMD
2015-01-20,2.390000,2.430000,2.190000,2.240000,2.240000,56389300,AMD
2015-01-21,2.180000,2.450000,2.140000,2.450000,2.450000,46530800,AMD
2015-01-22,2.420000,2.500000,2.370000,2.470000,2.470000,36169600,AMD
2015-01-23,2.480000,2.500000,2.430000,2.450000,2.450000,11100700,AMD
2015-01-26,2.440000,2.640000,2.440000,2.610000,2.610000,36571300,AMD
2015-01-27,2.580000,2.840000,2.560000,2.700000,2.700000,51805800,AMD
2015-01-28,2.710000,2.750000,2.600000,2.630000,2.630000,24786200,AMD
2015-01-29,2.630000,2.690000,2.510000,2.610000,2.610000,17789200,AMD
2015-01-30,2.560000,2.600000,2.510000,2.570000,2.570000,12908200,AMD
2015-02-02,2.690000,2.750000,2.650000,2.670000,2.670000,25688700,AMD
2015-02-03,2.700000,2.800000,2.680000,2.760000,2.760000,22585300,AMD
2015-02-04,2.780000,2.920000,2.760000,2.850000,2.850000,34829300,AMD
2015-02-05,2.880000,3.370000,2.870000,3.310000,3.310000,73355600,AMD
2015-02-06,3.200000,3.210000,3.000000,3.030000,3.030000,38110700,AMD
2015-02-09,3.030000,3.070000,2.930000,3.040000,3.040000,24133800,AMD
2015-02-10,3.070000,3.100000,3.010000,3.040000,3.040000,13995100,AMD
2015-02-11,3.030000,3.100000,3.000000,3.070000,3.070000,11741100,AMD
2015-02-12,3.080000,3.150000,3.050000,3.120000,3.120000,12975000,AMD
2015-02-13,3.130000,3.180000,3.110000,3.150000,3.150000,9627600,AMD
2015-02-17,3.160000,3.170000,3.080000,3.110000,3.110000,8678100,AMD
2015-02-18,3.110000,3.140000,3.060000,3.080000,3.080000,7273900,AMD
2015-02-19,3.060000,3.080000,3.010000,3.060000,3.060000,6573600,AMD
2015-02-20,3.030000,3.130000,3.020000,3.060000,3.060000,10666700,AMD
2015-02-23,3.050000,3.100000,3.030000,3.060000,3.060000,6323500,AMD
2015-02-24,3.060000,3.120000,3.020000,3.110000,3.110000,10899400,AMD
2015-02-25,3.080000,3.140000,3.060000,3.100000,3.100000,6151300,AMD
2015-02-26,3.100000,3.130000,3.060000,3.080000,3.080000,8680900,AMD
2015-02-27,3.070000,3.120000,3.070000,3.110000,3.110000,7150200,AMD
2015-03-02,3.130000,3.230000,3.110000,3.210000,3.210000,15638100,AMD
2015-03-03,3.200000,3.230000,3.130000,3.140000,3.140000,8644000,AMD
2015-03-04,3.140000,3.140000,3.010000,3.050000,3.050000,12112800,AMD
2015-03-05,3.100000,3.100000,2.980000,2.980000,2.980000,11472300,AMD
2015-03-06,2.960000,2.990000,2.830000,2.920000,2.920000,16785200,AMD
2015-03-09,2.920000,2.980000,2.900000,2.930000,2.930000,12405900,AMD
2015-03-10,2.970000,2.980000,2.920000,2.920000,2.920000,10263800,AMD
2015-03-11,2.920000,2.950000,2.800000,2.840000,2.840000,11772800,AMD
2015-03-12,2.760000,2.790000,2.720000,2.760000,2.760000,13847200,AMD
2015-03-13,2.740000,2.780000,2.710000,2.750000,2.750000,8098100,AMD
2015-03-16,2.750000,2.810000,2.750000,2.760000,2.760000,6132900,AMD
2015-03-17,2.750000,2.800000,2.740000,2.770000,2.770000,7739900,AMD
2015-03-18,2.770000,2.820000,2.720000,2.750000,2.750000,11372000,AMD
2015-03-19,2.760000,2.780000,2.730000,2.740000,2.740000,8819400,AMD
2015-03-20,2.760000,2.800000,2.740000,2.800000,2.800000,10764800,AMD
2015-03-23,2.810000,2.850000,2.800000,2.840000,2.840000,7403800,AMD
2015-03-24,2.850000,2.850000,2.760000,2.790000,2.790000,8724500,AMD
2015-03-25,2.780000,2.790000,2.560000,2.630000,2.630000,26985300,AMD
2015-03-26,2.590000,2.700000,2.530000,2.650000,2.650000,28286300,AMD
2015-03-27,2.700000,2.800000,2.630000,2.720000,2.720000,16810200,AMD
2015-03-30,2.730000,2.760000,2.660000,2.700000,2.700000,8557500,AMD
2015-03-31,2.660000,2.700000,2.650000,2.680000,2.680000,7025000,AMD
2015-04-01,2.660000,2.750000,2.650000,2.690000,2.690000,11196400,AMD
2015-04-02,2.660000,2.700000,2.650000,2.690000,2.690000,7047600,AMD
2015-04-06,2.680000,2.730000,2.680000,2.700000,2.700000,8178500,AMD
2015-04-07,2.700000,2.740000,2.690000,2.700000,2.700000,5738100,AMD
2015-04-08,2.680000,2.740000,2.680000,2.710000,2.710000,4349000,AMD
2015-04-09,2.690000,2.750000,2.690000,2.720000,2.720000,7127600,AMD
2015-04-10,2.740000,2.780000,2.730000,2.760000,2.760000,6184800,AMD
2015-04-13,2.760000,2.800000,2.730000,2.780000,2.780000,8391500,AMD
2015-04-14,2.770000,2.790000,2.650000,2.670000,2.670000,13338800,AMD
2015-04-15,2.700000,2.740000,2.650000,2.700000,2.700000,15281400,AMD
2015-04-16,2.720000,2.940000,2.700000,2.870000,2.870000,28617300,AMD
2015-04-17,2.540000,2.580000,2.450000,2.580000,2.580000,53185300,AMD
2015-04-20,2.560000,2.570000,2.450000,2.490000,2.490000,29126000,AMD
2015-04-21,2.530000,2.530000,2.350000,2.350000,2.350000,31279400,AMD
2015-04-22,2.350000,2.360000,2.250000,2.280000,2.280000,27634900,AMD
2015-04-23,2.280000,2.360000,2.260000,2.330000,2.330000,15130400,AMD
2015-04-24,2.360000,2.380000,2.300000,2.300000,2.300000,15001200,AMD
2015-04-27,2.300000,2.360000,2.290000,2.340000,2.340000,13486900,AMD
2015-04-28,2.360000,2.370000,2.310000,2.310000,2.310000,11448700,AMD
2015-04-29,2.300000,2.330000,2.270000,2.280000,2.280000,11870200,AMD
2015-04-30,2.280000,2.310000,2.260000,2.260000,2.260000,11465300,AMD
2015-05-01,2.260000,2.310000,2.250000,2.310000,2.310000,11662800,AMD
2015-05-04,2.310000,2.360000,2.300000,2.310000,2.310000,9670100,AMD
2015-05-05,2.340000,2.340000,2.250000,2.280000,2.280000,12371600,AMD
2015-05-06,2.290000,2.310000,2.240000,2.290000,2.290000,18492100,AMD
2015-05-07,2.320000,2.320000,2.260000,2.320000,2.320000,15015600,AMD
2015-05-08,2.330000,2.360000,2.300000,2.310000,2.310000,9758800,AMD
2015-05-11,2.310000,2.350000,2.310000,2.320000,2.320000,10046900,AMD
2015-05-12,2.320000,2.350000,2.300000,2.350000,2.350000,10017500,AMD
2015-05-13,2.360000,2.380000,2.350000,2.370000,2.370000,7575900,AMD
2015-05-14,2.380000,2.390000,2.330000,2.330000,2.330000,8865100,AMD
2015-05-15,2.330000,2.380000,2.320000,2.320000,2.320000,8054800,AMD
2015-05-18,2.350000,2.360000,2.330000,2.350000,2.350000,4671500,AMD
2015-05-19,2.360000,2.370000,2.280000,2.280000,2.280000,9588400,AMD
2015-05-20,2.300000,2.330000,2.280000,2.320000,2.320000,6947700,AMD
2015-05-21,2.310000,2.350000,2.280000,2.280000,2.280000,7127700,AMD
2015-05-22,2.300000,2.310000,2.270000,2.280000,2.280000,12845400,AMD
2015-05-26,2.270000,2.280000,2.220000,2.220000,2.220000,10007800,AMD
2015-05-27,2.240000,2.280000,2.200000,2.280000,2.280000,17511000,AMD
2015-05-28,2.280000,2.330000,2.270000,2.270000,2.270000,12354600,AMD
2015-05-29,2.270000,2.320000,2.250000,2.280000,2.280000,7726200,AMD
2015-06-01,2.290000,2.300000,2.250000,2.250000,2.250000,6803700,AMD
2015-06-02,2.260000,2.300000,2.250000,2.300000,2.300000,7101100,AMD
2015-06-03,2.300000,2.320000,2.280000,2.280000,2.280000,8062300,AMD
2015-06-04,2.280000,2.330000,2.260000,2.330000,2.330000,11575800,AMD
2015-06-05,2.310000,2.340000,2.290000,2.330000,2.330000,7349700,AMD
2015-06-08,2.310000,2.330000,2.290000,2.310000,2.310000,6207600,AMD
2015-06-09,2.350000,2.360000,2.280000,2.290000,2.290000,12282700,AMD
2015-06-10,2.310000,2.350000,2.300000,2.320000,2.320000,8161200,AMD
2015-06-11,2.340000,2.350000,2.310000,2.320000,2.320000,7671000,AMD
2015-06-12,2.310000,2.330000,2.300000,2.310000,2.310000,4557600,AMD
2015-06-15,2.320000,2.350000,2.290000,2.320000,2.320000,8627800,AMD
2015-06-16,2.320000,2.370000,2.320000,2.350000,2.350000,9795000,AMD
2015-06-17,2.370000,2.540000,2.350000,2.470000,2.470000,27497900,AMD
2015-06-18,2.500000,2.590000,2.480000,2.520000,2.520000,25400200,AMD
2015-06-19,2.530000,2.590000,2.460000,2.580000,2.580000,25551700,AMD
2015-06-22,2.610000,2.670000,2.580000,2.620000,2.620000,19410100,AMD
2015-06-23,2.620000,2.640000,2.550000,2.610000,2.610000,17919600,AMD
2015-06-24,2.600000,2.660000,2.570000,2.620000,2.620000,17516700,AMD
2015-06-25,2.620000,2.660000,2.570000,2.580000,2.580000,18360200,AMD
2015-06-26,2.540000,2.550000,2.370000,2.470000,2.470000,97054200,AMD
2015-06-29,2.410000,2.420000,2.310000,2.340000,2.340000,22971500,AMD
2015-06-30,2.430000,2.430000,2.350000,2.400000,2.400000,19381300,AMD
2015-07-01,2.470000,2.480000,2.360000,2.420000,2.420000,19375000,AMD
2015-07-02,2.430000,2.630000,2.390000,2.530000,2.530000,31185900,AMD
2015-07-06,2.460000,2.540000,2.440000,2.470000,2.470000,20349400,AMD
2015-07-07,2.040000,2.140000,2.020000,2.090000,2.090000,46418700,AMD
2015-07-08,2.070000,2.070000,2.010000,2.010000,2.010000,15302900,AMD
2015-07-09,2.040000,2.060000,1.930000,1.980000,1.980000,23378200,AMD
2015-07-10,2.000000,2.030000,1.950000,1.960000,1.960000,17520800,AMD
2015-07-13,1.970000,1.990000,1.950000,1.960000,1.960000,9080900,AMD
2015-07-14,2.030000,2.060000,1.970000,2.050000,2.050000,15812300,AMD
2015-07-15,2.070000,2.090000,1.950000,1.960000,1.960000,13517800,AMD
2015-07-16,1.970000,2.000000,1.870000,1.870000,1.870000,20653300,AMD
2015-07-17,1.870000,1.900000,1.740000,1.790000,1.790000,28127100,AMD
2015-07-20,1.820000,1.840000,1.770000,1.800000,1.800000,12142400,AMD
2015-07-21,1.820000,1.830000,1.780000,1.800000,1.800000,15034500,AMD
2015-07-22,1.800000,1.810000,1.760000,1.790000,1.790000,16043400,AMD
2015-07-23,1.800000,1.810000,1.750000,1.760000,1.760000,10641900,AMD
2015-07-24,1.760000,1.770000,1.650000,1.670000,1.670000,16478400,AMD
2015-07-27,1.670000,1.700000,1.610000,1.620000,1.620000,11916500,AMD
2015-07-28,1.620000,1.770000,1.620000,1.770000,1.770000,14614600,AMD
2015-07-29,1.770000,1.990000,1.760000,1.960000,1.960000,25582200,AMD
2015-07-30,1.940000,1.990000,1.880000,1.930000,1.930000,15837400,AMD
2015-07-31,1.940000,1.990000,1.920000,1.930000,1.930000,7733700,AMD
2015-08-03,1.930000,2.200000,1.900000,2.200000,2.200000,26218200,AMD
2015-08-04,2.180000,2.180000,2.050000,2.130000,2.130000,14328400,AMD
2015-08-05,2.110000,2.210000,2.100000,2.160000,2.160000,13236000,AMD
2015-08-06,2.150000,2.170000,2.100000,2.110000,2.110000,9475000,AMD
2015-08-07,2.100000,2.140000,2.060000,2.090000,2.090000,7680800,AMD
2015-08-10,1.920000,1.980000,1.820000,1.930000,1.930000,29926200,AMD
2015-08-11,1.910000,1.930000,1.880000,1.900000,1.900000,7453700,AMD
2015-08-12,1.880000,1.930000,1.840000,1.900000,1.900000,8521200,AMD
2015-08-13,1.900000,1.910000,1.790000,1.790000,1.790000,7839700,AMD
2015-08-14,1.800000,1.850000,1.790000,1.840000,1.840000,6182100,AMD
2015-08-17,1.820000,1.880000,1.800000,1.800000,1.800000,9062400,AMD
2015-08-18,1.790000,1.820000,1.750000,1.800000,1.800000,9751900,AMD
2015-08-19,1.800000,1.810000,1.760000,1.800000,1.800000,7441200,AMD
2015-08-20,1.790000,1.800000,1.700000,1.700000,1.700000,13745700,AMD
2015-08-21,1.680000,1.800000,1.680000,1.780000,1.780000,12529500,AMD
2015-08-24,1.690000,1.830000,1.650000,1.750000,1.750000,17217400,AMD
2015-08-25,1.820000,1.820000,1.660000,1.660000,1.660000,12097700,AMD
2015-08-26,1.690000,1.730000,1.660000,1.720000,1.720000,10715300,AMD
2015-08-27,1.740000,1.840000,1.740000,1.780000,1.780000,11839300,AMD
2015-08-28,1.750000,1.870000,1.750000,1.850000,1.850000,10924600,AMD
2015-08-31,1.820000,1.870000,1.790000,1.810000,1.810000,6503500,AMD
2015-09-01,1.770000,1.820000,1.710000,1.710000,1.710000,8470700,AMD
2015-09-02,1.750000,1.770000,1.720000,1.770000,1.770000,6306100,AMD
2015-09-03,1.760000,1.850000,1.760000,1.790000,1.790000,7154200,AMD
2015-09-04,1.760000,1.840000,1.760000,1.820000,1.820000,6725300,AMD
2015-09-08,1.850000,1.880000,1.830000,1.880000,1.880000,6009500,AMD
2015-09-09,1.900000,1.970000,1.830000,1.850000,1.850000,12547100,AMD
2015-09-10,1.840000,1.880000,1.830000,1.840000,1.840000,4290400,AMD
2015-09-11,1.880000,2.140000,1.810000,2.010000,2.010000,31010300,AMD
2015-09-14,2.000000,2.000000,1.810000,1.820000,1.820000,16458500,AMD
2015-09-15,1.840000,1.870000,1.810000,1.860000,1.860000,6519400,AMD
2015-09-16,1.870000,1.900000,1.850000,1.890000,1.890000,4928300,AMD
2015-09-17,1.900000,1.940000,1.870000,1.890000,1.890000,5831600,AMD
2015-09-18,1.870000,1.920000,1.850000,1.870000,1.870000,11713900,AMD
2015-09-21,1.870000,1.900000,1.810000,1.810000,1.810000,5377800,AMD
2015-09-22,1.800000,1.840000,1.720000,1.730000,1.730000,9975200,AMD
2015-09-23,1.760000,1.780000,1.690000,1.700000,1.700000,9649200,AMD
2015-09-24,1.680000,1.730000,1.660000,1.720000,1.720000,11247700,AMD
2015-09-25,1.750000,1.750000,1.680000,1.710000,1.710000,5644600,AMD
2015-09-28,1.690000,1.700000,1.660000,1.660000,1.660000,5693100,AMD
2015-09-29,1.670000,1.690000,1.650000,1.670000,1.670000,7005300,AMD
2015-09-30,1.700000,1.720000,1.680000,1.720000,1.720000,5708000,AMD
2015-10-01,1.770000,1.770000,1.720000,1.740000,1.740000,5531700,AMD
2015-10-02,1.760000,1.830000,1.720000,1.830000,1.830000,7146100,AMD
2015-10-05,1.820000,1.870000,1.770000,1.800000,1.800000,7595600,AMD
2015-10-06,1.800000,1.860000,1.800000,1.830000,1.830000,8558400,AMD
2015-10-07,1.820000,1.870000,1.820000,1.860000,1.860000,7859200,AMD
2015-10-08,1.870000,1.950000,1.850000,1.930000,1.930000,9198700,AMD
2015-10-09,1.920000,1.960000,1.890000,1.960000,1.960000,8629100,AMD
2015-10-12,1.960000,1.960000,1.850000,1.870000,1.870000,7686600,AMD
2015-10-13,1.870000,1.940000,1.860000,1.920000,1.920000,6698400,AMD
2015-10-14,1.920000,1.960000,1.920000,1.950000,1.950000,10184300,AMD
2015-10-15,1.970000,2.060000,1.950000,1.970000,1.970000,27327100,AMD
2015-10-16,2.000000,2.000000,1.890000,1.940000,1.940000,21544900,AMD
2015-10-19,1.910000,2.010000,1.910000,2.010000,2.010000,10670800,AMD
2015-10-20,2.000000,2.030000,1.970000,2.020000,2.020000,5542900,AMD
2015-10-21,2.020000,2.120000,2.010000,2.100000,2.100000,14944100,AMD
2015-10-22,2.100000,2.160000,2.090000,2.140000,2.140000,8208400,AMD
2015-10-23,2.100000,2.210000,2.100000,2.210000,2.210000,9564200,AMD
2015-10-26,2.210000,2.210000,2.120000,2.150000,2.150000,6313500,AMD
2015-10-27,2.120000,2.160000,2.100000,2.150000,2.150000,5755600,AMD
2015-10-28,2.140000,2.200000,2.120000,2.180000,2.180000,6950600,AMD
2015-10-29,2.150000,2.180000,2.110000,2.130000,2.130000,4474400,AMD
2015-10-30,2.140000,2.150000,2.120000,2.120000,2.120000,4897100,AMD
2015-11-02,2.130000,2.190000,2.110000,2.190000,2.190000,5858700,AMD
2015-11-03,2.160000,2.290000,2.160000,2.280000,2.280000,8705800,AMD
2015-11-04,2.270000,2.300000,2.180000,2.200000,2.200000,8214600,AMD
2015-11-05,2.210000,2.240000,2.170000,2.200000,2.200000,4302200,AMD
2015-11-06,2.190000,2.210000,2.130000,2.150000,2.150000,8997100,AMD
2015-11-09,2.150000,2.180000,2.100000,2.110000,2.110000,6231200,AMD
2015-11-10,2.090000,2.100000,2.020000,2.020000,2.020000,6162200,AMD
2015-11-11,2.020000,2.090000,2.020000,2.070000,2.070000,3532100,AMD
2015-11-12,2.050000,2.070000,2.000000,2.000000,2.000000,3576800,AMD
2015-11-13,1.990000,2.040000,1.940000,1.990000,1.990000,5920200,AMD
2015-11-16,1.990000,2.020000,1.950000,1.990000,1.990000,4149700,AMD
2015-11-17,2.010000,2.040000,1.970000,1.980000,1.980000,5825100,AMD
2015-11-18,1.990000,2.150000,1.980000,2.120000,2.120000,9384700,AMD
2015-11-19,2.100000,2.160000,2.090000,2.140000,2.140000,4704300,AMD
2015-11-20,2.140000,2.250000,2.130000,2.220000,2.220000,10727100,AMD
2015-11-23,2.220000,2.240000,2.180000,2.220000,2.220000,4863200,AMD
2015-11-24,2.200000,2.400000,2.170000,2.340000,2.340000,15859700,AMD
2015-11-25,2.360000,2.400000,2.310000,2.380000,2.380000,6914800,AMD
2015-11-27,2.370000,2.380000,2.320000,2.330000,2.330000,2606600,AMD
2015-11-30,2.340000,2.370000,2.250000,2.360000,2.360000,9924400,AMD
2015-12-01,2.360000,2.370000,2.310000,2.340000,2.340000,5646400,AMD
2015-12-02,2.310000,2.340000,2.230000,2.270000,2.270000,7501700,AMD
2015-12-03,2.250000,2.310000,2.200000,2.230000,2.230000,7059900,AMD
2015-12-04,2.230000,2.290000,2.210000,2.280000,2.280000,4572600,AMD
2015-12-07,2.260000,2.360000,2.210000,2.360000,2.360000,8479600,AMD
2015-12-08,2.340000,2.400000,2.250000,2.390000,2.390000,9055500,AMD
2015-12-09,2.370000,2.400000,2.320000,2.350000,2.350000,8710000,AMD
2015-12-10,2.360000,2.500000,2.330000,2.450000,2.450000,13066300,AMD
2015-12-11,2.410000,2.470000,2.360000,2.360000,2.360000,11890000,AMD
2015-12-14,2.360000,2.390000,2.300000,2.340000,2.340000,7625700,AMD
2015-12-15,2.350000,2.430000,2.320000,2.360000,2.360000,7423900,AMD
2015-12-16,2.390000,2.550000,2.370000,2.540000,2.540000,19543600,AMD
2015-12-17,2.520000,2.600000,2.520000,2.560000,2.560000,11374100,AMD
2015-12-18,2.510000,2.550000,2.420000,2.450000,2.450000,17988100,AMD
2015-12-21,2.470000,2.530000,2.430000,2.530000,2.530000,6876600,AMD
2015-12-22,2.550000,2.780000,2.540000,2.770000,2.770000,24538700,AMD
2015-12-23,2.760000,2.940000,2.750000,2.830000,2.830000,30365300,AMD
2015-12-24,2.880000,3.000000,2.860000,2.920000,2.920000,11900900,AMD
2015-12-28,2.910000,3.020000,2.860000,3.000000,3.000000,15926600,AMD
2015-12-29,3.040000,3.060000,2.970000,3.000000,3.000000,15300900,AMD
2015-12-30,2.990000,3.040000,2.930000,2.980000,2.980000,10046600,AMD
2015-12-31,2.970000,3.010000,2.870000,2.870000,2.870000,11086100,AMD
2016-01-04,2.770000,2.820000,2.630000,2.770000,2.770000,32516800,AMD
2016-01-05,2.770000,2.800000,2.640000,2.750000,2.750000,12972300,AMD
2016-01-06,2.660000,2.710000,2.470000,2.510000,2.510000,23759400,AMD
2016-01-07,2.430000,2.480000,2.260000,2.280000,2.280000,22203500,AMD
2016-01-08,2.360000,2.420000,2.100000,2.140000,2.140000,31822400,AMD
2016-01-11,2.160000,2.360000,2.120000,2.340000,2.340000,19623600,AMD
2016-01-12,2.400000,2.460000,2.280000,2.390000,2.390000,17986100,AMD
2016-01-13,2.400000,2.450000,2.210000,2.250000,2.250000,12749700,AMD
2016-01-14,2.290000,2.350000,2.210000,2.210000,2.210000,15666600,AMD
2016-01-15,2.100000,2.130000,1.990000,2.030000,2.030000,21199300,AMD
2016-01-19,2.080000,2.110000,1.900000,1.950000,1.950000,18978900,AMD
2016-01-20,1.810000,1.950000,1.750000,1.800000,1.800000,29243600,AMD
2016-01-21,1.820000,2.180000,1.810000,2.090000,2.090000,26387900,AMD
2016-01-22,2.110000,2.170000,1.980000,2.020000,2.020000,16245500,AMD
2016-01-25,2.010000,2.150000,2.010000,2.120000,2.120000,13080900,AMD
2016-01-26,2.140000,2.150000,2.030000,2.070000,2.070000,11092900,AMD
2016-01-27,2.080000,2.180000,2.070000,2.130000,2.130000,10833200,AMD
2016-01-28,2.160000,2.170000,2.070000,2.080000,2.080000,7118400,AMD
2016-01-29,2.090000,2.200000,2.070000,2.200000,2.200000,11998100,AMD
2016-02-01,2.170000,2.190000,2.110000,2.140000,2.140000,8816100,AMD
2016-02-02,2.110000,2.140000,1.960000,1.990000,1.990000,11224100,AMD
2016-02-03,2.040000,2.080000,1.950000,2.070000,2.070000,9978600,AMD
2016-02-04,2.060000,2.170000,2.030000,2.090000,2.090000,8278600,AMD
2016-02-05,2.060000,2.080000,1.980000,1.980000,1.980000,7914400,AMD
2016-02-08,1.970000,1.980000,1.870000,1.930000,1.930000,11589000,AMD
2016-02-09,1.890000,2.000000,1.850000,1.900000,1.900000,14626600,AMD
2016-02-10,1.920000,1.980000,1.830000,1.840000,1.840000,9466100,AMD
2016-02-11,1.820000,1.940000,1.810000,1.860000,1.860000,7858300,AMD
2016-02-12,1.890000,1.910000,1.820000,1.830000,1.830000,9957300,AMD
2016-02-16,1.860000,1.900000,1.820000,1.830000,1.830000,11853400,AMD
2016-02-17,1.850000,1.940000,1.850000,1.900000,1.900000,13770200,AMD
2016-02-18,1.930000,1.980000,1.900000,1.910000,1.910000,10823400,AMD
2016-02-19,1.930000,1.930000,1.830000,1.910000,1.910000,7784100,AMD
2016-02-22,1.940000,2.040000,1.930000,2.010000,2.010000,9895500,AMD
2016-02-23,2.040000,2.060000,1.970000,1.970000,1.970000,6710600,AMD
2016-02-24,1.980000,2.040000,1.930000,2.020000,2.020000,6906200,AMD
2016-02-25,2.020000,2.040000,1.980000,2.030000,2.030000,5579800,AMD
2016-02-26,2.040000,2.100000,2.030000,2.070000,2.070000,7911500,AMD
2016-02-29,2.060000,2.150000,2.050000,2.140000,2.140000,11400300,AMD
2016-03-01,2.160000,2.200000,2.120000,2.180000,2.180000,9011200,AMD
2016-03-02,2.200000,2.330000,2.180000,2.320000,2.320000,10845700,AMD
2016-03-03,2.320000,2.550000,2.300000,2.460000,2.460000,22065300,AMD
2016-03-04,2.420000,2.500000,2.340000,2.370000,2.370000,15449000,AMD
2016-03-07,2.360000,2.470000,2.360000,2.470000,2.470000,8754300,AMD
2016-03-08,2.440000,2.460000,2.300000,2.300000,2.300000,10026900,AMD
2016-03-09,2.320000,2.350000,2.200000,2.260000,2.260000,13082400,AMD
2016-03-10,2.290000,2.310000,2.150000,2.260000,2.260000,9603500,AMD
2016-03-11,2.290000,2.540000,2.290000,2.520000,2.520000,21382400,AMD
2016-03-14,2.530000,2.750000,2.500000,2.720000,2.720000,33848000,AMD
2016-03-15,2.670000,2.690000,2.450000,2.490000,2.490000,21573600,AMD
2016-03-16,2.500000,2.640000,2.490000,2.630000,2.630000,13015700,AMD
2016-03-17,2.770000,2.810000,2.700000,2.800000,2.800000,29000800,AMD
2016-03-18,2.800000,2.930000,2.770000,2.930000,2.930000,26330500,AMD
2016-03-21,2.900000,2.900000,2.750000,2.800000,2.800000,13464900,AMD
2016-03-22,2.730000,2.850000,2.710000,2.790000,2.790000,10315800,AMD
2016-03-23,2.800000,2.830000,2.680000,2.680000,2.680000,10167100,AMD
2016-03-24,2.690000,2.810000,2.620000,2.790000,2.790000,10040200,AMD
2016-03-28,2.810000,2.840000,2.730000,2.780000,2.780000,7683700,AMD
2016-03-29,2.740000,2.880000,2.700000,2.860000,2.860000,13566000,AMD
2016-03-30,2.880000,2.980000,2.850000,2.860000,2.860000,14945900,AMD
2016-03-31,2.840000,2.880000,2.800000,2.850000,2.850000,9071500,AMD
2016-04-01,2.790000,2.880000,2.760000,2.830000,2.830000,8257700,AMD
2016-04-04,2.830000,2.870000,2.800000,2.830000,2.830000,5591100,AMD
2016-04-05,2.760000,2.840000,2.720000,2.760000,2.760000,9640200,AMD
2016-04-06,2.750000,2.800000,2.720000,2.800000,2.800000,12473400,AMD
2016-04-07,2.760000,2.830000,2.610000,2.640000,2.640000,13479200,AMD
2016-04-08,2.700000,2.760000,2.680000,2.740000,2.740000,8489000,AMD
2016-04-11,2.760000,2.820000,2.740000,2.760000,2.760000,9045100,AMD
2016-04-12,2.790000,2.850000,2.760000,2.810000,2.810000,16110100,AMD
2016-04-13,2.780000,2.820000,2.730000,2.800000,2.800000,8048000,AMD
2016-04-14,2.770000,2.790000,2.700000,2.720000,2.720000,8935400,AMD
2016-04-15,2.720000,2.750000,2.680000,2.700000,2.700000,7487500,AMD
2016-04-18,2.670000,2.800000,2.650000,2.760000,2.760000,8923100,AMD
2016-04-19,2.780000,2.780000,2.610000,2.620000,2.620000,11719900,AMD
2016-04-20,2.620000,2.720000,2.610000,2.700000,2.700000,7926100,AMD
2016-04-21,2.650000,2.700000,2.600000,2.620000,2.620000,13957200,AMD
2016-04-22,3.190000,3.990000,3.180000,3.990000,3.990000,143265300,AMD
2016-04-25,3.810000,3.820000,3.310000,3.450000,3.450000,80607900,AMD
2016-04-26,3.450000,3.750000,3.440000,3.660000,3.660000,36336900,AMD
2016-04-27,3.550000,3.750000,3.530000,3.730000,3.730000,24186800,AMD
2016-04-28,3.690000,3.800000,3.600000,3.610000,3.610000,20230000,AMD
2016-04-29,3.690000,3.690000,3.450000,3.550000,3.550000,17717800,AMD
2016-05-02,3.580000,3.750000,3.570000,3.740000,3.740000,16972800,AMD
2016-05-03,3.700000,3.710000,3.580000,3.600000,3.600000,13784800,AMD
2016-05-04,3.540000,3.670000,3.540000,3.600000,3.600000,8688500,AMD
2016-05-05,3.640000,3.800000,3.610000,3.660000,3.660000,21529600,AMD
2016-05-06,3.650000,3.750000,3.640000,3.680000,3.680000,11839300,AMD
2016-05-09,3.660000,3.680000,3.450000,3.650000,3.650000,16299400,AMD
2016-05-10,3.660000,3.680000,3.560000,3.640000,3.640000,9411300,AMD
2016-05-11,3.610000,3.680000,3.600000,3.650000,3.650000,7540300,AMD
2016-05-12,3.650000,3.680000,3.550000,3.590000,3.590000,9255800,AMD
2016-05-13,3.560000,3.730000,3.550000,3.670000,3.670000,16470100,AMD
2016-05-16,3.670000,3.850000,3.650000,3.790000,3.790000,14703800,AMD
2016-05-17,3.800000,3.980000,3.690000,3.790000,3.790000,20066100,AMD
2016-05-18,3.790000,3.970000,3.770000,3.840000,3.840000,19506900,AMD
2016-05-19,3.830000,3.850000,3.690000,3.770000,3.770000,17696900,AMD
2016-05-20,3.830000,3.900000,3.810000,3.870000,3.870000,13799600,AMD
2016-05-23,3.900000,4.200000,3.880000,4.040000,4.040000,35434300,AMD
2016-05-24,4.090000,4.210000,3.920000,4.200000,4.200000,34283900,AMD
2016-05-25,4.240000,4.350000,4.150000,4.180000,4.180000,24703600,AMD
2016-05-26,4.190000,4.380000,4.170000,4.350000,4.350000,22611900,AMD
2016-05-27,4.390000,4.630000,4.370000,4.600000,4.600000,34429600,AMD
2016-05-31,4.670000,4.710000,4.500000,4.570000,4.570000,25379200,AMD
2016-06-01,4.600000,4.640000,4.380000,4.430000,4.430000,29696400,AMD
2016-06-02,4.370000,4.400000,4.070000,4.240000,4.240000,35304700,AMD
2016-06-03,4.160000,4.200000,4.080000,4.160000,4.160000,17561800,AMD
2016-06-06,4.200000,4.510000,4.170000,4.470000,4.470000,21329600,AMD
2016-06-07,4.560000,4.670000,4.470000,4.510000,4.510000,20676200,AMD
2016-06-08,4.540000,4.560000,4.380000,4.460000,4.460000,16074300,AMD
2016-06-09,4.410000,4.540000,4.320000,4.520000,4.520000,16219100,AMD
2016-06-10,4.400000,4.470000,4.300000,4.320000,4.320000,15106500,AMD
2016-06-13,4.320000,4.480000,4.320000,4.400000,4.400000,13540900,AMD
2016-06-14,4.400000,4.510000,4.330000,4.390000,4.390000,16757400,AMD
2016-06-15,4.440000,4.480000,4.300000,4.420000,4.420000,11575300,AMD
2016-06-16,4.500000,4.750000,4.460000,4.750000,4.750000,34182700,AMD
2016-06-17,4.750000,5.270000,4.680000,5.260000,5.260000,64894100,AMD
2016-06-20,5.390000,5.450000,5.090000,5.100000,5.100000,43541300,AMD
2016-06-21,5.100000,5.500000,5.090000,5.450000,5.450000,35864600,AMD
2016-06-22,5.460000,5.520000,4.960000,5.020000,5.020000,47943300,AMD
2016-06-23,5.170000,5.260000,5.050000,5.210000,5.210000,29159200,AMD
2016-06-24,4.820000,5.070000,4.760000,4.880000,4.880000,36735200,AMD
2016-06-27,4.880000,5.050000,4.650000,4.720000,4.720000,31025300,AMD
2016-06-28,4.950000,5.190000,4.910000,5.120000,5.120000,29221400,AMD
2016-06-29,5.310000,5.400000,5.100000,5.130000,5.130000,33118300,AMD
2016-06-30,5.130000,5.190000,4.950000,5.140000,5.140000,26124800,AMD
2016-07-01,5.090000,5.140000,5.000000,5.070000,5.070000,18255900,AMD
2016-07-05,5.030000,5.050000,4.880000,4.960000,4.960000,16332500,AMD
2016-07-06,4.910000,5.110000,4.900000,5.040000,5.040000,19392900,AMD
2016-07-07,5.070000,5.100000,4.940000,5.020000,5.020000,15756700,AMD
2016-07-08,4.840000,5.150000,4.820000,5.100000,5.100000,28140700,AMD
2016-07-11,5.130000,5.190000,5.000000,5.010000,5.010000,21027900,AMD
2016-07-12,5.010000,5.170000,5.010000,5.140000,5.140000,20832500,AMD
2016-07-13,5.140000,5.190000,5.040000,5.090000,5.090000,14032500,AMD
2016-07-14,5.150000,5.240000,5.060000,5.170000,5.170000,20050100,AMD
2016-07-15,5.200000,5.200000,5.100000,5.140000,5.140000,14219300,AMD
2016-07-18,5.190000,5.570000,5.130000,5.510000,5.510000,38619400,AMD
2016-07-19,5.500000,5.550000,5.340000,5.410000,5.410000,23439600,AMD
2016-07-20,5.480000,5.500000,5.400000,5.410000,5.410000,20102400,AMD
2016-07-21,5.430000,5.450000,5.100000,5.220000,5.220000,40242000,AMD
2016-07-22,5.730000,5.970000,5.450000,5.840000,5.840000,101838300,AMD
2016-07-25,5.930000,6.950000,5.920000,6.700000,6.700000,118328600,AMD
2016-07-26,6.760000,7.160000,6.710000,6.980000,6.980000,81230600,AMD
2016-07-27,6.930000,6.980000,6.680000,6.850000,6.850000,38514300,AMD
2016-07-28,6.790000,6.980000,6.740000,6.820000,6.820000,27515600,AMD
2016-07-29,6.880000,6.960000,6.750000,6.860000,6.860000,22580500,AMD
2016-08-01,6.890000,6.920000,6.570000,6.640000,6.640000,26729000,AMD
2016-08-02,6.560000,6.600000,6.150000,6.260000,6.260000,40816400,AMD
2016-08-03,6.180000,6.450000,6.150000,6.300000,6.300000,23807800,AMD
2016-08-04,6.390000,6.610000,6.370000,6.470000,6.470000,22393200,AMD
2016-08-05,6.560000,6.760000,6.470000,6.610000,6.610000,20164000,AMD
2016-08-08,6.700000,6.850000,6.650000,6.680000,6.680000,21462200,AMD
2016-08-09,6.750000,6.780000,6.540000,6.600000,6.600000,16772400,AMD
2016-08-10,6.350000,6.580000,6.250000,6.490000,6.490000,29070700,AMD
2016-08-11,6.500000,6.590000,6.460000,6.580000,6.580000,13099000,AMD
2016-08-12,6.600000,6.790000,6.550000,6.730000,6.730000,25466400,AMD
2016-08-15,6.790000,6.970000,6.780000,6.950000,6.950000,28339400,AMD
2016-08-16,6.940000,6.940000,6.650000,6.780000,6.780000,26768800,AMD
2016-08-17,6.700000,6.750000,6.610000,6.680000,6.680000,13791300,AMD
2016-08-18,6.740000,7.070000,6.730000,7.040000,7.040000,30783300,AMD
2016-08-19,7.240000,8.000000,7.220000,7.620000,7.620000,75129300,AMD
2016-08-22,7.830000,7.950000,7.370000,7.580000,7.580000,41519200,AMD
2016-08-23,7.660000,7.740000,7.530000,7.670000,7.670000,27531100,AMD
2016-08-24,7.670000,7.670000,7.370000,7.430000,7.430000,22943900,AMD
2016-08-25,7.490000,7.490000,7.200000,7.470000,7.470000,16451300,AMD
2016-08-26,7.490000,7.800000,7.460000,7.670000,7.670000,31387900,AMD
2016-08-29,7.720000,7.790000,7.570000,7.590000,7.590000,16891800,AMD
2016-08-30,7.610000,7.640000,7.410000,7.490000,7.490000,16088100,AMD
2016-08-31,7.520000,7.520000,7.280000,7.400000,7.400000,18808800,AMD
2016-09-01,7.180000,7.440000,7.090000,7.350000,7.350000,22284600,AMD
2016-09-02,7.490000,7.640000,7.380000,7.510000,7.510000,18538400,AMD
2016-09-06,7.560000,7.600000,7.250000,7.340000,7.340000,24994600,AMD
2016-09-07,7.050000,7.070000,6.780000,6.840000,6.840000,57721900,AMD
2016-09-08,6.640000,6.650000,6.150000,6.230000,6.230000,90693700,AMD
2016-09-09,6.230000,6.240000,5.850000,5.900000,5.900000,170828000,AMD
2016-09-12,5.830000,6.070000,5.770000,5.940000,5.940000,78014400,AMD
2016-09-13,5.920000,5.950000,5.660000,5.740000,5.740000,50819500,AMD
2016-09-14,5.750000,6.080000,5.750000,6.040000,6.040000,64251100,AMD
2016-09-15,6.090000,6.200000,5.950000,6.020000,6.020000,52669500,AMD
2016-09-16,6.220000,6.220000,5.970000,6.050000,6.050000,47829400,AMD
2016-09-19,6.120000,6.280000,6.080000,6.160000,6.160000,37812400,AMD
2016-09-20,6.230000,6.280000,6.120000,6.170000,6.170000,28990900,AMD
2016-09-21,6.200000,6.320000,6.140000,6.290000,6.290000,33450000,AMD
2016-09-22,6.350000,6.440000,6.330000,6.370000,6.370000,35848200,AMD
2016-09-23,6.310000,6.650000,6.310000,6.550000,6.550000,61022400,AMD
2016-09-26,6.540000,6.540000,6.310000,6.320000,6.320000,29875800,AMD
2016-09-27,6.450000,6.580000,6.290000,6.540000,6.540000,30035900,AMD
2016-09-28,6.570000,6.650000,6.480000,6.590000,6.590000,27878300,AMD
2016-09-29,6.570000,6.730000,6.540000,6.670000,6.670000,30746100,AMD
2016-09-30,6.700000,7.040000,6.700000,6.910000,6.910000,47453100,AMD
2016-10-03,6.950000,7.150000,6.870000,6.950000,6.950000,30456700,AMD
2016-10-04,7.000000,7.090000,6.890000,6.970000,6.970000,25770000,AMD
2016-10-05,6.970000,7.010000,6.700000,6.780000,6.780000,31235600,AMD
2016-10-06,6.720000,6.980000,6.630000,6.960000,6.960000,27059700,AMD
2016-10-07,6.920000,6.960000,6.620000,6.750000,6.750000,33059000,AMD
2016-10-10,6.820000,6.940000,6.800000,6.840000,6.840000,13764700,AMD
2016-10-11,6.800000,6.840000,6.380000,6.500000,6.500000,32510800,AMD
2016-10-12,6.640000,6.770000,6.420000,6.620000,6.620000,33592700,AMD
2016-10-13,6.500000,6.540000,6.240000,6.490000,6.490000,30401700,AMD
2016-10-14,6.920000,7.120000,6.740000,6.750000,6.750000,66934400,AMD
2016-10-17,6.920000,6.970000,6.640000,6.670000,6.670000,24261500,AMD
2016-10-18,6.760000,6.890000,6.690000,6.730000,6.730000,25094200,AMD
2016-10-19,6.700000,6.800000,6.570000,6.770000,6.770000,29420200,AMD
2016-10-20,6.810000,6.980000,6.770000,6.960000,6.960000,64607500,AMD
2016-10-21,6.500000,6.650000,6.370000,6.520000,6.520000,64243500,AMD
2016-10-24,6.570000,7.010000,6.540000,7.010000,7.010000,52998400,AMD
2016-10-25,6.900000,7.500000,6.870000,7.500000,7.500000,78862000,AMD
2016-10-26,7.400000,7.480000,7.260000,7.290000,7.290000,47619300,AMD
2016-10-27,7.440000,7.460000,7.100000,7.110000,7.110000,37804200,AMD
2016-10-28,7.100000,7.530000,7.020000,7.200000,7.200000,77261300,AMD
2016-10-31,7.240000,7.460000,7.200000,7.230000,7.230000,42345900,AMD
2016-11-01,7.320000,7.430000,6.920000,7.090000,7.090000,39906900,AMD
2016-11-02,7.030000,7.060000,6.670000,6.760000,6.760000,33852200,AMD
2016-11-03,6.780000,6.790000,6.560000,6.700000,6.700000,33673600,AMD
2016-11-04,6.690000,6.720000,6.460000,6.560000,6.560000,32215700,AMD
2016-11-07,6.790000,6.990000,6.760000,6.960000,6.960000,36999200,AMD
2016-11-08,6.850000,7.180000,6.750000,7.000000,7.000000,37601100,AMD
2016-11-09,6.700000,7.050000,6.640000,6.940000,6.940000,38479500,AMD
2016-11-10,6.820000,6.910000,6.220000,6.300000,6.300000,71749500,AMD
2016-11-11,6.640000,6.690000,6.470000,6.690000,6.690000,39492200,AMD
2016-11-14,6.830000,6.840000,6.610000,6.790000,6.790000,29566600,AMD
2016-11-15,6.820000,7.080000,6.790000,6.970000,6.970000,28909400,AMD
2016-11-16,7.090000,7.750000,7.070000,7.670000,7.670000,77955700,AMD
2016-11-17,7.790000,8.770000,7.770000,8.460000,8.460000,124235500,AMD
2016-11-18,8.680000,8.830000,8.400000,8.710000,8.710000,62336200,AMD
2016-11-21,8.870000,9.220000,8.860000,8.940000,8.940000,65595900,AMD
2016-11-22,9.050000,9.060000,8.540000,8.690000,8.690000,71312800,AMD
2016-11-23,8.720000,8.860000,8.500000,8.800000,8.800000,34583200,AMD
2016-11-25,8.800000,8.910000,8.690000,8.770000,8.770000,14214100,AMD
2016-11-28,8.720000,8.980000,8.720000,8.830000,8.830000,25907800,AMD
2016-11-29,9.000000,9.230000,8.850000,8.930000,8.930000,54831400,AMD
2016-11-30,9.020000,9.120000,8.900000,8.910000,8.910000,36511900,AMD
2016-12-01,8.920000,9.030000,8.260000,8.390000,8.390000,56682400,AMD
2016-12-02,8.380000,8.740000,8.380000,8.530000,8.530000,42398900,AMD
2016-12-05,8.690000,8.710000,8.450000,8.680000,8.680000,31410100,AMD
2016-12-06,8.950000,9.540000,8.820000,9.450000,9.450000,92242900,AMD
2016-12-07,9.650000,9.790000,9.240000,9.560000,9.560000,54897300,AMD
2016-12-08,9.900000,10.660000,9.800000,10.340000,10.340000,104613000,AMD
2016-12-09,10.380000,10.540000,9.870000,10.340000,10.340000,60600800,AMD
2016-12-12,10.400000,10.930000,10.380000,10.680000,10.680000,63342900,AMD
2016-12-13,10.750000,10.800000,10.400000,10.540000,10.540000,46967800,AMD
2016-12-14,10.430000,10.740000,10.270000,10.550000,10.550000,46968600,AMD
2016-12-15,10.680000,10.930000,10.640000,10.860000,10.860000,48871300,AMD
2016-12-16,10.940000,11.230000,10.600000,10.660000,10.660000,76990000,AMD
2016-12-19,10.810000,11.000000,10.520000,10.950000,10.950000,46085800,AMD
2016-12-20,11.190000,11.510000,11.150000,11.510000,11.510000,59314200,AMD
2016-12-21,11.610000,11.720000,11.310000,11.470000,11.470000,44814100,AMD
2016-12-22,11.650000,11.750000,11.470000,11.600000,11.600000,36450800,AMD
2016-12-23,11.300000,11.600000,11.260000,11.580000,11.580000,32216900,AMD
2016-12-27,11.650000,12.080000,11.600000,12.070000,12.070000,44336500,AMD
2016-12-28,12.280000,12.420000,11.460000,11.550000,11.550000,71254500,AMD
2016-12-29,11.240000,11.620000,11.010000,11.590000,11.590000,50147700,AMD
2016-12-30,11.700000,11.780000,11.250000,11.340000,11.340000,44095400,AMD
2017-01-03,11.420000,11.650000,11.020000,11.430000,11.430000,55182000,AMD
2017-01-04,11.450000,11.520000,11.240000,11.430000,11.430000,40781200,AMD
2017-01-05,11.430000,11.690000,11.230000,11.240000,11.240000,38855200,AMD
2017-01-06,11.290000,11.490000,11.110000,11.320000,11.320000,34453500,AMD
2017-01-09,11.370000,11.640000,11.310000,11.490000,11.490000,37128000,AMD
2017-01-10,11.550000,11.630000,11.330000,11.440000,11.440000,29201600,AMD
2017-01-11,11.390000,11.410000,11.150000,11.200000,11.200000,39377000,AMD
2017-01-12,10.980000,11.040000,10.330000,10.760000,10.760000,75124900,AMD
2017-01-13,10.790000,10.870000,10.560000,10.580000,10.580000,38377500,AMD
2017-01-17,10.170000,10.230000,9.780000,9.820000,9.820000,70275900,AMD
2017-01-18,9.540000,10.100000,9.420000,9.880000,9.880000,51797600,AMD
2017-01-19,9.920000,10.250000,9.750000,9.770000,9.770000,45997900,AMD
2017-01-20,9.880000,9.960000,9.670000,9.750000,9.750000,27982100,AMD
2017-01-23,9.680000,10.060000,9.680000,9.910000,9.910000,27905700,AMD
2017-01-24,9.950000,10.490000,9.950000,10.440000,10.440000,43991200,AMD
2017-01-25,10.740000,10.980000,10.150000,10.350000,10.350000,61778100,AMD
2017-01-26,10.350000,10.660000,10.300000,10.520000,10.520000,35866600,AMD
2017-01-27,10.600000,10.730000,10.520000,10.670000,10.670000,32536600,AMD
2017-01-30,10.620000,10.680000,10.300000,10.610000,10.610000,37725000,AMD
2017-01-31,10.600000,10.670000,10.220000,10.370000,10.370000,53704900,AMD
2017-02-01,10.900000,12.140000,10.810000,12.060000,12.060000,165939300,AMD
2017-02-02,11.980000,12.660000,11.950000,12.280000,12.280000,116324500,AMD
2017-02-03,12.370000,12.500000,12.040000,12.240000,12.240000,60036700,AMD
2017-02-06,12.460000,13.700000,12.380000,13.630000,13.630000,140474100,AMD
2017-02-07,14.050000,14.270000,13.060000,13.290000,13.290000,158683800,AMD
2017-02-08,13.210000,13.750000,13.080000,13.560000,13.560000,75942900,AMD
2017-02-09,13.780000,13.890000,13.400000,13.420000,13.420000,72435600,AMD
2017-02-10,13.860000,13.860000,13.250000,13.580000,13.580000,54579300,AMD
2017-02-13,13.700000,13.950000,13.380000,13.490000,13.490000,57413100,AMD
2017-02-14,13.430000,13.490000,13.190000,13.260000,13.260000,40404300,AMD
2017-02-15,13.200000,13.440000,13.150000,13.300000,13.300000,33722300,AMD
2017-02-16,13.250000,13.350000,12.840000,12.970000,12.970000,52502500,AMD
2017-02-17,12.790000,13.140000,12.600000,13.130000,13.130000,40888000,AMD
2017-02-21,13.410000,14.100000,13.400000,14.000000,14.000000,66357100,AMD
2017-02-22,14.300000,14.500000,14.040000,14.280000,14.280000,70989600,AMD
2017-02-23,14.200000,14.450000,13.820000,14.320000,14.320000,80317600,AMD
2017-02-24,14.000000,14.320000,13.860000,14.120000,14.120000,46288600,AMD
2017-02-27,14.270000,15.350000,14.270000,15.200000,15.200000,95422900,AMD
2017-02-28,15.450000,15.550000,14.350000,14.460000,14.460000,141783000,AMD
2017-03-01,15.080000,15.090000,14.520000,14.960000,14.960000,73450400,AMD
2017-03-02,14.590000,14.780000,13.870000,13.900000,13.900000,104330900,AMD
2017-03-03,13.550000,13.580000,12.790000,13.030000,13.030000,163395900,AMD
2017-03-06,13.000000,13.340000,12.380000,13.040000,13.040000,117192600,AMD
2017-03-07,13.070000,13.370000,12.790000,13.050000,13.050000,76666300,AMD
2017-03-08,13.250000,13.550000,13.100000,13.220000,13.220000,71294700,AMD
2017-03-09,13.450000,13.450000,13.110000,13.330000,13.330000,45244200,AMD
2017-03-10,13.500000,13.930000,13.450000,13.910000,13.910000,65142200,AMD
2017-03-13,14.480000,14.680000,14.180000,14.280000,14.280000,73078100,AMD
2017-03-14,14.000000,14.150000,13.640000,14.100000,14.100000,52554500,AMD
2017-03-15,14.030000,14.060000,13.620000,13.980000,13.980000,55179600,AMD
2017-03-16,13.790000,13.880000,13.650000,13.650000,13.650000,44494800,AMD
2017-03-17,13.620000,13.740000,13.360000,13.490000,13.490000,224892300,AMD
2017-03-20,13.680000,14.500000,13.540000,14.400000,14.400000,91565600,AMD
2017-03-21,14.400000,14.490000,13.780000,13.820000,13.820000,72552700,AMD
2017-03-22,13.700000,14.150000,13.550000,14.100000,14.100000,61239500,AMD
2017-03-23,13.960000,14.120000,13.770000,13.790000,13.790000,44549900,AMD
2017-03-24,14.160000,14.180000,13.540000,13.700000,13.700000,50099500,AMD
2017-03-27,13.350000,13.780000,13.210000,13.700000,13.700000,42686800,AMD
2017-03-28,13.750000,13.860000,13.550000,13.690000,13.690000,37420200,AMD
2017-03-29,13.740000,13.870000,13.630000,13.710000,13.710000,37863500,AMD
2017-03-30,13.730000,14.050000,13.650000,14.050000,14.050000,44132800,AMD
2017-03-31,14.100000,14.750000,14.010000,14.550000,14.550000,84566200,AMD
2017-04-03,14.600000,14.740000,14.300000,14.640000,14.640000,48423700,AMD
2017-04-04,14.310000,14.670000,14.030000,14.160000,14.160000,58413000,AMD
2017-04-05,14.280000,14.640000,14.100000,14.170000,14.170000,58816700,AMD
2017-04-06,13.420000,13.460000,12.830000,13.270000,13.270000,139500100,AMD
2017-04-07,13.330000,13.680000,13.220000,13.520000,13.520000,70441000,AMD
2017-04-10,13.520000,13.590000,13.040000,13.100000,13.100000,47178000,AMD
2017-04-11,13.020000,13.290000,12.710000,13.100000,13.100000,59916600,AMD
2017-04-12,12.940000,13.100000,12.740000,12.760000,12.760000,37385400,AMD
2017-04-13,12.510000,12.720000,12.220000,12.310000,12.310000,53442600,AMD
2017-04-17,12.530000,12.800000,12.370000,12.790000,12.790000,38188200,AMD
2017-04-18,12.630000,12.970000,12.580000,12.950000,12.950000,37172000,AMD
2017-04-19,13.090000,13.210000,12.800000,12.840000,12.840000,36491100,AMD
2017-04-20,12.980000,13.150000,12.880000,13.110000,13.110000,41976100,AMD
2017-04-21,13.080000,13.120000,12.900000,13.000000,13.000000,25689600,AMD
2017-04-24,13.230000,13.230000,13.050000,13.130000,13.130000,36120300,AMD
2017-04-25,13.240000,13.530000,13.160000,13.490000,13.490000,35881000,AMD
2017-04-26,13.420000,13.530000,13.220000,13.410000,13.410000,36644500,AMD
2017-04-27,13.430000,13.700000,13.370000,13.620000,13.620000,31327600,AMD
2017-04-28,13.730000,13.760000,13.160000,13.300000,13.300000,50376000,AMD
2017-05-01,13.430000,13.630000,13.250000,13.620000,13.620000,68036300,AMD
2017-05-02,11.730000,11.760000,10.300000,10.320000,10.320000,268336500,AMD
2017-05-03,10.290000,10.680000,9.850000,10.390000,10.390000,140899400,AMD
2017-05-04,10.550000,10.550000,9.940000,10.100000,10.100000,77031400,AMD
2017-05-05,10.130000,10.260000,9.940000,10.190000,10.190000,51759000,AMD
2017-05-08,10.220000,10.220000,10.000000,10.040000,10.040000,35101100,AMD
2017-05-09,10.040000,10.400000,10.040000,10.180000,10.180000,51017300,AMD
2017-05-10,10.460000,10.850000,10.450000,10.790000,10.790000,65995900,AMD
2017-05-11,10.740000,11.260000,10.510000,11.070000,11.070000,72946500,AMD
2017-05-12,11.200000,11.400000,11.080000,11.260000,11.260000,56072600,AMD
2017-05-15,11.410000,11.600000,11.300000,11.420000,11.420000,52565000,AMD
2017-05-16,11.660000,12.770000,11.630000,12.750000,12.750000,164186900,AMD
2017-05-17,11.810000,12.290000,11.160000,11.200000,11.200000,160109500,AMD
2017-05-18,10.990000,11.490000,10.810000,11.280000,11.280000,86900100,AMD
2017-05-19,11.470000,11.620000,11.350000,11.410000,11.410000,50319700,AMD
2017-05-22,11.490000,11.550000,10.770000,11.040000,11.040000,78696400,AMD
2017-05-23,10.970000,11.060000,10.620000,10.890000,10.890000,49799600,AMD
2017-05-24,11.050000,11.060000,10.710000,10.890000,10.890000,42903900,AMD
2017-05-25,11.010000,11.010000,10.800000,10.980000,10.980000,33584300,AMD
2017-05-26,10.850000,11.020000,10.740000,11.000000,11.000000,31823200,AMD
2017-05-30,10.950000,11.270000,10.900000,11.120000,11.120000,35339000,AMD
2017-05-31,11.290000,11.490000,11.100000,11.190000,11.190000,42929000,AMD
2017-06-01,11.250000,11.290000,10.810000,10.930000,10.930000,48002000,AMD
2017-06-02,10.930000,10.960000,10.570000,10.900000,10.900000,43056200,AMD
2017-06-05,10.840000,11.340000,10.800000,11.240000,11.240000,66207300,AMD
2017-06-06,11.270000,12.240000,11.240000,12.030000,12.030000,114998600,AMD
2017-06-07,12.420000,12.960000,12.230000,12.380000,12.380000,151005900,AMD
2017-06-08,12.810000,12.910000,12.400000,12.900000,12.900000,89515100,AMD
2017-06-09,13.100000,13.400000,11.630000,12.280000,12.280000,167454400,AMD
2017-06-12,11.750000,12.350000,11.270000,12.090000,12.090000,125781800,AMD
2017-06-13,12.330000,12.480000,11.670000,11.960000,11.960000,87302300,AMD
2017-06-14,11.910000,12.050000,11.650000,11.770000,11.770000,51909400,AMD
2017-06-15,11.340000,11.580000,11.210000,11.500000,11.500000,61666000,AMD
2017-06-16,11.660000,11.830000,11.280000,11.440000,11.440000,59779500,AMD
2017-06-19,11.630000,12.120000,11.620000,11.930000,11.930000,61803600,AMD
2017-06-20,12.190000,12.930000,12.180000,12.640000,12.640000,118001500,AMD
2017-06-21,13.360000,14.010000,13.130000,13.980000,13.980000,188796100,AMD
2017-06-22,14.100000,14.500000,13.560000,14.380000,14.380000,149594200,AMD
2017-06-23,14.150000,14.670000,13.900000,14.170000,14.170000,200777300,AMD
2017-06-26,14.390000,14.490000,13.840000,14.080000,14.080000,101012500,AMD
2017-06-27,13.760000,14.040000,13.370000,13.400000,13.400000,89319700,AMD
2017-06-28,13.650000,13.700000,13.090000,13.230000,13.230000,85266900,AMD
2017-06-29,13.060000,13.150000,12.450000,12.600000,12.600000,87634400,AMD
2017-06-30,12.570000,12.830000,12.360000,12.480000,12.480000,59267400,AMD
2017-07-03,12.570000,12.730000,12.130000,12.150000,12.150000,39929100,AMD
2017-07-05,12.360000,13.210000,12.320000,13.190000,13.190000,99450200,AMD
2017-07-06,12.940000,13.320000,12.670000,13.020000,13.020000,88646500,AMD
2017-07-07,13.270000,13.750000,13.180000,13.360000,13.360000,88392100,AMD
2017-07-10,13.610000,13.880000,13.270000,13.810000,13.810000,78320200,AMD
2017-07-11,13.770000,14.100000,13.620000,13.890000,13.890000,71102300,AMD
2017-07-12,14.170000,14.390000,13.960000,14.290000,14.290000,78508400,AMD
2017-07-13,14.330000,14.490000,13.430000,13.530000,13.530000,111656900,AMD
2017-07-14,13.460000,13.930000,13.320000,13.920000,13.920000,82084600,AMD
2017-07-17,14.030000,14.120000,13.510000,13.800000,13.800000,71690800,AMD
2017-07-18,13.290000,13.530000,13.150000,13.480000,13.480000,78366500,AMD
2017-07-19,13.620000,13.740000,13.410000,13.550000,13.550000,51957800,AMD
2017-07-20,13.610000,13.890000,13.450000,13.800000,13.800000,47707500,AMD
2017-07-21,13.700000,14.050000,13.620000,13.880000,13.880000,51045700,AMD
2017-07-24,14.000000,14.440000,13.970000,14.160000,14.160000,71014900,AMD
2017-07-25,14.290000,14.320000,13.870000,14.110000,14.110000,98047400,AMD
2017-07-26,15.130000,15.650000,14.400000,14.760000,14.760000,236083000,AMD
2017-07-27,14.990000,15.040000,13.700000,14.120000,14.120000,130303700,AMD
2017-07-28,13.850000,14.100000,13.680000,13.950000,13.950000,66763800,AMD
2017-07-31,14.090000,14.220000,13.470000,13.610000,13.610000,69108700,AMD
2017-08-01,13.720000,13.860000,13.450000,13.710000,13.710000,49149900,AMD
2017-08-02,13.810000,13.930000,13.120000,13.370000,13.370000,67502200,AMD
2017-08-03,13.420000,13.520000,13.080000,13.240000,13.240000,52557400,AMD
2017-08-04,13.200000,13.360000,13.020000,13.120000,13.120000,64254000,AMD
2017-08-07,13.330000,13.570000,13.270000,13.430000,13.430000,57486800,AMD
2017-08-08,13.480000,13.550000,13.080000,13.110000,13.110000,47338000,AMD
2017-08-09,12.760000,12.890000,12.540000,12.830000,12.830000,58861500,AMD
2017-08-10,12.700000,12.920000,12.110000,12.120000,12.120000,83113400,AMD
2017-08-11,12.040000,12.390000,11.880000,12.230000,12.230000,63558800,AMD
2017-08-14,12.580000,12.850000,12.580000,12.760000,12.760000,64426100,AMD
2017-08-15,13.010000,13.140000,12.750000,13.020000,13.020000,57990300,AMD
2017-08-16,13.170000,13.190000,12.520000,12.630000,12.630000,64639400,AMD
2017-08-17,12.460000,12.650000,12.320000,12.340000,12.340000,47371000,AMD
2017-08-18,12.430000,12.560000,12.250000,12.370000,12.370000,37521700,AMD
2017-08-21,12.420000,12.420000,11.860000,12.050000,12.050000,58888500,AMD
2017-08-22,12.200000,12.330000,12.100000,12.170000,12.170000,39033200,AMD
2017-08-23,12.000000,12.540000,11.950000,12.480000,12.480000,44345400,AMD
2017-08-24,12.690000,12.710000,12.390000,12.500000,12.500000,37269700,AMD
2017-08-25,12.510000,12.570000,12.250000,12.430000,12.430000,29732000,AMD
2017-08-28,12.530000,12.550000,12.160000,12.230000,12.230000,35969600,AMD
2017-08-29,12.000000,12.180000,11.930000,12.150000,12.150000,33618100,AMD
2017-08-30,12.190000,12.680000,12.160000,12.670000,12.670000,43933000,AMD
2017-08-31,12.820000,13.160000,12.790000,13.000000,13.000000,51822100,AMD
2017-09-01,13.120000,13.490000,13.040000,13.190000,13.190000,53158600,AMD
2017-09-05,12.880000,13.180000,12.650000,12.920000,12.920000,51445500,AMD
2017-09-06,13.020000,13.080000,12.750000,12.860000,12.860000,34182400,AMD
2017-09-07,12.840000,12.940000,12.600000,12.630000,12.630000,35816900,AMD
2017-09-08,12.570000,12.610000,12.040000,12.250000,12.250000,60620600,AMD
2017-09-11,12.460000,12.740000,12.400000,12.550000,12.550000,43346100,AMD
2017-09-12,12.660000,12.680000,12.210000,12.300000,12.300000,54413100,AMD
2017-09-13,12.220000,12.360000,12.120000,12.220000,12.220000,37210700,AMD
2017-09-14,12.150000,12.460000,12.110000,12.260000,12.260000,37220200,AMD
