Date,Open,High,Low,Close,Adj Close,Volume,BKS
2012-09-14,8.027523,8.237222,7.948886,8.191350,7.222299,2231300,BKS
2012-09-17,8.171691,8.355177,8.132372,8.230668,7.256966,766000,BKS
2012-09-18,8.197903,8.250328,8.027523,8.034076,7.083631,768400,BKS
2012-09-19,8.099607,8.171691,7.961992,8.027523,7.077854,1064600,BKS
2012-09-20,7.994758,8.093054,7.804718,7.850590,6.921852,1308800,BKS
2012-09-21,7.916121,7.994758,7.712975,7.824378,6.898741,2862700,BKS
2012-09-24,7.817824,8.407601,7.817824,8.342071,7.355190,1682100,BKS
2012-09-25,8.446920,8.918742,7.968545,8.034076,7.083631,2888400,BKS
2012-09-26,8.138926,8.584535,7.942333,8.512451,7.505414,1711500,BKS
2012-09-27,8.519004,8.643513,8.335518,8.479686,7.476524,1404200,BKS
2012-09-28,8.505898,8.505898,8.289646,8.374836,7.384079,837100,BKS
2012-10-01,8.446920,8.446920,8.060288,8.099607,7.141409,1774500,BKS
2012-10-02,8.204456,8.414155,7.942333,8.401049,7.407190,1095900,BKS
2012-10-03,8.387942,8.446920,8.184797,8.322412,7.337856,1101400,BKS
2012-10-04,8.328964,8.938401,8.328964,8.702490,7.672972,3422000,BKS
2012-10-05,8.768021,8.938401,8.682831,8.735255,7.701861,1145700,BKS
2012-10-08,8.695937,9.403669,8.669724,9.390564,8.279645,2173000,BKS
2012-10-09,9.403669,9.501966,9.010485,9.049804,7.979198,1757700,BKS
2012-10-10,9.030144,10.137614,9.023591,9.790301,8.632092,6731600,BKS
2012-10-11,9.908257,10.720839,9.823067,10.491481,9.250321,5370100,BKS
2012-10-12,10.648755,10.668414,9.764090,9.973787,8.793872,2831000,BKS
2012-10-15,9.993447,10.163827,9.842726,10.150721,8.949874,885000,BKS
2012-10-16,10.176933,10.307995,9.803408,9.927917,8.753427,912000,BKS
2012-10-17,9.960682,10.019659,9.823067,9.895151,8.724538,1018100,BKS
2012-10-18,9.868938,10.255570,9.698558,10.249017,9.036542,1574000,BKS
2012-10-19,10.229358,10.229358,9.718218,9.829620,8.666760,1590800,BKS
2012-10-22,9.823067,9.849279,9.252949,9.462647,8.343202,1453200,BKS
2012-10-23,9.403669,10.222805,9.213631,10.039318,8.851650,2094800,BKS
2012-10-24,10.026213,10.190040,9.731324,9.967235,8.788094,1109800,BKS
2012-10-25,10.006553,10.032765,9.678899,9.855832,8.689870,680500,BKS
2012-10-26,9.882045,9.986894,9.534731,9.731324,8.580091,558200,BKS
2012-10-31,10.144168,11.035387,10.144168,11.035387,9.729881,3171400,BKS
2012-11-01,10.910878,11.205767,10.452163,11.068152,9.758771,2132200,BKS
2012-11-02,11.133683,11.186108,10.491481,10.550459,9.302323,1835600,BKS
2012-11-05,10.550459,10.701180,10.321101,10.425950,9.192542,1140200,BKS
2012-11-06,10.465269,10.629096,10.242464,10.458715,9.221432,1264200,BKS
2012-11-07,10.380078,10.412844,9.895151,10.117955,8.920984,1535600,BKS
2012-11-08,10.131062,10.190040,9.744430,9.823067,8.660980,1179400,BKS
2012-11-09,9.764090,10.065531,9.652687,9.901704,8.730314,894800,BKS
2012-11-12,9.934469,10.111403,9.698558,9.809960,8.649427,588800,BKS
2012-11-13,9.783749,10.366973,9.692005,10.045872,8.857430,889200,BKS
2012-11-14,10.085190,10.209699,10.032765,10.045872,8.857430,1251300,BKS
2012-11-15,10.019659,10.065531,9.488860,9.633027,8.493425,1505000,BKS
2012-11-16,9.633027,9.744430,9.213631,9.292268,8.192977,1552200,BKS
2012-11-19,9.501966,9.993447,9.449541,9.980341,8.799650,1562100,BKS
2012-11-20,9.980341,10.052424,9.705112,9.842726,8.678314,584900,BKS
2012-11-21,9.829620,10.072083,9.790301,10.032765,8.845872,676900,BKS
2012-11-23,10.085190,10.163827,9.855832,10.019659,8.834315,688200,BKS
2012-11-26,9.960682,10.216251,9.921363,10.124509,8.926764,1365700,BKS
2012-11-27,10.137614,10.642201,9.960682,10.432504,9.198321,2040500,BKS
2012-11-28,10.425950,10.609436,10.301442,10.517694,9.273433,3492000,BKS
2012-11-29,10.524246,10.524246,9.207077,9.344692,8.239200,8847200,BKS
2012-11-30,9.384010,9.560944,9.311927,9.403669,8.291201,2513600,BKS
2012-12-03,9.528178,9.528178,8.977719,9.364351,8.256535,2372900,BKS
2012-12-04,9.344692,9.521626,9.220183,9.410223,8.296977,1492200,BKS
2012-12-05,9.456095,9.469200,9.174312,9.397117,8.285422,1192800,BKS
2012-12-06,9.442988,9.593709,9.344692,9.567496,8.435646,995800,BKS
2012-12-07,9.803408,9.836173,9.515072,9.639581,8.499202,1948500,BKS
2012-12-10,9.908257,10.373526,9.823067,10.314548,9.094319,3789300,BKS
2012-12-11,10.412844,10.714286,10.386632,10.681520,9.417878,3006900,BKS
2012-12-12,11.074705,11.317169,10.360419,10.425950,9.192542,2343600,BKS
2012-12-13,10.465269,10.563565,10.235910,10.432504,9.198321,1035000,BKS
2012-12-14,10.419397,10.543905,10.157274,10.347313,9.123209,955700,BKS
2012-12-17,10.393185,10.484928,10.183486,10.275229,9.059652,1258300,BKS
2012-12-18,10.393185,10.484928,10.262123,10.406291,9.175209,1379000,BKS
2012-12-19,10.445609,10.458715,9.947576,10.072083,8.880541,2275800,BKS
2012-12-20,10.144168,10.144168,9.842726,9.927917,8.753427,1897500,BKS
2012-12-21,9.809960,9.973787,9.639581,9.908257,8.736094,3746300,BKS
2012-12-24,9.855832,10.019659,9.790301,9.842726,8.678314,604900,BKS
2012-12-26,9.875491,9.875491,9.462647,9.495413,8.372090,1998100,BKS
2012-12-27,9.652687,9.711664,9.115335,9.403669,8.291201,1708200,BKS
2012-12-28,9.659240,10.314548,9.567496,9.809960,8.649427,8378800,BKS
2012-12-31,9.823067,9.927917,9.619922,9.888597,8.718760,2545000,BKS
2013-01-02,10.019659,10.091743,9.384010,9.508519,8.383645,3914000,BKS
2013-01-03,9.423329,9.816514,9.272608,9.318480,8.216087,4836100,BKS
2013-01-04,9.325033,9.331586,8.643513,8.748362,7.713416,4524500,BKS
2013-01-07,9.154653,9.193972,8.689384,8.781127,7.742304,3489300,BKS
2013-01-08,8.951508,9.010485,8.715596,8.781127,7.742304,2741300,BKS
2013-01-09,8.879423,8.944954,8.597641,8.623854,7.603637,1989100,BKS
2013-01-10,8.623854,8.709044,8.328964,8.545217,7.534304,2977900,BKS
2013-01-11,8.519004,8.630406,8.348624,8.361730,7.372523,1684000,BKS
2013-01-14,8.381390,8.663172,8.322412,8.630406,7.609416,2312900,BKS
2013-01-15,8.610747,8.715596,8.453473,8.669724,7.644081,1801500,BKS
2013-01-16,8.761468,8.899082,8.610747,8.650065,7.626748,1647600,BKS
2013-01-17,8.689384,8.794233,8.610747,8.663172,7.638304,988500,BKS
2013-01-18,8.682831,8.741809,8.525557,8.571428,7.557414,1292900,BKS
2013-01-22,8.591087,8.597641,8.433814,8.584535,7.568971,1163700,BKS
2013-01-23,8.519004,8.604194,8.499345,8.525557,7.516969,1686000,BKS
2013-01-24,8.545217,8.781127,8.519004,8.623854,7.603637,1957500,BKS
2013-01-25,8.623854,8.715596,8.584535,8.630406,7.609416,1174200,BKS
2013-01-28,8.551769,8.682831,8.407601,8.532110,7.522748,1908400,BKS
2013-01-29,8.551769,8.741809,8.519004,8.650065,7.626748,1760200,BKS
2013-01-30,8.623854,8.853211,8.551769,8.761468,7.724972,1756100,BKS
2013-01-31,8.735255,8.794233,8.617300,8.741809,7.707638,2011500,BKS
2013-02-01,8.781127,9.030144,8.584535,8.709044,7.678749,2452700,BKS
2013-02-04,8.735255,8.735255,8.519004,8.682831,7.655638,1256300,BKS
2013-02-05,8.702490,9.475754,8.519004,9.311927,8.210311,4221600,BKS
2013-02-06,9.272608,9.364351,9.056356,9.180865,8.094753,1354100,BKS
2013-02-07,9.180865,9.279161,8.971167,9.154653,8.071642,1028800,BKS
2013-02-08,9.148100,9.462647,9.076015,9.423329,8.308535,964700,BKS
2013-02-11,9.384010,9.606815,9.292268,9.462647,8.343202,1398100,BKS
2013-02-12,9.469200,9.600262,9.384010,9.475754,8.354755,888400,BKS
2013-02-13,9.659240,9.659240,9.193972,9.305373,8.204531,1474700,BKS
2013-02-14,9.095675,9.108781,8.584535,8.610747,7.592082,3037600,BKS
2013-02-15,8.604194,8.722150,8.486238,8.538663,7.528524,1219400,BKS
2013-02-19,8.636959,8.768021,8.460026,8.610747,7.592082,2063700,BKS
2013-02-20,8.656619,8.689384,8.545217,8.604194,7.586303,1885300,BKS
2013-02-21,8.584535,8.826999,8.564876,8.643513,7.620971,2395900,BKS
2013-02-22,8.695937,8.918742,8.623854,8.853211,7.805862,1898100,BKS
2013-02-25,9.633027,10.157274,9.397117,9.868938,8.701427,9988800,BKS
2013-02-26,9.973787,10.334208,9.698558,10.131062,8.932539,4484900,BKS
2013-02-27,10.111403,10.235910,9.796855,9.980341,8.799650,2933400,BKS
2013-02-28,9.777195,10.930537,9.718218,10.314548,9.094319,8117500,BKS
2013-03-01,10.229358,10.399738,10.039318,10.242464,9.030765,2652700,BKS
2013-03-04,10.766710,10.956750,10.537353,10.786369,9.510324,4015200,BKS
2013-03-05,10.897772,11.074705,10.799476,10.923985,9.631660,2636900,BKS
2013-03-06,10.910878,11.087811,10.720839,10.779817,9.504545,1566100,BKS
2013-03-07,10.812582,10.989515,10.701180,10.851900,9.568102,1252000,BKS
2013-03-08,10.969856,10.976409,10.714286,10.937091,9.643214,1258700,BKS
2013-03-11,10.884665,11.467890,10.845347,10.982962,9.683660,4164700,BKS
2013-03-12,10.897772,11.002622,10.635649,10.701180,9.435212,1908100,BKS
2013-03-13,10.733945,10.878113,10.511140,10.557012,9.308101,1521100,BKS
2013-03-14,10.550459,10.858454,10.550459,10.779817,9.504545,1061400,BKS
2013-03-15,10.878113,10.878113,10.491481,10.517694,9.273433,1740500,BKS
2013-03-18,10.412844,10.779817,10.327654,10.714286,9.446768,1032100,BKS
2013-03-19,10.694627,10.943644,10.589777,10.910878,9.620103,913600,BKS
2013-03-20,10.917431,11.173001,10.884665,11.153342,9.833881,1884300,BKS
2013-03-21,11.140236,11.297510,10.937091,11.055046,9.747216,1893600,BKS
2013-03-22,11.087811,11.114023,10.753604,10.878113,9.591214,889000,BKS
2013-03-25,10.950196,10.950196,10.563565,10.576671,9.325433,1195400,BKS
2013-03-26,10.596331,10.661861,10.458715,10.622542,9.365879,508600,BKS
2013-03-27,10.563565,10.668414,10.491481,10.570118,9.319655,569300,BKS
2013-03-28,10.589777,10.812582,10.543905,10.779817,9.504545,925000,BKS
2013-04-01,10.740498,11.074705,10.615990,10.720839,9.452545,1061700,BKS
2013-04-02,10.720839,10.891219,10.550459,10.563565,9.313878,1147700,BKS
2013-04-03,10.583224,10.661861,10.393185,10.452163,9.215656,1435500,BKS
2013-04-04,10.432504,11.159895,10.419397,11.120577,9.804994,1446100,BKS
2013-04-05,10.996068,11.277850,10.825688,10.943644,9.648992,1923000,BKS
2013-04-08,10.878113,11.035387,10.727392,10.996068,9.695214,732000,BKS
2013-04-09,11.041940,11.317169,10.923985,11.290956,9.955217,1179900,BKS
2013-04-10,11.277850,11.533421,11.100918,11.454783,10.099664,2097100,BKS
2013-04-11,11.356487,11.847968,11.199214,11.631717,10.255665,2619900,BKS
2013-04-12,11.631717,11.874181,11.317169,11.651376,10.272999,1911700,BKS
2013-04-15,11.612058,11.612058,10.956750,11.074705,9.764549,2077000,BKS
2013-04-16,11.186108,11.454783,11.087811,11.186108,9.862772,1074900,BKS
2013-04-17,11.140236,11.231979,10.838795,11.153342,9.833881,1178600,BKS
2013-04-18,11.146789,11.186108,10.792923,10.819135,9.539214,1276100,BKS
2013-04-19,10.825688,11.304063,10.773263,11.127130,9.810772,2159400,BKS
2013-04-22,11.140236,11.612058,11.120577,11.467890,10.111220,1426900,BKS
2013-04-23,11.494102,11.795544,11.415465,11.736567,10.348112,1269000,BKS
2013-04-24,11.697248,11.887287,11.428572,11.828309,10.429001,1999500,BKS
2013-04-25,11.834863,12.024901,11.802097,11.933159,10.521445,1962200,BKS
2013-04-26,11.893840,12.011796,11.795544,11.893840,10.486778,1387800,BKS
2013-04-29,11.933159,12.005242,11.821756,11.913499,10.504112,1118400,BKS
2013-04-30,11.887287,11.992136,11.815203,11.880733,10.475224,799400,BKS
2013-05-01,11.847968,11.965924,11.638270,11.802097,10.405889,1337600,BKS
2013-05-02,11.808650,11.998690,11.716907,11.985583,10.567668,805100,BKS
2013-05-03,12.057667,12.437746,11.998690,12.149410,10.712114,2826900,BKS
2013-05-06,12.149410,12.214941,11.782437,11.861074,10.457891,1066300,BKS
2013-05-07,11.913499,12.031455,11.795544,11.913499,10.504112,1078800,BKS
2013-05-08,11.861074,11.972477,11.461337,11.644823,10.267220,1920400,BKS
2013-05-09,14.757536,14.934469,13.237222,14.469200,12.757470,20854600,BKS
2013-05-10,14.449541,15.425950,14.377458,15.275229,13.468146,6431300,BKS
2013-05-13,15.137614,15.537353,13.014417,13.826999,12.191241,12697200,BKS
2013-05-14,13.505898,13.912189,13.407601,13.427260,11.838794,2176800,BKS
2013-05-15,13.368283,13.604194,13.269987,13.335518,11.757903,1695800,BKS
2013-05-16,13.269987,13.335518,12.870249,12.994758,11.457457,1630500,BKS
2013-05-17,12.994758,13.269987,12.916121,13.106160,11.555678,1579800,BKS
2013-05-20,13.571428,14.266055,13.479686,14.161205,12.485911,3753500,BKS
2013-05-21,14.239842,14.757536,14.167759,14.436435,12.728580,1919500,BKS
2013-05-22,14.508519,14.737877,14.062909,14.259502,12.572578,2038800,BKS
2013-05-23,14.161205,14.724771,13.997378,14.724771,12.982807,1697000,BKS
2013-05-24,14.718218,14.718218,14.370904,14.521626,12.803694,1199500,BKS
2013-05-28,14.868938,15.104849,14.574050,14.619922,12.890361,1622500,BKS
2013-05-29,14.587156,14.652687,14.023591,14.292268,12.601467,1214600,BKS
2013-05-30,14.370904,14.587156,14.174312,14.521626,12.803694,1003000,BKS
2013-05-31,14.456095,15.157274,14.416776,14.744430,13.000138,1520500,BKS
2013-06-03,14.842726,14.980341,14.442988,14.639581,12.907693,1354300,BKS
2013-06-04,14.613368,14.849279,14.266055,14.456095,12.745914,1224000,BKS
2013-06-05,14.554391,14.554391,13.892529,13.951508,12.301020,1357800,BKS
2013-06-06,13.787681,13.885977,13.584535,13.695937,12.075686,1220400,BKS
2013-06-07,13.748362,14.816514,13.669724,14.757536,13.011695,1647400,BKS
2013-06-10,14.770642,15.085190,14.560944,14.855832,13.098363,1073000,BKS
2013-06-11,14.731324,15.458715,14.482306,14.862386,13.104141,1902300,BKS
2013-06-12,14.921363,15.091743,13.872870,13.958060,12.306797,2345300,BKS
2013-06-13,13.925295,13.971167,12.667104,12.739187,11.232121,5178000,BKS
2013-06-14,12.811272,13.269987,12.693316,12.693316,11.191675,1822600,BKS
2013-06-17,12.837483,13.112713,12.640891,12.732635,11.226342,1394700,BKS
2013-06-18,12.778506,12.988204,12.627785,12.732635,11.226342,1348300,BKS
2013-06-19,12.699869,12.778506,12.300131,12.339450,10.879673,2582600,BKS
2013-06-20,12.280472,12.313237,12.018349,12.083879,10.654336,1576500,BKS
2013-06-21,12.116645,12.555701,11.998690,12.431192,10.960563,2537800,BKS
2013-06-24,12.241154,12.483617,12.044561,12.332896,10.873895,2740500,BKS
2013-06-25,11.120577,11.598951,9.803408,10.229358,9.019207,13728900,BKS
2013-06-26,10.288336,10.806028,10.255570,10.786369,9.510324,4672000,BKS
2013-06-27,10.832241,10.832241,10.294888,10.380078,9.152100,2031500,BKS
2013-06-28,10.327654,10.583224,10.307995,10.458715,9.221432,3350300,BKS
2013-07-01,10.707732,11.467890,10.589777,11.395806,10.047663,3319300,BKS
2013-07-02,11.245085,11.526868,10.963303,11.074705,9.764549,1958300,BKS
2013-07-03,11.009174,11.159895,10.976409,11.107471,9.793439,655100,BKS
2013-07-05,11.231979,11.625164,11.061599,11.585845,10.215220,1596600,BKS
2013-07-08,11.566186,11.651376,11.356487,11.572740,10.203667,1295500,BKS
2013-07-09,11.651376,12.418086,11.625164,12.195282,10.752560,3647200,BKS
2013-07-10,12.169069,12.208388,11.422018,11.428572,10.076553,2266700,BKS
2013-07-11,11.363041,11.428572,11.035387,11.146789,9.828106,2122800,BKS
2013-07-12,11.120577,11.179554,10.904325,11.015727,9.712546,1396500,BKS
2013-07-15,11.048492,11.376146,10.884665,11.343381,10.001439,1127500,BKS
2013-07-16,11.402359,11.448231,11.146789,11.284404,9.949439,1438800,BKS
2013-07-17,11.271297,11.716907,11.231979,11.664482,10.284555,1298100,BKS
2013-07-18,11.651376,11.847968,11.585845,11.775885,10.382777,1006000,BKS
2013-07-19,11.795544,12.070773,11.743119,11.828309,10.429001,1510800,BKS
2013-07-22,11.808650,12.188728,11.795544,12.155963,10.717892,1254900,BKS
2013-07-23,12.155963,12.287024,11.933159,11.952818,10.538779,985400,BKS
2013-07-24,11.979031,12.169069,11.756226,11.828309,10.429001,1524000,BKS
2013-07-25,11.828309,12.057667,11.749672,11.900393,10.492558,1211700,BKS
2013-07-26,11.788991,12.169069,11.684141,12.064220,10.637004,1354700,BKS
2013-07-29,11.854522,11.887287,11.376146,11.507209,10.145886,2044200,BKS
2013-07-30,11.507209,11.507209,11.238532,11.474443,10.116997,1661300,BKS
2013-07-31,11.494102,11.841415,11.448231,11.697248,10.313443,1061100,BKS
2013-08-01,11.782437,11.893840,11.671036,11.710354,10.325000,1125700,BKS
2013-08-02,11.703801,11.965924,11.579292,11.749672,10.359665,976700,BKS
2013-08-05,11.723460,11.847968,11.657929,11.762778,10.371222,1004200,BKS
2013-08-06,11.730013,11.880733,11.526868,11.861074,10.457891,1290900,BKS
2013-08-07,11.854522,11.854522,11.435124,11.651376,10.272999,872200,BKS
2013-08-08,11.697248,11.939712,11.664482,11.861074,10.457891,853900,BKS
2013-08-09,11.861074,12.123198,11.743119,12.057667,10.631225,1213400,BKS
2013-08-12,11.998690,12.064220,11.802097,12.044561,10.619671,812200,BKS
2013-08-13,12.031455,12.228047,11.795544,12.070773,10.642780,1203800,BKS
2013-08-14,12.038008,12.136304,11.808650,12.005242,10.585001,1007700,BKS
2013-08-15,11.959371,12.096986,11.710354,11.743119,10.353889,1279500,BKS
2013-08-16,11.657929,11.703801,11.467890,11.494102,10.134331,1205000,BKS
2013-08-19,11.494102,11.559633,10.858454,10.923985,9.631660,2234900,BKS
2013-08-20,9.495413,9.796855,9.049804,9.574050,8.441426,16860100,BKS
2013-08-21,9.646133,9.901704,9.488860,9.495413,8.372090,3513300,BKS
2013-08-22,9.501966,9.659240,9.298820,9.475754,8.354755,1683600,BKS
2013-08-23,9.462647,9.554391,9.102228,9.167759,8.083198,2057600,BKS
2013-08-26,9.567496,9.593709,9.233290,9.384010,8.273866,3753300,BKS
2013-08-27,9.351245,9.351245,9.069463,9.089122,8.013864,2957200,BKS
2013-08-28,9.108781,9.180865,8.944954,9.095675,8.019641,2650500,BKS
2013-08-29,9.062909,9.233290,9.049804,9.220183,8.129420,1144500,BKS
2013-08-30,9.207077,9.226737,8.859764,8.958060,7.898308,1721900,BKS
2013-09-03,9.049804,9.266055,8.853211,9.010485,7.944530,1879100,BKS
2013-09-04,8.984273,9.010485,8.781127,8.800786,7.759638,2361600,BKS
2013-09-05,8.892529,8.944954,8.735255,8.768021,7.730750,2146000,BKS
2013-09-06,8.761468,9.030144,8.617300,8.833551,7.788527,3261900,BKS
2013-09-09,8.859764,8.912189,8.663172,8.728703,7.696082,2457400,BKS
2013-09-10,8.807340,9.134994,8.787681,9.030144,7.961864,2031700,BKS
2013-09-11,9.049804,9.141546,8.977719,9.049804,7.979198,1143100,BKS
2013-09-12,9.023591,9.023591,8.826999,8.938401,7.880974,1091500,BKS
2013-09-13,8.872870,8.951508,8.787681,8.853211,7.805862,1994400,BKS
2013-09-16,8.859764,8.951508,8.787681,8.833551,7.788527,1687900,BKS
2013-09-17,8.899082,8.971167,8.800786,8.885977,7.834752,1015400,BKS
2013-09-18,8.813892,9.056356,8.794233,8.958060,7.898308,861200,BKS
2013-09-19,8.944954,9.089122,8.807340,8.820446,7.776974,1353500,BKS
2013-09-20,8.846658,8.905636,8.623854,8.650065,7.626748,2688900,BKS
2013-09-23,8.656619,8.826999,8.643513,8.663172,7.638304,1508600,BKS
2013-09-24,8.623854,8.879423,8.446920,8.800786,7.759638,2745700,BKS
2013-09-25,8.761468,8.761468,8.486238,8.591087,7.574747,2675300,BKS
2013-09-26,8.604194,8.754915,8.492791,8.545217,7.534304,1360200,BKS
2013-09-27,8.453473,8.558322,8.387942,8.479686,7.476524,7936100,BKS
2013-09-30,8.394495,8.532110,8.250328,8.479686,7.476524,1283900,BKS
2013-10-01,8.519004,8.532110,8.387942,8.407601,7.412968,1374100,BKS
2013-10-02,8.355177,8.545217,8.289646,8.545217,7.534304,1786600,BKS
2013-10-03,8.617300,8.695937,8.486238,8.571428,7.557414,1720100,BKS
2013-10-04,8.584535,9.475754,8.545217,9.442988,8.325867,4120200,BKS
2013-10-07,9.357799,9.456095,8.931848,8.938401,7.880974,2745800,BKS
2013-10-08,8.899082,9.167759,8.846658,8.990826,7.927197,1641000,BKS
2013-10-09,9.049804,9.049804,8.702490,8.722150,7.690305,1321600,BKS
2013-10-10,8.794233,9.102228,8.768021,8.918742,7.863641,1019600,BKS
2013-10-11,8.885977,9.154653,8.885977,9.062909,7.990752,993200,BKS
2013-10-14,8.971167,8.990826,8.859764,8.879423,7.828973,906900,BKS
2013-10-15,8.840105,8.912189,8.689384,8.702490,7.672972,1067400,BKS
2013-10-16,8.715596,8.931848,8.617300,8.813892,7.771196,1189000,BKS
2013-10-17,8.826999,8.984273,8.781127,8.977719,7.915639,1051200,BKS
2013-10-18,9.036697,9.272608,8.977719,9.246396,8.152533,1261000,BKS
2013-10-21,9.266055,9.692005,9.226737,9.338139,8.233421,2549700,BKS
2013-10-22,9.449541,9.626474,9.338139,9.495413,8.372090,968500,BKS
2013-10-23,9.429882,9.554391,9.338139,9.515072,8.389424,903300,BKS
2013-10-24,9.528178,9.764090,9.384010,9.711664,8.562757,1498600,BKS
2013-10-25,9.692005,9.796855,9.462647,9.692005,8.545425,1151200,BKS
2013-10-28,9.672346,9.672346,9.436435,9.475754,8.354755,1090100,BKS
2013-10-29,9.475754,9.639581,9.436435,9.606815,8.470314,786600,BKS
2013-10-30,9.626474,9.764090,9.397117,9.547837,8.418312,1061600,BKS
2013-10-31,9.560944,9.560944,9.226737,9.259502,8.164088,1457100,BKS
2013-11-01,9.226737,9.469200,9.200524,9.429882,8.314312,1110600,BKS
2013-11-04,9.429882,9.868938,9.410223,9.790301,8.632092,1623600,BKS
2013-11-05,9.764090,9.770642,9.515072,9.600262,8.464536,1064800,BKS
2013-11-06,9.619922,9.685452,9.495413,9.659240,8.516535,741700,BKS
2013-11-07,9.652687,9.737877,9.436435,9.613368,8.476089,991200,BKS
2013-11-08,9.593709,9.639581,9.384010,9.593709,8.458757,1374400,BKS
2013-11-11,9.554391,10.078637,9.515072,9.980341,8.799650,1891900,BKS
2013-11-12,9.954128,10.078637,9.875491,10.026213,8.840095,1174500,BKS
2013-11-13,9.986894,10.203145,9.901704,10.170380,8.967207,1139100,BKS
2013-11-14,10.124509,10.170380,9.914810,10.117955,8.920984,682700,BKS
2013-11-15,10.111403,10.419397,9.888597,10.321101,9.100098,1193300,BKS
2013-11-18,10.321101,10.563565,10.157274,10.380078,9.152100,1708000,BKS
2013-11-19,10.393185,10.452163,10.019659,10.058978,8.868983,1885600,BKS
2013-11-20,10.065531,10.471822,10.013106,10.373526,9.146319,1287000,BKS
2013-11-21,10.380078,10.478374,10.294888,10.294888,9.076985,1443100,BKS
2013-11-22,10.314548,10.373526,10.196592,10.360419,9.134766,1064800,BKS
2013-11-25,10.314548,10.891219,10.242464,10.766710,9.492991,5959300,BKS
2013-11-26,10.648755,10.923985,10.000000,10.124509,8.926764,5427600,BKS
2013-11-27,10.242464,10.976409,10.209699,10.937091,9.643214,4831700,BKS
2013-11-29,10.982962,11.343381,10.956750,10.996068,9.695214,1505000,BKS
2013-12-02,11.028833,11.120577,10.642201,10.727392,9.458324,1629300,BKS
2013-12-03,10.714286,10.786369,10.609436,10.779817,9.504545,1071700,BKS
2013-12-04,10.740498,10.851900,10.602883,10.681520,9.417878,1341500,BKS
2013-12-05,10.642201,10.904325,10.504587,10.740498,9.469879,987900,BKS
2013-12-06,10.806028,10.904325,9.442988,9.456095,8.337422,11036600,BKS
2013-12-09,9.501966,10.144168,9.501966,9.626474,8.487647,3825600,BKS
2013-12-10,9.639581,9.757536,9.128440,9.174312,8.088974,4777400,BKS
2013-12-11,9.134994,9.508519,8.781127,9.384010,8.273866,4393200,BKS
2013-12-12,9.384010,9.475754,9.259502,9.364351,8.256535,1146100,BKS
2013-12-13,9.364351,9.442988,9.141546,9.226737,8.135200,1657900,BKS
2013-12-16,9.311927,9.429882,9.003932,9.252949,8.158309,2457100,BKS
2013-12-17,9.226737,9.279161,8.964613,9.233290,8.140976,1742200,BKS
2013-12-18,9.213631,9.272608,8.918742,9.200524,8.112087,2936900,BKS
2013-12-19,9.128440,9.547837,8.964613,9.462647,8.343202,2840000,BKS
2013-12-20,9.469200,9.659240,9.397117,9.567496,8.435646,2328300,BKS
2013-12-23,9.678899,9.750983,9.325033,9.750983,8.597426,2206700,BKS
2013-12-24,9.665792,9.855832,9.528178,9.547837,8.418312,801100,BKS
2013-12-26,9.574050,9.803408,9.574050,9.737877,8.585871,1146100,BKS
2013-12-27,9.744430,9.770642,9.305373,9.724771,8.574313,1881700,BKS
2013-12-30,9.685452,9.816514,9.547837,9.678899,8.533870,956100,BKS
2013-12-31,9.665792,9.862386,9.633027,9.796855,8.637871,947100,BKS
2014-01-02,9.803408,9.849279,9.515072,9.606815,8.470314,1133600,BKS
2014-01-03,9.639581,9.796855,9.521626,9.619922,8.481869,1197200,BKS
2014-01-06,9.619922,9.672346,9.410223,9.639581,8.499202,1211900,BKS
2014-01-07,9.652687,9.764090,9.593709,9.665792,8.522313,1303200,BKS
2014-01-08,9.633027,9.842726,9.541285,9.587156,8.452979,2214500,BKS
2014-01-09,9.613368,10.307995,9.587156,10.268676,9.053874,4375900,BKS
2014-01-10,10.275229,10.635649,10.144168,10.622542,9.365879,2623600,BKS
2014-01-13,10.629096,10.747051,9.901704,9.921363,8.747649,3225500,BKS
2014-01-14,9.908257,10.196592,9.855832,10.183486,8.978764,1318400,BKS
2014-01-15,10.170380,10.353867,10.124509,10.196592,8.990318,1016600,BKS
2014-01-16,10.137614,10.281782,10.065531,10.098296,8.903650,1427500,BKS
2014-01-17,10.078637,10.078637,9.829620,9.947576,8.770761,1333800,BKS
2014-01-21,9.960682,10.190040,9.934469,10.091743,8.897873,912500,BKS
2014-01-22,10.137614,10.386632,10.058978,10.242464,9.030765,1214300,BKS
2014-01-23,10.235910,10.255570,9.986894,10.078637,8.886317,943000,BKS
2014-01-24,10.032765,10.058978,9.757536,9.770642,8.614760,1269000,BKS
2014-01-27,9.796855,9.855832,9.521626,9.678899,8.533870,1034100,BKS
2014-01-28,9.672346,9.823067,9.482306,9.547837,8.418312,1092900,BKS
2014-01-29,9.469200,9.521626,8.859764,8.892529,7.840530,3426400,BKS
2014-01-30,8.918742,9.069463,8.820446,8.859764,7.811638,1723000,BKS
2014-01-31,8.748362,8.977719,8.689384,8.833551,7.788527,1573600,BKS
2014-02-03,8.754915,8.879423,8.532110,8.682831,7.655638,1908100,BKS
2014-02-04,8.702490,9.233290,8.702490,9.128440,8.048532,1902900,BKS
2014-02-05,9.089122,9.226737,8.938401,8.977719,7.915639,1457900,BKS
2014-02-06,8.984273,9.646133,8.944954,9.567496,8.435646,1601000,BKS
2014-02-07,9.600262,9.692005,9.344692,9.672346,8.528092,1406800,BKS
2014-02-10,9.633027,10.596331,9.574050,10.524246,9.279211,6189100,BKS
2014-02-11,10.504587,10.635649,10.327654,10.386632,9.157877,2126100,BKS
2014-02-12,10.419397,10.458715,10.268676,10.314548,9.094319,1505200,BKS
2014-02-13,10.268676,10.589777,10.078637,10.537353,9.290766,1677800,BKS
2014-02-14,10.563565,10.969856,10.517694,10.773263,9.498767,2308600,BKS
2014-02-18,10.845347,11.022281,10.819135,10.943644,9.648992,2587300,BKS
2014-02-19,10.943644,11.074705,10.760158,10.760158,9.487213,1770100,BKS
2014-02-20,10.786369,11.087811,10.766710,10.996068,9.695214,1582300,BKS
2014-02-21,10.976409,12.575360,10.832241,11.592399,10.220998,18406400,BKS
2014-02-24,11.546527,11.880733,11.290956,11.500655,10.140109,6032400,BKS
2014-02-25,11.467890,11.828309,11.356487,11.612058,10.238332,3628600,BKS
2014-02-26,11.887287,12.732635,11.631717,12.103539,10.671670,6564600,BKS
2014-02-27,12.103539,12.653997,12.057667,12.595019,11.105008,3563800,BKS
2014-02-28,12.653997,12.719528,12.463958,12.555701,11.070340,2343000,BKS
2014-03-03,12.883355,13.263433,12.660550,12.903014,11.376565,4121200,BKS
2014-03-04,13.060288,13.728703,13.047182,13.499345,11.902351,3142600,BKS
2014-03-05,13.558322,13.597641,13.158585,13.414155,11.827237,2334700,BKS
2014-03-06,13.440367,13.813892,13.152032,13.689384,12.069907,2816000,BKS
2014-03-07,13.728703,13.912189,13.538663,13.892529,12.249021,1760500,BKS
2014-03-10,13.892529,14.252949,13.768021,14.069463,12.405022,3573500,BKS
2014-03-11,14.003932,14.285714,13.846658,13.984273,12.329908,2395800,BKS
2014-03-12,13.872870,14.259502,13.794233,14.174312,12.497467,1458200,BKS
2014-03-13,14.325033,14.482306,13.938401,14.023591,12.364576,2199200,BKS
2014-03-14,14.003932,14.318480,14.003932,14.121887,12.451244,1867600,BKS
2014-03-17,14.220183,14.685452,14.200524,14.515072,12.797915,2707400,BKS
2014-03-18,14.547837,14.547837,14.325033,14.436435,12.728580,1417600,BKS
2014-03-19,14.351245,14.482306,13.807340,13.840105,12.202799,1851900,BKS
2014-03-20,13.761468,13.905636,13.564876,13.794233,12.162353,1806100,BKS
2014-03-21,13.859764,14.003932,13.630406,13.722150,12.098797,3080300,BKS
2014-03-24,13.800786,13.971167,13.689384,13.938401,12.289466,1699000,BKS
2014-03-25,13.990826,14.089122,13.584535,13.643513,12.029462,1348800,BKS
2014-03-26,13.715596,13.899082,13.283093,13.361730,11.781014,1431000,BKS
2014-03-27,13.361730,13.512451,12.994758,13.053735,11.509457,1284800,BKS
2014-03-28,13.053735,13.479686,13.053735,13.191350,11.630792,1140800,BKS
2014-03-31,13.263433,13.885977,13.250328,13.695937,12.075686,1787800,BKS
2014-04-01,13.722150,13.859764,13.597641,13.741809,12.116131,1673500,BKS
2014-04-02,13.709044,14.495413,13.630406,14.488860,12.774806,2106300,BKS
2014-04-03,13.086501,13.263433,12.169069,12.529489,11.047228,15641600,BKS
2014-04-04,12.424640,12.516383,11.841415,11.847968,10.446333,4065700,BKS
2014-04-07,11.788991,11.795544,11.179554,11.775885,10.382777,5186200,BKS
2014-04-08,11.756226,12.038008,11.546527,11.920053,10.509891,2402300,BKS
2014-04-09,11.913499,12.706422,11.821756,12.608126,11.116563,5557500,BKS
2014-04-10,12.621232,12.640891,12.142858,12.188728,10.746780,3015300,BKS
2014-04-11,12.018349,12.267365,11.749672,11.861074,10.457891,1628600,BKS
2014-04-14,11.965924,12.123198,11.716907,11.880733,10.475224,1972600,BKS
2014-04-15,11.900393,12.136304,11.612058,11.913499,10.504112,1661000,BKS
2014-04-16,12.038008,12.300131,11.998690,12.188728,10.746780,1592000,BKS
2014-04-17,11.513762,11.625164,10.504587,10.727392,9.458324,14307400,BKS
2014-04-21,10.747051,10.943644,10.543905,10.760158,9.487213,3278900,BKS
2014-04-22,10.799476,11.074705,10.773263,10.891219,9.602770,1803100,BKS
2014-04-23,10.845347,10.937091,10.792923,10.858454,9.573881,1149900,BKS
2014-04-24,10.878113,10.989515,10.688073,10.865006,9.579658,1201400,BKS
2014-04-25,10.773263,10.996068,10.720839,10.806028,9.527658,1474700,BKS
2014-04-28,10.851900,10.996068,10.557012,10.819135,9.539214,1404500,BKS
2014-04-29,10.812582,10.904325,10.629096,10.806028,9.527658,810300,BKS
2014-04-30,10.753604,10.845347,10.557012,10.747051,9.475657,1047400,BKS
2014-05-01,10.720839,10.845347,10.524246,10.760158,9.487213,1046500,BKS
2014-05-02,10.766710,11.087811,10.727392,10.930537,9.637438,1198500,BKS
2014-05-05,10.871560,10.897772,10.347313,10.537353,9.290766,1861800,BKS
2014-05-06,10.530800,10.609436,10.170380,10.327654,9.105876,1593700,BKS
2014-05-07,10.301442,10.406291,10.124509,10.268676,9.053874,1647100,BKS
2014-05-08,10.294888,10.747051,10.157274,10.511140,9.267654,1228700,BKS
2014-05-09,10.517694,10.891219,10.504587,10.878113,9.591214,1620900,BKS
2014-05-12,10.891219,11.055046,10.740498,10.819135,9.539214,1264700,BKS
2014-05-13,10.740498,10.917431,10.688073,10.825688,9.544992,1073300,BKS
2014-05-14,10.779817,10.871560,10.550459,10.635649,9.377434,1386000,BKS
2014-05-15,10.550459,10.701180,10.334208,10.648755,9.388989,1273700,BKS
2014-05-16,10.668414,10.884665,10.570118,10.845347,9.562325,1510100,BKS
2014-05-19,10.845347,10.956750,10.720839,10.910878,9.620103,920700,BKS
2014-05-20,10.812582,10.812582,10.419397,10.517694,9.273433,1444000,BKS
2014-05-21,10.557012,10.557012,10.268676,10.412844,9.180988,807800,BKS
2014-05-22,10.399738,10.648755,10.340760,10.393185,9.163653,872500,BKS
2014-05-23,10.412844,11.127130,10.327654,11.035387,9.729881,1721700,BKS
2014-05-27,11.369594,12.090432,11.264745,12.064220,10.637004,6090500,BKS
2014-05-28,11.972477,12.044561,11.756226,11.946265,10.533003,1968800,BKS
2014-05-29,12.005242,12.038008,11.788991,11.926605,10.515669,954200,BKS
2014-05-30,11.887287,11.959371,11.730013,11.887287,10.481001,1608500,BKS
2014-06-02,11.887287,11.992136,11.671036,11.946265,10.533003,1185800,BKS
2014-06-03,11.913499,12.319790,11.782437,12.201835,10.758337,1932500,BKS
2014-06-04,12.201835,12.398427,12.070773,12.385321,10.920117,1279300,BKS
2014-06-05,12.824377,12.896461,12.647445,12.824377,11.307233,2999600,BKS
2014-06-06,12.870249,12.994758,12.752294,12.909568,11.382345,1423300,BKS
2014-06-09,12.909568,13.256881,12.909568,13.165137,11.607681,1376900,BKS
2014-06-10,13.125819,13.473132,13.027523,13.440367,11.850349,1893600,BKS
2014-06-11,13.368283,13.381390,12.981651,13.145478,11.590346,1476800,BKS
2014-06-12,13.119267,13.368283,12.981651,13.322412,11.746349,1314100,BKS
2014-06-13,13.446920,13.630406,13.276540,13.604194,11.994796,1199700,BKS
2014-06-16,13.636959,13.735255,13.512451,13.676278,12.058352,822900,BKS
2014-06-17,13.695937,13.846658,13.610747,13.826999,12.191241,1079700,BKS
2014-06-18,13.872870,13.958060,13.604194,13.715596,12.093019,1254000,BKS
2014-06-19,13.761468,13.774574,13.479686,13.591087,11.983239,944100,BKS
2014-06-20,13.636959,13.695937,13.446920,13.564876,11.960128,1443700,BKS
2014-06-23,13.564876,13.682831,13.407601,13.538663,11.937017,1348600,BKS
2014-06-24,13.479686,13.853211,13.335518,13.473132,11.879238,1612600,BKS
2014-06-25,14.416776,14.908257,13.741809,14.187418,12.509022,9225400,BKS
2014-06-26,14.292268,15.439056,14.246396,15.255570,13.450811,5348400,BKS
2014-06-27,15.190040,15.399738,14.816514,15.347313,13.531700,2490700,BKS
2014-06-30,15.307995,15.340760,14.711664,14.934469,13.167696,3250600,BKS
2014-07-01,14.993447,15.137614,14.554391,14.639581,12.907693,2159500,BKS
2014-07-02,14.646133,14.908257,14.377458,14.888597,13.127253,1843200,BKS
2014-07-03,14.993447,15.249017,14.770642,14.941022,13.173473,978300,BKS
2014-07-07,14.921363,15.170380,14.836173,14.947576,13.179253,989600,BKS
2014-07-08,14.901704,14.960682,14.554391,14.560944,12.838360,1450400,BKS
2014-07-09,14.626474,14.875491,14.567496,14.816514,13.063696,815100,BKS
2014-07-10,14.521626,14.908257,14.252949,14.829620,13.075252,1290300,BKS
2014-07-11,14.783749,14.809960,14.593709,14.724771,12.982807,693800,BKS
2014-07-14,14.816514,14.888597,14.685452,14.764090,13.017472,562000,BKS
2014-07-15,14.750983,14.888597,14.266055,14.495413,12.780581,1127500,BKS
2014-07-16,14.515072,14.692005,14.311927,14.469200,12.757470,764300,BKS
2014-07-17,14.423329,14.580603,14.207077,14.259502,12.572578,775900,BKS
2014-07-18,14.252949,14.652687,14.246396,14.515072,12.797915,1387200,BKS
2014-07-21,14.482306,14.613368,14.272608,14.488860,12.774806,1057900,BKS
2014-07-22,14.547837,14.574050,14.318480,14.442988,12.734359,867900,BKS
2014-07-23,14.436435,14.534731,14.292268,14.338139,12.641913,651900,BKS
2014-07-24,14.475754,14.639581,14.384010,14.580603,12.855693,1035200,BKS
2014-07-25,14.442988,14.790301,14.397117,14.482306,12.769025,1064500,BKS
2014-07-28,14.515072,14.600262,14.252949,14.390564,12.688136,927600,BKS
2014-07-29,14.436435,14.737877,14.370904,14.462647,12.751692,971600,BKS
2014-07-30,14.633027,14.633027,14.423329,14.560944,12.838360,540000,BKS
2014-07-31,14.397117,14.442988,13.551769,13.643513,12.029462,2360500,BKS
2014-08-01,13.643513,13.879423,13.466579,13.597641,11.989017,916900,BKS
2014-08-04,13.630406,13.826999,13.440367,13.800786,12.168130,757200,BKS
2014-08-05,13.761468,13.885977,13.519004,13.571428,11.965906,931600,BKS
2014-08-06,13.505898,14.089122,13.505898,13.885977,12.243240,873000,BKS
2014-08-07,14.089122,14.495413,14.056356,14.252949,12.566802,1313500,BKS
2014-08-08,14.272608,14.652687,14.010485,14.593709,12.867249,826400,BKS
2014-08-11,14.646133,14.901704,14.501966,14.829620,13.075252,817900,BKS
2014-08-12,14.744430,14.888597,14.534731,14.633027,12.901916,630500,BKS
2014-08-13,14.593709,14.934469,14.351245,14.816514,13.063696,555100,BKS
2014-08-14,14.855832,14.954128,14.678899,14.895151,13.133031,412400,BKS
2014-08-15,15.026213,15.032765,14.613368,14.777195,13.029029,625000,BKS
2014-08-18,14.960682,15.104849,14.901704,15.091743,13.306366,665900,BKS
2014-08-19,15.170380,15.360419,14.980341,15.124509,13.335254,895600,BKS
2014-08-20,15.111403,15.170380,14.600262,14.888597,13.127253,911400,BKS
2014-08-21,14.868938,14.914810,14.580603,14.849279,13.092585,1010900,BKS
2014-08-22,14.882045,14.960682,14.619922,14.895151,13.133031,544600,BKS
2014-08-25,14.980341,14.993447,14.528178,14.567496,12.844136,664800,BKS
2014-08-26,14.574050,15.111403,14.554391,15.013106,13.237031,658300,BKS
2014-08-27,15.085190,15.563565,14.836173,15.543905,13.705034,1657600,BKS
2014-08-28,15.491481,15.583224,15.249017,15.511140,13.676146,1846900,BKS
2014-08-29,15.543905,15.661861,15.117955,15.635649,13.785925,822500,BKS
2014-09-02,15.642201,15.661861,15.091743,15.176933,13.381476,1289900,BKS
2014-09-03,15.288336,15.720839,15.288336,15.688073,13.832148,994100,BKS
2014-09-04,15.720839,15.727392,15.504587,15.570118,13.728147,865300,BKS
2014-09-05,15.498034,15.688073,15.366973,15.537353,13.699260,518500,BKS
2014-09-08,15.517694,15.668414,15.216251,15.334208,13.520146,1970300,BKS
2014-09-09,15.819135,16.133682,15.340760,15.786369,13.918815,2794100,BKS
2014-09-10,15.799476,15.858454,15.222805,15.439056,13.612591,1516000,BKS
2014-09-11,15.366973,15.740498,15.307995,15.622542,13.774369,935100,BKS
2014-09-12,15.661861,15.688073,15.235910,15.360419,13.543256,895400,BKS
2014-09-15,15.386632,15.399738,14.934469,14.954128,13.185029,1113500,BKS
2014-09-16,14.921363,14.921363,14.574050,14.692005,12.953918,1510100,BKS
2014-09-17,14.665792,14.849279,14.560944,14.731324,12.988585,1022800,BKS
2014-09-18,14.783749,14.809960,14.495413,14.574050,12.849916,1062700,BKS
2014-09-19,14.639581,14.731324,13.826999,13.938401,12.289466,3333300,BKS
2014-09-22,13.892529,14.233290,13.722150,14.036697,12.376133,1341900,BKS
2014-09-23,13.931848,14.272608,13.800786,14.023591,12.364576,1285000,BKS
2014-09-24,14.062909,14.220183,13.197903,13.420708,11.833016,2400500,BKS
2014-09-25,13.381390,13.630406,13.099607,13.125819,11.573012,1104000,BKS
2014-09-26,13.138926,13.453473,13.138926,13.401049,11.815682,1086000,BKS
2014-09-29,13.269987,13.479686,13.053735,13.184797,11.625014,880000,BKS
2014-09-30,13.197903,13.394495,12.935780,12.935780,11.405455,828100,BKS
2014-10-01,12.929227,12.968545,12.562254,12.627785,11.133896,945300,BKS
2014-10-02,12.608126,12.975099,12.457405,12.935780,11.405455,1323300,BKS
2014-10-03,13.230668,13.368283,12.935780,13.322412,11.746349,952900,BKS
2014-10-06,13.348624,13.433814,12.929227,13.040629,11.497901,890700,BKS
2014-10-07,12.942333,13.211009,12.844037,12.857142,11.336123,834400,BKS
2014-10-08,12.824377,13.184797,12.706422,13.178244,11.619235,868700,BKS
2014-10-09,13.211009,13.335518,12.306684,12.339450,10.879673,1304200,BKS
2014-10-10,12.267365,12.614679,12.129751,12.228047,10.781449,1252500,BKS
2014-10-13,12.208388,12.680210,12.064220,12.332896,10.873895,939200,BKS
2014-10-14,12.418086,12.712976,12.169069,12.254259,10.804560,994400,BKS
2014-10-15,12.070773,12.385321,11.730013,12.267365,10.816116,1106600,BKS
2014-10-16,12.005242,12.444299,12.005242,12.201835,10.758337,1017600,BKS
2014-10-17,12.300131,12.470511,11.985583,12.024901,10.602335,1023700,BKS
2014-10-20,12.018349,12.542595,11.998690,12.503277,11.024118,645400,BKS
2014-10-21,12.778506,13.027523,12.653997,12.771953,11.261009,876000,BKS
2014-10-22,12.778506,13.256881,12.621232,12.739187,11.232121,944700,BKS
2014-10-23,12.870249,13.387942,12.837483,13.342071,11.763681,942600,BKS
2014-10-24,13.315859,13.663172,13.053735,13.519004,11.919683,893700,BKS
2014-10-27,13.492791,13.715596,13.106160,13.643513,12.029462,943800,BKS
2014-10-28,13.682831,13.918742,13.525557,13.650065,12.035237,1467000,BKS
2014-10-29,13.656619,13.826999,13.519004,13.748362,12.121905,672900,BKS
2014-10-30,13.676278,13.990826,13.669724,13.885977,12.243240,652500,BKS
2014-10-31,14.134994,14.325033,13.977719,14.298820,12.607246,1161800,BKS
2014-11-03,14.298820,14.370904,14.095675,14.220183,12.537912,589700,BKS
2014-11-04,14.207077,14.285714,13.709044,14.180865,12.503247,910800,BKS
2014-11-05,14.311927,14.416776,14.062909,14.279161,12.589914,653800,BKS
2014-11-06,14.292268,14.875491,14.259502,14.652687,12.919251,832200,BKS
2014-11-07,14.659240,14.737877,14.442988,14.698558,12.959694,467100,BKS
2014-11-10,14.724771,14.868938,14.521626,14.744430,13.000138,559100,BKS
2014-11-11,14.711664,14.790301,14.508519,14.777195,13.029029,457400,BKS
2014-11-12,14.757536,15.104849,14.698558,14.980341,13.208142,557100,BKS
2014-11-13,14.986894,15.039318,14.672346,14.855832,13.098363,466800,BKS
2014-11-14,14.849279,15.000000,14.783749,14.882045,13.121473,480800,BKS
2014-11-17,14.829620,14.927917,14.672346,14.692005,12.953918,694700,BKS
2014-11-18,14.678899,14.960682,14.587156,14.829620,13.075252,985400,BKS
2014-11-19,14.868938,15.098296,14.665792,14.993447,13.219697,965600,BKS
2014-11-20,14.888597,15.648755,14.888597,15.288336,13.479699,1921900,BKS
2014-11-21,15.563565,15.609436,15.314548,15.393185,13.572145,783700,BKS
2014-11-24,15.478374,15.884665,15.471822,15.694627,13.837926,848400,BKS
2014-11-25,15.760158,15.858454,15.150721,15.170380,13.375698,712300,BKS
2014-11-26,15.144168,15.268676,15.144168,15.190040,13.393032,518500,BKS
2014-11-28,15.242464,15.674967,15.222805,15.307995,13.497032,1312900,BKS
2014-12-01,15.458715,15.458715,14.508519,14.541285,12.821028,931600,BKS
2014-12-02,14.515072,14.737877,14.311927,14.384010,12.682359,707300,BKS
2014-12-03,14.377458,14.803408,14.325033,14.574050,12.849916,1232700,BKS
2014-12-04,13.263433,14.115335,12.483617,13.781127,12.150796,6097700,BKS
2014-12-05,13.826999,15.124509,13.807340,14.829620,13.075252,2873900,BKS
2014-12-08,14.816514,14.941022,14.410223,14.587156,12.861472,941200,BKS
2014-12-09,14.370904,14.731324,13.925295,14.718218,12.977028,2089000,BKS
2014-12-10,14.711664,15.131062,14.501966,14.659240,12.925028,1408900,BKS
2014-12-11,14.816514,15.347313,14.770642,14.796855,13.046363,1454700,BKS
2014-12-12,14.613368,15.170380,14.593709,14.829620,13.075252,1386200,BKS
2014-12-15,14.980341,15.170380,14.731324,15.045872,13.265920,968800,BKS
2014-12-16,15.052424,15.124509,14.587156,14.593709,12.867249,1175300,BKS
2014-12-17,14.600262,15.314548,14.580603,15.262123,13.456588,1196600,BKS
2014-12-18,15.314548,15.465269,15.124509,15.399738,13.577924,772600,BKS
2014-12-19,15.380078,15.380078,14.882045,14.993447,13.219697,1394900,BKS
2014-12-22,14.980341,15.235910,14.960682,15.150721,13.358366,1098700,BKS
2014-12-23,15.065531,15.661861,15.000000,15.124509,13.335254,810900,BKS
2014-12-24,15.203145,15.661861,15.203145,15.373526,13.554812,604700,BKS
2014-12-26,15.458715,15.622542,15.163827,15.393185,13.572145,482300,BKS
2014-12-29,15.399738,15.484928,15.275229,15.399738,13.577924,910800,BKS
2014-12-30,15.373526,15.589777,15.307995,15.314548,13.502810,575700,BKS
2014-12-31,15.393185,15.661861,15.209699,15.216251,13.416144,694900,BKS
2015-01-02,15.334208,15.432504,15.032765,15.399738,13.577924,341300,BKS
2015-01-05,15.307995,15.858454,15.275229,15.504587,13.670370,789900,BKS
2015-01-06,15.530800,15.615990,14.842726,15.091743,13.306366,1420500,BKS
2015-01-07,15.275229,15.563565,15.163827,15.445609,13.618367,766300,BKS
2015-01-08,15.851900,16.251638,15.596331,16.205767,14.288597,891500,BKS
2015-01-09,16.271297,16.349934,15.976409,16.251638,14.329043,689400,BKS
2015-01-12,16.258192,16.323723,15.982962,16.120577,14.213485,576700,BKS
2015-01-13,16.251638,16.349934,15.406291,15.727392,13.866816,896300,BKS
2015-01-14,15.498034,15.897772,15.445609,15.648755,13.797482,609800,BKS
2015-01-15,15.681520,15.819135,14.973787,15.091743,13.306366,843300,BKS
2015-01-16,15.032765,15.203145,14.901704,15.085190,13.300588,783300,BKS
2015-01-20,15.104849,15.242464,14.574050,14.731324,12.988585,798600,BKS
2015-01-21,14.783749,14.960682,14.678899,14.803408,13.052139,421300,BKS
2015-01-22,14.888597,15.262123,14.796855,15.144168,13.352586,712400,BKS
2015-01-23,15.203145,15.851900,15.150721,15.773263,13.907260,1030500,BKS
2015-01-26,15.733945,16.015728,15.543905,15.989515,14.097929,450700,BKS
2015-01-27,15.792923,16.087811,15.786369,15.963303,14.074818,250900,BKS
2015-01-28,16.015728,16.107470,15.353867,15.380078,13.560589,356600,BKS
2015-01-29,15.393185,15.740498,15.242464,15.733945,13.872593,307800,BKS
2015-01-30,15.668414,15.668414,15.275229,15.393185,13.572145,544000,BKS
2015-02-02,15.353867,15.609436,15.006553,15.602883,13.757035,575100,BKS
2015-02-03,15.727392,16.002621,15.596331,15.930537,14.045927,566500,BKS
2015-02-04,15.917431,16.140236,15.910878,16.002621,14.109485,555900,BKS
2015-02-05,16.055046,16.290956,15.956750,16.048492,14.149930,347300,BKS
2015-02-06,16.087811,16.133682,15.733945,15.851900,13.976594,312900,BKS
2015-02-09,15.747051,15.884665,15.484928,15.557012,13.716592,246500,BKS
2015-02-10,15.661861,16.022280,15.432504,15.910878,14.028596,360100,BKS
2015-02-11,15.871560,16.114023,15.766710,15.891219,14.011260,461700,BKS
2015-02-12,15.956750,16.192661,15.766710,16.015728,14.121040,439600,BKS
2015-02-13,16.068151,16.297510,15.878113,16.061600,14.161485,180500,BKS
2015-02-17,16.028833,16.186108,15.891219,15.976409,14.086373,268200,BKS
2015-02-18,15.996068,16.212320,15.950196,16.186108,14.271263,251400,BKS
2015-02-19,16.212320,16.225426,15.865006,15.910878,14.028596,1068600,BKS
2015-02-20,15.878113,16.166449,15.766710,16.153341,14.242374,283600,BKS
2015-02-23,16.186108,16.251638,15.956750,16.192661,14.277043,334000,BKS
2015-02-24,16.218872,16.218872,15.819135,16.015728,14.121040,318300,BKS
2015-02-25,15.989515,16.055046,15.694627,15.891219,14.011260,653100,BKS
2015-02-26,16.159895,17.182175,15.891219,16.985582,14.976161,2726200,BKS
2015-02-27,16.959372,16.965923,16.231979,16.317169,14.386822,2193600,BKS
2015-03-02,16.310616,16.893841,16.290956,16.677589,14.704601,1076000,BKS
2015-03-03,16.677589,16.730013,16.356487,16.467890,14.519712,747500,BKS
2015-03-04,16.467890,16.684141,16.395805,16.422018,14.479266,1716400,BKS
2015-03-05,16.474443,16.572739,16.317169,16.330275,14.398376,416900,BKS
2015-03-06,16.251638,16.467890,16.055046,16.107470,14.201929,509000,BKS
2015-03-09,16.114023,16.382700,16.068151,16.290956,14.363710,572800,BKS
2015-03-10,15.792923,16.238533,14.613368,14.652687,12.919251,3882100,BKS
2015-03-11,14.659240,15.596331,14.646133,15.543905,13.705034,2614300,BKS
2015-03-12,15.596331,15.642201,15.373526,15.504587,13.670370,1097600,BKS
2015-03-13,15.563565,15.648755,15.268676,15.445609,13.618367,875400,BKS
2015-03-16,15.524246,15.622542,15.249017,15.294888,13.485479,465100,BKS
2015-03-17,15.294888,15.498034,15.268676,15.360419,13.543256,338500,BKS
2015-03-18,15.294888,15.366973,14.934469,15.222805,13.421923,829800,BKS
2015-03-19,15.255570,15.373526,15.157274,15.183486,13.387255,426300,BKS
2015-03-20,15.242464,15.386632,15.052424,15.137614,13.346809,1385300,BKS
2015-03-23,15.072083,15.249017,15.000000,15.058978,13.277476,1056300,BKS
2015-03-24,15.072083,15.321101,15.072083,15.117955,13.329476,536200,BKS
2015-03-25,15.176933,15.183486,14.868938,14.882045,13.121473,640800,BKS
2015-03-26,14.836173,15.052424,14.750983,14.901704,13.138806,482400,BKS
2015-03-27,14.888597,15.288336,14.888597,15.242464,13.439256,646200,BKS
2015-03-30,15.275229,15.596331,15.249017,15.537353,13.699260,505400,BKS
2015-03-31,15.452163,15.792923,15.452163,15.563565,13.722369,445000,BKS
2015-04-01,15.688073,15.688073,15.183486,15.203145,13.404588,538100,BKS
2015-04-02,15.249017,15.504587,15.209699,15.307995,13.497032,400800,BKS
2015-04-06,15.163827,15.399738,15.104849,15.190040,13.393032,556800,BKS
2015-04-07,15.242464,15.327654,14.855832,14.862386,13.104141,546300,BKS
2015-04-08,14.875491,15.124509,14.783749,14.816514,13.063696,469200,BKS
2015-04-09,14.816514,14.947576,14.587156,14.646133,12.913470,546900,BKS
2015-04-10,14.646133,14.744430,14.580603,14.600262,12.873026,471800,BKS
2015-04-13,14.855832,15.622542,14.803408,15.543905,13.705034,1719000,BKS
2015-04-14,15.543905,15.681520,15.072083,15.281782,13.473921,820800,BKS
2015-04-15,15.419397,15.537353,15.307995,15.393185,13.572145,568700,BKS
2015-04-16,15.386632,15.563565,15.314548,15.406291,13.583701,467800,BKS
2015-04-17,15.196592,15.360419,15.091743,15.170380,13.375698,988900,BKS
2015-04-20,15.301442,15.484928,15.183486,15.294888,13.485479,492900,BKS
2015-04-21,15.380078,15.465269,15.150721,15.353867,13.537479,652200,BKS
2015-04-22,15.386632,15.465269,14.823067,14.875491,13.115695,1285300,BKS
2015-04-23,14.914810,15.170380,14.862386,15.045872,13.265920,425700,BKS
2015-04-24,15.124509,15.268676,15.013106,15.176933,13.381476,368600,BKS
2015-04-27,15.190040,15.484928,15.091743,15.124509,13.335254,350200,BKS
2015-04-28,15.111403,15.268676,14.823067,15.216251,13.416144,465600,BKS
2015-04-29,15.157274,15.170380,14.692005,14.744430,13.000138,556500,BKS
2015-04-30,14.665792,14.921363,14.246396,14.351245,12.653469,697200,BKS
2015-05-01,14.377458,14.973787,14.370904,14.875491,13.115695,471600,BKS
2015-05-04,14.868938,15.104849,14.796855,14.836173,13.081029,483200,BKS
2015-05-05,14.750983,14.960682,14.574050,14.619922,12.890361,656800,BKS
2015-05-06,14.633027,14.724771,14.370904,14.547837,12.826804,751000,BKS
2015-05-07,14.606815,15.104849,14.515072,14.934469,13.167696,421600,BKS
2015-05-08,15.006553,15.137614,14.770642,14.816514,13.063696,356000,BKS
2015-05-11,14.849279,14.941022,14.796855,14.836173,13.081029,224000,BKS
2015-05-12,14.777195,14.816514,14.528178,14.626474,12.896138,335100,BKS
2015-05-13,14.652687,14.659240,14.410223,14.462647,12.751692,299200,BKS
2015-05-14,14.495413,14.692005,14.318480,14.495413,12.780581,879100,BKS
2015-05-15,14.475754,14.639581,14.390564,14.469200,12.757470,304700,BKS
2015-05-18,14.423329,14.541285,14.364351,14.488860,12.774806,346600,BKS
2015-05-19,14.482306,14.829620,14.442988,14.560944,12.838360,299600,BKS
2015-05-20,14.600262,14.659240,14.338139,14.613368,12.884583,372500,BKS
2015-05-21,14.580603,15.065531,14.528178,15.000000,13.225475,651200,BKS
2015-05-22,15.000000,15.353867,14.993447,15.124509,13.335254,466100,BKS
2015-05-26,15.111403,15.314548,15.085190,15.176933,13.381476,431100,BKS
2015-05-27,15.176933,15.491481,15.176933,15.334208,13.520146,625300,BKS
2015-05-28,15.327654,15.491481,15.229358,15.478374,13.647258,311400,BKS
2015-05-29,15.491481,15.570118,15.386632,15.412844,13.589479,409900,BKS
2015-06-01,15.445609,15.668414,15.327654,15.478374,13.647258,1004800,BKS
2015-06-02,15.406291,15.773263,15.373526,15.720839,13.861037,726000,BKS
2015-06-03,15.733945,15.943644,15.694627,15.851900,13.976594,935500,BKS
2015-06-04,15.806028,16.231979,15.701180,16.166449,14.253930,1361700,BKS
2015-06-05,16.120577,16.251638,16.002621,16.173002,14.259709,640300,BKS
2015-06-08,16.494102,16.657928,16.376146,16.494102,14.542824,1435100,BKS
2015-06-09,16.474443,16.664482,16.382700,16.638269,14.669935,943700,BKS
2015-06-10,16.664482,16.972477,16.657928,16.926605,14.924161,1102500,BKS
2015-06-11,16.972477,17.103539,16.802097,16.952818,14.947269,822100,BKS
2015-06-12,16.887287,17.083879,16.808651,16.946264,14.941492,592600,BKS
2015-06-15,17.018349,17.169069,16.828310,17.077326,15.057048,1180000,BKS
2015-06-16,17.077326,17.090433,16.775885,17.018349,15.005051,927900,BKS
2015-06-17,17.005243,17.365662,16.979031,17.254259,15.213054,663600,BKS
2015-06-18,17.273918,17.424639,17.201836,17.300131,15.253496,771900,BKS
2015-06-19,17.346003,17.686762,17.241154,17.588467,15.507721,1560300,BKS
2015-06-22,17.693316,17.726082,17.450851,17.660551,15.571278,705600,BKS
2015-06-23,17.693316,17.758846,17.483618,17.536041,15.461499,863700,BKS
2015-06-24,17.444300,17.575361,17.234600,17.254259,15.213054,1094400,BKS
2015-06-25,16.880733,17.346003,16.526867,16.998690,14.987717,2550800,BKS
2015-06-26,17.103539,17.372215,16.802097,17.064220,15.045495,2116100,BKS
2015-06-29,16.867628,17.431192,16.710354,16.900393,14.901047,2365100,BKS
2015-06-30,16.985582,17.096985,16.867628,17.011795,14.999273,982200,BKS
2015-07-01,17.123198,17.162516,16.756226,16.867628,14.872159,2242100,BKS
2015-07-02,16.933159,17.175623,16.736567,17.031454,15.016606,741200,BKS
2015-07-06,16.939713,17.234600,16.775885,17.090433,15.068607,703200,BKS
2015-07-07,17.077326,17.228046,16.828310,17.064220,15.045495,1109100,BKS
2015-07-08,16.952818,17.332897,16.887287,17.260813,15.218832,1503000,BKS
2015-07-09,17.260813,17.758846,17.247707,17.529490,15.455721,1369200,BKS
2015-07-10,17.686762,17.745741,17.496723,17.568808,15.490389,992900,BKS
2015-07-13,17.699869,18.407602,17.686762,18.335518,16.166395,1349300,BKS
2015-07-14,18.394495,18.840105,18.191349,18.676277,16.466843,1220300,BKS
2015-07-15,18.676277,18.768021,18.348623,18.446920,16.264618,997000,BKS
2015-07-16,18.512451,18.872869,18.453474,18.715597,16.501509,1156300,BKS
2015-07-17,18.787680,19.003931,18.754915,18.781128,16.559290,665300,BKS
2015-07-20,18.787680,18.931849,18.597641,18.610746,16.409061,720600,BKS
2015-07-21,18.669725,18.709044,18.473133,18.591087,16.391733,545400,BKS
2015-07-22,18.558323,18.892530,18.519005,18.643513,16.437954,824100,BKS
2015-07-23,18.754915,18.813892,17.483618,17.870249,15.756168,1613300,BKS
2015-07-24,17.948887,18.073395,17.549149,17.798164,15.692610,857100,BKS
2015-07-27,17.673656,17.686762,17.372215,17.522936,15.449944,906700,BKS
2015-07-28,17.490170,17.503277,17.077326,17.267366,15.224609,1195500,BKS
2015-07-29,17.280472,17.496723,17.201836,17.260813,15.218832,756600,BKS
2015-07-30,17.129751,17.267366,16.828310,17.188728,15.155272,1105700,BKS
2015-07-31,17.162516,17.398428,17.044561,17.228046,15.189939,729200,BKS
2015-08-03,17.320000,17.450001,16.820000,17.240000,15.200478,2196500,BKS
2015-08-04,17.190001,18.040001,17.090000,17.889999,15.773582,1512100,BKS
2015-08-05,17.889999,18.080000,17.600000,17.639999,15.684668,973100,BKS
2015-08-06,17.680000,17.809999,17.309999,17.459999,15.524621,845100,BKS
2015-08-07,17.379999,17.440001,16.969999,17.150000,15.248983,805200,BKS
2015-08-10,17.270000,17.709999,17.160000,17.510000,15.569079,1094000,BKS
2015-08-11,17.459999,17.650000,17.090000,17.190001,15.284551,897000,BKS
2015-08-12,17.070000,17.230000,16.850000,17.110001,15.213416,1021400,BKS
2015-08-13,17.170000,17.670000,17.100000,17.360001,15.435707,949500,BKS
2015-08-14,17.400000,17.889999,17.379999,17.799999,15.826931,2501800,BKS
2015-08-17,17.799999,18.129999,17.799999,18.030001,16.031439,518400,BKS
2015-08-18,18.100000,18.170000,17.120001,17.240000,15.329008,783100,BKS
2015-08-19,17.250000,17.290001,16.930000,17.139999,15.240091,531700,BKS
2015-08-20,17.030001,17.030001,16.639999,16.660000,14.813298,730800,BKS
2015-08-21,16.290001,16.750000,16.080000,16.379999,14.564334,1100800,BKS
2015-08-24,15.800000,16.139999,15.310000,15.670000,13.933035,1947700,BKS
2015-08-25,16.049999,16.049999,14.860000,14.870000,13.221711,1771400,BKS
2015-08-26,15.210000,15.490000,14.670000,15.240000,13.550700,2661600,BKS
2015-08-27,15.400000,15.750000,15.160000,15.690000,13.950818,1247900,BKS
2015-08-28,15.730000,15.810000,15.480000,15.670000,13.933035,719600,BKS
2015-08-31,15.700000,15.710000,15.430000,15.610000,13.879688,1007400,BKS
2015-09-01,15.350000,15.630000,15.160000,15.250000,13.559591,908300,BKS
2015-09-02,15.370000,15.740000,15.310000,15.740000,13.995275,809900,BKS
2015-09-03,15.680000,15.970000,15.650000,15.850000,14.093084,625200,BKS
2015-09-04,15.850000,15.990000,15.710000,15.850000,14.093084,1030900,BKS
2015-09-08,16.049999,16.370001,15.850000,16.299999,14.493200,1626400,BKS
2015-09-09,15.000000,15.570000,11.450000,11.800000,10.492011,9439100,BKS
2015-09-10,11.680000,12.860000,11.670000,12.790000,11.372274,5172300,BKS
2015-09-11,12.690000,12.970000,12.300000,12.490000,11.105527,2676800,BKS
2015-09-14,12.800000,13.220000,12.780000,13.190000,11.727934,1810800,BKS
2015-09-15,13.160000,13.260000,12.850000,13.060000,11.612345,1720100,BKS
2015-09-16,13.090000,13.260000,12.880000,13.040000,11.594562,1273000,BKS
2015-09-17,12.760000,13.500000,12.760000,13.240000,11.772392,1297900,BKS
2015-09-18,13.110000,13.300000,13.010000,13.260000,11.790175,3383200,BKS
2015-09-21,13.250000,13.670000,13.210000,13.350000,11.870200,1331300,BKS
2015-09-22,13.270000,13.370000,13.110000,13.290000,11.816850,1098600,BKS
2015-09-23,13.270000,13.340000,12.980000,13.070000,11.621237,904500,BKS
2015-09-24,13.070000,13.120000,12.640000,12.970000,11.532322,1491900,BKS
2015-09-25,13.020000,13.020000,12.700000,12.790000,11.372274,1476400,BKS
2015-09-28,12.700000,12.820000,12.280000,12.290000,10.927697,1347100,BKS
2015-09-29,12.290000,12.530000,11.830000,11.940000,10.616492,1274500,BKS
2015-09-30,12.100000,12.480000,11.950000,12.110000,10.767649,894400,BKS
2015-10-01,12.060000,12.070000,11.660000,11.760000,10.456446,965800,BKS
2015-10-02,11.670000,11.960000,11.570000,11.950000,10.625384,827000,BKS
2015-10-05,11.980000,12.480000,11.960000,12.390000,11.016611,1109300,BKS
2015-10-06,12.400000,12.670000,12.300000,12.480000,11.096636,615400,BKS
2015-10-07,12.540000,12.730000,12.360000,12.500000,11.114419,1058900,BKS
2015-10-08,12.730000,12.930000,12.690000,12.870000,11.443406,1190100,BKS
2015-10-09,12.860000,12.990000,12.720000,12.950000,11.514538,731400,BKS
2015-10-12,13.200000,13.200000,12.720000,12.830000,11.407840,691800,BKS
2015-10-13,12.830000,13.050000,12.550000,12.650000,11.247791,793400,BKS
2015-10-14,12.780000,12.930000,12.530000,12.660000,11.256683,1210900,BKS
2015-10-15,12.600000,13.210000,12.600000,13.150000,11.692369,1531200,BKS
2015-10-16,13.030000,13.090000,12.800000,13.040000,11.728345,723100,BKS
2015-10-19,13.030000,13.410000,12.930000,13.180000,11.854263,962900,BKS
2015-10-20,13.310000,13.890000,13.310000,13.530000,12.169057,1480000,BKS
2015-10-21,13.530000,13.670000,13.220000,13.250000,11.917223,977000,BKS
2015-10-22,13.290000,13.420000,13.020000,13.170000,11.845267,714500,BKS
2015-10-23,13.290000,13.290000,12.750000,12.960000,11.656392,1448900,BKS
2015-10-26,12.980000,13.160000,12.860000,12.990000,11.683375,582300,BKS
2015-10-27,13.010000,13.070000,12.720000,12.850000,11.557456,631600,BKS
2015-10-28,12.910000,13.320000,12.820000,13.150000,11.827280,1257300,BKS
2015-10-29,13.150000,13.200000,12.890000,12.910000,11.611422,868200,BKS
2015-10-30,12.880000,13.180000,12.620000,12.990000,11.683375,1019000,BKS
2015-11-02,12.980000,13.350000,12.750000,13.310000,11.971188,799600,BKS
2015-11-03,13.330000,13.650000,13.230000,13.560000,12.196040,733100,BKS
2015-11-04,13.590000,13.680000,13.310000,13.460000,12.106099,688000,BKS
2015-11-05,13.480000,13.650000,13.260000,13.510000,12.151069,461800,BKS
2015-11-06,13.490000,13.520000,13.300000,13.460000,12.106099,421100,BKS
2015-11-09,13.400000,13.450000,13.070000,13.280000,11.944204,475400,BKS
2015-11-10,13.270000,13.590000,13.200000,13.480000,12.124087,525600,BKS
2015-11-11,13.480000,13.480000,12.950000,13.000000,11.692369,715200,BKS
2015-11-12,12.940000,13.280000,12.740000,12.780000,11.494499,661400,BKS
2015-11-13,12.620000,12.710000,12.080000,12.330000,11.089761,1553900,BKS
2015-11-16,12.290000,12.890000,12.290000,12.840000,11.548462,1001200,BKS
2015-11-17,12.890000,13.100000,12.570000,12.670000,11.395563,579900,BKS
2015-11-18,12.650000,12.910000,12.530000,12.880000,11.584440,1034400,BKS
2015-11-19,12.880000,12.890000,12.600000,12.720000,11.440534,906800,BKS
2015-11-20,12.840000,13.040000,12.660000,12.780000,11.494499,1287600,BKS
2015-11-23,12.810000,13.000000,12.700000,12.930000,11.629412,791200,BKS
2015-11-24,12.760000,13.040000,12.730000,13.010000,11.701363,952500,BKS
2015-11-25,13.050000,13.300000,13.040000,13.110000,11.791304,1134400,BKS
2015-11-27,13.120000,13.220000,13.040000,13.140000,11.818287,676500,BKS
2015-11-30,13.140000,13.210000,12.780000,12.800000,11.512486,1645500,BKS
2015-12-01,12.810000,12.890000,12.430000,12.540000,11.278639,2070300,BKS
2015-12-02,12.550000,12.860000,12.460000,12.610000,11.341599,1835700,BKS
2015-12-03,12.670000,12.750000,11.640000,12.050000,10.837927,3598000,BKS
2015-12-04,9.990000,10.200000,9.350000,10.040000,9.030106,9465100,BKS
2015-12-07,10.060000,10.090000,9.220000,9.420000,8.472469,3796100,BKS
2015-12-08,9.200000,9.690000,9.200000,9.440000,8.490458,2175900,BKS
2015-12-09,9.380000,9.560000,9.120000,9.200000,8.274599,1880700,BKS
2015-12-10,9.220000,9.640000,9.150000,9.620000,8.652352,1817700,BKS
2015-12-11,9.450000,9.690000,9.020000,9.080000,8.166669,2388400,BKS
2015-12-14,9.080000,9.260000,8.590000,8.830000,7.941815,2074900,BKS
2015-12-15,8.850000,9.130000,8.820000,8.830000,7.941815,1478500,BKS
2015-12-16,8.840000,9.240000,8.790000,9.240000,8.310575,1065700,BKS
2015-12-17,9.270000,9.330000,8.900000,9.020000,8.112706,1175200,BKS
2015-12-18,8.930000,9.000000,8.700000,8.790000,7.905840,2636300,BKS
2015-12-21,8.820000,8.880000,8.480000,8.640000,7.770929,2649200,BKS
2015-12-22,8.620000,8.990000,8.590000,8.890000,7.995781,1104600,BKS
2015-12-23,8.880000,9.220000,8.820000,9.220000,8.292588,993200,BKS
2015-12-24,9.180000,9.240000,9.130000,9.190000,8.265605,342000,BKS
2015-12-28,9.170000,9.170000,8.350000,8.670000,7.797910,2271500,BKS
2015-12-29,8.700000,8.880000,8.630000,8.790000,7.905840,964500,BKS
2015-12-30,8.770000,8.870000,8.640000,8.720000,7.842881,1122700,BKS
2015-12-31,8.680000,8.860000,8.670000,8.710000,7.833888,915600,BKS
2016-01-04,8.630000,9.230000,8.550000,9.180000,8.256613,2211700,BKS
2016-01-05,9.180000,9.240000,8.760000,9.030000,8.121698,2694900,BKS
2016-01-06,8.780000,8.960000,8.620000,8.830000,8.075969,1498600,BKS
2016-01-07,8.680000,9.120000,8.680000,8.730000,7.984508,2214600,BKS
2016-01-08,8.750000,8.930000,8.500000,8.660000,7.920485,1550100,BKS
2016-01-11,8.690000,8.860000,8.340000,8.520000,7.792442,1349600,BKS
2016-01-12,8.600000,8.700000,8.220000,8.460000,7.737565,1222300,BKS
2016-01-13,8.460000,8.580000,8.050000,8.250000,7.545498,1367600,BKS
2016-01-14,8.240000,8.750000,8.050000,8.550000,7.819879,2278000,BKS
2016-01-15,8.340000,8.370000,8.010000,8.200000,7.499767,1477200,BKS
2016-01-19,8.360000,8.360000,7.970000,8.060000,7.371723,1431400,BKS
2016-01-20,7.950000,8.210000,7.620000,8.080000,7.390014,1402900,BKS
2016-01-21,8.100000,8.700000,8.020000,8.310000,7.600375,1386000,BKS
2016-01-22,8.430000,8.670000,8.320000,8.370000,7.655250,1176100,BKS
2016-01-25,8.330000,8.520000,8.100000,8.110000,7.417453,677300,BKS
2016-01-26,8.150000,8.590000,8.130000,8.500000,7.774148,1001200,BKS
2016-01-27,8.510000,8.750000,8.370000,8.400000,7.682689,822700,BKS
2016-01-28,8.510000,8.590000,8.340000,8.410000,7.691834,608500,BKS
2016-01-29,8.490000,8.790000,8.490000,8.770000,8.021092,920700,BKS
2016-02-01,8.700000,8.790000,8.520000,8.550000,7.819879,975100,BKS
2016-02-02,8.500000,8.550000,8.040000,8.090000,7.399160,887300,BKS
2016-02-03,8.020000,8.040000,7.250000,7.330000,6.704060,4902300,BKS
2016-02-04,7.650000,8.460000,7.330000,8.350000,7.636958,2556100,BKS
2016-02-05,8.360000,8.590000,8.150000,8.260000,7.554644,2346800,BKS
2016-02-08,8.310000,8.340000,8.050000,8.300000,7.591228,1657100,BKS
2016-02-09,8.180000,8.270000,8.060000,8.090000,7.399160,869800,BKS
2016-02-10,8.130000,8.270000,7.980000,8.060000,7.371723,896800,BKS
2016-02-11,7.960000,8.370000,7.900000,8.190000,7.490621,1119500,BKS
2016-02-12,8.210000,8.430000,8.060000,8.350000,7.636958,985800,BKS
2016-02-16,8.500000,8.860000,8.370000,8.780000,8.030237,1013600,BKS
2016-02-17,8.820000,9.370000,8.820000,9.220000,8.432665,1793900,BKS
2016-02-18,9.220000,9.220000,8.750000,9.160000,8.377789,1163100,BKS
2016-02-19,9.110000,9.110000,8.540000,8.640000,7.902194,1238200,BKS
2016-02-22,8.830000,9.140000,8.670000,9.070000,8.295473,925800,BKS
2016-02-23,9.040000,9.040000,8.760000,8.930000,8.167430,671600,BKS
2016-02-24,8.830000,9.150000,8.580000,9.130000,8.350351,1025700,BKS
2016-02-25,9.170000,9.220000,8.910000,9.120000,8.341204,905200,BKS
2016-02-26,9.170000,9.410000,9.120000,9.340000,8.542418,780500,BKS
2016-02-29,9.340000,9.980000,9.270000,9.700000,8.871676,1649700,BKS
2016-03-01,9.820000,10.120000,9.810000,10.110000,9.246664,1111700,BKS
2016-03-02,10.110000,10.340000,10.000000,10.230000,9.356417,1236900,BKS
2016-03-03,10.320000,11.080000,10.310000,10.940000,10.005786,2124100,BKS
2016-03-04,11.050000,11.780000,11.050000,11.670000,10.673450,2645600,BKS
2016-03-07,11.670000,12.480000,11.670000,12.210000,11.167336,2179100,BKS
2016-03-08,12.080000,12.400000,11.880000,12.010000,10.984415,1591100,BKS
2016-03-09,12.140000,12.260000,11.910000,12.100000,11.066730,1734000,BKS
2016-03-10,12.150000,12.240000,11.850000,12.060000,11.030146,1155100,BKS
2016-03-11,12.160000,12.480000,12.060000,12.450000,11.386841,1007800,BKS
2016-03-14,12.410000,12.520000,12.200000,12.340000,11.286234,1036400,BKS
2016-03-15,12.220000,12.270000,11.990000,12.210000,11.167336,759800,BKS
2016-03-16,12.230000,12.550000,12.020000,12.340000,11.286234,1026100,BKS
2016-03-17,12.320000,12.450000,12.050000,12.400000,11.341111,1153000,BKS
2016-03-18,12.480000,12.650000,12.230000,12.300000,11.249650,1950900,BKS
2016-03-21,12.370000,12.370000,12.040000,12.170000,11.130753,696200,BKS
2016-03-22,12.090000,12.640000,12.060000,12.430000,11.368550,895300,BKS
2016-03-23,12.390000,12.460000,11.950000,11.990000,10.966123,912400,BKS
2016-03-24,12.020000,12.320000,11.840000,12.240000,11.194776,921100,BKS
2016-03-28,12.250000,12.260000,11.920000,12.080000,11.048438,702400,BKS
2016-03-29,12.030000,12.460000,11.930000,12.450000,11.386841,887800,BKS
2016-03-30,12.510000,12.670000,12.340000,12.420000,11.359404,808300,BKS
2016-03-31,12.450000,12.510000,12.200000,12.360000,11.304527,725600,BKS
2016-04-01,12.240000,12.300000,12.050000,12.200000,11.158189,578000,BKS
2016-04-04,12.230000,12.310000,12.060000,12.060000,11.030146,641800,BKS
2016-04-05,12.020000,12.210000,11.990000,12.020000,10.993561,736100,BKS
2016-04-06,11.900000,12.190000,11.680000,12.050000,11.160272,627800,BKS
2016-04-07,11.970000,12.120000,11.620000,11.680000,10.817590,893800,BKS
2016-04-08,11.800000,11.980000,11.650000,11.760000,10.891685,537000,BKS
2016-04-11,11.840000,11.980000,11.650000,11.660000,10.799067,499000,BKS
2016-04-12,11.680000,11.930000,11.460000,11.810000,10.937991,470000,BKS
2016-04-13,11.850000,12.460000,11.770000,12.410000,11.493689,745500,BKS
2016-04-14,12.410000,12.540000,12.320000,12.340000,11.428858,550600,BKS
2016-04-15,12.300000,12.460000,12.270000,12.400000,11.484426,478300,BKS
2016-04-18,12.320000,12.540000,12.260000,12.440000,11.521474,352900,BKS
2016-04-19,12.430000,12.550000,12.340000,12.540000,11.614090,499900,BKS
2016-04-20,12.610000,12.630000,12.400000,12.440000,11.521474,568600,BKS
2016-04-21,12.500000,12.640000,12.300000,12.330000,11.419595,457700,BKS
2016-04-22,12.320000,12.620000,12.320000,12.440000,11.521474,637800,BKS
2016-04-25,12.380000,12.380000,12.010000,12.130000,11.234363,483500,BKS
2016-04-26,12.150000,12.470000,12.100000,12.420000,11.502951,488700,BKS
2016-04-27,11.270000,12.480000,11.270000,12.360000,11.447380,516400,BKS
2016-04-28,12.280000,12.370000,11.940000,11.980000,11.095439,541000,BKS
2016-04-29,11.960000,12.120000,11.690000,11.750000,10.882421,656000,BKS
2016-05-02,11.830000,11.910000,11.580000,11.860000,10.984299,595600,BKS
2016-05-03,11.780000,11.850000,11.400000,11.450000,10.604572,580000,BKS
2016-05-04,11.340000,11.590000,11.320000,11.450000,10.604572,513100,BKS
2016-05-05,11.500000,11.850000,11.100000,11.170000,10.345246,494500,BKS
2016-05-06,11.160000,11.370000,11.030000,11.360000,10.521217,598500,BKS
2016-05-09,11.290000,11.650000,11.280000,11.480000,10.632357,739800,BKS
2016-05-10,11.500000,11.670000,11.350000,11.590000,10.734236,601200,BKS
2016-05-11,11.410000,11.410000,10.440000,10.560000,9.780286,1230900,BKS
2016-05-12,10.560000,10.720000,10.460000,10.640000,9.854380,651400,BKS
2016-05-13,10.580000,10.930000,10.520000,10.610000,9.826594,659200,BKS
2016-05-16,10.660000,11.260000,10.660000,10.990000,10.178537,773100,BKS
2016-05-17,11.090000,11.400000,10.990000,11.100000,10.280416,762600,BKS
2016-05-18,11.010000,11.140000,10.790000,10.830000,10.030351,1022300,BKS
2016-05-19,10.770000,11.350000,10.770000,11.300000,10.465648,776700,BKS
2016-05-20,11.340000,11.550000,11.250000,11.530000,10.678666,638500,BKS
2016-05-23,11.520000,11.670000,11.440000,11.460000,10.613833,620600,BKS
2016-05-24,11.480000,11.660000,11.380000,11.610000,10.752758,482400,BKS
2016-05-25,11.560000,11.820000,11.500000,11.770000,10.900945,458100,BKS
2016-05-26,11.830000,12.040000,11.540000,11.550000,10.697189,660800,BKS
2016-05-27,11.570000,11.750000,11.520000,11.610000,10.752758,357800,BKS
2016-05-31,11.670000,11.830000,11.530000,11.630000,10.771282,641400,BKS
2016-06-01,11.610000,11.810000,11.530000,11.740000,10.873158,460400,BKS
2016-06-02,11.710000,11.880000,11.590000,11.850000,10.975039,820400,BKS
2016-06-03,11.820000,11.890000,11.370000,11.500000,10.650881,724200,BKS
2016-06-06,11.500000,11.570000,11.320000,11.490000,10.641619,492100,BKS
2016-06-07,11.430000,11.880000,11.430000,11.740000,10.873158,833300,BKS
2016-06-08,11.780000,11.850000,11.700000,11.750000,10.882421,471500,BKS
2016-06-09,11.610000,11.760000,11.300000,11.540000,10.687927,659800,BKS
2016-06-10,11.400000,11.410000,11.160000,11.350000,10.511956,615000,BKS
2016-06-13,11.370000,11.480000,11.180000,11.230000,10.400815,717900,BKS
2016-06-14,11.180000,11.330000,11.060000,11.300000,10.465648,649200,BKS
2016-06-15,11.300000,11.670000,11.280000,11.360000,10.521217,962300,BKS
2016-06-16,11.310000,11.520000,10.960000,11.180000,10.354508,655000,BKS
2016-06-17,11.220000,11.540000,11.130000,11.200000,10.373030,1612200,BKS
2016-06-20,11.360000,11.460000,11.250000,11.320000,10.484171,671000,BKS
2016-06-21,11.320000,11.380000,11.020000,11.230000,10.400815,784500,BKS
2016-06-22,11.240000,11.280000,10.250000,10.440000,9.669147,2053900,BKS
2016-06-23,10.750000,11.630000,10.740000,11.260000,10.428600,2993200,BKS
2016-06-24,10.990000,11.850000,10.880000,11.280000,10.447124,3886800,BKS
2016-06-27,11.220000,11.290000,10.680000,10.780000,9.984042,1535300,BKS
2016-06-28,10.980000,11.000000,10.460000,10.580000,9.798809,2627700,BKS
2016-06-29,10.720000,11.200000,10.700000,11.100000,10.280416,1366000,BKS
2016-06-30,11.100000,11.390000,11.060000,11.350000,10.511956,1236800,BKS
2016-07-01,11.380000,11.970000,11.380000,11.930000,11.049130,1280200,BKS
2016-07-05,11.860000,11.940000,11.580000,11.790000,10.919468,1527000,BKS
2016-07-06,11.680000,12.140000,11.670000,12.130000,11.379137,1426900,BKS
2016-07-07,12.120000,12.300000,12.070000,12.140000,11.388518,849200,BKS
2016-07-08,12.190000,12.510000,12.190000,12.490000,11.716852,924600,BKS
2016-07-11,12.600000,12.700000,12.530000,12.670000,11.885710,773400,BKS
2016-07-12,12.740000,13.000000,12.730000,12.870000,12.073329,937400,BKS
2016-07-13,12.870000,12.970000,12.530000,12.670000,11.885710,1263000,BKS
2016-07-14,12.730000,12.940000,12.520000,12.540000,11.763757,656200,BKS
2016-07-15,12.610000,12.680000,12.380000,12.400000,11.632422,557700,BKS
2016-07-18,12.440000,12.690000,12.390000,12.620000,11.838806,492700,BKS
2016-07-19,12.610000,12.850000,12.500000,12.700000,11.913853,621300,BKS
2016-07-20,12.680000,12.790000,12.570000,12.700000,11.913853,398300,BKS
2016-07-21,12.740000,12.850000,12.620000,12.640000,11.857567,305100,BKS
2016-07-22,12.620000,12.810000,12.550000,12.780000,11.988900,354800,BKS
2016-07-25,12.740000,13.000000,12.600000,12.930000,12.129615,716800,BKS
2016-07-26,12.950000,13.280000,12.830000,13.110000,12.298472,689500,BKS
2016-07-27,13.200000,13.310000,12.990000,13.060000,12.251569,411000,BKS
2016-07-28,13.010000,13.090000,12.860000,12.950000,12.148377,405800,BKS
2016-07-29,13.000000,13.170000,12.880000,13.080000,12.270330,540000,BKS
2016-08-01,13.100000,13.160000,12.850000,12.980000,12.176521,420800,BKS
2016-08-02,13.040000,13.090000,12.620000,12.690000,11.904470,669900,BKS
2016-08-03,12.600000,12.630000,12.280000,12.620000,11.838806,506000,BKS
2016-08-04,12.640000,12.750000,12.550000,12.710000,11.923233,310700,BKS
2016-08-05,12.770000,13.200000,12.760000,13.090000,12.279712,384700,BKS
2016-08-08,13.140000,13.250000,12.960000,13.050000,12.242187,274400,BKS
2016-08-09,13.010000,13.110000,12.950000,13.020000,12.214046,268400,BKS
2016-08-10,13.100000,13.100000,12.820000,12.860000,12.063949,532100,BKS
2016-08-11,13.020000,13.630000,12.990000,13.230000,12.411044,640000,BKS
2016-08-12,13.250000,13.430000,13.160000,13.350000,12.523617,381900,BKS
2016-08-15,13.410000,13.600000,13.400000,13.520000,12.683093,520100,BKS
2016-08-16,13.450000,13.520000,13.190000,13.380000,12.551761,315000,BKS
2016-08-17,12.790000,12.800000,11.580000,11.910000,11.172755,2682900,BKS
2016-08-18,12.020000,12.270000,11.540000,11.580000,10.863181,1570000,BKS
2016-08-19,11.520000,11.530000,11.190000,11.200000,10.506704,864900,BKS
2016-08-22,11.220000,11.680000,11.150000,11.610000,10.891325,886600,BKS
2016-08-23,11.680000,11.760000,11.450000,11.610000,10.891325,573000,BKS
2016-08-24,11.540000,11.680000,11.360000,11.420000,10.713086,651500,BKS
2016-08-25,11.400000,11.600000,11.380000,11.530000,10.816277,556000,BKS
2016-08-26,11.520000,11.600000,11.320000,11.370000,10.666181,676800,BKS
2016-08-29,11.380000,11.510000,11.350000,11.490000,10.778753,299800,BKS
2016-08-30,11.430000,11.490000,11.380000,11.440000,10.731849,397600,BKS
2016-08-31,11.450000,11.540000,11.270000,11.460000,10.750609,626600,BKS
2016-09-01,11.470000,11.540000,11.230000,11.430000,10.722468,759700,BKS
2016-09-02,11.490000,11.610000,11.400000,11.530000,10.816277,455100,BKS
2016-09-06,12.270000,12.900000,12.010000,12.670000,11.885710,3413300,BKS
2016-09-07,12.750000,12.760000,12.170000,12.350000,11.585518,2644900,BKS
2016-09-08,11.680000,12.260000,11.350000,11.850000,11.116469,4181600,BKS
2016-09-09,11.700000,11.800000,11.410000,11.510000,10.797516,1347700,BKS
2016-09-12,11.460000,11.950000,11.350000,11.870000,11.135231,1289200,BKS
2016-09-13,11.740000,11.880000,11.460000,11.570000,10.853801,1023200,BKS
2016-09-14,11.570000,11.680000,10.660000,10.800000,10.131466,2884100,BKS
2016-09-15,10.840000,11.030000,10.830000,10.950000,10.272181,1026500,BKS
2016-09-16,10.900000,11.030000,10.760000,10.810000,10.140846,1515900,BKS
2016-09-19,10.870000,10.910000,10.660000,10.760000,10.093942,882100,BKS
2016-09-20,10.790000,10.870000,10.650000,10.710000,10.047036,625900,BKS
2016-09-21,10.820000,10.870000,10.580000,10.790000,10.122086,799400,BKS
2016-09-22,10.850000,11.030000,10.800000,11.020000,10.337848,743200,BKS
2016-09-23,10.960000,11.160000,10.950000,10.980000,10.300323,595100,BKS
2016-09-26,10.870000,10.990000,10.830000,10.960000,10.281562,674000,BKS
2016-09-27,10.990000,11.090000,10.830000,10.880000,10.206513,496700,BKS
2016-09-28,10.890000,11.000000,10.650000,10.910000,10.234656,816600,BKS
2016-09-29,10.800000,11.140000,10.800000,10.990000,10.309704,770600,BKS
2016-09-30,11.140000,11.310000,10.920000,11.300000,10.600514,853500,BKS
2016-10-03,11.200000,11.290000,10.990000,11.110000,10.422276,673900,BKS
2016-10-04,11.100000,11.180000,10.940000,11.040000,10.356608,580900,BKS
2016-10-05,10.900000,11.170000,10.800000,11.080000,10.537302,528300,BKS
2016-10-06,11.120000,11.170000,10.920000,11.050000,10.508772,479400,BKS
2016-10-07,11.020000,11.090000,10.740000,10.840000,10.309057,568700,BKS
2016-10-10,10.890000,11.050000,10.750000,10.760000,10.232977,363900,BKS
2016-10-11,10.710000,10.810000,10.500000,10.560000,10.042772,531400,BKS
2016-10-12,10.560000,10.750000,10.500000,10.670000,10.147384,294000,BKS
2016-10-13,10.670000,10.670000,10.320000,10.550000,10.033261,431600,BKS
2016-10-14,10.590000,10.700000,10.510000,10.520000,10.004732,437700,BKS
2016-10-17,10.550000,10.650000,10.500000,10.550000,10.033261,415800,BKS
2016-10-18,10.650000,10.650000,10.450000,10.500000,9.985711,313200,BKS
2016-10-19,10.550000,10.650000,10.450000,10.650000,10.128364,546500,BKS
2016-10-20,10.550000,10.800000,10.500000,10.750000,10.223466,474000,BKS
2016-10-21,10.650000,10.950000,10.600000,10.750000,10.223466,468000,BKS
2016-10-24,10.850000,11.000000,10.800000,10.900000,10.366118,362800,BKS
2016-10-25,10.800000,10.850000,10.350000,10.450000,9.938159,493700,BKS
2016-10-26,10.400000,10.700000,10.350000,10.600000,10.080813,376900,BKS
2016-10-27,10.600000,10.650000,10.200000,10.350000,9.843059,489300,BKS
2016-10-28,10.350000,10.600000,10.150000,10.250000,9.747956,489900,BKS
2016-10-31,10.350000,10.500000,10.200000,10.300000,9.795507,542900,BKS
2016-11-01,10.300000,10.350000,9.950000,10.000000,9.510201,538800,BKS
2016-11-02,9.950000,10.000000,9.550000,9.600000,9.129793,510500,BKS
2016-11-03,9.700000,9.850000,9.400000,9.500000,9.034691,656500,BKS
2016-11-04,9.550000,10.150000,9.500000,9.650000,9.177344,666600,BKS
2016-11-07,9.800000,10.150000,9.800000,10.050000,9.557752,495200,BKS
2016-11-08,10.100000,10.100000,9.800000,10.050000,9.557752,272700,BKS
2016-11-09,9.750000,10.550000,9.700000,10.450000,9.938159,694200,BKS
2016-11-10,10.600000,11.200000,10.550000,10.950000,10.413670,1099300,BKS
2016-11-11,11.050000,11.350000,10.830000,11.250000,10.698976,871700,BKS
2016-11-14,11.350000,11.950000,11.300000,11.800000,11.222037,835500,BKS
2016-11-15,11.800000,11.900000,11.250000,11.900000,11.317139,728800,BKS
2016-11-16,11.600000,12.150000,11.500000,11.800000,11.222037,778000,BKS
2016-11-17,11.800000,11.950000,11.700000,11.900000,11.317139,503400,BKS
2016-11-18,11.850000,12.130000,11.600000,11.650000,11.079384,1001000,BKS
2016-11-21,11.850000,11.950000,11.200000,11.450000,10.889180,1849100,BKS
2016-11-22,12.200000,12.950000,12.100000,12.650000,12.030404,2285500,BKS
2016-11-23,12.750000,13.000000,12.600000,12.950000,12.315710,1176100,BKS
2016-11-25,13.000000,13.000000,12.800000,12.950000,12.315710,431400,BKS
2016-11-28,12.850000,12.850000,12.400000,12.650000,12.030404,683200,BKS
2016-11-29,12.600000,12.850000,12.450000,12.550000,11.935303,552700,BKS
2016-11-30,12.550000,12.850000,12.350000,12.600000,11.982854,611000,BKS
2016-12-01,12.550000,12.800000,12.200000,12.400000,11.792648,776700,BKS
2016-12-02,12.450000,12.580000,12.100000,12.200000,11.602446,451600,BKS
2016-12-05,12.300000,12.700000,12.200000,12.600000,11.982854,493200,BKS
2016-12-06,12.500000,12.700000,12.350000,12.650000,12.030404,573000,BKS
2016-12-07,12.550000,13.000000,12.410000,12.950000,12.315710,554900,BKS
2016-12-08,12.950000,13.200000,12.700000,13.150000,12.505914,699700,BKS
2016-12-09,13.100000,13.200000,12.800000,13.100000,12.458364,977300,BKS
2016-12-12,13.000000,13.050000,12.300000,12.550000,11.935303,640100,BKS
2016-12-13,12.550000,12.750000,12.270000,12.650000,12.030404,751200,BKS
2016-12-14,12.700000,12.700000,12.180000,12.300000,11.697547,618500,BKS
2016-12-15,12.400000,12.700000,12.200000,12.400000,11.792648,608700,BKS
2016-12-16,12.350000,12.700000,12.310000,12.600000,11.982854,1110200,BKS
2016-12-19,12.700000,12.900000,12.550000,12.650000,12.030404,422900,BKS
2016-12-20,12.700000,12.950000,12.600000,12.700000,12.077955,377900,BKS
2016-12-21,12.650000,12.850000,12.400000,12.600000,11.982854,357600,BKS
2016-12-22,12.650000,12.650000,12.050000,12.150000,11.554893,652800,BKS
2016-12-23,12.200000,12.350000,11.800000,12.000000,11.412241,499000,BKS
2016-12-27,12.000000,12.150000,11.850000,11.950000,11.364690,418500,BKS
2016-12-28,11.900000,12.000000,11.550000,11.750000,11.174486,472200,BKS
2016-12-29,11.750000,12.000000,11.350000,11.500000,10.936731,563500,BKS
2016-12-30,11.550000,11.550000,11.100000,11.150000,10.603874,602200,BKS
2017-01-03,11.400000,11.600000,11.250000,11.350000,10.794078,779400,BKS
2017-01-04,11.300000,11.500000,11.150000,11.400000,10.986829,837800,BKS
2017-01-05,11.250000,11.280000,10.500000,10.650000,10.264010,2497600,BKS
2017-01-06,10.750000,10.950000,10.500000,10.700000,10.312199,1059400,BKS
2017-01-09,10.650000,10.900000,10.450000,10.800000,10.408575,1061500,BKS
2017-01-10,10.800000,11.500000,10.750000,11.300000,10.890454,1065900,BKS
2017-01-11,11.300000,11.350000,11.000000,11.150000,10.745889,694800,BKS
2017-01-12,11.150000,11.250000,10.830000,11.100000,10.697702,659900,BKS
2017-01-13,11.100000,11.300000,10.950000,11.100000,10.697702,244600,BKS
2017-01-17,11.100000,11.800000,11.050000,11.450000,11.035017,719100,BKS
2017-01-18,11.450000,11.450000,11.100000,11.350000,10.938643,696800,BKS
2017-01-19,11.300000,11.450000,11.050000,11.450000,11.035017,900100,BKS
2017-01-20,11.450000,11.650000,10.660000,10.750000,10.360387,1369200,BKS
2017-01-23,10.750000,10.850000,10.500000,10.650000,10.264010,588800,BKS
2017-01-24,10.700000,10.800000,10.500000,10.650000,10.264010,890400,BKS
2017-01-25,10.800000,11.000000,10.750000,10.800000,10.408575,476700,BKS
2017-01-26,10.750000,10.850000,10.050000,10.100000,9.733946,1774800,BKS
2017-01-27,10.150000,10.150000,9.850000,10.000000,9.637569,931400,BKS
2017-01-30,9.950000,10.100000,9.800000,10.000000,9.637569,773600,BKS
2017-01-31,9.900000,10.300000,9.750000,10.200000,9.830320,1066100,BKS
2017-02-01,10.300000,10.350000,9.900000,10.050000,9.685758,885100,BKS
2017-02-02,9.950000,10.130000,9.850000,10.000000,9.637569,495000,BKS
2017-02-03,10.150000,10.350000,10.050000,10.150000,9.782132,638700,BKS
2017-02-06,10.150000,10.350000,9.950000,10.050000,9.685758,520100,BKS
2017-02-07,10.050000,10.150000,9.800000,9.850000,9.493007,583000,BKS
2017-02-08,9.800000,10.400000,9.800000,10.350000,9.974885,783000,BKS
2017-02-09,10.400000,10.780000,10.350000,10.700000,10.312199,823000,BKS
2017-02-10,10.850000,10.950000,10.600000,10.850000,10.456763,569900,BKS
2017-02-13,10.850000,10.900000,10.500000,10.650000,10.264010,338900,BKS
2017-02-14,10.600000,10.800000,10.550000,10.650000,10.264010,456200,BKS
2017-02-15,10.600000,10.850000,10.570000,10.800000,10.408575,326700,BKS
2017-02-16,10.850000,10.850000,10.350000,10.450000,10.071259,414000,BKS
2017-02-17,10.400000,10.600000,10.350000,10.500000,10.119448,367200,BKS
2017-02-21,10.600000,10.700000,10.450000,10.600000,10.215824,750800,BKS
2017-02-22,10.600000,10.650000,10.350000,10.450000,10.071259,368800,BKS
2017-02-23,10.500000,10.500000,10.000000,10.050000,9.685758,755200,BKS
2017-02-24,10.000000,10.400000,9.900000,10.250000,9.878509,609400,BKS
2017-02-27,10.150000,10.300000,9.950000,10.200000,9.830320,979500,BKS
2017-02-28,10.100000,10.100000,9.650000,9.800000,9.444818,941900,BKS
2017-03-01,9.950000,10.000000,9.650000,9.900000,9.541193,994600,BKS
2017-03-02,9.550000,9.600000,9.000000,9.050000,8.722001,2006700,BKS
2017-03-03,9.000000,9.150000,8.800000,8.950000,8.625625,1219300,BKS
2017-03-06,8.950000,9.250000,8.900000,9.000000,8.673813,994500,BKS
2017-03-07,8.950000,9.070000,8.850000,8.900000,8.577436,934900,BKS
2017-03-08,8.900000,9.150000,8.850000,9.000000,8.673813,799200,BKS
2017-03-09,9.050000,9.100000,8.450000,8.500000,8.191935,1140800,BKS
2017-03-10,8.500000,8.850000,8.450000,8.600000,8.288310,862900,BKS
2017-03-13,8.600000,8.850000,8.550000,8.800000,8.481062,1086400,BKS
2017-03-14,8.800000,8.900000,8.600000,8.650000,8.336497,504100,BKS
2017-03-15,8.700000,8.820000,8.550000,8.600000,8.288310,656900,BKS
2017-03-16,8.850000,9.750000,8.850000,9.150000,8.818376,2743900,BKS
2017-03-17,9.200000,9.450000,9.050000,9.400000,9.059315,1672000,BKS
2017-03-20,9.350000,9.400000,9.100000,9.100000,8.770188,483800,BKS
2017-03-21,9.250000,9.250000,8.650000,8.800000,8.481062,779200,BKS
2017-03-22,8.850000,8.900000,8.600000,8.800000,8.481062,515300,BKS
2017-03-23,8.800000,8.950000,8.650000,8.800000,8.481062,726300,BKS
2017-03-24,8.800000,8.900000,8.500000,8.600000,8.288310,679300,BKS
2017-03-27,8.590000,8.850000,8.550000,8.700000,8.384686,657900,BKS
2017-03-28,8.650000,8.900000,8.550000,8.850000,8.529249,626000,BKS
2017-03-29,8.900000,9.300000,8.900000,9.100000,8.770188,609000,BKS
2017-03-30,9.100000,9.250000,8.950000,9.200000,8.866564,535500,BKS
2017-03-31,9.150000,9.250000,9.050000,9.250000,8.914752,707600,BKS
2017-04-03,9.250000,9.250000,9.000000,9.150000,8.818376,851000,BKS
2017-04-04,9.050000,9.150000,8.950000,9.050000,8.722001,610700,BKS
2017-04-05,8.900000,9.050000,8.600000,8.850000,8.673000,1186400,BKS
2017-04-06,8.900000,9.100000,8.800000,8.900000,8.722000,756800,BKS
2017-04-07,8.900000,9.000000,8.750000,9.000000,8.820000,1316900,BKS
2017-04-10,8.900000,9.300000,8.900000,9.300000,9.114000,888800,BKS
2017-04-11,9.200000,9.450000,9.100000,9.350000,9.163000,821600,BKS
2017-04-12,9.200000,9.400000,9.200000,9.350000,9.163000,757200,BKS
2017-04-13,9.350000,9.430000,9.100000,9.150000,8.967000,515400,BKS
2017-04-17,9.200000,9.300000,9.050000,9.250000,9.065001,394800,BKS
2017-04-18,9.250000,9.450000,9.150000,9.350000,9.163000,467700,BKS
2017-04-19,8.800000,9.000000,8.600000,8.750000,8.575000,3464100,BKS
2017-04-20,8.800000,9.050000,8.800000,8.950000,8.771000,1540700,BKS
2017-04-21,8.900000,8.930000,8.700000,8.750000,8.575000,892700,BKS
2017-04-24,8.850000,8.900000,8.670000,8.750000,8.575000,1026700,BKS
2017-04-25,8.800000,8.900000,8.700000,8.800000,8.624001,1042000,BKS
2017-04-26,8.850000,9.050000,8.750000,8.900000,8.722000,1174100,BKS
2017-04-27,8.900000,9.000000,8.750000,8.800000,8.624001,604100,BKS
2017-04-28,8.800000,8.850000,8.500000,8.550000,8.379001,1214600,BKS
2017-05-01,8.650000,8.680000,8.400000,8.400000,8.231999,849900,BKS
2017-05-02,8.400000,8.650000,8.400000,8.600000,8.428000,1007900,BKS
2017-05-03,8.600000,8.700000,8.450000,8.500000,8.330000,847700,BKS
2017-05-04,8.500000,8.600000,8.200000,8.400000,8.231999,754600,BKS
2017-05-05,8.450000,8.600000,8.250000,8.500000,8.330000,652600,BKS
2017-05-08,8.550000,8.650000,8.400000,8.400000,8.231999,700300,BKS
2017-05-09,8.350000,8.480000,8.300000,8.400000,8.231999,528200,BKS
2017-05-10,8.300000,8.500000,8.250000,8.300000,8.134001,654500,BKS
2017-05-11,8.250000,8.350000,7.950000,8.150000,7.987000,835200,BKS
2017-05-12,8.100000,8.100000,7.900000,7.950000,7.791000,654400,BKS
2017-05-15,8.000000,8.070000,7.780000,7.850000,7.693000,639900,BKS
2017-05-16,7.900000,7.900000,7.450000,7.700000,7.546000,1388500,BKS
2017-05-17,7.700000,7.700000,7.350000,7.400000,7.252000,1041500,BKS
2017-05-18,7.350000,7.500000,6.950000,7.000000,6.860000,1298200,BKS
2017-05-19,6.950000,7.050000,6.900000,6.950000,6.811000,812300,BKS
2017-05-22,6.950000,7.050000,6.900000,7.050000,6.909000,1217500,BKS
2017-05-23,7.100000,7.150000,6.850000,6.850000,6.713000,783700,BKS
2017-05-24,6.850000,6.900000,6.550000,6.700000,6.566000,924600,BKS
2017-05-25,6.800000,7.030000,6.680000,6.850000,6.713000,685700,BKS
2017-05-26,6.800000,6.950000,6.700000,6.800000,6.664001,503400,BKS
2017-05-30,6.850000,6.900000,6.700000,6.800000,6.664001,566800,BKS
2017-05-31,6.800000,6.800000,6.450000,6.700000,6.566000,1074400,BKS
2017-06-01,6.700000,7.200000,6.650000,7.000000,6.860000,816400,BKS
2017-06-02,7.000000,7.200000,7.000000,7.000000,6.860000,489500,BKS
2017-06-05,7.000000,7.000000,6.850000,6.850000,6.713000,562800,BKS
2017-06-06,6.800000,6.900000,6.700000,6.750000,6.615000,1102900,BKS
2017-06-07,6.750000,6.850000,6.650000,6.700000,6.566000,574300,BKS
2017-06-08,6.650000,6.850000,6.600000,6.650000,6.517000,739000,BKS
2017-06-09,6.700000,7.100000,6.600000,7.050000,6.909000,1372700,BKS
2017-06-12,7.000000,7.300000,7.000000,7.150000,7.007000,1092400,BKS
2017-06-13,7.200000,7.200000,6.950000,7.050000,6.909000,640200,BKS
2017-06-14,7.050000,7.050000,6.800000,6.900000,6.762000,647100,BKS
2017-06-15,6.850000,7.000000,6.650000,6.700000,6.566000,723600,BKS
2017-06-16,6.650000,6.800000,6.550000,6.800000,6.664001,1106600,BKS
2017-06-19,6.800000,7.000000,6.700000,6.850000,6.713000,745800,BKS
2017-06-20,6.750000,6.850000,6.450000,6.500000,6.370000,1039100,BKS
2017-06-21,6.500000,6.550000,6.250000,6.500000,6.370000,1668500,BKS
2017-06-22,7.050000,7.150000,6.830000,7.000000,6.860000,3164100,BKS
2017-06-23,7.000000,7.800000,7.000000,7.550000,7.399000,4974400,BKS
2017-06-26,7.550000,7.600000,7.250000,7.500000,7.350000,2096800,BKS
2017-06-27,7.450000,7.650000,7.450000,7.550000,7.399000,1515600,BKS
2017-06-28,7.600000,7.680000,7.400000,7.500000,7.350000,1596900,BKS
2017-06-29,7.500000,7.650000,7.300000,7.500000,7.350000,1710400,BKS
2017-06-30,7.450000,7.650000,7.400000,7.600000,7.448000,1708800,BKS
2017-07-03,7.650000,7.750000,7.450000,7.500000,7.350000,1183700,BKS
2017-07-05,7.400000,7.700000,7.380000,7.600000,7.600000,1384900,BKS
2017-07-06,7.500000,7.550000,7.300000,7.300000,7.300000,931600,BKS
2017-07-07,7.300000,7.550000,7.210000,7.450000,7.450000,853900,BKS
2017-07-10,7.450000,7.450000,6.950000,7.150000,7.150000,1152200,BKS
2017-07-11,7.100000,7.350000,7.000000,7.300000,7.300000,974000,BKS
2017-07-12,7.350000,7.500000,7.100000,7.100000,7.100000,855300,BKS
2017-07-13,7.150000,7.500000,7.150000,7.350000,7.350000,748300,BKS
2017-07-14,7.400000,7.500000,7.280000,7.400000,7.400000,1694700,BKS
2017-07-17,7.350000,7.650000,7.300000,7.400000,7.400000,1480200,BKS
2017-07-18,7.400000,7.500000,7.250000,7.300000,7.300000,1979200,BKS
2017-07-19,7.350000,7.550000,7.300000,7.450000,7.450000,5329600,BKS
2017-07-20,7.450000,7.700000,7.400000,7.450000,7.450000,1140500,BKS
2017-07-21,7.500000,7.500000,7.080000,7.150000,7.150000,1420600,BKS
2017-07-24,7.150000,7.180000,6.850000,7.100000,7.100000,1659500,BKS
2017-07-25,7.700000,8.400000,7.650000,8.300000,8.300000,4339300,BKS
2017-07-26,8.350000,8.410000,7.950000,8.000000,8.000000,1723100,BKS
2017-07-27,8.000000,8.250000,7.950000,8.150000,8.150000,1111200,BKS
2017-07-28,8.100000,8.300000,8.000000,8.200000,8.200000,1634600,BKS
2017-07-31,8.200000,8.300000,7.950000,8.150000,8.150000,1060700,BKS
2017-08-01,8.150000,8.200000,7.800000,7.950000,7.950000,975600,BKS
2017-08-02,7.900000,7.950000,7.530000,7.650000,7.650000,883900,BKS
2017-08-03,7.650000,8.000000,7.650000,7.900000,7.900000,1709500,BKS
2017-08-04,7.950000,8.000000,7.750000,7.850000,7.850000,802200,BKS
2017-08-07,7.850000,7.890000,7.550000,7.600000,7.600000,975800,BKS
2017-08-08,7.600000,7.750000,7.450000,7.600000,7.600000,1907700,BKS
2017-08-09,7.450000,7.600000,7.300000,7.350000,7.350000,921800,BKS
2017-08-10,7.300000,7.350000,7.100000,7.150000,7.150000,1096400,BKS
2017-08-11,7.100000,7.200000,6.900000,7.050000,7.050000,888100,BKS
2017-08-14,7.100000,7.400000,7.100000,7.350000,7.350000,1011100,BKS
2017-08-15,7.350000,7.400000,7.100000,7.300000,7.300000,1236400,BKS
2017-08-16,7.350000,7.550000,7.250000,7.500000,7.500000,1289300,BKS
2017-08-17,7.400000,7.600000,7.250000,7.500000,7.500000,1746000,BKS
2017-08-18,7.450000,7.650000,7.300000,7.350000,7.350000,1379200,BKS
2017-08-21,7.400000,7.450000,7.250000,7.350000,7.350000,574100,BKS
2017-08-22,7.400000,7.550000,7.350000,7.450000,7.450000,654400,BKS
2017-08-23,7.400000,7.650000,7.400000,7.550000,7.550000,690800,BKS
2017-08-24,7.550000,7.880000,7.550000,7.650000,7.650000,811600,BKS
2017-08-25,7.650000,7.850000,7.600000,7.700000,7.700000,490600,BKS
2017-08-28,7.700000,7.800000,7.600000,7.650000,7.650000,906500,BKS
2017-08-29,7.550000,7.700000,7.450000,7.650000,7.650000,804100,BKS
2017-08-30,7.600000,7.670000,7.200000,7.250000,7.250000,949600,BKS
2017-08-31,7.450000,7.750000,7.350000,7.750000,7.750000,1843900,BKS
2017-09-01,7.700000,7.750000,7.500000,7.500000,7.500000,926400,BKS
2017-09-05,7.500000,7.650000,7.300000,7.450000,7.450000,896700,BKS
2017-09-06,7.500000,7.950000,7.500000,7.850000,7.850000,1216800,BKS
2017-09-07,6.950000,7.500000,6.600000,7.100000,7.100000,3693100,BKS
2017-09-08,7.050000,7.250000,6.850000,6.950000,6.950000,1762400,BKS
2017-09-11,7.000000,7.100000,6.850000,7.050000,7.050000,1695400,BKS
2017-09-12,7.100000,7.250000,6.980000,7.050000,7.050000,1178800,BKS
2017-09-13,7.050000,7.250000,7.040000,7.150000,7.150000,1022700,BKS
2017-09-14,7.150000,7.150000,7.000000,7.050000,7.050000,968800,BKS
