Date,Open,High,Low,Close,Adj Close,Volume,BWLD
2012-09-14,83.980003,85.000000,83.529999,83.550003,83.550003,432000,BWLD
2012-09-17,83.430000,84.440002,83.019997,83.610001,83.610001,294800,BWLD
2012-09-18,83.760002,83.760002,81.720001,82.410004,82.410004,399500,BWLD
2012-09-19,82.919998,83.000000,81.519997,82.489998,82.489998,477400,BWLD
2012-09-20,82.389999,83.820000,81.919998,83.699997,83.699997,352500,BWLD
2012-09-21,84.120003,85.000000,83.830002,84.040001,84.040001,404700,BWLD
2012-09-24,83.500000,84.000000,82.029999,82.349998,82.349998,430200,BWLD
2012-09-25,84.839996,86.820000,82.839996,82.970001,82.970001,1027600,BWLD
2012-09-26,83.040001,83.669998,82.010002,82.739998,82.739998,412300,BWLD
2012-09-27,82.930000,86.230003,82.800003,85.790001,85.790001,507500,BWLD
2012-09-28,84.959999,86.250000,84.440002,85.739998,85.739998,431600,BWLD
2012-10-01,86.080002,86.500000,85.099998,86.199997,86.199997,374000,BWLD
2012-10-02,86.400002,86.800003,84.900002,85.290001,85.290001,266300,BWLD
2012-10-03,85.230003,85.989998,84.139999,85.589996,85.589996,405600,BWLD
2012-10-04,85.750000,87.419998,84.930000,87.230003,87.230003,536900,BWLD
2012-10-05,89.720001,89.900002,86.589996,87.019997,87.019997,736300,BWLD
2012-10-08,86.809998,88.040001,86.500000,87.680000,87.680000,270300,BWLD
2012-10-09,87.459999,88.120003,86.639999,86.980003,86.980003,604800,BWLD
2012-10-10,87.250000,88.150002,86.379997,87.639999,87.639999,574700,BWLD
2012-10-11,88.059998,88.610001,87.919998,88.250000,88.250000,363600,BWLD
2012-10-12,88.029999,88.510002,87.220001,88.000000,88.000000,206000,BWLD
2012-10-15,88.010002,88.599998,87.209999,88.570000,88.570000,221800,BWLD
2012-10-16,88.989998,89.500000,88.269997,89.000000,89.000000,238200,BWLD
2012-10-17,89.029999,89.589996,87.529999,87.629997,87.629997,508000,BWLD
2012-10-18,87.860001,87.989998,84.500000,86.129997,86.129997,770900,BWLD
2012-10-19,85.190002,85.410004,83.199997,83.919998,83.919998,783800,BWLD
2012-10-22,84.040001,85.540001,82.709999,83.459999,83.459999,668600,BWLD
2012-10-23,83.199997,85.120003,82.000000,83.459999,83.459999,1859900,BWLD
2012-10-24,73.830002,76.610001,72.860001,74.699997,74.699997,2552700,BWLD
2012-10-25,74.400002,75.790001,73.320000,74.820000,74.820000,728100,BWLD
2012-10-26,74.629997,76.040001,73.930000,75.870003,75.870003,702200,BWLD
2012-10-31,75.699997,76.040001,73.709999,76.000000,76.000000,528500,BWLD
2012-11-01,75.800003,75.889999,74.540001,74.910004,74.910004,492500,BWLD
2012-11-02,75.699997,76.089996,73.919998,73.970001,73.970001,306700,BWLD
2012-11-05,73.889999,76.000000,73.610001,75.889999,75.889999,322700,BWLD
2012-11-06,75.820000,76.760002,74.760002,76.660004,76.660004,380500,BWLD
2012-11-07,75.680000,76.430000,74.260002,74.639999,74.639999,608100,BWLD
2012-11-08,74.529999,75.199997,73.779999,73.839996,73.839996,349500,BWLD
2012-11-09,73.610001,75.400002,73.309998,74.199997,74.199997,407800,BWLD
2012-11-12,74.580002,74.580002,73.360001,73.949997,73.949997,168600,BWLD
2012-11-13,73.440002,75.510002,73.250000,73.860001,73.860001,329900,BWLD
2012-11-14,74.139999,74.199997,71.360001,71.639999,71.639999,382100,BWLD
2012-11-15,71.449997,72.180000,71.019997,71.959999,71.959999,375500,BWLD
2012-11-16,71.699997,72.570000,69.720001,71.389999,71.389999,340700,BWLD
2012-11-19,72.239998,72.940002,71.250000,72.010002,72.010002,242600,BWLD
2012-11-20,72.000000,72.220001,71.110001,71.930000,71.930000,197300,BWLD
2012-11-21,72.339996,72.830002,71.250000,71.599998,71.599998,208800,BWLD
2012-11-23,72.470001,72.480003,71.500000,72.099998,72.099998,90100,BWLD
2012-11-26,72.019997,72.260002,70.430000,72.010002,72.010002,319400,BWLD
2012-11-27,71.830002,73.139999,71.680000,72.089996,72.089996,201300,BWLD
2012-11-28,71.949997,73.500000,70.900002,73.160004,73.160004,282500,BWLD
2012-11-29,73.709999,74.320000,73.000000,74.010002,74.010002,288600,BWLD
2012-11-30,73.870003,74.330002,72.150002,72.440002,72.440002,382200,BWLD
2012-12-03,72.629997,73.860001,72.300003,73.260002,73.260002,358000,BWLD
2012-12-04,72.639999,73.290001,71.169998,72.300003,72.300003,618400,BWLD
2012-12-05,72.160004,74.349998,71.860001,74.110001,74.110001,625200,BWLD
2012-12-06,74.260002,76.459999,74.099998,74.260002,74.260002,553300,BWLD
2012-12-07,74.160004,75.750000,74.010002,74.260002,74.260002,256300,BWLD
2012-12-10,74.150002,74.949997,72.660004,73.089996,73.089996,327900,BWLD
2012-12-11,73.010002,73.680000,72.400002,72.639999,72.639999,379000,BWLD
2012-12-12,73.010002,73.839996,72.400002,72.730003,72.730003,374600,BWLD
2012-12-13,72.610001,74.389999,72.610001,73.879997,73.879997,402800,BWLD
2012-12-14,73.500000,74.540001,73.379997,73.790001,73.790001,380200,BWLD
2012-12-17,73.830002,75.169998,73.410004,74.599998,74.599998,389600,BWLD
2012-12-18,74.839996,76.089996,74.839996,75.809998,75.809998,384500,BWLD
2012-12-19,75.620003,76.370003,75.050003,75.529999,75.529999,447300,BWLD
2012-12-20,75.699997,75.699997,74.500000,74.879997,74.879997,235000,BWLD
2012-12-21,74.000000,74.000000,71.779999,72.320000,72.320000,701700,BWLD
2012-12-24,72.309998,72.349998,71.330002,72.019997,72.019997,174300,BWLD
2012-12-26,72.010002,72.180000,71.070000,71.730003,71.730003,225200,BWLD
2012-12-27,71.529999,72.110001,69.800003,71.300003,71.300003,433400,BWLD
2012-12-28,70.830002,73.190002,70.599998,71.940002,71.940002,429000,BWLD
2012-12-31,71.940002,73.080002,71.019997,72.820000,72.820000,333800,BWLD
2013-01-02,73.709999,74.730003,71.459999,72.970001,72.970001,726900,BWLD
2013-01-03,73.269997,76.849998,73.150002,75.769997,75.769997,711400,BWLD
2013-01-04,76.099998,77.400002,75.790001,77.190002,77.190002,385600,BWLD
2013-01-07,76.790001,76.930000,74.809998,76.650002,76.650002,610200,BWLD
2013-01-08,76.180000,76.480003,74.059998,74.220001,74.220001,595100,BWLD
2013-01-09,74.699997,75.870003,74.190002,75.400002,75.400002,379100,BWLD
2013-01-10,75.650002,76.099998,74.669998,75.750000,75.750000,702900,BWLD
2013-01-11,75.809998,75.809998,74.160004,74.690002,74.690002,654500,BWLD
2013-01-14,74.750000,75.349998,74.010002,75.029999,75.029999,398900,BWLD
2013-01-15,74.360001,75.550003,74.279999,74.720001,74.720001,488900,BWLD
2013-01-16,73.650002,74.510002,72.699997,74.260002,74.260002,410600,BWLD
2013-01-17,74.580002,77.110001,74.570000,76.480003,76.480003,469800,BWLD
2013-01-18,76.070000,76.860001,75.169998,76.320000,76.320000,429500,BWLD
2013-01-22,76.050003,77.500000,75.870003,77.000000,77.000000,247200,BWLD
2013-01-23,77.019997,77.250000,76.160004,77.089996,77.089996,226700,BWLD
2013-01-24,76.839996,78.430000,76.669998,77.589996,77.589996,318300,BWLD
2013-01-25,78.099998,78.459999,75.580002,76.239998,76.239998,539100,BWLD
2013-01-28,76.449997,76.550003,75.059998,76.050003,76.050003,540400,BWLD
2013-01-29,75.980003,76.160004,74.059998,74.779999,74.779999,339400,BWLD
2013-01-30,74.040001,74.699997,72.750000,73.199997,73.199997,565000,BWLD
2013-01-31,73.300003,74.339996,72.889999,73.550003,73.550003,401100,BWLD
2013-02-01,75.620003,76.300003,75.220001,75.320000,75.320000,633000,BWLD
2013-02-04,75.370003,77.470001,75.300003,76.150002,76.150002,642800,BWLD
2013-02-05,76.230003,76.930000,75.730003,75.769997,75.769997,376700,BWLD
2013-02-06,75.449997,77.099998,75.449997,76.870003,76.870003,298200,BWLD
2013-02-07,76.500000,77.790001,76.139999,77.599998,77.599998,323800,BWLD
2013-02-08,77.550003,78.019997,76.099998,77.139999,77.139999,502600,BWLD
2013-02-11,76.870003,77.739998,76.709999,76.910004,76.910004,509700,BWLD
2013-02-12,77.459999,81.150002,77.349998,81.070000,81.070000,2236200,BWLD
2013-02-13,77.059998,79.199997,75.519997,76.550003,76.550003,2437500,BWLD
2013-02-14,76.449997,77.370003,75.379997,77.269997,77.269997,958000,BWLD
2013-02-15,77.830002,79.169998,77.309998,78.290001,78.290001,1153300,BWLD
2013-02-19,78.410004,79.309998,78.180000,78.669998,78.669998,535800,BWLD
2013-02-20,78.199997,78.199997,75.320000,75.449997,75.449997,728800,BWLD
2013-02-21,75.410004,76.830002,74.720001,76.120003,76.120003,501300,BWLD
2013-02-22,76.410004,77.000000,75.620003,75.959999,75.959999,356000,BWLD
2013-02-25,76.089996,76.779999,75.169998,75.199997,75.199997,377600,BWLD
2013-02-26,75.610001,76.230003,74.470001,75.919998,75.919998,386500,BWLD
2013-02-27,76.099998,79.080002,76.099998,78.300003,78.300003,528800,BWLD
2013-02-28,78.040001,80.410004,77.519997,78.690002,78.690002,702800,BWLD
2013-03-01,78.199997,81.959999,78.199997,81.209999,81.209999,1008200,BWLD
2013-03-04,80.910004,82.300003,80.730003,81.800003,81.800003,467500,BWLD
2013-03-05,82.500000,83.500000,82.099998,83.139999,83.139999,677600,BWLD
2013-03-06,83.500000,84.000000,83.059998,83.290001,83.290001,375200,BWLD
2013-03-07,83.589996,84.980003,82.800003,84.820000,84.820000,807500,BWLD
2013-03-08,85.000000,86.239998,83.989998,85.129997,85.129997,632800,BWLD
2013-03-11,84.860001,85.320000,84.000000,84.500000,84.500000,504300,BWLD
2013-03-12,84.610001,85.230003,83.820000,84.519997,84.519997,397000,BWLD
2013-03-13,84.720001,86.720001,84.529999,85.800003,85.800003,462900,BWLD
2013-03-14,86.010002,86.419998,85.139999,85.760002,85.760002,323900,BWLD
2013-03-15,85.730003,85.730003,84.320000,84.849998,84.849998,396100,BWLD
2013-03-18,84.180000,85.330002,83.650002,84.699997,84.699997,502800,BWLD
2013-03-19,84.739998,85.500000,83.790001,84.519997,84.519997,590100,BWLD
2013-03-20,85.750000,85.750000,84.610001,84.970001,84.970001,367800,BWLD
2013-03-21,85.000000,86.000000,84.919998,85.339996,85.339996,1049400,BWLD
2013-03-22,85.430000,86.309998,85.000000,85.510002,85.510002,620200,BWLD
2013-03-25,85.760002,86.300003,85.080002,85.809998,85.809998,573800,BWLD
2013-03-26,85.910004,87.000000,85.639999,86.959999,86.959999,453800,BWLD
2013-03-27,87.480003,88.459999,86.779999,87.800003,87.800003,384500,BWLD
2013-03-28,87.730003,88.480003,86.900002,87.529999,87.529999,300700,BWLD
2013-04-01,87.199997,88.639999,86.320000,86.790001,86.790001,446500,BWLD
2013-04-02,86.099998,87.860001,85.849998,86.489998,86.489998,402500,BWLD
2013-04-03,88.400002,90.389999,86.599998,86.949997,86.949997,826900,BWLD
2013-04-04,87.440002,88.190002,87.160004,88.070000,88.070000,352200,BWLD
2013-04-05,86.839996,88.639999,86.529999,88.589996,88.589996,269300,BWLD
2013-04-08,88.470001,88.720001,87.110001,87.949997,87.949997,319900,BWLD
2013-04-09,87.930000,88.410004,87.120003,87.190002,87.190002,193700,BWLD
2013-04-10,87.250000,89.879997,87.199997,88.970001,88.970001,560300,BWLD
2013-04-11,88.620003,91.139999,88.339996,90.010002,90.010002,687200,BWLD
2013-04-12,89.470001,90.989998,89.040001,90.690002,90.690002,447900,BWLD
2013-04-15,90.040001,90.790001,89.050003,89.800003,89.800003,688500,BWLD
2013-04-16,90.989998,92.120003,89.930000,91.059998,91.059998,633600,BWLD
2013-04-17,90.160004,91.250000,89.860001,90.970001,90.970001,458500,BWLD
2013-04-18,91.370003,92.440002,90.019997,91.480003,91.480003,552100,BWLD
2013-04-19,91.959999,93.150002,91.430000,92.570000,92.570000,424300,BWLD
2013-04-22,92.500000,92.959999,91.500000,92.660004,92.660004,345500,BWLD
2013-04-23,92.750000,93.629997,92.519997,93.459999,93.459999,439900,BWLD
2013-04-24,93.470001,93.730003,92.290001,93.330002,93.330002,542800,BWLD
2013-04-25,93.680000,95.889999,93.500000,95.379997,95.379997,722100,BWLD
2013-04-26,95.459999,96.150002,94.989998,95.059998,95.059998,559600,BWLD
2013-04-29,95.500000,95.709999,94.139999,94.330002,94.330002,1846700,BWLD
2013-04-30,90.300003,91.099998,88.769997,89.989998,89.989998,2074700,BWLD
2013-05-01,89.449997,90.459999,86.959999,88.989998,88.989998,931500,BWLD
2013-05-02,89.349998,91.209999,89.129997,90.279999,90.279999,504000,BWLD
2013-05-03,90.930000,92.589996,90.790001,91.879997,91.879997,585000,BWLD
2013-05-06,92.160004,92.769997,91.110001,92.489998,92.489998,263200,BWLD
2013-05-07,92.699997,93.470001,92.570000,93.099998,93.099998,247100,BWLD
2013-05-08,92.919998,93.889999,92.440002,92.980003,92.980003,273200,BWLD
2013-05-09,93.050003,93.540001,92.010002,92.919998,92.919998,277600,BWLD
2013-05-10,93.139999,94.769997,92.589996,94.610001,94.610001,344000,BWLD
2013-05-13,94.169998,94.190002,91.720001,92.250000,92.250000,545400,BWLD
2013-05-14,92.269997,94.839996,92.110001,94.180000,94.180000,552500,BWLD
2013-05-15,93.699997,95.000000,93.139999,93.889999,93.889999,350900,BWLD
2013-05-16,93.720001,95.099998,93.070000,94.820000,94.820000,460300,BWLD
2013-05-17,95.339996,95.360001,94.629997,95.019997,95.019997,461600,BWLD
2013-05-20,94.760002,96.250000,94.760002,96.139999,96.139999,350900,BWLD
2013-05-21,96.029999,97.089996,95.959999,96.879997,96.879997,303200,BWLD
2013-05-22,96.750000,97.489998,94.870003,95.330002,95.330002,403800,BWLD
2013-05-23,94.790001,95.250000,93.690002,95.220001,95.220001,353200,BWLD
2013-05-24,94.680000,94.930000,94.000000,94.529999,94.529999,221400,BWLD
2013-05-28,95.339996,96.449997,94.769997,95.900002,95.900002,275000,BWLD
2013-05-29,95.389999,95.870003,95.000000,95.190002,95.190002,346300,BWLD
2013-05-30,95.190002,96.599998,95.190002,95.739998,95.739998,267900,BWLD
2013-05-31,95.570000,96.980003,95.320000,95.959999,95.959999,384800,BWLD
2013-06-03,95.889999,96.320000,94.389999,96.040001,96.040001,477300,BWLD
2013-06-04,95.070000,96.500000,95.040001,95.849998,95.849998,328300,BWLD
2013-06-05,95.449997,95.690002,93.349998,93.669998,93.669998,275600,BWLD
2013-06-06,93.849998,95.360001,93.290001,95.360001,95.360001,242600,BWLD
2013-06-07,95.680000,97.150002,95.160004,97.059998,97.059998,191700,BWLD
2013-06-10,97.580002,99.129997,97.580002,98.010002,98.010002,286800,BWLD
2013-06-11,97.419998,99.209999,96.860001,98.199997,98.199997,422700,BWLD
2013-06-12,98.489998,98.699997,96.570000,97.019997,97.019997,256000,BWLD
2013-06-13,96.800003,98.489998,96.339996,98.150002,98.150002,239100,BWLD
2013-06-14,98.150002,98.559998,97.169998,97.349998,97.349998,147600,BWLD
2013-06-17,97.589996,98.709999,96.470001,97.169998,97.169998,180800,BWLD
2013-06-18,97.389999,99.550003,97.389999,99.300003,99.300003,200000,BWLD
2013-06-19,99.459999,100.389999,99.019997,99.169998,99.169998,250700,BWLD
2013-06-20,98.360001,99.529999,97.400002,97.459999,97.459999,362100,BWLD
2013-06-21,97.500000,97.940002,94.400002,95.349998,95.349998,485600,BWLD
2013-06-24,94.750000,95.000000,93.389999,94.440002,94.440002,283300,BWLD
2013-06-25,94.889999,98.309998,94.500000,96.970001,96.970001,353900,BWLD
2013-06-26,99.779999,100.660004,99.040001,99.370003,99.370003,619200,BWLD
2013-06-27,100.139999,100.940002,98.209999,98.309998,98.309998,504500,BWLD
2013-06-28,98.559998,98.739998,97.269997,98.239998,98.239998,333900,BWLD
2013-07-01,98.660004,100.129997,98.349998,99.470001,99.470001,291700,BWLD
2013-07-02,99.239998,100.239998,98.919998,99.580002,99.580002,191900,BWLD
2013-07-03,99.139999,99.650002,98.519997,99.389999,99.389999,183800,BWLD
2013-07-05,101.949997,102.169998,99.820000,101.239998,101.239998,473800,BWLD
2013-07-08,101.769997,103.680000,101.519997,102.769997,102.769997,454200,BWLD
2013-07-09,102.980003,104.129997,102.139999,103.650002,103.650002,170800,BWLD
2013-07-10,103.519997,104.089996,102.269997,103.610001,103.610001,152400,BWLD
2013-07-11,104.330002,105.000000,103.570000,104.339996,104.339996,158300,BWLD
2013-07-12,104.139999,106.029999,104.139999,104.959999,104.959999,181200,BWLD
2013-07-15,104.699997,105.940002,103.800003,105.050003,105.050003,303600,BWLD
2013-07-16,102.389999,103.540001,100.410004,100.500000,100.500000,790500,BWLD
2013-07-17,100.709999,101.050003,99.529999,100.260002,100.260002,326400,BWLD
2013-07-18,100.099998,100.889999,99.019997,99.830002,99.830002,314800,BWLD
2013-07-19,99.320000,100.349998,98.480003,100.059998,100.059998,431200,BWLD
2013-07-22,100.419998,100.419998,98.760002,99.839996,99.839996,172300,BWLD
2013-07-23,100.389999,100.389999,97.779999,98.120003,98.120003,400900,BWLD
2013-07-24,98.730003,98.919998,94.650002,95.440002,95.440002,638800,BWLD
2013-07-25,95.500000,96.169998,94.050003,95.919998,95.919998,563300,BWLD
2013-07-26,95.209999,98.110001,95.209999,97.930000,97.930000,482800,BWLD
2013-07-29,98.089996,99.070000,96.400002,98.389999,98.389999,587900,BWLD
2013-07-30,98.730003,98.809998,96.830002,97.690002,97.690002,1270200,BWLD
2013-07-31,99.910004,105.320000,99.250000,103.580002,103.580002,1554200,BWLD
2013-08-01,104.760002,107.050003,104.199997,106.839996,106.839996,516800,BWLD
2013-08-02,106.769997,107.360001,105.830002,107.139999,107.139999,288600,BWLD
2013-08-05,106.720001,108.540001,105.940002,108.250000,108.250000,281500,BWLD
2013-08-06,108.089996,108.550003,106.199997,106.900002,106.900002,240200,BWLD
2013-08-07,106.500000,107.250000,105.889999,106.480003,106.480003,247300,BWLD
2013-08-08,106.800003,107.620003,105.449997,106.919998,106.919998,268600,BWLD
2013-08-09,107.059998,107.750000,106.220001,106.739998,106.739998,133300,BWLD
2013-08-12,106.089996,107.559998,105.730003,106.250000,106.250000,227700,BWLD
2013-08-13,106.449997,106.720001,104.459999,105.180000,105.180000,269000,BWLD
2013-08-14,105.199997,105.510002,104.199997,105.080002,105.080002,141800,BWLD
2013-08-15,104.000000,106.730003,103.559998,105.070000,105.070000,399800,BWLD
2013-08-16,104.589996,106.500000,104.290001,104.919998,104.919998,348700,BWLD
2013-08-19,105.300003,106.610001,104.980003,105.110001,105.110001,140000,BWLD
2013-08-20,105.300003,108.370003,105.269997,107.190002,107.190002,262900,BWLD
2013-08-21,107.419998,107.690002,106.000000,106.620003,106.620003,275300,BWLD
2013-08-22,106.580002,109.849998,106.279999,109.550003,109.550003,173900,BWLD
2013-08-23,109.589996,109.750000,107.019997,108.410004,108.410004,228300,BWLD
2013-08-26,108.779999,109.430000,107.230003,107.980003,107.980003,464500,BWLD
2013-08-27,107.669998,107.669998,105.000000,105.029999,105.029999,324100,BWLD
2013-08-28,105.199997,106.779999,104.959999,105.120003,105.120003,207700,BWLD
2013-08-29,105.120003,106.300003,105.040001,105.610001,105.610001,155000,BWLD
2013-08-30,105.870003,105.870003,103.410004,103.910004,103.910004,240100,BWLD
2013-09-03,105.000000,106.570000,103.389999,104.900002,104.900002,196000,BWLD
2013-09-04,104.940002,106.199997,104.519997,105.760002,105.760002,248200,BWLD
2013-09-05,105.470001,106.449997,105.000000,105.599998,105.599998,118300,BWLD
2013-09-06,105.889999,106.089996,104.089996,104.680000,104.680000,125300,BWLD
2013-09-09,105.400002,106.510002,104.779999,105.570000,105.570000,135200,BWLD
2013-09-10,106.449997,107.370003,106.000000,107.269997,107.269997,166300,BWLD
2013-09-11,106.980003,108.180000,106.379997,107.250000,107.250000,169500,BWLD
2013-09-12,107.510002,108.589996,107.080002,107.400002,107.400002,154500,BWLD
2013-09-13,107.930000,110.629997,107.930000,109.820000,109.820000,291300,BWLD
2013-09-16,110.480003,111.730003,109.949997,110.620003,110.620003,214800,BWLD
2013-09-17,110.300003,112.010002,110.120003,111.339996,111.339996,168400,BWLD
2013-09-18,111.019997,111.699997,109.500000,110.870003,110.870003,212800,BWLD
2013-09-19,111.089996,111.430000,109.669998,109.879997,109.879997,196400,BWLD
2013-09-20,109.739998,110.169998,108.510002,109.550003,109.550003,310600,BWLD
2013-09-23,109.209999,109.559998,107.519997,108.650002,108.650002,188300,BWLD
2013-09-24,108.949997,109.750000,107.779999,108.349998,108.349998,317800,BWLD
2013-09-25,108.790001,109.160004,107.250000,108.349998,108.349998,215500,BWLD
2013-09-26,108.959999,109.949997,108.220001,109.830002,109.830002,125000,BWLD
2013-09-27,109.320000,109.959999,108.830002,109.500000,109.500000,157700,BWLD
2013-09-30,109.110001,113.120003,109.059998,111.169998,111.169998,564900,BWLD
2013-10-01,110.449997,116.320000,109.750000,116.250000,116.250000,701200,BWLD
2013-10-02,115.480003,121.129997,114.769997,120.360001,120.360001,920600,BWLD
2013-10-03,119.750000,120.349998,115.269997,115.430000,115.430000,487200,BWLD
2013-10-04,115.250000,117.000000,115.220001,116.040001,116.040001,262100,BWLD
2013-10-07,114.949997,115.440002,113.199997,113.930000,113.930000,322700,BWLD
2013-10-08,113.930000,115.500000,112.589996,113.099998,113.099998,288300,BWLD
2013-10-09,113.169998,114.309998,112.019997,113.260002,113.260002,259500,BWLD
2013-10-10,114.790001,117.239998,113.449997,117.120003,117.120003,291400,BWLD
2013-10-11,117.199997,120.070000,116.220001,119.419998,119.419998,287900,BWLD
2013-10-14,119.000000,120.500000,118.930000,119.209999,119.209999,208100,BWLD
2013-10-15,118.940002,121.000000,118.940002,120.339996,120.339996,307300,BWLD
2013-10-16,120.730003,121.750000,119.269997,119.599998,119.599998,276400,BWLD
2013-10-17,117.470001,119.000000,116.620003,118.489998,118.489998,406500,BWLD
2013-10-18,119.690002,120.480003,118.900002,119.430000,119.430000,243000,BWLD
2013-10-21,120.029999,120.290001,117.309998,118.529999,118.529999,361300,BWLD
2013-10-22,118.620003,123.669998,118.620003,123.059998,123.059998,320400,BWLD
2013-10-23,121.680000,122.260002,120.320000,121.430000,121.430000,230900,BWLD
2013-10-24,121.800003,122.910004,120.820000,121.110001,121.110001,206400,BWLD
2013-10-25,121.760002,126.550003,121.760002,125.070000,125.070000,438300,BWLD
2013-10-28,125.739998,126.760002,123.830002,126.360001,126.360001,318400,BWLD
2013-10-29,126.650002,129.809998,126.410004,129.509995,129.509995,1031900,BWLD
2013-10-30,141.580002,143.899994,137.059998,141.220001,141.220001,1623200,BWLD
2013-10-31,140.850006,144.929993,140.110001,142.580002,142.580002,666300,BWLD
2013-11-01,143.279999,144.710007,142.000000,142.750000,142.750000,493900,BWLD
2013-11-04,143.679993,144.979996,142.750000,144.960007,144.960007,355100,BWLD
2013-11-05,144.410004,150.919998,143.929993,150.380005,150.380005,486100,BWLD
2013-11-06,149.250000,149.720001,145.529999,145.720001,145.720001,481800,BWLD
2013-11-07,146.000000,147.399994,142.839996,143.070007,143.070007,463500,BWLD
2013-11-08,142.979996,146.190002,142.669998,145.110001,145.110001,574500,BWLD
2013-11-11,144.979996,145.649994,143.610001,144.509995,144.509995,271700,BWLD
2013-11-12,144.029999,145.449997,143.910004,144.820007,144.820007,374800,BWLD
2013-11-13,143.600006,146.250000,143.429993,145.309998,145.309998,326800,BWLD
2013-11-14,145.669998,145.910004,143.259995,145.350006,145.350006,244100,BWLD
2013-11-15,145.960007,152.100006,145.800003,149.919998,149.919998,611000,BWLD
2013-11-18,150.630005,151.830002,147.880005,149.559998,149.559998,494700,BWLD
2013-11-19,149.190002,151.800003,148.809998,149.240005,149.240005,234800,BWLD
2013-11-20,150.220001,150.899994,144.869995,145.279999,145.279999,491700,BWLD
2013-11-21,146.339996,152.000000,145.669998,151.820007,151.820007,451700,BWLD
2013-11-22,152.110001,152.529999,149.029999,150.770004,150.770004,248700,BWLD
2013-11-25,151.729996,151.970001,149.460007,149.929993,149.929993,167300,BWLD
2013-11-26,149.710007,150.139999,148.419998,148.940002,148.940002,216300,BWLD
2013-11-27,149.479996,151.419998,148.880005,150.800003,150.800003,169400,BWLD
2013-11-29,150.919998,151.350006,149.639999,150.240005,150.240005,98000,BWLD
2013-12-02,150.160004,151.139999,148.750000,149.580002,149.580002,281100,BWLD
2013-12-03,149.000000,150.000000,148.429993,149.539993,149.539993,201100,BWLD
2013-12-04,148.770004,149.800003,145.800003,146.750000,146.750000,281200,BWLD
2013-12-05,146.100006,149.630005,146.100006,148.000000,148.000000,283500,BWLD
2013-12-06,148.779999,150.250000,148.240005,149.279999,149.279999,227500,BWLD
2013-12-09,149.229996,149.990005,148.220001,148.550003,148.550003,216600,BWLD
2013-12-10,148.309998,149.330002,145.910004,146.429993,146.429993,215100,BWLD
2013-12-11,146.380005,146.630005,143.580002,143.860001,143.860001,272500,BWLD
2013-12-12,142.940002,144.660004,141.229996,141.770004,141.770004,403900,BWLD
2013-12-13,142.649994,143.720001,142.089996,142.490005,142.490005,190400,BWLD
2013-12-16,142.850006,144.699997,142.240005,143.580002,143.580002,182500,BWLD
2013-12-17,143.990005,144.000000,140.470001,142.460007,142.460007,312000,BWLD
2013-12-18,143.380005,147.979996,142.910004,147.139999,147.139999,396400,BWLD
2013-12-19,147.229996,147.380005,142.160004,142.830002,142.830002,392900,BWLD
2013-12-20,143.399994,144.929993,142.520004,143.960007,143.960007,480400,BWLD
2013-12-23,145.220001,146.199997,143.020004,145.990005,145.990005,287900,BWLD
2013-12-24,145.789993,145.990005,145.000000,145.460007,145.460007,107300,BWLD
2013-12-26,145.949997,147.139999,145.330002,145.679993,145.679993,213800,BWLD
2013-12-27,146.279999,146.479996,145.550003,146.080002,146.080002,179000,BWLD
2013-12-30,146.229996,148.479996,145.500000,147.309998,147.309998,302000,BWLD
2013-12-31,147.149994,149.110001,146.830002,147.199997,147.199997,262200,BWLD
2014-01-02,146.440002,146.850006,144.199997,144.460007,144.460007,331100,BWLD
2014-01-03,144.399994,145.369995,143.429993,143.570007,143.570007,339500,BWLD
2014-01-06,145.000000,147.270004,143.020004,147.190002,147.190002,390000,BWLD
2014-01-07,147.250000,150.470001,146.940002,147.240005,147.240005,309800,BWLD
2014-01-08,149.210007,151.669998,147.500000,151.490005,151.490005,404100,BWLD
2014-01-09,147.699997,147.970001,143.520004,146.429993,146.429993,856400,BWLD
2014-01-10,146.710007,147.440002,143.910004,144.550003,144.550003,521900,BWLD
2014-01-13,143.830002,145.860001,141.619995,142.029999,142.029999,338300,BWLD
2014-01-14,142.369995,145.949997,142.369995,144.729996,144.729996,347000,BWLD
2014-01-15,144.759995,147.500000,144.410004,145.619995,145.619995,222000,BWLD
2014-01-16,146.509995,146.610001,142.750000,143.320007,143.320007,364000,BWLD
2014-01-17,143.100006,144.210007,141.110001,141.470001,141.470001,314800,BWLD
2014-01-21,142.990005,143.470001,136.669998,136.880005,136.880005,673700,BWLD
2014-01-22,136.580002,137.759995,134.449997,136.529999,136.529999,559400,BWLD
2014-01-23,136.289993,136.289993,133.330002,134.850006,134.850006,493400,BWLD
2014-01-24,134.440002,136.699997,133.690002,135.470001,135.470001,437200,BWLD
2014-01-27,136.809998,138.949997,133.699997,133.800003,133.800003,654200,BWLD
2014-01-28,133.539993,134.869995,132.880005,133.300003,133.300003,434500,BWLD
2014-01-29,131.460007,134.320007,130.500000,133.039993,133.039993,499400,BWLD
2014-01-30,134.119995,135.990005,133.270004,133.389999,133.389999,577000,BWLD
2014-01-31,133.020004,142.240005,132.949997,141.860001,141.860001,798400,BWLD
2014-02-03,143.000000,143.839996,135.179993,136.039993,136.039993,725800,BWLD
2014-02-04,140.970001,142.000000,136.039993,140.750000,140.750000,1519200,BWLD
2014-02-05,143.500000,143.839996,123.050003,127.120003,127.120003,3365500,BWLD
2014-02-06,129.899994,132.449997,129.350006,131.880005,131.880005,697000,BWLD
2014-02-07,132.929993,135.350006,131.490005,134.429993,134.429993,718300,BWLD
2014-02-10,134.759995,135.979996,131.649994,132.550003,132.550003,641200,BWLD
2014-02-11,132.600006,135.029999,132.259995,133.440002,133.440002,603800,BWLD
2014-02-12,133.929993,134.820007,131.399994,131.960007,131.960007,563500,BWLD
2014-02-13,130.979996,133.320007,130.029999,133.169998,133.169998,507000,BWLD
2014-02-14,132.839996,133.380005,131.919998,132.399994,132.399994,320800,BWLD
2014-02-18,132.399994,134.729996,132.039993,133.869995,133.869995,410800,BWLD
2014-02-19,134.059998,134.860001,132.110001,132.309998,132.309998,314500,BWLD
2014-02-20,132.389999,134.399994,131.419998,133.050003,133.050003,265000,BWLD
2014-02-21,133.419998,134.320007,132.139999,132.270004,132.270004,426100,BWLD
2014-02-24,132.470001,137.369995,132.410004,136.919998,136.919998,555200,BWLD
2014-02-25,136.619995,138.660004,136.179993,136.850006,136.850006,411400,BWLD
2014-02-26,136.699997,139.630005,136.410004,138.270004,138.270004,451900,BWLD
2014-02-27,138.080002,139.809998,137.229996,139.720001,139.720001,366100,BWLD
2014-02-28,140.720001,145.770004,139.339996,145.000000,145.000000,852800,BWLD
2014-03-03,143.929993,146.000000,141.830002,144.970001,144.970001,456200,BWLD
2014-03-04,146.009995,149.800003,146.000000,148.479996,148.479996,501300,BWLD
2014-03-05,148.699997,149.190002,145.740005,147.050003,147.050003,281700,BWLD
2014-03-06,147.419998,149.550003,146.490005,149.070007,149.070007,318500,BWLD
2014-03-07,150.000000,151.910004,148.119995,151.910004,151.910004,412400,BWLD
2014-03-10,149.500000,150.860001,147.399994,148.800003,148.800003,632500,BWLD
2014-03-11,149.070007,151.800003,147.740005,148.330002,148.330002,517000,BWLD
2014-03-12,147.210007,150.210007,146.380005,149.369995,149.369995,358400,BWLD
2014-03-13,150.520004,150.960007,146.759995,147.309998,147.309998,309200,BWLD
2014-03-14,147.000000,149.220001,146.770004,148.220001,148.220001,155600,BWLD
2014-03-17,148.899994,153.320007,148.399994,151.639999,151.639999,509900,BWLD
2014-03-18,151.970001,155.250000,151.970001,153.190002,153.190002,588400,BWLD
2014-03-19,153.210007,153.979996,150.009995,151.179993,151.179993,287000,BWLD
2014-03-20,151.960007,154.860001,151.729996,153.160004,153.160004,567700,BWLD
2014-03-21,155.529999,159.809998,155.509995,156.350006,156.350006,1128600,BWLD
2014-03-24,157.899994,159.289993,151.130005,151.960007,151.960007,817800,BWLD
2014-03-25,152.600006,153.990005,146.800003,147.509995,147.509995,683500,BWLD
2014-03-26,148.259995,150.229996,143.440002,143.860001,143.860001,685300,BWLD
2014-03-27,143.240005,144.009995,140.070007,141.550003,141.550003,639900,BWLD
2014-03-28,142.330002,147.649994,142.330002,147.520004,147.520004,552200,BWLD
2014-03-31,149.479996,150.919998,147.690002,148.899994,148.899994,512400,BWLD
2014-04-01,149.649994,153.630005,149.050003,152.039993,152.039993,551200,BWLD
2014-04-02,152.529999,152.529999,145.649994,145.990005,145.990005,923200,BWLD
2014-04-03,146.630005,150.009995,145.770004,146.830002,146.830002,793800,BWLD
2014-04-04,147.399994,148.869995,141.669998,142.990005,142.990005,466600,BWLD
2014-04-07,141.779999,143.350006,137.809998,140.070007,140.070007,467700,BWLD
2014-04-08,140.279999,142.270004,137.369995,141.919998,141.919998,481300,BWLD
2014-04-09,142.199997,144.279999,141.139999,144.070007,144.070007,251400,BWLD
2014-04-10,143.899994,144.389999,139.220001,140.100006,140.100006,275500,BWLD
2014-04-11,138.770004,141.460007,138.000000,139.720001,139.720001,522000,BWLD
2014-04-14,141.919998,143.059998,140.979996,142.080002,142.080002,506300,BWLD
2014-04-15,143.080002,145.000000,139.500000,141.949997,141.949997,607800,BWLD
2014-04-16,143.330002,144.139999,141.399994,143.160004,143.160004,245700,BWLD
2014-04-17,143.470001,144.970001,139.550003,139.869995,139.869995,438300,BWLD
2014-04-21,139.850006,141.149994,138.199997,139.500000,139.500000,297100,BWLD
2014-04-22,140.500000,142.929993,139.039993,142.279999,142.279999,278600,BWLD
2014-04-23,141.990005,143.490005,137.919998,138.649994,138.649994,361900,BWLD
2014-04-24,139.610001,140.050003,137.250000,139.580002,139.580002,299000,BWLD
2014-04-25,138.800003,140.000000,135.509995,136.520004,136.520004,435600,BWLD
2014-04-28,136.740005,137.729996,130.690002,133.389999,133.389999,1092900,BWLD
2014-04-29,140.860001,143.899994,136.759995,140.139999,140.139999,2067700,BWLD
2014-04-30,140.050003,146.330002,139.000000,146.119995,146.119995,968700,BWLD
2014-05-01,145.589996,145.779999,142.949997,144.529999,144.529999,778500,BWLD
2014-05-02,145.020004,147.169998,144.009995,146.220001,146.220001,339600,BWLD
2014-05-05,145.220001,147.059998,143.639999,146.509995,146.509995,414200,BWLD
2014-05-06,146.199997,148.380005,145.160004,146.039993,146.039993,399400,BWLD
2014-05-07,145.770004,146.899994,142.279999,144.690002,144.690002,512500,BWLD
2014-05-08,144.339996,146.320007,142.380005,142.850006,142.850006,427000,BWLD
2014-05-09,140.830002,142.369995,139.009995,141.639999,141.639999,470100,BWLD
2014-05-12,142.669998,146.020004,140.770004,144.600006,144.600006,551800,BWLD
2014-05-13,144.500000,145.270004,141.369995,142.009995,142.009995,445000,BWLD
2014-05-14,141.970001,142.000000,139.500000,140.000000,140.000000,413300,BWLD
2014-05-15,139.179993,140.729996,137.009995,139.919998,139.919998,387900,BWLD
2014-05-16,139.720001,141.000000,138.500000,140.690002,140.690002,236800,BWLD
2014-05-19,140.839996,141.929993,139.470001,141.279999,141.279999,210000,BWLD
2014-05-20,141.029999,141.839996,138.669998,140.360001,140.360001,344000,BWLD
2014-05-21,140.479996,142.580002,139.690002,141.270004,141.270004,192500,BWLD
2014-05-22,141.199997,144.149994,140.529999,143.509995,143.509995,219000,BWLD
2014-05-23,143.669998,144.520004,143.100006,144.089996,144.089996,159300,BWLD
2014-05-27,144.460007,146.509995,144.119995,144.759995,144.759995,228400,BWLD
2014-05-28,144.750000,146.199997,142.779999,145.649994,145.649994,401200,BWLD
2014-05-29,145.750000,146.779999,143.660004,144.919998,144.919998,215900,BWLD
2014-05-30,144.979996,145.279999,142.639999,144.509995,144.509995,263300,BWLD
2014-06-02,144.509995,146.750000,144.130005,146.639999,146.639999,273400,BWLD
2014-06-03,146.570007,148.899994,145.669998,148.449997,148.449997,461300,BWLD
2014-06-04,148.410004,151.320007,147.509995,150.759995,150.759995,412800,BWLD
2014-06-05,150.990005,151.839996,148.679993,150.649994,150.649994,322000,BWLD
2014-06-06,150.800003,152.479996,150.600006,152.220001,152.220001,212600,BWLD
2014-06-09,151.820007,152.479996,150.649994,151.899994,151.899994,248500,BWLD
2014-06-10,151.789993,152.100006,148.580002,149.350006,149.350006,228100,BWLD
2014-06-11,148.759995,151.210007,148.259995,150.690002,150.690002,160300,BWLD
2014-06-12,150.490005,151.490005,148.699997,149.779999,149.779999,334500,BWLD
2014-06-13,149.729996,154.649994,149.000000,153.289993,153.289993,429200,BWLD
2014-06-16,152.369995,153.139999,150.600006,152.130005,152.130005,223300,BWLD
2014-06-17,151.690002,153.570007,150.699997,152.570007,152.570007,248600,BWLD
2014-06-18,152.779999,155.940002,151.720001,155.710007,155.710007,467800,BWLD
2014-06-19,156.820007,159.169998,156.000000,157.119995,157.119995,546100,BWLD
2014-06-20,157.119995,157.399994,155.550003,156.919998,156.919998,548500,BWLD
2014-06-23,158.240005,166.350006,158.240005,166.250000,166.250000,1103900,BWLD
2014-06-24,165.520004,166.000000,162.169998,162.199997,162.199997,598400,BWLD
2014-06-25,162.160004,164.050003,160.589996,163.869995,163.869995,426300,BWLD
2014-06-26,163.860001,165.169998,161.839996,164.169998,164.169998,486600,BWLD
2014-06-27,163.600006,166.399994,163.250000,164.130005,164.130005,649700,BWLD
2014-06-30,164.500000,165.830002,163.000000,165.710007,165.710007,463300,BWLD
2014-07-01,166.000000,167.360001,164.869995,164.990005,164.990005,438300,BWLD
2014-07-02,163.800003,163.800003,160.080002,160.830002,160.830002,681600,BWLD
2014-07-03,161.389999,162.759995,161.320007,162.330002,162.330002,262100,BWLD
2014-07-07,160.929993,161.910004,158.330002,158.589996,158.589996,393400,BWLD
2014-07-08,158.199997,159.440002,154.850006,156.960007,156.960007,555000,BWLD
2014-07-09,156.979996,160.110001,156.309998,159.460007,159.460007,322800,BWLD
2014-07-10,156.350006,158.559998,154.610001,157.259995,157.259995,352300,BWLD
2014-07-11,156.820007,157.240005,155.500000,156.080002,156.080002,208500,BWLD
2014-07-14,157.089996,157.740005,155.860001,156.509995,156.509995,319300,BWLD
2014-07-15,156.029999,157.619995,154.399994,154.630005,154.630005,343300,BWLD
2014-07-16,155.470001,156.360001,153.210007,153.350006,153.350006,301000,BWLD
2014-07-17,152.750000,154.250000,150.320007,150.630005,150.630005,340500,BWLD
2014-07-18,150.429993,154.490005,150.429993,153.550003,153.550003,243800,BWLD
2014-07-21,152.610001,153.389999,151.059998,151.130005,151.130005,282500,BWLD
2014-07-22,152.960007,158.000000,152.820007,157.649994,157.649994,484900,BWLD
2014-07-23,158.000000,159.850006,157.639999,158.559998,158.559998,398400,BWLD
2014-07-24,159.080002,161.770004,158.440002,160.979996,160.979996,407300,BWLD
2014-07-25,160.270004,162.679993,159.119995,162.360001,162.360001,389300,BWLD
2014-07-28,163.250000,165.639999,163.250000,164.729996,164.729996,574300,BWLD
2014-07-29,166.419998,167.639999,164.220001,167.149994,167.149994,1640400,BWLD
2014-07-30,151.009995,152.470001,141.119995,145.169998,145.169998,4195500,BWLD
2014-07-31,146.490005,146.500000,143.559998,145.320007,145.320007,951100,BWLD
2014-08-01,145.910004,147.479996,145.279999,146.259995,146.259995,613400,BWLD
2014-08-04,146.300003,147.009995,144.490005,145.589996,145.589996,403700,BWLD
2014-08-05,144.690002,146.360001,143.699997,144.139999,144.139999,406600,BWLD
2014-08-06,143.600006,145.100006,142.339996,143.169998,143.169998,324800,BWLD
2014-08-07,143.490005,144.529999,141.860001,142.449997,142.449997,373200,BWLD
2014-08-08,142.940002,143.380005,142.050003,142.330002,142.330002,282900,BWLD
2014-08-11,142.910004,143.000000,141.449997,142.600006,142.600006,545400,BWLD
2014-08-12,144.729996,144.919998,143.339996,143.830002,143.830002,394600,BWLD
2014-08-13,144.729996,144.740005,143.759995,143.910004,143.910004,284200,BWLD
2014-08-14,143.869995,144.479996,141.610001,142.800003,142.800003,449900,BWLD
2014-08-15,143.380005,143.750000,141.679993,142.809998,142.809998,402700,BWLD
2014-08-18,143.850006,144.470001,143.240005,144.440002,144.440002,396800,BWLD
2014-08-19,144.380005,144.990005,143.800003,144.259995,144.259995,279600,BWLD
2014-08-20,144.020004,144.929993,142.679993,144.070007,144.070007,269600,BWLD
2014-08-21,144.449997,144.759995,143.210007,143.619995,143.619995,249000,BWLD
2014-08-22,144.100006,144.669998,142.619995,144.300003,144.300003,306600,BWLD
2014-08-25,144.820007,149.259995,144.789993,147.160004,147.160004,578500,BWLD
2014-08-26,148.050003,149.360001,147.899994,147.979996,147.979996,481400,BWLD
2014-08-27,148.070007,148.660004,146.589996,147.740005,147.740005,321800,BWLD
2014-08-28,147.529999,149.000000,147.070007,147.690002,147.690002,276600,BWLD
2014-08-29,148.190002,148.990005,147.009995,147.750000,147.750000,179600,BWLD
2014-09-02,148.020004,148.850006,146.100006,146.970001,146.970001,321700,BWLD
2014-09-03,147.500000,147.500000,144.360001,144.669998,144.669998,364600,BWLD
2014-09-04,144.559998,147.199997,144.559998,146.210007,146.210007,200500,BWLD
2014-09-05,145.770004,147.119995,144.449997,147.050003,147.050003,270500,BWLD
2014-09-08,146.820007,147.809998,146.330002,147.630005,147.630005,153500,BWLD
2014-09-09,147.830002,148.190002,146.610001,146.669998,146.669998,226500,BWLD
2014-09-10,146.600006,148.970001,146.580002,148.699997,148.699997,312100,BWLD
2014-09-11,148.320007,148.940002,147.380005,147.660004,147.660004,282500,BWLD
2014-09-12,147.080002,147.570007,144.429993,144.490005,144.490005,359400,BWLD
2014-09-15,143.990005,144.029999,138.210007,140.500000,140.500000,801200,BWLD
2014-09-16,139.860001,141.649994,139.020004,141.029999,141.029999,360700,BWLD
2014-09-17,140.899994,142.869995,139.520004,141.059998,141.059998,375700,BWLD
2014-09-18,141.699997,141.699997,139.839996,140.910004,140.910004,259000,BWLD
2014-09-19,140.960007,142.550003,139.880005,140.729996,140.729996,454500,BWLD
2014-09-22,139.800003,139.800003,135.509995,135.520004,135.520004,490200,BWLD
2014-09-23,135.429993,135.979996,132.899994,132.949997,132.949997,546900,BWLD
2014-09-24,134.000000,136.740005,133.509995,136.059998,136.059998,677600,BWLD
2014-09-25,136.179993,137.679993,133.460007,133.929993,133.929993,480500,BWLD
2014-09-26,134.119995,136.149994,134.119995,135.369995,135.369995,295900,BWLD
2014-09-29,134.419998,136.119995,134.050003,135.380005,135.380005,343100,BWLD
2014-09-30,135.550003,136.490005,134.139999,134.270004,134.270004,402600,BWLD
2014-10-01,134.309998,134.550003,131.759995,131.929993,131.929993,468800,BWLD
2014-10-02,132.000000,135.660004,131.990005,135.500000,135.500000,547000,BWLD
2014-10-03,137.009995,139.000000,135.820007,137.110001,137.110001,525500,BWLD
2014-10-06,133.850006,134.649994,128.800003,131.619995,131.619995,1112800,BWLD
2014-10-07,130.690002,131.000000,125.029999,125.269997,125.269997,1094600,BWLD
2014-10-08,125.209999,127.410004,125.209999,127.269997,127.269997,799100,BWLD
2014-10-09,126.309998,126.889999,124.000000,124.129997,124.129997,656600,BWLD
2014-10-10,123.900002,127.239998,122.769997,123.739998,123.739998,694300,BWLD
2014-10-13,123.779999,125.209999,122.150002,122.959999,122.959999,521400,BWLD
2014-10-14,122.860001,127.019997,122.669998,126.339996,126.339996,735100,BWLD
2014-10-15,124.820000,128.470001,123.919998,127.519997,127.519997,731300,BWLD
2014-10-16,125.959999,131.020004,125.080002,130.979996,130.979996,694300,BWLD
2014-10-17,132.550003,133.000000,129.339996,130.320007,130.320007,558000,BWLD
2014-10-20,130.199997,132.850006,130.110001,132.559998,132.559998,436900,BWLD
2014-10-21,132.860001,133.529999,130.429993,131.589996,131.589996,549600,BWLD
2014-10-22,131.979996,132.309998,128.800003,129.440002,129.440002,700400,BWLD
2014-10-23,130.279999,131.520004,128.419998,129.000000,129.000000,643300,BWLD
2014-10-24,129.839996,135.500000,129.000000,135.399994,135.399994,1045900,BWLD
2014-10-27,136.380005,136.600006,132.729996,133.820007,133.820007,1546900,BWLD
2014-10-28,145.000000,153.259995,143.860001,151.679993,151.679993,2690100,BWLD
2014-10-29,150.979996,152.500000,148.339996,149.350006,149.350006,921500,BWLD
2014-10-30,149.240005,150.630005,148.500000,150.039993,150.039993,638100,BWLD
2014-10-31,151.839996,151.860001,148.500000,149.279999,149.279999,559000,BWLD
2014-11-03,149.000000,149.990005,148.229996,149.119995,149.119995,436300,BWLD
2014-11-04,148.520004,153.699997,148.410004,152.779999,152.779999,590600,BWLD
2014-11-05,153.190002,154.229996,151.759995,153.869995,153.869995,490800,BWLD
2014-11-06,154.589996,156.869995,154.330002,156.080002,156.080002,513900,BWLD
2014-11-07,156.360001,157.610001,155.110001,157.509995,157.509995,438700,BWLD
2014-11-10,157.830002,159.479996,156.979996,159.229996,159.229996,456700,BWLD
2014-11-11,160.000000,162.729996,159.649994,162.570007,162.570007,841300,BWLD
2014-11-12,162.169998,163.330002,159.800003,163.000000,163.000000,564700,BWLD
2014-11-13,163.500000,164.479996,161.889999,162.949997,162.949997,433500,BWLD
2014-11-14,162.000000,164.000000,161.860001,162.669998,162.669998,263500,BWLD
2014-11-17,162.179993,162.600006,159.440002,159.789993,159.789993,375200,BWLD
2014-11-18,159.300003,163.100006,158.649994,160.860001,160.860001,552000,BWLD
2014-11-19,161.990005,164.199997,161.139999,161.389999,161.389999,442200,BWLD
2014-11-20,161.149994,164.410004,161.149994,163.080002,163.080002,304000,BWLD
2014-11-21,164.759995,164.759995,162.580002,163.830002,163.830002,275100,BWLD
2014-11-24,164.740005,168.000000,164.289993,167.289993,167.289993,380600,BWLD
2014-11-25,167.889999,169.740005,167.139999,167.460007,167.460007,483800,BWLD
2014-11-26,167.270004,167.520004,165.460007,166.610001,166.610001,324600,BWLD
2014-11-28,167.559998,171.089996,166.630005,170.210007,170.210007,316500,BWLD
2014-12-01,170.279999,170.750000,166.250000,166.320007,166.320007,332500,BWLD
2014-12-02,166.320007,170.380005,165.009995,169.869995,169.869995,380100,BWLD
2014-12-03,169.190002,170.229996,168.240005,169.550003,169.550003,343600,BWLD
2014-12-04,171.000000,171.000000,168.080002,169.770004,169.770004,321600,BWLD
2014-12-05,170.550003,170.729996,168.080002,169.589996,169.589996,283800,BWLD
2014-12-08,168.529999,170.389999,167.429993,168.509995,168.509995,233800,BWLD
2014-12-09,165.889999,170.559998,165.309998,170.100006,170.100006,368900,BWLD
2014-12-10,169.410004,172.220001,167.809998,167.940002,167.940002,392900,BWLD
2014-12-11,169.289993,171.369995,167.759995,168.389999,168.389999,273300,BWLD
2014-12-12,167.289993,171.889999,167.000000,169.889999,169.889999,332900,BWLD
2014-12-15,170.220001,171.639999,167.009995,168.979996,168.979996,349800,BWLD
2014-12-16,168.179993,169.899994,167.179993,167.720001,167.720001,297200,BWLD
2014-12-17,168.710007,172.679993,167.500000,172.550003,172.550003,268000,BWLD
2014-12-18,174.000000,174.000000,171.210007,173.389999,173.389999,266900,BWLD
2014-12-19,174.720001,179.979996,173.449997,178.410004,178.410004,600000,BWLD
2014-12-22,179.429993,179.830002,176.990005,179.190002,179.190002,356700,BWLD
2014-12-23,179.789993,181.360001,178.110001,181.130005,181.130005,240700,BWLD
2014-12-24,182.149994,183.729996,181.259995,182.070007,182.070007,264600,BWLD
2014-12-26,182.059998,183.289993,181.000000,183.080002,183.080002,188700,BWLD
2014-12-29,182.529999,183.979996,181.929993,183.929993,183.929993,219600,BWLD
2014-12-30,183.149994,183.759995,180.500000,181.660004,181.660004,247000,BWLD
2014-12-31,182.100006,184.100006,180.229996,180.380005,180.380005,224400,BWLD
2015-01-02,182.039993,182.899994,176.929993,178.639999,178.639999,306000,BWLD
2015-01-05,175.000000,182.500000,174.720001,177.190002,177.190002,675400,BWLD
2015-01-06,178.380005,179.850006,173.830002,177.970001,177.970001,426100,BWLD
2015-01-07,180.289993,185.820007,179.649994,185.750000,185.750000,466000,BWLD
2015-01-08,186.000000,186.449997,184.080002,184.910004,184.910004,438000,BWLD
2015-01-09,184.320007,186.759995,183.100006,186.070007,186.070007,327900,BWLD
2015-01-12,186.690002,187.020004,183.110001,184.199997,184.199997,339500,BWLD
2015-01-13,185.990005,188.559998,185.190002,188.399994,188.399994,514700,BWLD
2015-01-14,185.899994,187.119995,182.130005,184.710007,184.710007,494100,BWLD
2015-01-15,184.000000,184.559998,179.039993,179.610001,179.610001,415800,BWLD
2015-01-16,178.889999,181.750000,177.710007,178.830002,178.830002,458900,BWLD
2015-01-20,179.710007,183.350006,178.529999,182.800003,182.800003,535800,BWLD
2015-01-21,182.479996,183.500000,179.630005,180.210007,180.210007,436000,BWLD
2015-01-22,181.699997,182.369995,178.690002,181.500000,181.500000,284400,BWLD
2015-01-23,181.500000,181.500000,176.630005,179.220001,179.220001,654000,BWLD
2015-01-26,179.610001,183.240005,179.610001,183.199997,183.199997,418800,BWLD
2015-01-27,181.389999,183.449997,181.119995,182.190002,182.190002,282600,BWLD
2015-01-28,183.800003,189.869995,183.360001,183.360001,183.360001,625400,BWLD
2015-01-29,184.309998,184.740005,181.710007,182.740005,182.740005,277900,BWLD
2015-01-30,182.080002,183.940002,177.600006,178.320007,178.320007,545600,BWLD
2015-02-02,179.589996,179.880005,174.199997,177.259995,177.259995,383900,BWLD
2015-02-03,178.000000,181.179993,176.250000,180.649994,180.649994,287800,BWLD
2015-02-04,178.779999,182.320007,177.449997,181.059998,181.059998,639800,BWLD
2015-02-05,181.309998,183.500000,179.000000,180.289993,180.289993,886500,BWLD
2015-02-06,188.500000,195.830002,188.000000,193.119995,193.119995,1352700,BWLD
2015-02-09,190.449997,190.740005,187.460007,187.559998,187.559998,708900,BWLD
2015-02-10,187.949997,191.380005,187.220001,190.610001,190.610001,341400,BWLD
2015-02-11,190.770004,192.500000,189.389999,190.149994,190.149994,272900,BWLD
2015-02-12,190.169998,190.990005,185.649994,186.970001,186.970001,638900,BWLD
2015-02-13,186.460007,188.389999,185.399994,187.270004,187.270004,252700,BWLD
2015-02-17,187.320007,188.649994,187.000000,188.539993,188.539993,401500,BWLD
2015-02-18,188.800003,191.979996,187.000000,190.710007,190.710007,258800,BWLD
2015-02-19,190.990005,193.000000,189.800003,190.860001,190.860001,254700,BWLD
2015-02-20,191.350006,191.399994,188.080002,190.179993,190.179993,306800,BWLD
2015-02-23,189.490005,191.100006,189.490005,191.039993,191.039993,271200,BWLD
2015-02-24,191.750000,193.240005,190.729996,191.639999,191.639999,279100,BWLD
2015-02-25,191.110001,193.740005,190.529999,192.449997,192.449997,215000,BWLD
2015-02-26,192.710007,193.990005,191.220001,191.740005,191.740005,272000,BWLD
2015-02-27,191.369995,192.330002,190.460007,191.119995,191.119995,368100,BWLD
2015-03-02,191.220001,193.779999,191.220001,192.529999,192.529999,379300,BWLD
2015-03-03,191.729996,191.929993,188.559998,190.059998,190.059998,244500,BWLD
2015-03-04,188.740005,189.300003,185.520004,187.429993,187.429993,291900,BWLD
2015-03-05,187.419998,189.320007,186.610001,187.679993,187.679993,139800,BWLD
2015-03-06,186.520004,187.440002,184.619995,185.270004,185.270004,262500,BWLD
2015-03-09,185.100006,189.919998,185.100006,189.380005,189.380005,215500,BWLD
2015-03-10,188.500000,188.949997,185.320007,186.029999,186.029999,196700,BWLD
2015-03-11,184.050003,185.199997,181.240005,182.410004,182.410004,348500,BWLD
2015-03-12,182.970001,186.830002,182.440002,186.740005,186.740005,201500,BWLD
2015-03-13,187.020004,187.720001,183.699997,184.570007,184.570007,209000,BWLD
2015-03-16,186.729996,190.759995,183.639999,189.740005,189.740005,524300,BWLD
2015-03-17,189.350006,190.100006,187.509995,189.600006,189.600006,2407300,BWLD
2015-03-18,189.800003,193.520004,188.750000,190.309998,190.309998,522100,BWLD
2015-03-19,189.050003,190.839996,187.369995,188.160004,188.160004,350900,BWLD
2015-03-20,189.229996,189.929993,186.559998,187.160004,187.160004,539600,BWLD
2015-03-23,186.940002,188.229996,184.509995,187.559998,187.559998,505700,BWLD
2015-03-24,187.610001,188.050003,186.509995,186.990005,186.990005,204400,BWLD
2015-03-25,187.619995,187.619995,181.779999,181.880005,181.880005,359100,BWLD
2015-03-26,180.789993,182.669998,178.470001,181.309998,181.309998,271300,BWLD
2015-03-27,181.690002,184.220001,180.639999,182.330002,182.330002,158200,BWLD
2015-03-30,182.520004,185.000000,182.520004,182.970001,182.970001,206700,BWLD
2015-03-31,182.660004,183.880005,181.009995,181.240005,181.240005,279000,BWLD
2015-04-01,180.460007,182.029999,177.789993,178.250000,178.250000,307400,BWLD
2015-04-02,178.789993,179.789993,177.500000,178.490005,178.490005,311600,BWLD
2015-04-06,176.520004,180.110001,175.559998,178.740005,178.740005,285300,BWLD
2015-04-07,178.740005,179.699997,176.809998,177.149994,177.149994,278100,BWLD
2015-04-08,177.919998,183.529999,177.919998,183.399994,183.399994,448200,BWLD
2015-04-09,182.679993,184.770004,179.309998,182.679993,182.679993,387100,BWLD
2015-04-10,183.690002,186.660004,182.899994,184.889999,184.889999,342000,BWLD
2015-04-13,184.179993,185.809998,183.000000,183.380005,183.380005,274500,BWLD
2015-04-14,182.570007,184.009995,180.100006,181.580002,181.580002,199600,BWLD
2015-04-15,182.880005,184.119995,180.089996,182.330002,182.330002,238400,BWLD
2015-04-16,181.080002,183.990005,179.110001,179.220001,179.220001,375800,BWLD
2015-04-17,178.389999,178.479996,175.100006,175.509995,175.509995,333600,BWLD
2015-04-20,176.509995,179.809998,176.009995,177.800003,177.800003,314300,BWLD
2015-04-21,177.389999,180.949997,176.779999,178.809998,178.809998,311300,BWLD
2015-04-22,178.300003,178.300003,173.500000,175.050003,175.050003,485000,BWLD
2015-04-23,175.500000,179.570007,175.500000,178.660004,178.660004,348700,BWLD
2015-04-24,179.279999,180.789993,177.750000,180.500000,180.500000,395600,BWLD
2015-04-27,182.250000,184.289993,178.509995,179.149994,179.149994,566200,BWLD
2015-04-28,179.160004,183.949997,177.100006,183.699997,183.699997,1069400,BWLD
2015-04-29,161.509995,166.649994,155.750000,160.250000,160.250000,3470700,BWLD
2015-04-30,164.490005,165.529999,158.009995,159.300003,159.300003,1439900,BWLD
2015-05-01,160.440002,161.750000,155.860001,157.360001,157.360001,715800,BWLD
2015-05-04,157.809998,161.000000,157.330002,158.639999,158.639999,492200,BWLD
2015-05-05,157.750000,158.580002,156.110001,156.990005,156.990005,463600,BWLD
2015-05-06,157.070007,157.520004,152.070007,153.520004,153.520004,820100,BWLD
2015-05-07,153.250000,156.270004,153.029999,155.449997,155.449997,415400,BWLD
2015-05-08,157.279999,158.880005,155.610001,156.759995,156.759995,485400,BWLD
2015-05-11,156.960007,158.399994,156.210007,156.529999,156.529999,350200,BWLD
2015-05-12,156.250000,159.619995,154.490005,158.600006,158.600006,508500,BWLD
2015-05-13,158.059998,159.779999,156.789993,158.070007,158.070007,421100,BWLD
2015-05-14,158.500000,158.500000,155.779999,158.250000,158.250000,499000,BWLD
2015-05-15,158.580002,158.580002,156.380005,157.119995,157.119995,452000,BWLD
2015-05-18,156.169998,158.179993,154.669998,157.289993,157.289993,544700,BWLD
2015-05-19,158.000000,158.820007,156.690002,157.779999,157.779999,420400,BWLD
2015-05-20,157.740005,158.490005,156.330002,157.520004,157.520004,248500,BWLD
2015-05-21,157.160004,158.279999,156.649994,157.699997,157.699997,295400,BWLD
2015-05-22,157.770004,158.720001,155.210007,155.479996,155.479996,482100,BWLD
2015-05-26,154.830002,155.520004,151.000000,152.419998,152.419998,765700,BWLD
2015-05-27,152.660004,156.009995,152.059998,156.000000,156.000000,573500,BWLD
2015-05-28,155.500000,155.639999,153.360001,154.369995,154.369995,510400,BWLD
2015-05-29,154.300003,155.399994,152.570007,152.669998,152.669998,441700,BWLD
2015-06-01,153.089996,153.970001,151.210007,152.580002,152.580002,430600,BWLD
2015-06-02,151.990005,153.550003,151.809998,152.399994,152.399994,370700,BWLD
2015-06-03,152.399994,153.229996,151.550003,152.289993,152.289993,393800,BWLD
2015-06-04,152.339996,153.350006,151.110001,151.809998,151.809998,352900,BWLD
2015-06-05,151.960007,153.669998,149.000000,153.380005,153.380005,370300,BWLD
2015-06-08,153.080002,154.350006,152.550003,153.250000,153.250000,315800,BWLD
2015-06-09,152.570007,153.050003,151.600006,152.110001,152.110001,222500,BWLD
2015-06-10,152.029999,155.429993,152.009995,155.029999,155.029999,455100,BWLD
2015-06-11,155.500000,156.720001,155.309998,155.960007,155.960007,375000,BWLD
2015-06-12,157.279999,161.089996,157.279999,160.919998,160.919998,1145000,BWLD
2015-06-15,159.850006,160.419998,157.970001,159.029999,159.029999,565500,BWLD
2015-06-16,158.270004,160.690002,158.199997,158.850006,158.850006,413300,BWLD
2015-06-17,158.860001,159.990005,158.500000,159.229996,159.229996,258400,BWLD
2015-06-18,159.130005,160.850006,158.770004,159.479996,159.479996,309200,BWLD
2015-06-19,159.699997,159.960007,157.199997,157.279999,157.279999,535300,BWLD
2015-06-22,158.690002,158.690002,156.660004,157.539993,157.539993,322400,BWLD
2015-06-23,158.020004,158.330002,155.539993,156.809998,156.809998,420300,BWLD
2015-06-24,156.720001,158.000000,156.500000,157.610001,157.610001,349500,BWLD
2015-06-25,158.300003,158.869995,157.059998,158.740005,158.740005,380700,BWLD
2015-06-26,159.529999,160.919998,158.699997,160.199997,160.199997,581300,BWLD
2015-06-29,158.720001,159.429993,155.720001,155.830002,155.830002,420000,BWLD
2015-06-30,156.199997,157.910004,156.000000,156.690002,156.690002,254900,BWLD
2015-07-01,158.960007,160.089996,157.570007,159.880005,159.880005,469300,BWLD
2015-07-02,159.520004,163.080002,159.520004,161.919998,161.919998,459300,BWLD
2015-07-06,160.580002,161.809998,159.220001,160.130005,160.130005,351800,BWLD
2015-07-07,159.339996,162.869995,158.649994,162.440002,162.440002,405800,BWLD
2015-07-08,161.690002,165.800003,160.850006,163.820007,163.820007,700600,BWLD
2015-07-09,165.000000,165.990005,163.110001,163.770004,163.770004,409100,BWLD
2015-07-10,165.460007,167.410004,164.199997,167.110001,167.110001,365400,BWLD
2015-07-13,168.369995,170.990005,168.000000,170.539993,170.539993,464800,BWLD
2015-07-14,172.779999,173.250000,170.500000,170.690002,170.690002,470500,BWLD
2015-07-15,169.699997,170.649994,167.160004,168.160004,168.160004,284000,BWLD
2015-07-16,169.710007,170.899994,167.800003,169.979996,169.979996,282200,BWLD
2015-07-17,169.860001,171.479996,169.309998,170.339996,170.339996,350900,BWLD
2015-07-20,170.679993,173.710007,170.139999,170.449997,170.449997,527000,BWLD
2015-07-21,170.529999,171.929993,169.350006,170.899994,170.899994,437300,BWLD
2015-07-22,169.610001,174.529999,166.649994,174.460007,174.460007,534800,BWLD
2015-07-23,175.000000,175.000000,171.169998,171.860001,171.860001,620600,BWLD
2015-07-24,170.100006,171.929993,168.750000,169.570007,169.570007,372900,BWLD
2015-07-27,169.839996,171.410004,167.839996,168.570007,168.570007,506900,BWLD
2015-07-28,169.639999,171.929993,168.149994,171.279999,171.279999,1213700,BWLD
2015-07-29,191.000000,194.949997,186.800003,189.740005,189.740005,2493200,BWLD
2015-07-30,189.000000,196.000000,186.100006,195.190002,195.190002,959800,BWLD
2015-07-31,195.490005,197.589996,193.839996,195.580002,195.580002,480600,BWLD
2015-08-03,195.990005,196.449997,192.600006,193.919998,193.919998,435000,BWLD
2015-08-04,193.399994,196.080002,193.139999,195.830002,195.830002,340800,BWLD
2015-08-05,195.809998,197.699997,195.300003,196.830002,196.830002,259400,BWLD
2015-08-06,197.190002,197.190002,191.500000,192.190002,192.190002,395600,BWLD
2015-08-07,192.649994,193.889999,190.009995,192.699997,192.699997,342300,BWLD
2015-08-10,193.179993,196.500000,193.179993,195.210007,195.210007,547800,BWLD
2015-08-11,193.630005,196.820007,192.660004,195.389999,195.389999,320500,BWLD
2015-08-12,193.580002,196.500000,192.119995,195.690002,195.690002,361000,BWLD
2015-08-13,195.630005,198.000000,193.610001,196.529999,196.529999,355600,BWLD
2015-08-14,196.029999,196.990005,194.720001,195.839996,195.839996,264400,BWLD
2015-08-17,195.000000,199.000000,194.380005,198.139999,198.139999,257000,BWLD
2015-08-18,198.820007,199.410004,195.830002,196.020004,196.020004,293100,BWLD
2015-08-19,197.970001,199.789993,196.000000,197.990005,197.990005,532400,BWLD
2015-08-20,195.660004,196.880005,192.369995,193.679993,193.679993,429100,BWLD
2015-08-21,190.009995,193.000000,188.630005,189.529999,189.529999,481300,BWLD
2015-08-24,180.990005,193.020004,179.009995,186.830002,186.830002,554800,BWLD
2015-08-25,189.160004,192.300003,185.789993,186.139999,186.139999,522800,BWLD
2015-08-26,190.210007,193.979996,187.020004,193.089996,193.089996,582600,BWLD
2015-08-27,193.710007,196.860001,192.020004,195.639999,195.639999,499200,BWLD
2015-08-28,195.500000,196.869995,193.039993,194.059998,194.059998,337000,BWLD
2015-08-31,193.839996,195.429993,189.270004,189.679993,189.679993,264700,BWLD
2015-09-01,189.699997,192.100006,188.669998,191.050003,191.050003,465700,BWLD
2015-09-02,192.289993,195.119995,190.130005,195.080002,195.080002,365600,BWLD
2015-09-03,195.399994,198.089996,193.539993,197.199997,197.199997,375700,BWLD
2015-09-04,194.009995,197.399994,193.020004,196.610001,196.610001,305100,BWLD
2015-09-08,199.699997,202.389999,195.949997,201.699997,201.699997,446600,BWLD
2015-09-09,204.339996,204.699997,198.300003,198.820007,198.820007,421400,BWLD
2015-09-10,198.000000,201.000000,197.199997,197.839996,197.839996,253600,BWLD
2015-09-11,197.610001,201.320007,197.529999,201.139999,201.139999,280300,BWLD
2015-09-14,201.779999,202.399994,198.119995,199.389999,199.389999,344800,BWLD
2015-09-15,199.100006,201.389999,196.869995,200.479996,200.479996,265200,BWLD
2015-09-16,199.940002,200.419998,197.080002,199.449997,199.449997,276400,BWLD
2015-09-17,198.860001,202.720001,198.559998,199.320007,199.320007,371900,BWLD
2015-09-18,197.070007,201.899994,197.000000,199.720001,199.720001,553000,BWLD
2015-09-21,201.479996,205.619995,199.729996,203.899994,203.899994,410700,BWLD
2015-09-22,202.949997,204.860001,201.449997,203.029999,203.029999,319100,BWLD
2015-09-23,203.539993,205.830002,202.529999,205.729996,205.729996,339200,BWLD
2015-09-24,202.630005,205.259995,200.850006,203.070007,203.070007,335000,BWLD
2015-09-25,203.270004,205.149994,196.509995,196.750000,196.750000,468900,BWLD
2015-09-28,196.740005,198.479996,191.610001,193.190002,193.190002,412200,BWLD
2015-09-29,193.110001,196.929993,192.000000,193.449997,193.449997,379400,BWLD
2015-09-30,196.039993,196.039993,192.720001,193.429993,193.429993,328400,BWLD
2015-10-01,193.360001,193.800003,188.429993,191.639999,191.639999,378500,BWLD
2015-10-02,190.699997,193.610001,186.570007,193.580002,193.580002,376600,BWLD
2015-10-05,194.399994,194.399994,191.220001,192.809998,192.809998,377300,BWLD
2015-10-06,194.000000,194.320007,189.660004,190.839996,190.839996,382000,BWLD
2015-10-07,190.800003,194.589996,186.940002,194.160004,194.160004,432200,BWLD
2015-10-08,193.509995,198.419998,192.059998,197.210007,197.210007,433000,BWLD
2015-10-09,197.380005,197.800003,195.639999,196.139999,196.139999,243900,BWLD
2015-10-12,195.850006,197.460007,189.850006,192.259995,192.259995,563600,BWLD
2015-10-13,191.539993,193.410004,189.500000,189.600006,189.600006,344100,BWLD
2015-10-14,189.600006,190.979996,182.389999,183.550003,183.550003,477200,BWLD
2015-10-15,184.440002,186.289993,180.039993,185.910004,185.910004,795400,BWLD
2015-10-16,186.339996,187.470001,184.639999,186.820007,186.820007,374800,BWLD
2015-10-19,188.690002,190.910004,187.910004,189.649994,189.649994,452300,BWLD
2015-10-20,188.820007,189.820007,184.899994,186.660004,186.660004,398300,BWLD
2015-10-21,184.020004,184.440002,176.830002,177.679993,177.679993,890900,BWLD
2015-10-22,178.339996,179.419998,173.809998,176.169998,176.169998,448200,BWLD
2015-10-23,177.529999,177.979996,173.580002,176.429993,176.429993,629900,BWLD
2015-10-26,176.720001,183.100006,175.259995,182.440002,182.440002,570800,BWLD
2015-10-27,182.139999,184.000000,179.270004,182.190002,182.190002,669700,BWLD
2015-10-28,181.639999,185.229996,180.009995,184.399994,184.399994,1666200,BWLD
2015-10-29,155.949997,159.720001,148.039993,152.449997,152.449997,4321600,BWLD
2015-10-30,152.460007,155.210007,149.610001,154.270004,154.270004,1477300,BWLD
2015-11-02,153.929993,153.960007,150.839996,151.380005,151.380005,946400,BWLD
2015-11-03,151.800003,153.000000,150.750000,151.800003,151.800003,650000,BWLD
2015-11-04,152.199997,153.199997,149.309998,152.100006,152.100006,772500,BWLD
2015-11-05,152.029999,152.419998,149.330002,151.830002,151.830002,624000,BWLD
2015-11-06,151.929993,154.429993,151.199997,152.470001,152.470001,566900,BWLD
2015-11-09,154.039993,154.479996,151.399994,153.259995,153.259995,714000,BWLD
2015-11-10,152.309998,155.460007,151.820007,155.229996,155.229996,604800,BWLD
2015-11-11,155.820007,156.710007,152.759995,154.869995,154.869995,535900,BWLD
2015-11-12,154.080002,155.369995,152.699997,153.000000,153.000000,393200,BWLD
2015-11-13,152.089996,153.199997,148.990005,149.649994,149.649994,521300,BWLD
2015-11-16,149.869995,152.059998,147.690002,151.399994,151.399994,455200,BWLD
2015-11-17,152.000000,154.699997,151.470001,152.350006,152.350006,444300,BWLD
2015-11-18,152.550003,155.330002,151.669998,155.110001,155.110001,569100,BWLD
2015-11-19,155.830002,156.869995,153.800003,155.039993,155.039993,429200,BWLD
2015-11-20,155.589996,156.330002,154.740005,155.029999,155.029999,480200,BWLD
2015-11-23,155.860001,158.800003,155.850006,158.160004,158.160004,588400,BWLD
2015-11-24,157.899994,158.779999,155.880005,157.199997,157.199997,546100,BWLD
2015-11-25,157.649994,161.949997,157.029999,161.160004,161.160004,470900,BWLD
2015-11-27,161.699997,161.809998,159.399994,160.270004,160.270004,134600,BWLD
2015-11-30,160.990005,161.770004,159.759995,160.240005,160.240005,364500,BWLD
2015-12-01,160.199997,161.500000,158.919998,159.770004,159.770004,485700,BWLD
2015-12-02,160.050003,161.960007,159.080002,159.660004,159.660004,484100,BWLD
2015-12-03,159.639999,160.350006,156.309998,157.619995,157.619995,392900,BWLD
2015-12-04,158.300003,161.669998,158.259995,161.550003,161.550003,443900,BWLD
2015-12-07,161.089996,164.960007,160.509995,163.080002,163.080002,453700,BWLD
2015-12-08,161.449997,164.990005,161.449997,164.779999,164.779999,377600,BWLD
2015-12-09,163.699997,165.889999,161.529999,162.009995,162.009995,563400,BWLD
2015-12-10,162.490005,163.990005,158.699997,159.630005,159.630005,444600,BWLD
2015-12-11,158.119995,160.000000,157.500000,158.619995,158.619995,302900,BWLD
2015-12-14,158.490005,161.660004,158.490005,159.600006,159.600006,339600,BWLD
2015-12-15,159.669998,161.800003,158.789993,159.539993,159.539993,384300,BWLD
2015-12-16,160.750000,161.750000,156.100006,159.649994,159.649994,348500,BWLD
2015-12-17,160.000000,160.500000,156.800003,156.850006,156.850006,426500,BWLD
2015-12-18,156.830002,158.000000,153.990005,154.089996,154.089996,571900,BWLD
2015-12-21,156.970001,159.990005,156.160004,158.470001,158.470001,653700,BWLD
2015-12-22,158.460007,160.440002,156.929993,159.190002,159.190002,343600,BWLD
2015-12-23,160.130005,160.559998,159.119995,160.229996,160.229996,230900,BWLD
2015-12-24,159.589996,162.690002,159.589996,162.279999,162.279999,162900,BWLD
2015-12-28,162.179993,162.850006,158.630005,160.949997,160.949997,328000,BWLD
2015-12-29,161.179993,162.639999,160.369995,161.250000,161.250000,276700,BWLD
2015-12-30,161.259995,161.589996,160.080002,160.899994,160.899994,210500,BWLD
2015-12-31,160.899994,161.839996,159.509995,159.649994,159.649994,251400,BWLD
2016-01-04,158.740005,159.419998,156.100006,156.990005,156.990005,498400,BWLD
2016-01-05,156.160004,159.979996,156.160004,158.330002,158.330002,350700,BWLD
2016-01-06,156.899994,158.009995,153.520004,154.580002,154.580002,428900,BWLD
2016-01-07,152.149994,156.229996,151.919998,154.229996,154.229996,633400,BWLD
2016-01-08,154.630005,157.500000,154.100006,155.630005,155.630005,509000,BWLD
2016-01-11,156.820007,157.919998,153.029999,155.929993,155.929993,357200,BWLD
2016-01-12,156.880005,158.899994,154.369995,157.139999,157.139999,394300,BWLD
2016-01-13,157.259995,157.259995,152.699997,153.130005,153.130005,462900,BWLD
2016-01-14,153.000000,153.880005,150.000000,151.220001,151.220001,621900,BWLD
2016-01-15,147.910004,149.750000,142.759995,147.509995,147.509995,916200,BWLD
2016-01-19,147.440002,148.860001,143.630005,145.399994,145.399994,476200,BWLD
2016-01-20,144.130005,147.600006,140.199997,145.690002,145.690002,599900,BWLD
2016-01-21,146.169998,150.460007,144.679993,147.779999,147.779999,475900,BWLD
2016-01-22,148.000000,152.070007,146.729996,152.070007,152.070007,475800,BWLD
2016-01-25,152.809998,152.809998,149.130005,149.460007,149.460007,273700,BWLD
2016-01-26,149.410004,153.990005,149.000000,153.300003,153.300003,371100,BWLD
2016-01-27,151.130005,154.190002,149.759995,150.289993,150.289993,484700,BWLD
2016-01-28,151.899994,151.899994,146.509995,148.229996,148.229996,464200,BWLD
2016-01-29,149.220001,153.309998,146.529999,152.300003,152.300003,722700,BWLD
2016-02-01,151.559998,154.970001,149.470001,149.619995,149.619995,876400,BWLD
2016-02-02,149.639999,151.130005,147.699997,150.000000,150.000000,736600,BWLD
2016-02-03,149.929993,150.869995,138.309998,143.639999,143.639999,3610700,BWLD
2016-02-04,148.000000,154.990005,142.509995,154.570007,154.570007,2392000,BWLD
2016-02-05,154.410004,154.940002,134.949997,142.080002,142.080002,2174800,BWLD
2016-02-08,140.259995,141.889999,137.110001,139.300003,139.300003,1108000,BWLD
2016-02-09,138.350006,141.759995,136.610001,140.000000,140.000000,699400,BWLD
2016-02-10,140.000000,144.369995,139.279999,142.809998,142.809998,670300,BWLD
2016-02-11,141.070007,144.190002,139.220001,142.899994,142.899994,496000,BWLD
2016-02-12,144.160004,146.369995,140.210007,145.380005,145.380005,742200,BWLD
2016-02-16,145.960007,152.300003,145.500000,151.880005,151.880005,688300,BWLD
2016-02-17,151.880005,157.039993,149.139999,154.550003,154.550003,543300,BWLD
2016-02-18,153.970001,154.080002,150.500000,152.039993,152.039993,427500,BWLD
2016-02-19,151.460007,153.460007,149.250000,150.429993,150.429993,473100,BWLD
2016-02-22,151.880005,155.619995,150.050003,153.910004,153.910004,512400,BWLD
2016-02-23,154.070007,160.279999,153.419998,158.270004,158.270004,623200,BWLD
2016-02-24,156.470001,159.740005,155.020004,158.399994,158.399994,426300,BWLD
2016-02-25,159.250000,159.990005,156.520004,159.199997,159.199997,322800,BWLD
2016-02-26,159.820007,160.979996,156.479996,157.369995,157.369995,397100,BWLD
2016-02-29,158.479996,160.580002,157.179993,158.649994,158.649994,418800,BWLD
2016-03-01,159.199997,161.520004,158.300003,160.630005,160.630005,455100,BWLD
2016-03-02,160.910004,163.449997,160.270004,162.919998,162.919998,461000,BWLD
2016-03-03,166.830002,167.389999,163.710007,166.389999,166.389999,685000,BWLD
2016-03-04,167.050003,168.910004,165.960007,168.639999,168.639999,393300,BWLD
2016-03-07,168.070007,168.660004,164.070007,165.610001,165.610001,451800,BWLD
2016-03-08,164.539993,165.960007,162.320007,162.429993,162.429993,355800,BWLD
2016-03-09,163.699997,164.059998,160.820007,161.520004,161.520004,282000,BWLD
2016-03-10,162.929993,162.929993,157.570007,159.380005,159.380005,558700,BWLD
2016-03-11,160.460007,162.350006,158.050003,160.880005,160.880005,404600,BWLD
2016-03-14,161.130005,162.880005,160.600006,160.990005,160.990005,302500,BWLD
2016-03-15,160.360001,160.410004,155.029999,155.350006,155.350006,537900,BWLD
2016-03-16,155.000000,157.699997,153.770004,157.479996,157.479996,503900,BWLD
2016-03-17,156.740005,156.869995,153.639999,153.809998,153.809998,576700,BWLD
2016-03-18,153.809998,155.000000,149.160004,149.339996,149.339996,1003300,BWLD
2016-03-21,148.779999,148.850006,142.750000,145.210007,145.210007,991300,BWLD
2016-03-22,145.190002,148.440002,143.059998,146.720001,146.720001,729400,BWLD
2016-03-23,146.199997,147.000000,142.399994,142.490005,142.490005,447700,BWLD
2016-03-24,144.699997,147.720001,144.009995,144.839996,144.839996,594200,BWLD
2016-03-28,146.000000,149.460007,145.050003,147.550003,147.550003,669900,BWLD
2016-03-29,150.009995,154.339996,149.270004,153.350006,153.350006,756200,BWLD
2016-03-30,153.169998,153.399994,150.289993,151.449997,151.449997,465700,BWLD
2016-03-31,151.479996,151.479996,147.210007,148.119995,148.119995,616700,BWLD
2016-04-01,148.059998,150.699997,147.529999,149.449997,149.449997,545900,BWLD
2016-04-04,149.190002,149.240005,145.550003,147.880005,147.880005,474600,BWLD
2016-04-05,145.899994,146.490005,143.050003,144.750000,144.750000,638300,BWLD
2016-04-06,143.910004,146.490005,143.779999,144.910004,144.910004,466700,BWLD
2016-04-07,144.110001,145.869995,143.570007,144.759995,144.759995,413000,BWLD
2016-04-08,145.059998,146.160004,144.330002,145.000000,145.000000,230500,BWLD
2016-04-11,145.000000,146.399994,141.880005,141.960007,141.960007,519500,BWLD
2016-04-12,142.449997,145.610001,141.750000,145.389999,145.389999,504300,BWLD
2016-04-13,144.789993,146.330002,144.259995,145.660004,145.660004,365700,BWLD
2016-04-14,146.169998,148.800003,145.699997,147.940002,147.940002,349500,BWLD
2016-04-15,147.479996,148.449997,146.619995,147.360001,147.360001,291600,BWLD
2016-04-18,147.330002,148.369995,146.320007,147.789993,147.789993,381300,BWLD
2016-04-19,145.500000,145.500000,140.490005,141.009995,141.009995,1056800,BWLD
2016-04-20,141.500000,144.389999,140.490005,143.770004,143.770004,412300,BWLD
2016-04-21,144.059998,144.770004,140.520004,140.750000,140.750000,449000,BWLD
2016-04-22,140.649994,144.380005,140.520004,144.309998,144.309998,420800,BWLD
2016-04-25,143.639999,146.389999,143.199997,144.429993,144.429993,625900,BWLD
2016-04-26,143.720001,145.500000,142.300003,144.619995,144.619995,1370300,BWLD
2016-04-27,126.239998,129.220001,122.250000,129.000000,129.000000,4224200,BWLD
2016-04-28,128.350006,134.279999,128.139999,131.559998,131.559998,1355600,BWLD
2016-04-29,131.550003,134.130005,130.699997,133.660004,133.660004,605200,BWLD
2016-05-02,133.970001,138.000000,133.919998,136.910004,136.910004,605300,BWLD
2016-05-03,137.000000,138.380005,135.339996,135.380005,135.380005,514800,BWLD
2016-05-04,134.259995,135.770004,132.789993,133.229996,133.229996,663800,BWLD
2016-05-05,133.830002,134.360001,131.889999,131.979996,131.979996,445700,BWLD
2016-05-06,131.889999,133.410004,130.320007,133.300003,133.300003,594900,BWLD
2016-05-09,133.050003,136.100006,133.050003,134.910004,134.910004,522300,BWLD
2016-05-10,134.880005,136.350006,133.639999,136.330002,136.330002,345000,BWLD
2016-05-11,135.860001,135.860001,133.240005,133.589996,133.589996,762400,BWLD
2016-05-12,133.929993,135.479996,133.610001,134.490005,134.490005,391200,BWLD
2016-05-13,133.679993,135.509995,133.110001,134.710007,134.710007,461800,BWLD
2016-05-16,134.649994,137.910004,133.610001,137.270004,137.270004,510300,BWLD
2016-05-17,136.419998,137.460007,134.860001,136.500000,136.500000,623500,BWLD
2016-05-18,136.160004,141.399994,135.360001,137.119995,137.119995,954000,BWLD
2016-05-19,136.550003,139.289993,136.550003,137.229996,137.229996,583600,BWLD
2016-05-20,137.320007,141.059998,136.679993,140.360001,140.360001,638100,BWLD
2016-05-23,140.179993,140.529999,137.449997,139.550003,139.550003,410800,BWLD
2016-05-24,140.500000,142.550003,139.559998,142.089996,142.089996,391000,BWLD
2016-05-25,142.039993,142.100006,139.830002,141.190002,141.190002,368500,BWLD
2016-05-26,141.210007,142.309998,140.259995,141.149994,141.149994,237400,BWLD
2016-05-27,141.320007,145.630005,141.320007,144.149994,144.149994,427100,BWLD
2016-05-31,144.309998,145.960007,144.160004,145.389999,145.389999,426800,BWLD
2016-06-01,145.389999,147.649994,145.330002,145.410004,145.410004,368700,BWLD
2016-06-02,145.000000,146.779999,143.949997,146.229996,146.229996,385300,BWLD
2016-06-03,145.460007,147.100006,144.000000,146.100006,146.100006,272000,BWLD
2016-06-06,145.830002,147.369995,144.619995,147.229996,147.229996,224300,BWLD
2016-06-07,147.490005,147.929993,146.059998,147.339996,147.339996,247100,BWLD
2016-06-08,148.139999,149.350006,147.529999,148.639999,148.639999,268900,BWLD
2016-06-09,148.789993,150.429993,147.690002,148.330002,148.330002,325600,BWLD
2016-06-10,146.949997,147.869995,144.880005,145.630005,145.630005,367200,BWLD
2016-06-13,145.490005,146.529999,143.509995,144.279999,144.279999,305900,BWLD
2016-06-14,144.119995,146.589996,143.869995,145.869995,145.869995,325100,BWLD
2016-06-15,145.789993,146.369995,143.419998,143.770004,143.770004,403700,BWLD
2016-06-16,143.419998,143.809998,141.320007,142.789993,142.789993,440600,BWLD
2016-06-17,143.229996,144.229996,142.490005,143.039993,143.039993,592100,BWLD
2016-06-20,144.130005,145.550003,143.000000,144.330002,144.330002,495600,BWLD
2016-06-21,144.059998,144.729996,141.350006,141.740005,141.740005,1172600,BWLD
2016-06-22,142.009995,142.850006,139.639999,141.000000,141.000000,544200,BWLD
2016-06-23,142.610001,144.039993,141.979996,144.020004,144.020004,398000,BWLD
2016-06-24,141.509995,144.750000,141.000000,144.009995,144.009995,1238500,BWLD
2016-06-27,142.380005,142.699997,138.880005,139.009995,139.009995,769300,BWLD
2016-06-28,139.850006,141.949997,139.029999,139.679993,139.679993,418100,BWLD
2016-06-29,140.869995,142.139999,139.770004,141.929993,141.929993,338700,BWLD
2016-06-30,141.500000,141.899994,135.630005,138.949997,138.949997,996800,BWLD
2016-07-01,138.979996,140.690002,137.669998,140.479996,140.479996,507700,BWLD
2016-07-05,139.970001,140.199997,137.089996,137.520004,137.520004,367900,BWLD
2016-07-06,136.389999,138.169998,135.509995,136.839996,136.839996,541100,BWLD
2016-07-07,137.350006,138.399994,135.619995,135.949997,135.949997,823100,BWLD
2016-07-08,136.389999,140.089996,136.289993,140.039993,140.039993,527600,BWLD
2016-07-11,140.270004,142.600006,140.210007,141.210007,141.210007,445900,BWLD
2016-07-12,141.229996,142.679993,140.479996,141.660004,141.660004,249000,BWLD
2016-07-13,142.270004,142.850006,140.990005,141.320007,141.320007,261900,BWLD
2016-07-14,142.419998,142.419998,140.259995,141.600006,141.600006,385100,BWLD
2016-07-15,139.330002,139.490005,135.330002,135.899994,135.899994,859400,BWLD
2016-07-18,136.000000,136.949997,135.320007,135.929993,135.929993,491200,BWLD
2016-07-19,135.839996,137.660004,135.240005,136.339996,136.339996,461800,BWLD
2016-07-20,135.860001,137.389999,134.850006,134.899994,134.899994,515600,BWLD
2016-07-21,134.979996,135.039993,133.339996,134.649994,134.649994,558700,BWLD
2016-07-22,135.369995,141.330002,134.029999,140.770004,140.770004,757300,BWLD
2016-07-25,141.000000,150.949997,140.550003,148.960007,148.960007,2354900,BWLD
2016-07-26,147.589996,149.889999,145.240005,147.000000,147.000000,1568000,BWLD
2016-07-27,155.000000,167.500000,154.460007,161.720001,161.720001,3073400,BWLD
2016-07-28,161.699997,166.990005,160.149994,166.029999,166.029999,850900,BWLD
2016-07-29,166.050003,169.160004,165.970001,167.960007,167.960007,667000,BWLD
2016-08-01,168.000000,170.729996,167.199997,170.000000,170.000000,694600,BWLD
2016-08-02,167.210007,167.889999,164.779999,167.660004,167.660004,842600,BWLD
2016-08-03,166.649994,171.339996,164.550003,170.639999,170.639999,683600,BWLD
2016-08-04,171.169998,172.000000,169.250000,169.679993,169.679993,474100,BWLD
2016-08-05,170.029999,172.919998,169.470001,171.360001,171.360001,373000,BWLD
2016-08-08,170.669998,172.490005,169.410004,169.970001,169.970001,323900,BWLD
2016-08-09,171.240005,172.919998,170.110001,170.869995,170.869995,482500,BWLD
2016-08-10,169.529999,169.529999,165.779999,166.330002,166.330002,554000,BWLD
2016-08-11,167.500000,169.160004,164.509995,164.949997,164.949997,728100,BWLD
2016-08-12,165.240005,168.779999,164.500000,167.050003,167.050003,401000,BWLD
2016-08-15,166.690002,166.690002,164.360001,164.809998,164.809998,479800,BWLD
2016-08-16,164.199997,164.899994,158.160004,161.330002,161.330002,1057800,BWLD
2016-08-17,162.270004,166.250000,160.009995,166.059998,166.059998,977000,BWLD
2016-08-18,165.539993,169.149994,165.539993,167.940002,167.940002,527200,BWLD
2016-08-19,165.830002,166.029999,162.500000,163.020004,163.020004,594200,BWLD
2016-08-22,163.690002,165.149994,162.279999,162.990005,162.990005,385900,BWLD
2016-08-23,162.940002,164.320007,162.289993,162.399994,162.399994,380500,BWLD
2016-08-24,162.820007,163.529999,161.759995,162.110001,162.110001,268700,BWLD
2016-08-25,162.169998,163.309998,161.009995,162.740005,162.740005,282700,BWLD
2016-08-26,163.139999,164.740005,162.300003,163.529999,163.529999,269900,BWLD
2016-08-29,164.429993,166.500000,163.710007,164.770004,164.770004,280800,BWLD
2016-08-30,164.919998,165.039993,161.509995,162.740005,162.740005,250700,BWLD
2016-08-31,163.000000,163.449997,161.009995,162.199997,162.199997,430600,BWLD
2016-09-01,161.850006,163.050003,160.100006,160.970001,160.970001,223100,BWLD
2016-09-02,161.419998,163.729996,160.729996,161.610001,161.610001,221400,BWLD
2016-09-06,161.940002,164.190002,161.000000,162.979996,162.979996,302100,BWLD
2016-09-07,163.289993,165.149994,162.720001,164.259995,164.259995,313600,BWLD
2016-09-08,164.240005,166.800003,163.009995,164.770004,164.770004,486500,BWLD
2016-09-09,163.479996,163.710007,160.149994,161.110001,161.110001,382300,BWLD
2016-09-12,160.110001,162.419998,158.699997,162.020004,162.020004,402300,BWLD
2016-09-13,161.669998,161.979996,159.389999,159.899994,159.899994,266900,BWLD
2016-09-14,159.240005,160.220001,157.220001,157.600006,157.600006,336600,BWLD
2016-09-15,157.440002,158.059998,156.050003,157.369995,157.369995,292700,BWLD
2016-09-16,156.869995,157.490005,154.479996,155.089996,155.089996,491100,BWLD
2016-09-19,156.059998,156.630005,154.000000,155.039993,155.039993,396700,BWLD
2016-09-20,155.139999,156.800003,154.919998,156.039993,156.039993,300000,BWLD
2016-09-21,155.990005,157.360001,153.809998,155.860001,155.860001,270500,BWLD
2016-09-22,156.119995,157.710007,154.320007,155.100006,155.100006,433800,BWLD
2016-09-23,155.059998,156.369995,155.009995,155.380005,155.380005,310800,BWLD
2016-09-26,154.240005,154.240005,151.789993,152.259995,152.259995,254800,BWLD
2016-09-27,151.869995,152.610001,147.580002,149.690002,149.690002,369800,BWLD
2016-09-28,149.639999,149.639999,143.630005,144.820007,144.820007,726500,BWLD
2016-09-29,145.179993,145.500000,140.919998,140.970001,140.970001,464200,BWLD
2016-09-30,141.119995,142.759995,140.509995,140.740005,140.740005,438200,BWLD
2016-10-03,140.320007,142.509995,139.990005,140.380005,140.380005,495300,BWLD
2016-10-04,140.399994,141.770004,139.419998,140.350006,140.350006,339300,BWLD
2016-10-05,140.100006,143.729996,139.699997,141.300003,141.300003,519800,BWLD
2016-10-06,142.020004,142.779999,138.199997,138.339996,138.339996,778800,BWLD
2016-10-07,138.850006,139.130005,135.710007,135.929993,135.929993,904400,BWLD
2016-10-10,136.039993,139.899994,136.009995,137.990005,137.990005,487800,BWLD
2016-10-11,137.889999,138.750000,137.029999,138.610001,138.610001,471000,BWLD
2016-10-12,139.350006,140.960007,138.110001,138.660004,138.660004,381900,BWLD
2016-10-13,137.399994,140.809998,137.399994,139.339996,139.339996,338800,BWLD
2016-10-14,141.600006,143.970001,140.729996,142.600006,142.600006,624500,BWLD
2016-10-17,142.350006,142.399994,139.800003,139.949997,139.949997,241700,BWLD
2016-10-18,140.649994,141.750000,138.899994,138.899994,138.899994,226300,BWLD
2016-10-19,138.800003,144.149994,138.800003,143.600006,143.600006,400600,BWLD
2016-10-20,142.000000,143.449997,139.399994,139.449997,139.449997,517700,BWLD
2016-10-21,139.300003,141.000000,138.699997,140.300003,140.300003,317300,BWLD
2016-10-24,140.449997,141.899994,140.300003,141.199997,141.199997,326900,BWLD
2016-10-25,140.449997,140.449997,136.250000,136.300003,136.300003,551700,BWLD
2016-10-26,136.050003,137.949997,133.710007,135.100006,135.100006,997700,BWLD
2016-10-27,143.500000,145.250000,140.600006,143.199997,143.199997,1186600,BWLD
2016-10-28,142.800003,144.500000,141.020004,143.199997,143.199997,466200,BWLD
2016-10-31,143.399994,146.649994,142.050003,145.649994,145.649994,428100,BWLD
2016-11-01,145.850006,148.279999,145.250000,146.199997,146.199997,471100,BWLD
2016-11-02,146.050003,149.300003,144.300003,147.699997,147.699997,433400,BWLD
2016-11-03,148.050003,149.199997,146.949997,147.199997,147.199997,345500,BWLD
2016-11-04,147.100006,148.750000,145.149994,145.149994,145.149994,274700,BWLD
2016-11-07,146.199997,150.449997,145.410004,148.050003,148.050003,337000,BWLD
2016-11-08,147.750000,149.949997,146.800003,149.000000,149.000000,261400,BWLD
2016-11-09,146.850006,155.800003,146.850006,155.399994,155.399994,435700,BWLD
2016-11-10,156.350006,159.800003,156.199997,158.500000,158.500000,449300,BWLD
2016-11-11,158.899994,162.149994,158.509995,161.899994,161.899994,389700,BWLD
2016-11-14,160.000000,165.949997,159.750000,163.399994,163.399994,423100,BWLD
2016-11-15,162.850006,164.850006,162.199997,164.000000,164.000000,333300,BWLD
2016-11-16,163.199997,167.149994,160.800003,164.100006,164.100006,469300,BWLD
2016-11-17,164.000000,165.850006,162.899994,164.500000,164.500000,339400,BWLD
2016-11-18,165.250000,167.300003,163.300003,166.399994,166.399994,409200,BWLD
2016-11-21,166.000000,169.899994,165.100006,169.149994,169.149994,468100,BWLD
2016-11-22,170.000000,170.199997,168.000000,169.199997,169.199997,466800,BWLD
2016-11-23,169.050003,170.100006,167.649994,168.949997,168.949997,204000,BWLD
2016-11-25,169.699997,170.800003,167.729996,170.550003,170.550003,99000,BWLD
2016-11-28,170.100006,170.500000,166.300003,168.000000,168.000000,383200,BWLD
2016-11-29,167.300003,170.600006,167.300003,169.399994,169.399994,321500,BWLD
2016-11-30,169.850006,170.000000,167.550003,168.600006,168.600006,252400,BWLD
2016-12-01,167.949997,170.750000,167.699997,170.699997,170.699997,246200,BWLD
2016-12-02,170.500000,171.500000,167.850006,168.100006,168.100006,187800,BWLD
2016-12-05,168.550003,171.899994,168.550003,170.850006,170.850006,265500,BWLD
2016-12-06,171.449997,171.449997,167.149994,169.550003,169.550003,357500,BWLD
2016-12-07,169.899994,172.850006,167.399994,172.350006,172.350006,186200,BWLD
2016-12-08,172.050003,173.800003,170.100006,173.800003,173.800003,235000,BWLD
2016-12-09,173.500000,175.100006,172.699997,174.899994,174.899994,178500,BWLD
2016-12-12,175.000000,175.050003,173.199997,174.250000,174.250000,226200,BWLD
2016-12-13,172.500000,172.500000,169.149994,170.250000,170.250000,413100,BWLD
2016-12-14,170.449997,170.979996,166.649994,166.800003,166.800003,358400,BWLD
2016-12-15,166.899994,168.399994,165.399994,165.500000,165.500000,308100,BWLD
2016-12-16,165.699997,168.500000,165.279999,166.550003,166.550003,356100,BWLD
2016-12-19,166.550003,168.250000,164.800003,165.399994,165.399994,212300,BWLD
2016-12-20,165.850006,168.449997,165.100006,165.850006,165.850006,190900,BWLD
2016-12-21,165.949997,166.699997,162.300003,162.449997,162.449997,277400,BWLD
2016-12-22,162.750000,165.000000,158.000000,158.800003,158.800003,438300,BWLD
2016-12-23,158.500000,160.600006,158.050003,160.100006,160.100006,212100,BWLD
2016-12-27,160.350006,162.050003,160.050003,160.199997,160.199997,129100,BWLD
2016-12-28,160.649994,161.199997,157.600006,158.149994,158.149994,173400,BWLD
2016-12-29,158.500000,159.820007,157.850006,158.199997,158.199997,118200,BWLD
2016-12-30,158.300003,158.300003,153.350006,154.399994,154.399994,327500,BWLD
2017-01-03,155.750000,156.850006,149.199997,151.850006,151.850006,401100,BWLD
2017-01-04,152.350006,155.800003,151.500000,153.850006,153.850006,565300,BWLD
2017-01-05,149.100006,151.600006,145.250000,150.750000,150.750000,407700,BWLD
2017-01-06,150.899994,151.300003,148.050003,151.250000,151.250000,539400,BWLD
2017-01-09,151.050003,153.399994,150.350006,151.699997,151.699997,298300,BWLD
2017-01-10,151.850006,154.350006,151.699997,153.649994,153.649994,296100,BWLD
2017-01-11,153.250000,154.850006,152.100006,154.250000,154.250000,187800,BWLD
2017-01-12,153.699997,154.899994,152.600006,153.350006,153.350006,212000,BWLD
2017-01-13,153.750000,154.000000,149.350006,150.050003,150.050003,476700,BWLD
2017-01-17,149.500000,151.000000,148.509995,149.199997,149.199997,282100,BWLD
2017-01-18,149.550003,150.050003,147.350006,149.300003,149.300003,269700,BWLD
2017-01-19,148.800003,149.750000,145.949997,146.149994,146.149994,253200,BWLD
2017-01-20,146.149994,151.449997,146.149994,151.100006,151.100006,462700,BWLD
2017-01-23,150.300003,152.399994,149.570007,152.000000,152.000000,264600,BWLD
2017-01-24,154.199997,154.949997,152.679993,154.750000,154.750000,316900,BWLD
2017-01-25,155.050003,161.149994,155.050003,157.899994,157.899994,491800,BWLD
2017-01-26,156.449997,158.399994,156.449997,156.750000,156.750000,233600,BWLD
2017-01-27,154.250000,155.699997,151.750000,155.199997,155.199997,334000,BWLD
2017-01-30,154.699997,156.500000,152.850006,156.449997,156.449997,248500,BWLD
2017-01-31,154.600006,155.199997,149.050003,151.000000,151.000000,700700,BWLD
2017-02-01,151.550003,152.649994,149.199997,149.500000,149.500000,333200,BWLD
2017-02-02,149.500000,151.199997,148.449997,149.250000,149.250000,364500,BWLD
2017-02-03,149.250000,150.789993,148.699997,150.000000,150.000000,333400,BWLD
2017-02-06,150.000000,152.699997,150.000000,151.149994,151.149994,465400,BWLD
2017-02-07,150.649994,153.800003,149.800003,149.800003,149.800003,1082400,BWLD
2017-02-08,141.949997,158.449997,140.399994,157.399994,157.399994,2904200,BWLD
2017-02-09,156.800003,163.300003,155.750000,158.649994,158.649994,1064400,BWLD
2017-02-10,158.899994,161.399994,158.750000,159.550003,159.550003,640000,BWLD
2017-02-13,160.000000,160.949997,158.100006,158.199997,158.199997,390800,BWLD
2017-02-14,158.449997,159.800003,157.550003,157.600006,157.600006,373800,BWLD
2017-02-15,157.449997,158.550003,155.800003,158.000000,158.000000,401300,BWLD
2017-02-16,158.350006,158.550003,155.800003,157.500000,157.500000,284700,BWLD
2017-02-17,157.699997,159.600006,157.100006,159.050003,159.050003,346900,BWLD
2017-02-21,159.300003,160.800003,157.649994,158.199997,158.199997,295200,BWLD
2017-02-22,157.250000,157.949997,155.500000,156.050003,156.050003,353300,BWLD
2017-02-23,155.750000,156.899994,153.699997,153.699997,153.699997,359700,BWLD
2017-02-24,152.699997,154.750000,151.800003,153.199997,153.199997,265500,BWLD
2017-02-27,153.250000,157.250000,153.250000,156.449997,156.449997,621000,BWLD
2017-02-28,155.600006,157.500000,154.899994,155.000000,155.000000,400600,BWLD
2017-03-01,156.649994,157.449997,154.899994,155.100006,155.100006,376700,BWLD
2017-03-02,154.649994,157.000000,154.300003,154.899994,154.899994,293000,BWLD
2017-03-03,154.500000,155.570007,153.500000,154.250000,154.250000,250600,BWLD
2017-03-06,154.050003,156.300003,153.149994,155.449997,155.449997,372900,BWLD
2017-03-07,155.350006,160.399994,155.250000,156.449997,156.449997,564000,BWLD
2017-03-08,156.899994,158.750000,154.199997,154.250000,154.250000,544100,BWLD
2017-03-09,153.949997,155.449997,152.050003,152.600006,152.600006,664400,BWLD
2017-03-10,153.149994,154.800003,152.250000,152.550003,152.550003,468800,BWLD
2017-03-13,152.199997,153.649994,149.449997,150.149994,150.149994,437000,BWLD
2017-03-14,149.850006,151.699997,149.600006,150.199997,150.199997,329400,BWLD
2017-03-15,149.649994,150.899994,149.350006,150.350006,150.350006,704400,BWLD
2017-03-16,150.449997,153.149994,150.350006,151.850006,151.850006,332000,BWLD
2017-03-17,151.649994,154.149994,151.649994,152.949997,152.949997,557400,BWLD
2017-03-20,152.699997,152.949997,147.050003,147.199997,147.199997,655700,BWLD
2017-03-21,147.600006,148.050003,143.100006,143.300003,143.300003,678700,BWLD
2017-03-22,143.350006,146.300003,143.300003,146.050003,146.050003,415200,BWLD
2017-03-23,145.899994,149.250000,145.449997,148.050003,148.050003,355100,BWLD
2017-03-24,148.350006,149.100006,146.750000,148.250000,148.250000,298200,BWLD
2017-03-27,147.350006,147.350006,144.300003,145.250000,145.250000,400600,BWLD
2017-03-28,145.149994,147.750000,145.000000,146.600006,146.600006,522300,BWLD
2017-03-29,146.199997,148.500000,146.000000,147.550003,147.550003,257000,BWLD
2017-03-30,147.500000,151.199997,147.149994,151.100006,151.100006,328300,BWLD
2017-03-31,151.149994,153.449997,151.050003,152.750000,152.750000,513600,BWLD
2017-04-03,153.000000,155.149994,151.149994,152.149994,152.149994,464700,BWLD
2017-04-04,151.649994,152.250000,149.050003,151.850006,151.850006,298700,BWLD
2017-04-05,152.949997,155.949997,151.899994,153.350006,153.350006,467600,BWLD
2017-04-06,153.300003,155.000000,151.750000,153.449997,153.449997,309700,BWLD
2017-04-07,153.149994,153.550003,151.500000,151.800003,151.800003,193800,BWLD
2017-04-10,151.699997,151.899994,150.100006,150.399994,150.399994,291600,BWLD
2017-04-11,150.000000,151.399994,149.000000,151.199997,151.199997,353500,BWLD
2017-04-12,151.600006,153.250000,150.899994,151.399994,151.399994,334500,BWLD
2017-04-13,151.000000,151.899994,150.000000,150.750000,150.750000,225300,BWLD
2017-04-17,151.149994,153.250000,150.550003,152.699997,152.699997,351400,BWLD
2017-04-18,152.300003,153.800003,152.050003,152.850006,152.850006,227100,BWLD
2017-04-19,153.699997,156.149994,153.270004,154.500000,154.500000,352000,BWLD
2017-04-20,156.949997,164.350006,156.600006,163.750000,163.750000,1086600,BWLD
2017-04-21,164.000000,164.000000,161.050003,161.750000,161.750000,500700,BWLD
2017-04-24,162.949997,165.699997,161.850006,162.199997,162.199997,474600,BWLD
2017-04-25,162.600006,164.699997,162.000000,162.800003,162.800003,367400,BWLD
2017-04-26,162.850006,164.350006,161.600006,162.399994,162.399994,723100,BWLD
2017-04-27,155.300003,158.399994,152.800003,156.399994,156.399994,939200,BWLD
2017-04-28,156.149994,158.350006,154.800003,157.550003,157.550003,506600,BWLD
2017-05-01,157.850006,161.800003,157.750000,159.199997,159.199997,400700,BWLD
2017-05-02,160.000000,160.250000,158.250000,159.050003,159.050003,263500,BWLD
2017-05-03,158.750000,160.300003,158.050003,160.050003,160.050003,188600,BWLD
2017-05-04,159.050003,160.750000,155.000000,160.600006,160.600006,187300,BWLD
2017-05-05,160.949997,160.949997,159.050003,160.350006,160.350006,220600,BWLD
2017-05-08,160.100006,161.100006,158.949997,159.149994,159.149994,205300,BWLD
2017-05-09,159.949997,160.500000,158.729996,159.149994,159.149994,217200,BWLD
2017-05-10,158.899994,161.000000,158.000000,159.949997,159.949997,196400,BWLD
2017-05-11,159.300003,159.449997,156.449997,157.649994,157.649994,242600,BWLD
2017-05-12,157.550003,157.600006,154.649994,157.350006,157.350006,610600,BWLD
2017-05-15,160.100006,162.000000,159.399994,159.600006,159.600006,445100,BWLD
2017-05-16,159.949997,160.000000,157.050003,157.699997,157.699997,272200,BWLD
2017-05-17,156.850006,157.649994,151.000000,151.149994,151.149994,470500,BWLD
2017-05-18,151.649994,154.949997,149.300003,153.850006,153.850006,513100,BWLD
2017-05-19,155.850006,156.100006,152.149994,152.600006,152.600006,408800,BWLD
2017-05-22,152.750000,153.350006,149.949997,150.600006,150.600006,352700,BWLD
2017-05-23,150.899994,150.899994,146.949997,147.100006,147.100006,385200,BWLD
2017-05-24,147.100006,159.899994,146.250000,158.850006,158.850006,1184300,BWLD
2017-05-25,159.199997,159.199997,153.100006,153.250000,153.250000,664700,BWLD
2017-05-26,153.250000,153.300003,150.199997,151.000000,151.000000,398700,BWLD
2017-05-30,146.750000,148.399994,143.550003,145.000000,145.000000,772300,BWLD
2017-05-31,145.699997,145.699997,142.550003,143.699997,143.699997,413300,BWLD
2017-06-01,143.550003,150.000000,143.279999,149.750000,149.750000,565700,BWLD
2017-06-02,150.149994,159.000000,143.050003,152.350006,152.350006,2327200,BWLD
2017-06-05,152.000000,152.000000,140.899994,143.050003,143.050003,1308700,BWLD
2017-06-06,142.550003,142.899994,139.600006,142.750000,142.750000,637600,BWLD
2017-06-07,143.199997,144.399994,141.399994,144.000000,144.000000,594100,BWLD
2017-06-08,143.699997,146.149994,142.529999,145.949997,145.949997,473000,BWLD
2017-06-09,145.399994,147.100006,144.649994,145.949997,145.949997,466500,BWLD
2017-06-12,145.449997,147.179993,144.050003,144.149994,144.149994,449900,BWLD
2017-06-13,144.199997,144.649994,141.750000,143.850006,143.850006,237500,BWLD
2017-06-14,143.399994,144.000000,142.750000,143.649994,143.649994,205500,BWLD
2017-06-15,142.699997,142.699997,139.300003,140.300003,140.300003,352200,BWLD
2017-06-16,139.750000,139.750000,137.500000,138.800003,138.800003,591300,BWLD
2017-06-19,140.300003,140.300003,135.800003,137.600006,137.600006,621800,BWLD
2017-06-20,137.350006,137.500000,133.149994,133.550003,133.550003,403500,BWLD
2017-06-21,133.649994,133.679993,129.699997,130.300003,130.300003,353400,BWLD
2017-06-22,129.850006,131.800003,129.149994,129.449997,129.449997,525400,BWLD
2017-06-23,129.649994,129.800003,126.300003,127.349998,127.349998,572600,BWLD
2017-06-26,127.949997,129.399994,127.000000,128.899994,128.899994,360900,BWLD
2017-06-27,129.199997,131.100006,127.750000,127.800003,127.800003,269700,BWLD
2017-06-28,128.699997,129.410004,127.050003,127.199997,127.199997,361800,BWLD
2017-06-29,127.699997,129.449997,126.599998,128.949997,128.949997,358200,BWLD
2017-06-30,129.149994,130.199997,126.500000,126.699997,126.699997,380900,BWLD
2017-07-03,127.400002,128.949997,127.099998,128.149994,128.149994,172200,BWLD
2017-07-05,126.550003,127.300003,123.250000,123.900002,123.900002,435700,BWLD
2017-07-06,124.900002,127.300003,124.550003,125.699997,125.699997,373500,BWLD
2017-07-07,125.650002,126.430000,123.449997,124.250000,124.250000,308900,BWLD
2017-07-10,123.599998,124.650002,121.400002,122.000000,122.000000,283700,BWLD
2017-07-11,121.699997,123.400002,121.099998,122.550003,122.550003,267500,BWLD
2017-07-12,123.000000,125.099998,122.599998,123.800003,123.800003,470100,BWLD
2017-07-13,123.849998,123.949997,121.010002,122.199997,122.199997,311800,BWLD
2017-07-14,122.250000,122.849998,119.800003,120.250000,120.250000,404300,BWLD
2017-07-17,120.199997,124.300003,119.550003,123.400002,123.400002,463600,BWLD
2017-07-18,123.199997,123.199997,120.000000,121.949997,121.949997,422500,BWLD
2017-07-19,122.199997,123.849998,121.150002,122.599998,122.599998,270400,BWLD
2017-07-20,123.250000,124.250000,122.400002,122.599998,122.599998,196400,BWLD
2017-07-21,122.599998,123.849998,121.500000,122.349998,122.349998,443500,BWLD
2017-07-24,122.000000,123.349998,120.599998,120.750000,120.750000,431900,BWLD
2017-07-25,121.250000,124.250000,121.000000,123.699997,123.699997,556500,BWLD
2017-07-26,124.949997,124.949997,120.800003,122.650002,122.650002,1341800,BWLD
2017-07-27,111.400002,112.150002,106.650002,109.050003,109.050003,2399200,BWLD
2017-07-28,108.599998,109.550003,108.000000,108.480003,108.480003,479800,BWLD
2017-07-31,108.400002,108.900002,105.099998,107.500000,107.500000,838200,BWLD
2017-08-01,108.199997,111.849998,107.449997,111.000000,111.000000,877300,BWLD
2017-08-02,111.849998,114.050003,111.300003,113.400002,113.400002,502400,BWLD
2017-08-03,113.250000,114.800003,112.400002,113.500000,113.500000,419000,BWLD
2017-08-04,113.500000,114.349998,112.150002,112.550003,112.550003,355400,BWLD
2017-08-07,112.849998,115.400002,111.949997,114.750000,114.750000,286700,BWLD
2017-08-08,114.849998,115.199997,112.800003,113.800003,113.800003,264400,BWLD
2017-08-09,112.900002,114.099998,111.250000,113.599998,113.599998,313800,BWLD
2017-08-10,113.500000,113.800003,111.699997,112.150002,112.150002,212000,BWLD
2017-08-11,111.250000,112.800003,110.800003,111.849998,111.849998,251100,BWLD
2017-08-14,112.150002,112.150002,109.150002,111.300003,111.300003,344700,BWLD
2017-08-15,111.650002,111.650002,109.599998,109.750000,109.750000,156600,BWLD
2017-08-16,109.949997,112.150002,109.699997,110.849998,110.849998,141800,BWLD
2017-08-17,110.500000,112.000000,109.949997,110.050003,110.050003,277600,BWLD
2017-08-18,109.800003,110.099998,108.500000,108.699997,108.699997,345700,BWLD
2017-08-21,108.699997,108.900002,106.360001,107.949997,107.949997,391800,BWLD
2017-08-22,107.900002,108.500000,106.650002,106.849998,106.849998,374600,BWLD
2017-08-23,106.500000,107.050003,104.500000,104.849998,104.849998,345300,BWLD
2017-08-24,105.349998,106.099998,104.000000,104.050003,104.050003,326100,BWLD
2017-08-25,104.500000,104.500000,102.199997,102.949997,102.949997,415700,BWLD
2017-08-28,102.849998,103.750000,101.699997,103.500000,103.500000,309200,BWLD
2017-08-29,102.900002,107.599998,102.800003,103.300003,103.300003,486000,BWLD
2017-08-30,103.300003,103.410004,101.199997,101.949997,101.949997,358500,BWLD
2017-08-31,102.449997,103.750000,102.199997,102.750000,102.750000,281700,BWLD
2017-09-01,103.650002,104.000000,101.250000,101.400002,101.400002,295800,BWLD
2017-09-05,101.300003,102.050003,98.150002,99.550003,99.550003,460500,BWLD
2017-09-06,99.599998,100.150002,97.860001,99.050003,99.050003,601100,BWLD
2017-09-07,99.599998,99.599998,95.000000,96.449997,96.449997,634700,BWLD
2017-09-08,95.849998,99.930000,95.529999,98.400002,98.400002,521100,BWLD
2017-09-11,98.900002,101.300003,98.000000,98.599998,98.599998,407200,BWLD
2017-09-12,98.900002,104.150002,98.699997,103.250000,103.250000,744100,BWLD
2017-09-13,103.550003,106.150002,103.550003,104.150002,104.150002,530600,BWLD
2017-09-14,104.250000,104.500000,102.599998,104.300003,104.300003,316000,BWLD
