Date,Open,High,Low,Close,Adj Close,Volume,CSCO
2012-09-14,19.360001,19.690001,19.340000,19.490000,16.620173,46351900,CSCO
2012-09-17,19.160000,19.309999,19.059999,19.160000,16.338760,36731800,CSCO
2012-09-18,19.059999,19.270000,19.010000,19.049999,16.244961,45475300,CSCO
2012-09-19,19.180000,19.209999,18.950001,19.120001,16.304647,29693900,CSCO
2012-09-20,19.030001,19.110001,18.900000,19.110001,16.296133,25116000,CSCO
2012-09-21,19.150000,19.200001,18.889999,18.900000,16.117046,42198200,CSCO
2012-09-24,18.860001,18.980000,18.690001,18.809999,16.040298,32180400,CSCO
2012-09-25,18.950001,18.969999,18.629999,18.670000,15.920909,33991600,CSCO
2012-09-26,18.690001,18.750000,18.350000,18.580000,15.844170,30273700,CSCO
2012-09-27,18.680000,18.879999,18.549999,18.799999,16.031769,29813600,CSCO
2012-09-28,19.000000,19.360001,19.000000,19.100000,16.287598,61124700,CSCO
2012-10-01,19.230000,19.400000,18.940001,19.040001,16.236435,37481100,CSCO
2012-10-02,19.090000,19.139999,18.730000,18.870001,16.210663,34712100,CSCO
2012-10-03,18.959999,19.100000,18.879999,18.930000,16.262205,33816700,CSCO
2012-10-04,19.010000,19.049999,18.850000,18.900000,16.236435,29734700,CSCO
2012-10-05,19.040001,19.139999,18.799999,18.860001,16.202066,27750400,CSCO
2012-10-08,18.889999,19.080000,18.809999,18.900000,16.236435,24170900,CSCO
2012-10-09,18.930000,19.059999,18.760000,18.799999,16.150526,42377800,CSCO
2012-10-10,18.799999,18.799999,18.290001,18.309999,15.729583,42085700,CSCO
2012-10-11,18.469999,18.480000,18.150000,18.260000,15.686630,28339700,CSCO
2012-10-12,18.260000,18.459999,18.219999,18.410000,15.815485,27099200,CSCO
2012-10-15,18.490000,18.639999,18.410000,18.549999,15.935756,27799100,CSCO
2012-10-16,18.629999,18.910000,18.549999,18.850000,16.193481,28580200,CSCO
2012-10-17,18.570000,18.799999,18.500000,18.709999,16.073210,28359400,CSCO
2012-10-18,18.610001,18.750000,18.500000,18.610001,15.987307,40270300,CSCO
2012-10-19,18.580000,18.600000,18.000000,18.040001,15.497630,63724300,CSCO
2012-10-22,18.120001,18.230000,18.010000,18.190001,15.626488,26334500,CSCO
2012-10-23,18.000000,18.170000,17.940001,18.010000,15.471864,33985300,CSCO
2012-10-24,18.030001,18.080000,17.290001,17.379999,14.930644,61961200,CSCO
2012-10-25,17.530001,17.530001,17.070000,17.200001,14.776012,46349800,CSCO
2012-10-26,17.200001,17.389999,17.110001,17.290001,14.853331,31188400,CSCO
2012-10-31,17.379999,17.430000,17.010000,17.150000,14.733059,36797100,CSCO
2012-11-01,17.170000,17.580000,17.000000,17.510000,15.042320,32484300,CSCO
2012-11-02,17.639999,17.680000,17.309999,17.350000,14.904874,28769400,CSCO
2012-11-05,17.330000,17.440001,17.200001,17.400000,14.947828,22190800,CSCO
2012-11-06,17.440001,17.709999,17.350000,17.480000,15.016554,35544700,CSCO
2012-11-07,17.450001,17.900000,17.090000,17.209999,14.784600,49610000,CSCO
2012-11-08,17.219999,17.360001,16.780001,16.830000,14.458155,56064800,CSCO
2012-11-09,16.700001,17.030001,16.680000,16.820000,14.449562,43085800,CSCO
2012-11-12,16.860001,17.090000,16.750000,16.860001,14.483927,28768400,CSCO
2012-11-13,16.709999,16.940001,16.690001,16.850000,14.475337,72206200,CSCO
2012-11-14,18.049999,18.250000,17.620001,17.660000,15.171184,97058200,CSCO
2012-11-15,17.750000,18.080000,17.740000,17.940001,15.411725,55885900,CSCO
2012-11-16,17.930000,18.049999,17.799999,17.990000,15.454677,60820500,CSCO
2012-11-19,18.270000,18.340000,18.100000,18.299999,15.720989,40616400,CSCO
2012-11-20,18.290001,18.360001,18.070000,18.340000,15.755355,30378100,CSCO
2012-11-21,18.370001,18.620001,18.270000,18.480000,15.875625,30479300,CSCO
2012-11-23,18.600000,18.889999,18.530001,18.840000,16.184887,17263100,CSCO
2012-11-26,18.790001,19.070000,18.590000,19.059999,16.373884,34603000,CSCO
2012-11-27,18.900000,19.100000,18.840000,18.959999,16.408501,53080000,CSCO
2012-11-28,18.889999,18.959999,18.549999,18.830000,16.295990,41262800,CSCO
2012-11-29,18.980000,19.100000,18.920000,19.010000,16.451773,32450600,CSCO
2012-11-30,19.040001,19.129999,18.830000,18.910000,16.365227,45199100,CSCO
2012-12-03,19.020000,19.160000,18.950001,19.030001,16.469078,32381500,CSCO
2012-12-04,19.080000,19.200001,19.000000,19.170000,16.590235,34313500,CSCO
2012-12-05,19.160000,19.450001,19.139999,19.209999,16.624857,36982900,CSCO
2012-12-06,19.219999,19.500000,19.200001,19.480000,16.858519,35834800,CSCO
2012-12-07,19.600000,19.740000,19.160000,19.340000,16.737360,50602300,CSCO
2012-12-10,19.350000,19.900000,19.340000,19.790001,17.126806,62863500,CSCO
2012-12-11,19.850000,20.070000,19.670000,19.780001,17.118155,58464200,CSCO
2012-12-12,19.840000,19.889999,19.690001,19.730000,17.074879,38701100,CSCO
2012-12-13,19.690001,19.840000,19.600000,19.740000,17.083532,37844200,CSCO
2012-12-14,19.740000,20.000000,19.690001,19.860001,17.187387,40804400,CSCO
2012-12-17,19.879999,20.139999,19.799999,20.110001,17.403742,46857100,CSCO
2012-12-18,20.100000,20.420000,20.020000,20.379999,17.637405,41963100,CSCO
2012-12-19,20.420000,20.540001,20.240000,20.270000,17.542210,38097400,CSCO
2012-12-20,20.270000,20.330000,20.150000,20.240000,17.516247,29942600,CSCO
2012-12-21,19.950001,20.049999,19.590000,19.959999,17.273924,67611700,CSCO
2012-12-24,19.870001,19.959999,19.740000,19.830000,17.161423,12550700,CSCO
2012-12-26,19.830000,20.070000,19.750000,19.920000,17.239307,22083800,CSCO
2012-12-27,19.889999,19.910000,19.450001,19.650000,17.005644,35286600,CSCO
2012-12-28,19.490000,19.639999,19.420000,19.450001,16.832560,24596400,CSCO
2012-12-31,19.379999,19.760000,19.309999,19.650000,17.005644,32388300,CSCO
2013-01-02,20.120001,20.340000,20.010000,20.340000,17.602787,40304500,CSCO
2013-01-03,20.459999,20.500000,20.299999,20.450001,17.697987,50603500,CSCO
2013-01-04,20.410000,20.680000,20.389999,20.480000,17.723953,36378900,CSCO
2013-01-07,20.379999,20.420000,20.160000,20.290001,17.559517,30790700,CSCO
2013-01-08,20.180000,20.340000,20.080000,20.309999,17.576822,33218100,CSCO
2013-01-09,20.260000,20.540001,20.250000,20.299999,17.568174,30380100,CSCO
2013-01-10,20.350000,20.490000,20.290001,20.440001,17.689329,31419200,CSCO
2013-01-11,20.400000,20.510000,20.330000,20.480000,17.723953,23423800,CSCO
2013-01-14,20.680000,20.990000,20.650000,20.969999,18.148010,55156900,CSCO
2013-01-15,20.920000,20.990000,20.780001,20.980000,18.156662,29550900,CSCO
2013-01-16,20.910000,21.180000,20.879999,21.030001,18.199934,39685100,CSCO
2013-01-17,20.790001,21.030001,20.780001,20.950001,18.130703,41951400,CSCO
2013-01-18,20.850000,21.040001,20.809999,21.020000,18.191278,42835000,CSCO
2013-01-22,20.950001,21.000000,20.610001,20.870001,18.061468,35955400,CSCO
2013-01-23,20.889999,20.889999,20.610001,20.620001,17.845114,37130100,CSCO
2013-01-24,20.850000,21.100000,20.820000,21.020000,18.191278,47256000,CSCO
2013-01-25,21.100000,21.250000,21.049999,21.150000,18.303783,28354800,CSCO
2013-01-28,21.209999,21.260000,21.049999,21.059999,18.225895,30431400,CSCO
2013-01-29,20.980000,20.990000,20.650000,20.780001,17.983582,35300200,CSCO
2013-01-30,20.860001,20.870001,20.400000,20.580000,17.810493,35260400,CSCO
2013-01-31,20.620001,20.900000,20.559999,20.570000,17.801840,29992500,CSCO
2013-02-01,20.730000,20.910000,20.600000,20.830000,18.026850,25754100,CSCO
2013-02-04,20.870001,21.129999,20.790001,20.820000,18.018196,32053300,CSCO
2013-02-05,20.879999,21.200001,20.879999,21.080000,18.243206,24952600,CSCO
2013-02-06,21.049999,21.219999,20.980000,21.190001,18.338404,27848400,CSCO
2013-02-07,21.209999,21.260000,21.000000,21.100000,18.260513,34442900,CSCO
2013-02-08,21.170000,21.299999,21.129999,21.160000,18.312439,23056900,CSCO
2013-02-11,21.240000,21.340000,21.150000,21.270000,18.407639,33552000,CSCO
2013-02-12,21.250000,21.270000,20.940001,20.969999,18.148010,46463500,CSCO
2013-02-13,21.000000,21.139999,20.930000,21.139999,18.295132,63608700,CSCO
2013-02-14,20.879999,21.000000,20.510000,20.990000,18.165318,67172100,CSCO
2013-02-15,20.940001,21.070000,20.920000,20.990000,18.165318,44439700,CSCO
2013-02-19,21.010000,21.480000,20.950001,21.459999,18.572065,45590500,CSCO
2013-02-20,21.490000,21.670000,21.070000,21.110001,18.269169,47494700,CSCO
2013-02-21,21.000000,21.020000,20.709999,20.760000,17.966269,33007100,CSCO
2013-02-22,20.809999,20.930000,20.719999,20.900000,18.087427,20483300,CSCO
2013-02-25,21.000000,21.200001,20.650000,20.660000,17.879730,37391400,CSCO
2013-02-26,20.540001,20.780001,20.500000,20.610001,17.836454,34254700,CSCO
2013-02-27,20.600000,21.020000,20.440001,20.889999,18.078773,25190900,CSCO
2013-02-28,20.889999,21.049999,20.740000,20.860001,18.052813,30337500,CSCO
2013-03-01,20.709999,20.900000,20.549999,20.830000,18.026850,24174800,CSCO
2013-03-04,20.740000,20.780001,20.580000,20.740000,17.948959,22634600,CSCO
2013-03-05,20.830000,21.250000,20.830000,21.219999,18.364367,32829500,CSCO
2013-03-06,21.299999,21.790001,21.240000,21.719999,18.797083,45966600,CSCO
2013-03-07,21.719999,21.969999,21.680000,21.799999,18.866316,37379500,CSCO
2013-03-08,21.840000,21.969999,21.770000,21.830000,18.892275,23839100,CSCO
2013-03-11,21.770000,21.980000,21.650000,21.879999,18.935547,29120000,CSCO
2013-03-12,21.760000,21.840000,21.540001,21.700001,18.779772,25987300,CSCO
2013-03-13,21.650000,21.799999,21.510000,21.580000,18.675919,30188200,CSCO
2013-03-14,21.700001,21.860001,21.450001,21.590000,18.684576,40479600,CSCO
2013-03-15,21.570000,21.950001,21.379999,21.930000,18.978815,59804200,CSCO
2013-03-18,21.740000,21.950001,21.610001,21.670000,18.753807,30222300,CSCO
2013-03-19,21.709999,21.750000,21.299999,21.520000,18.623993,27264100,CSCO
2013-03-20,21.629999,21.740000,21.580000,21.670000,18.753807,24571600,CSCO
2013-03-21,21.000000,21.180000,20.719999,20.840000,18.035505,64437700,CSCO
2013-03-22,20.930000,21.070000,20.690001,20.750000,17.957611,39902900,CSCO
2013-03-25,20.879999,20.990000,20.709999,20.850000,18.044155,36429100,CSCO
2013-03-26,20.940001,20.959999,20.690001,20.850000,18.044155,27627800,CSCO
2013-03-27,20.680000,20.900000,20.610001,20.830000,18.026850,27760900,CSCO
2013-03-28,20.840000,20.940001,20.770000,20.900000,18.087427,28323200,CSCO
2013-04-01,21.040001,21.379999,20.780001,20.830000,18.026850,40009200,CSCO
2013-04-02,20.959999,21.290001,20.900000,21.219999,18.364367,34098100,CSCO
2013-04-03,21.280001,21.370001,21.110001,21.200001,18.347054,30101400,CSCO
2013-04-04,21.010000,21.090000,20.959999,21.040001,18.355785,25075100,CSCO
2013-04-05,20.250000,20.700001,20.000000,20.610001,17.980640,54767100,CSCO
2013-04-08,20.690001,20.730000,20.469999,20.570000,17.945744,22968600,CSCO
2013-04-09,20.639999,21.049999,20.580000,20.969999,18.294712,27529500,CSCO
2013-04-10,21.070000,21.600000,21.020000,21.469999,18.730917,39308100,CSCO
2013-04-11,21.330000,21.700001,21.270000,21.690001,18.922853,35992200,CSCO
2013-04-12,21.670000,21.700001,21.120001,21.540001,18.791994,31584600,CSCO
2013-04-15,21.450001,21.639999,21.049999,21.049999,18.364504,27961000,CSCO
2013-04-16,21.150000,21.170000,20.950001,21.160000,18.460472,32745100,CSCO
2013-04-17,20.950001,21.020000,20.590000,20.629999,17.998087,30873000,CSCO
2013-04-18,20.740000,20.850000,20.450001,20.580000,17.954464,35401400,CSCO
2013-04-19,20.200001,20.549999,19.980000,20.459999,17.849775,51142000,CSCO
2013-04-22,20.530001,20.650000,20.270000,20.590000,17.963192,31452800,CSCO
2013-04-23,20.750000,21.100000,20.730000,20.910000,18.242369,34873500,CSCO
2013-04-24,20.469999,20.530001,20.260000,20.389999,17.788708,55759200,CSCO
2013-04-25,20.500000,20.770000,20.389999,20.639999,18.006809,40488500,CSCO
2013-04-26,20.610001,20.709999,20.510000,20.670000,18.032986,33713500,CSCO
2013-04-29,20.650000,21.070000,20.469999,20.980000,18.303436,29476200,CSCO
2013-04-30,20.990000,21.250000,20.799999,20.920000,18.251093,37777300,CSCO
2013-05-01,20.830000,20.900000,20.350000,20.379999,17.779984,44773400,CSCO
2013-05-02,20.469999,20.750000,20.440001,20.730000,18.085329,54869800,CSCO
2013-05-03,20.930000,20.959999,20.760000,20.830000,18.172569,41962700,CSCO
2013-05-06,20.870001,20.920000,20.740000,20.809999,18.155125,31315900,CSCO
2013-05-07,20.680000,20.709999,20.290001,20.379999,17.779984,55003400,CSCO
2013-05-08,20.400000,20.760000,20.400000,20.719999,18.076607,37412500,CSCO
2013-05-09,20.719999,20.950001,20.620001,20.830000,18.172569,25790200,CSCO
2013-05-10,20.830000,21.100000,20.820000,21.100000,18.408129,26926900,CSCO
2013-05-13,21.139999,21.280001,21.049999,21.270000,18.556444,35347200,CSCO
2013-05-14,21.209999,21.420000,21.150000,21.270000,18.556444,38494300,CSCO
2013-05-15,21.250000,21.290001,21.120001,21.209999,18.504091,55412900,CSCO
2013-05-16,23.510000,24.240000,23.360001,23.889999,20.842186,201626500,CSCO
2013-05-17,23.850000,24.250000,23.700001,24.240000,21.147535,78569900,CSCO
2013-05-20,23.900000,23.969999,23.639999,23.950001,20.894537,54632000,CSCO
2013-05-21,23.889999,24.059999,23.590000,24.010000,20.946878,48135200,CSCO
2013-05-22,24.000000,24.020000,23.250000,23.340000,20.362352,46836300,CSCO
2013-05-23,23.120001,23.610001,23.059999,23.510000,20.510666,44376600,CSCO
2013-05-24,23.389999,23.660000,23.309999,23.530001,20.528120,25036200,CSCO
2013-05-28,23.809999,24.120001,23.690001,23.889999,20.842186,40023900,CSCO
2013-05-29,23.709999,24.240000,23.700001,24.120001,21.042843,37314000,CSCO
2013-05-30,24.150000,24.680000,24.020000,24.370001,21.260948,45162100,CSCO
2013-05-31,24.200001,24.530001,24.080000,24.120001,21.042843,40885800,CSCO
2013-06-03,24.260000,24.500000,24.030001,24.379999,21.269674,30815300,CSCO
2013-06-04,24.270000,24.600000,24.030001,24.360001,21.252224,30628500,CSCO
2013-06-05,24.270000,24.639999,24.209999,24.320000,21.217327,45742100,CSCO
2013-06-06,24.480000,24.690001,24.240000,24.549999,21.417988,44830200,CSCO
2013-06-07,24.620001,24.780001,24.379999,24.490000,21.365637,42729400,CSCO
2013-06-10,24.570000,24.670000,24.280001,24.360001,21.252224,33779400,CSCO
2013-06-11,24.129999,24.450001,24.049999,24.070000,20.999220,28060200,CSCO
2013-06-12,24.219999,24.309999,23.980000,23.990000,20.929428,29980300,CSCO
2013-06-13,23.930000,24.400000,23.879999,24.350000,21.243500,27238900,CSCO
2013-06-14,24.309999,24.500000,24.080000,24.090000,21.016674,29841100,CSCO
2013-06-17,24.260000,24.959999,24.230000,24.700001,21.548847,46042800,CSCO
2013-06-18,24.719999,24.980000,24.700001,24.820000,21.653538,34939200,CSCO
2013-06-19,24.780001,24.959999,24.680000,24.680000,21.531401,29472900,CSCO
2013-06-20,24.480000,24.730000,24.299999,24.440001,21.322020,47759000,CSCO
2013-06-21,24.379999,24.620001,24.209999,24.480000,21.356913,62052200,CSCO
2013-06-24,24.320000,24.469999,24.040001,24.059999,20.990498,35972700,CSCO
2013-06-25,24.309999,24.440001,23.990000,24.010000,20.946878,41334800,CSCO
2013-06-26,24.299999,24.450001,24.180000,24.389999,21.278402,32721400,CSCO
2013-06-27,24.469999,24.709999,24.459999,24.629999,21.487778,27115400,CSCO
2013-06-28,24.430000,24.610001,24.299999,24.340000,21.234779,35574300,CSCO
2013-07-01,24.420000,24.830000,24.309999,24.340000,21.384132,33674000,CSCO
2013-07-02,24.240000,24.639999,24.219999,24.320000,21.366558,31098600,CSCO
2013-07-03,24.360001,24.840000,24.270000,24.590000,21.603775,24775000,CSCO
2013-07-05,24.639999,24.660000,24.250000,24.570000,21.586201,19984900,CSCO
2013-07-08,24.660000,24.750000,24.389999,24.629999,21.638916,34669400,CSCO
2013-07-09,24.760000,25.200001,24.740000,25.160000,22.104553,46103900,CSCO
2013-07-10,25.070000,25.559999,25.059999,25.410000,22.324192,37757800,CSCO
2013-07-11,25.620001,25.930000,25.570000,25.870001,22.728327,45944600,CSCO
2013-07-12,25.850000,25.950001,25.660000,25.940001,22.789833,28410100,CSCO
2013-07-15,25.780001,25.990000,25.639999,25.930000,22.781044,26879600,CSCO
2013-07-16,25.860001,25.990000,25.629999,25.709999,22.587757,26336200,CSCO
2013-07-17,25.799999,25.860001,25.600000,25.719999,22.596544,22080800,CSCO
2013-07-18,25.870001,26.150000,25.730000,25.860001,22.719543,32996900,CSCO
2013-07-19,25.860001,26.000000,25.620001,25.820000,22.684401,39224200,CSCO
2013-07-22,26.000000,26.040001,25.480000,25.719999,22.596544,30419600,CSCO
2013-07-23,25.700001,25.770000,25.490000,25.559999,22.455976,27954800,CSCO
2013-07-24,25.840000,25.990000,25.450001,25.590000,22.482336,27330800,CSCO
2013-07-25,25.600000,25.620001,25.309999,25.500000,22.403263,31482600,CSCO
2013-07-26,25.250000,25.500000,25.230000,25.500000,22.403263,19946400,CSCO
2013-07-29,25.360001,25.469999,25.230000,25.330000,22.253904,17839400,CSCO
2013-07-30,25.459999,26.040001,25.410000,25.670000,22.552614,45348500,CSCO
2013-07-31,25.799999,25.889999,25.549999,25.590000,22.482336,30709400,CSCO
2013-08-01,25.790001,25.930000,25.650000,25.889999,22.745899,23330000,CSCO
2013-08-02,25.799999,26.190001,25.730000,26.190001,23.009470,26496700,CSCO
2013-08-05,26.110001,26.420000,26.110001,26.309999,23.114895,28701800,CSCO
2013-08-06,26.410000,26.410000,26.059999,26.209999,23.027039,26093500,CSCO
2013-08-07,26.309999,26.490000,26.120001,26.120001,22.947971,33489600,CSCO
2013-08-08,26.270000,26.320000,26.180000,26.260000,23.070971,20512100,CSCO
2013-08-09,26.299999,26.350000,25.860001,26.049999,22.886469,27309000,CSCO
2013-08-12,25.860001,26.450001,25.850000,26.340000,23.141254,32103600,CSCO
2013-08-13,26.450001,26.480000,26.070000,26.320000,23.123680,36466000,CSCO
2013-08-14,26.450001,26.450001,25.969999,26.379999,23.176397,77049400,CSCO
2013-08-15,24.389999,24.830000,24.280001,24.480000,21.507132,130110100,CSCO
2013-08-16,24.530001,24.660000,24.250000,24.270000,21.322634,42426200,CSCO
2013-08-19,24.320000,24.660000,24.250000,24.270000,21.322634,39630400,CSCO
2013-08-20,24.280001,24.559999,24.219999,24.320000,21.366558,43650200,CSCO
2013-08-21,24.360001,24.480000,24.049999,24.070000,21.146923,33392900,CSCO
2013-08-22,24.070000,24.219999,23.959999,24.010000,21.094204,24327000,CSCO
2013-08-23,24.070000,24.160000,23.840000,23.860001,20.962425,41268600,CSCO
2013-08-26,23.840000,24.049999,23.760000,23.830000,20.936069,35708500,CSCO
2013-08-27,23.719999,23.790001,23.440001,23.480000,20.628571,39768700,CSCO
2013-08-28,23.549999,23.580000,23.379999,23.450001,20.602217,28035900,CSCO
2013-08-29,23.469999,23.750000,23.450001,23.450001,20.602217,26605500,CSCO
2013-08-30,23.459999,23.549999,23.219999,23.309999,20.479212,35248400,CSCO
2013-09-03,23.580000,23.770000,23.459999,23.480000,20.628571,31875000,CSCO
2013-09-04,23.520000,23.920000,23.500000,23.770000,20.883356,27443900,CSCO
2013-09-05,23.809999,23.840000,23.540001,23.690001,20.813070,23926000,CSCO
2013-09-06,23.820000,23.840000,23.389999,23.549999,20.690069,28615800,CSCO
2013-09-09,23.610001,23.980000,23.580000,23.920000,21.015139,22744700,CSCO
2013-09-10,24.030001,24.250000,24.000000,24.160000,21.225994,29302400,CSCO
2013-09-11,24.200001,24.410000,24.180000,24.379999,21.419273,25153200,CSCO
2013-09-12,24.420000,24.450001,24.240000,24.290001,21.340204,22340000,CSCO
2013-09-13,24.330000,24.410000,24.200001,24.320000,21.366558,18509900,CSCO
2013-09-16,24.430000,24.469999,24.129999,24.379999,21.419273,32119900,CSCO
2013-09-17,24.389999,24.549999,24.299999,24.370001,21.410492,19999500,CSCO
2013-09-18,24.330000,24.799999,24.299999,24.799999,21.788269,29541300,CSCO
2013-09-19,24.500000,24.750000,24.410000,24.610001,21.621346,40090900,CSCO
2013-09-20,24.730000,24.750000,24.430000,24.510000,21.533485,37420400,CSCO
2013-09-23,24.379999,24.450001,24.110001,24.270000,21.322634,26910300,CSCO
2013-09-24,24.139999,24.320000,23.940001,24.139999,21.208422,29762400,CSCO
2013-09-25,24.190001,24.549999,24.120001,24.430000,21.463203,26563800,CSCO
2013-09-26,24.299999,24.360001,23.690001,23.770000,20.883356,54577900,CSCO
2013-09-27,23.350000,23.549999,23.049999,23.330000,20.496786,82455500,CSCO
2013-09-30,23.120001,23.530001,23.020000,23.430000,20.584641,40335700,CSCO
2013-10-01,23.330000,23.480000,23.200001,23.240000,20.566944,30137600,CSCO
2013-10-02,23.100000,23.360001,23.000000,23.320000,20.637747,40084700,CSCO
2013-10-03,23.240000,23.350000,22.940001,23.010000,20.363400,38161100,CSCO
2013-10-04,22.959999,23.090000,22.850000,23.020000,20.372244,33607800,CSCO
2013-10-07,22.760000,23.040001,22.629999,22.889999,20.257200,29575900,CSCO
2013-10-08,22.969999,22.969999,22.620001,22.639999,20.035957,31865700,CSCO
2013-10-09,22.660000,22.760000,22.290001,22.500000,19.912058,45438300,CSCO
2013-10-10,22.700001,23.080000,22.600000,23.010000,20.363400,38817500,CSCO
2013-10-11,23.020000,23.379999,22.969999,23.280001,20.602345,27773800,CSCO
2013-10-14,23.160000,23.360001,23.070000,23.340000,20.655439,29103100,CSCO
2013-10-15,23.360001,23.420000,23.170000,23.180000,20.513845,26201200,CSCO
2013-10-16,23.219999,23.299999,22.809999,23.000000,20.354551,40483000,CSCO
2013-10-17,22.799999,22.879999,22.420000,22.780001,20.159853,69366300,CSCO
2013-10-18,22.860001,23.139999,22.760000,22.959999,20.319151,44486600,CSCO
2013-10-21,23.110001,23.110001,22.809999,22.930000,20.292601,34594600,CSCO
2013-10-22,22.990000,23.000000,22.420000,22.650000,20.044806,64553000,CSCO
2013-10-23,22.610001,22.639999,22.200001,22.260000,19.699663,49021400,CSCO
2013-10-24,22.340000,22.430000,22.100000,22.370001,19.797012,50130300,CSCO
2013-10-25,22.590000,22.629999,22.350000,22.459999,19.876661,34253400,CSCO
2013-10-28,22.400000,22.549999,22.309999,22.549999,19.956308,24072100,CSCO
2013-10-29,22.660000,22.930000,22.559999,22.830000,20.204102,30074200,CSCO
2013-10-30,22.870001,22.940001,22.660000,22.709999,20.097902,30465600,CSCO
2013-10-31,22.639999,22.709999,22.440001,22.559999,19.965155,34497400,CSCO
2013-11-01,22.660000,22.680000,22.400000,22.570000,19.974007,33328700,CSCO
2013-11-04,22.549999,22.639999,22.420000,22.580000,19.982859,28617000,CSCO
2013-11-05,22.610001,23.250000,22.420000,23.070000,20.416498,46343600,CSCO
2013-11-06,23.209999,23.370001,23.020000,23.280001,20.602345,48257800,CSCO
2013-11-07,23.410000,23.559999,23.070000,23.110001,20.451899,35502900,CSCO
2013-11-08,23.280001,23.520000,23.090000,23.510000,20.805887,30884100,CSCO
2013-11-11,23.500000,23.580000,23.400000,23.450001,20.752790,22694900,CSCO
2013-11-12,23.430000,23.840000,23.430000,23.730000,21.000582,38031100,CSCO
2013-11-13,23.600000,24.000000,23.510000,24.000000,21.239529,75234900,CSCO
2013-11-14,20.940001,21.440001,20.770000,21.370001,18.912031,243255400,CSCO
2013-11-15,21.459999,21.690001,21.260000,21.540001,19.062477,85506000,CSCO
2013-11-18,21.600000,21.719999,21.200001,21.290001,18.841234,66008900,CSCO
2013-11-19,21.309999,21.540001,21.120001,21.420000,18.956280,57309700,CSCO
2013-11-20,21.469999,21.469999,21.219999,21.230000,18.788132,44299700,CSCO
2013-11-21,21.360001,21.490000,21.250000,21.469999,19.000530,40695500,CSCO
2013-11-22,21.410000,21.500000,21.309999,21.459999,18.991676,41105000,CSCO
2013-11-25,21.450001,21.520000,21.270000,21.270000,18.823534,37566000,CSCO
2013-11-26,21.299999,21.410000,21.080000,21.209999,18.770437,48629300,CSCO
2013-11-27,21.290001,21.350000,21.150000,21.270000,18.823534,40021100,CSCO
2013-11-29,21.389999,21.440001,21.200001,21.250000,18.805830,25043700,CSCO
2013-12-02,21.290001,21.299999,21.059999,21.090000,18.664240,35385200,CSCO
2013-12-03,21.049999,21.260000,21.020000,21.260000,18.814684,52496700,CSCO
2013-12-04,21.090000,21.350000,21.070000,21.250000,18.805830,44535000,CSCO
2013-12-05,21.200001,21.299999,20.889999,20.910000,18.504942,61782100,CSCO
2013-12-06,21.120001,21.320000,21.070000,21.280001,18.832382,51266300,CSCO
2013-12-09,21.299999,21.330000,21.200001,21.219999,18.779284,41430000,CSCO
2013-12-10,21.260000,21.340000,21.150000,21.209999,18.770437,45957600,CSCO
2013-12-11,20.990000,21.010000,20.650000,20.879999,18.478390,66075000,CSCO
2013-12-12,20.820000,20.830000,20.260000,20.510000,18.150946,69575100,CSCO
2013-12-13,20.580000,20.580000,20.219999,20.240000,17.912004,51883000,CSCO
2013-12-16,20.350000,20.750000,20.250000,20.680000,18.301395,54485600,CSCO
2013-12-17,20.740000,21.129999,20.680000,20.920000,18.513788,45343300,CSCO
2013-12-18,20.879999,21.040001,20.520000,21.000000,18.584587,55495300,CSCO
2013-12-19,21.070000,21.080000,20.770000,21.070000,18.646538,36678100,CSCO
2013-12-20,21.059999,21.250000,20.959999,21.129999,18.699636,64140500,CSCO
2013-12-23,21.250000,21.629999,21.219999,21.570000,19.089025,41245900,CSCO
2013-12-24,21.459999,21.760000,21.440001,21.690001,19.195223,18372000,CSCO
2013-12-26,21.719999,21.879999,21.719999,21.799999,19.292574,17064400,CSCO
2013-12-27,21.790001,22.049999,21.780001,22.020000,19.487267,24098500,CSCO
2013-12-30,22.000000,22.330000,22.000000,22.250000,19.690813,27711600,CSCO
2013-12-31,22.250000,22.469999,22.150000,22.430000,19.850111,33240500,CSCO
2014-01-02,22.170000,22.290001,21.910000,22.000000,19.618254,44377000,CSCO
2014-01-03,22.090000,22.120001,21.830000,21.980000,19.600422,36328200,CSCO
2014-01-06,21.959999,22.230000,21.930000,22.010000,19.627176,34150300,CSCO
2014-01-07,22.260000,22.410000,22.150000,22.309999,19.894693,37368800,CSCO
2014-01-08,22.290001,22.360001,22.150000,22.290001,19.876865,38362700,CSCO
2014-01-09,22.290001,22.309999,21.920000,22.090000,19.698511,31794000,CSCO
2014-01-10,22.230000,22.280001,21.990000,22.219999,19.814440,30318600,CSCO
2014-01-13,22.389999,22.820000,22.139999,22.190001,19.787687,59600000,CSCO
2014-01-14,22.330000,22.520000,22.200001,22.410000,19.983873,44300800,CSCO
2014-01-15,22.500000,23.000000,22.420000,22.780001,20.313816,61767800,CSCO
2014-01-16,22.850000,22.910000,22.629999,22.780001,20.313816,38918100,CSCO
2014-01-17,22.580000,22.780001,22.580000,22.740000,20.278147,44349100,CSCO
2014-01-21,22.910000,22.950001,22.639999,22.830000,20.358400,33423000,CSCO
2014-01-22,22.910000,22.950001,22.780001,22.840000,20.367319,30700100,CSCO
2014-01-23,22.690001,22.850000,22.459999,22.559999,20.117632,37013600,CSCO
2014-01-24,22.400000,22.540001,22.170000,22.200001,19.796610,40917300,CSCO
2014-01-27,21.770000,22.110001,21.760000,22.000000,19.618254,60510000,CSCO
2014-01-28,21.879999,22.000000,21.700001,21.750000,19.395327,41431800,CSCO
2014-01-29,21.620001,21.840000,21.600000,21.650000,19.306150,35406500,CSCO
2014-01-30,21.770000,21.990000,21.629999,21.980000,19.600422,42883000,CSCO
2014-01-31,21.610001,21.990000,21.610001,21.910000,19.538000,43325300,CSCO
2014-02-03,21.930000,21.950001,21.459999,21.549999,19.216974,60693300,CSCO
2014-02-04,21.580000,21.820000,21.400000,21.799999,19.439913,46626500,CSCO
2014-02-05,21.690001,22.070000,21.580000,21.980000,19.600422,46291400,CSCO
2014-02-06,22.040001,22.580000,21.969999,22.490000,20.055210,49584300,CSCO
2014-02-07,22.520000,22.719999,22.299999,22.670000,20.215723,54109200,CSCO
2014-02-10,22.639999,22.879999,22.559999,22.830000,20.358400,45300500,CSCO
2014-02-11,22.780001,22.879999,22.670000,22.709999,20.251394,45804800,CSCO
2014-02-12,22.610001,22.920000,22.520000,22.850000,20.376236,69832400,CSCO
2014-02-13,21.990000,22.270000,21.680000,22.270000,19.859028,153739400,CSCO
2014-02-14,22.219999,22.770000,22.200001,22.559999,20.117632,64513500,CSCO
2014-02-18,22.490000,22.540001,22.330000,22.410000,19.983873,31014400,CSCO
2014-02-19,22.330000,22.559999,22.219999,22.280001,19.867947,29309100,CSCO
2014-02-20,22.240000,22.400000,22.160000,22.299999,19.885778,26215000,CSCO
2014-02-21,22.370001,22.450001,22.129999,22.129999,19.734186,31483000,CSCO
2014-02-24,22.190001,22.340000,22.000000,22.120001,19.725271,41858000,CSCO
2014-02-25,22.150000,22.219999,21.760000,21.840000,19.475580,45303600,CSCO
2014-02-26,21.840000,22.020000,21.549999,21.930000,19.555834,43574600,CSCO
2014-02-27,21.879999,22.049999,21.860001,21.920000,19.546917,25804000,CSCO
2014-02-28,21.969999,22.110001,21.700001,21.799999,19.439913,40863200,CSCO
2014-03-03,21.570000,21.820000,21.440001,21.570000,19.234810,37292900,CSCO
2014-03-04,21.780001,21.889999,21.700001,21.820000,19.457743,35673900,CSCO
2014-03-05,21.900000,22.049999,21.809999,21.870001,19.502333,28203400,CSCO
2014-03-06,21.879999,21.980000,21.750000,21.820000,19.457743,23567000,CSCO
2014-03-07,21.920000,21.940001,21.660000,21.730000,19.377491,33180000,CSCO
2014-03-10,21.629999,21.820000,21.600000,21.690001,19.341818,26163300,CSCO
2014-03-11,21.860001,21.930000,21.580000,21.610001,19.270479,34642200,CSCO
2014-03-12,21.530001,21.920000,21.530001,21.820000,19.457743,31854300,CSCO
2014-03-13,21.889999,21.920000,21.500000,21.520000,19.190224,42144400,CSCO
2014-03-14,21.549999,21.650000,21.280001,21.350000,19.038626,38256700,CSCO
2014-03-17,21.350000,21.620001,21.270000,21.510000,19.181307,33221900,CSCO
2014-03-18,21.340000,21.709999,21.290001,21.629999,19.288313,45849600,CSCO
2014-03-19,21.690001,21.799999,21.559999,21.629999,19.288313,32674300,CSCO
2014-03-20,21.590000,22.000000,21.590000,21.830000,19.466665,34952800,CSCO
2014-03-21,21.940001,22.100000,21.580000,21.639999,19.297232,97372900,CSCO
2014-03-24,21.680000,21.790001,21.469999,21.570000,19.234810,32782100,CSCO
2014-03-25,21.690001,22.360001,21.650000,22.340000,19.921453,53374300,CSCO
2014-03-26,22.440001,22.690001,22.320000,22.320000,19.903616,67098900,CSCO
2014-03-27,22.129999,22.389999,21.940001,22.020000,19.636095,52152300,CSCO
2014-03-28,22.090000,22.540001,22.049999,22.330000,19.912535,49289400,CSCO
2014-03-31,22.490000,22.639999,22.400000,22.420000,19.992790,32887800,CSCO
2014-04-01,22.330000,23.309999,22.299999,23.100000,20.775232,80106400,CSCO
2014-04-02,23.110001,23.129999,22.760000,22.990000,20.676308,38363700,CSCO
2014-04-03,23.049999,23.299999,23.000000,23.090000,20.766237,30311200,CSCO
2014-04-04,23.280001,23.350000,22.600000,22.709999,20.424480,49382300,CSCO
2014-04-07,22.600000,23.070000,22.500000,22.850000,20.550394,55317100,CSCO
2014-04-08,22.639999,22.969999,22.600000,22.940001,20.631332,37373900,CSCO
2014-04-09,23.000000,23.320000,22.889999,23.120001,20.793221,37888600,CSCO
2014-04-10,23.170000,23.260000,22.500000,22.650000,20.370520,53927000,CSCO
2014-04-11,22.549999,22.990000,22.430000,22.459999,20.199642,47253900,CSCO
2014-04-14,22.629999,22.940001,22.480000,22.850000,20.550394,35804300,CSCO
2014-04-15,22.840000,23.000000,22.610001,22.889999,20.586367,29845400,CSCO
2014-04-16,23.030001,23.150000,22.830000,23.030001,20.712280,31451900,CSCO
2014-04-17,23.010000,23.290001,22.780001,23.209999,20.874163,47813400,CSCO
2014-04-21,23.219999,23.590000,23.180000,23.400000,21.045042,38795200,CSCO
2014-04-22,23.430000,23.610001,23.400000,23.520000,21.152962,28725000,CSCO
2014-04-23,23.520000,23.570000,23.240000,23.500000,21.134975,29972800,CSCO
2014-04-24,23.639999,23.639999,23.240000,23.330000,20.982080,33976700,CSCO
2014-04-25,23.270000,23.320000,22.879999,23.000000,20.685299,25087300,CSCO
2014-04-28,23.150000,23.240000,22.790001,23.020000,20.703283,36817100,CSCO
2014-04-29,23.200001,23.209999,23.059999,23.160000,20.829193,14582400,CSCO
2014-04-30,23.080000,23.139999,22.920000,23.110001,20.784224,23979300,CSCO
2014-05-01,23.139999,23.150000,22.910000,23.010000,20.694292,17463700,CSCO
2014-05-02,23.110001,23.120001,22.900000,22.940001,20.631332,18757000,CSCO
2014-05-05,22.900000,23.000000,22.719999,22.959999,20.649319,17859200,CSCO
2014-05-06,22.840000,22.889999,22.629999,22.719999,20.433477,21815200,CSCO
2014-05-07,22.719999,22.900000,22.430000,22.870001,20.568382,38895200,CSCO
2014-05-08,22.900000,23.170000,22.760000,23.020000,20.703283,32181400,CSCO
2014-05-09,22.959999,23.110001,22.920000,23.020000,20.703283,22593900,CSCO
2014-05-12,23.040001,23.340000,23.000000,23.190001,20.856174,40216100,CSCO
2014-05-13,23.139999,23.209999,22.760000,22.860001,20.559389,57933100,CSCO
2014-05-14,22.920000,23.049999,22.629999,22.809999,20.514418,59330100,CSCO
2014-05-15,24.270000,24.690001,24.120001,24.180000,21.746546,120944500,CSCO
2014-05-16,24.139999,24.450001,24.059999,24.370001,21.917419,40477000,CSCO
2014-05-19,24.240000,24.450001,24.120001,24.350000,21.899433,39388900,CSCO
2014-05-20,24.260000,24.389999,24.020000,24.120001,21.692579,56321600,CSCO
2014-05-21,24.219999,24.650000,24.170000,24.480000,22.016350,65262600,CSCO
2014-05-22,24.420000,24.540001,24.290001,24.379999,21.926414,26751000,CSCO
2014-05-23,24.379999,24.570000,24.350000,24.520000,22.052326,27778000,CSCO
2014-05-27,24.740000,24.879999,24.629999,24.709999,22.223204,32365700,CSCO
2014-05-28,24.629999,24.930000,24.629999,24.820000,22.322134,28650600,CSCO
2014-05-29,24.850000,24.920000,24.559999,24.680000,22.196222,21642000,CSCO
2014-05-30,24.709999,24.750000,24.480000,24.620001,22.142260,29368700,CSCO
2014-06-02,24.639999,24.799999,24.559999,24.780001,22.286160,20393300,CSCO
2014-06-03,24.750000,24.820000,24.450001,24.680000,22.196222,23339100,CSCO
2014-06-04,24.610001,24.650000,24.400000,24.500000,22.034336,20635100,CSCO
2014-06-05,24.620001,24.740000,24.410000,24.700001,22.214214,23320300,CSCO
2014-06-06,24.730000,24.950001,24.709999,24.830000,22.331125,22485100,CSCO
2014-06-09,24.790001,24.950001,24.719999,24.799999,22.304150,18818400,CSCO
2014-06-10,24.730000,25.100000,24.600000,25.000000,22.484015,36582000,CSCO
2014-06-11,24.850000,25.170000,24.790001,25.040001,22.519993,36170300,CSCO
2014-06-12,24.950001,25.010000,24.620001,24.660000,22.178238,26900400,CSCO
2014-06-13,24.670000,24.780001,24.600000,24.700001,22.214214,20947600,CSCO
2014-06-16,24.520000,24.730000,24.450001,24.530001,22.061323,19251300,CSCO
2014-06-17,24.490000,24.620001,24.410000,24.500000,22.034336,17972800,CSCO
2014-06-18,24.700001,24.750000,24.459999,24.629999,22.151251,24723700,CSCO
2014-06-19,24.620001,24.709999,24.450001,24.709999,22.223204,20646800,CSCO
2014-06-20,24.629999,24.900000,24.610001,24.830000,22.331125,39707300,CSCO
2014-06-23,24.809999,24.900000,24.650000,24.700001,22.214214,18751100,CSCO
2014-06-24,24.620001,24.740000,24.520000,24.530001,22.061323,24302000,CSCO
2014-06-25,24.549999,24.780001,24.410000,24.719999,22.232197,22579500,CSCO
2014-06-26,24.660000,24.809999,24.480000,24.650000,22.169241,19134400,CSCO
2014-06-27,24.600000,24.780001,24.480000,24.700001,22.214214,34999300,CSCO
2014-06-30,24.670000,24.900000,24.620001,24.850000,22.349115,23992100,CSCO
2014-07-01,24.990000,25.110001,24.770000,25.080000,22.555967,34613200,CSCO
2014-07-02,24.969999,25.139999,24.870001,25.030001,22.682840,30197200,CSCO
2014-07-03,25.150000,25.250000,25.129999,25.190001,22.827835,19598800,CSCO
2014-07-07,25.000000,25.250000,24.969999,25.230000,22.864084,21293500,CSCO
2014-07-08,25.209999,25.309999,25.059999,25.070000,22.719088,34622900,CSCO
2014-07-09,25.219999,25.500000,25.139999,25.440001,23.054390,35610300,CSCO
2014-07-10,25.250000,25.520000,25.219999,25.440001,23.054390,27278600,CSCO
2014-07-11,25.520000,25.650000,25.440001,25.520000,23.126890,20945900,CSCO
2014-07-14,25.610001,25.650000,25.400000,25.440001,23.054390,19243600,CSCO
2014-07-15,25.379999,25.680000,25.360001,25.670000,23.262825,29468800,CSCO
2014-07-16,25.730000,26.049999,25.730000,25.980000,23.543751,40458600,CSCO
2014-07-17,25.840000,26.000000,25.580000,25.629999,23.226572,29568000,CSCO
2014-07-18,25.700001,25.959999,25.670000,25.910000,23.480314,25465300,CSCO
2014-07-21,25.889999,25.950001,25.719999,25.850000,23.425941,20825400,CSCO
2014-07-22,25.950001,26.080000,25.910000,25.950001,23.516569,28734800,CSCO
2014-07-23,25.719999,25.790001,25.549999,25.680000,23.271883,28759200,CSCO
2014-07-24,25.780001,25.900000,25.680000,25.830000,23.407820,21876300,CSCO
2014-07-25,25.799999,26.020000,25.680000,25.969999,23.534689,28640100,CSCO
2014-07-28,25.730000,26.000000,25.570000,25.920000,23.489382,27686400,CSCO
2014-07-29,25.879999,26.010000,25.690001,25.709999,23.299072,22441500,CSCO
2014-07-30,25.830000,25.840000,25.469999,25.629999,23.226572,26119900,CSCO
2014-07-31,25.480000,25.500000,25.170000,25.230000,22.864084,28219900,CSCO
2014-08-01,25.139999,25.209999,24.799999,25.000000,22.655653,28609200,CSCO
2014-08-04,24.940001,25.219999,24.860001,25.170000,22.809711,17252200,CSCO
2014-08-05,25.020000,25.120001,24.870001,24.969999,22.628466,21176500,CSCO
2014-08-06,24.930000,25.209999,24.850000,24.930000,22.592216,20990600,CSCO
2014-08-07,25.010000,25.110001,24.690001,24.860001,22.528780,24123500,CSCO
2014-08-08,24.870001,25.059999,24.740000,25.030001,22.682840,21648600,CSCO
2014-08-11,25.090000,25.370001,25.010000,25.230000,22.864084,25946200,CSCO
2014-08-12,25.209999,25.270000,25.000000,25.150000,22.791584,21928200,CSCO
2014-08-13,25.170000,25.270000,24.930000,25.200001,22.836897,43708600,CSCO
2014-08-14,24.940001,24.940001,24.320000,24.540001,22.238791,63790200,CSCO
2014-08-15,24.660000,24.660000,24.270000,24.430000,22.139101,33624000,CSCO
2014-08-18,24.490000,24.660000,24.430000,24.629999,22.320349,27666900,CSCO
2014-08-19,24.629999,24.690001,24.600000,24.639999,22.329411,20347000,CSCO
2014-08-20,24.549999,24.750000,24.520000,24.709999,22.392845,20228900,CSCO
2014-08-21,24.750000,24.910000,24.719999,24.889999,22.555967,20880800,CSCO
2014-08-22,24.870001,24.969999,24.639999,24.650000,22.338470,22453700,CSCO
2014-08-25,24.700001,24.840000,24.690001,24.700001,22.383785,19355800,CSCO
2014-08-26,24.700001,24.930000,24.670000,24.809999,22.483469,17053400,CSCO
2014-08-27,24.790001,24.860001,24.709999,24.799999,22.474405,15748800,CSCO
2014-08-28,24.700001,24.900000,24.639999,24.850000,22.519718,15506400,CSCO
2014-08-29,24.900000,24.990000,24.760000,24.990000,22.646591,17972300,CSCO
2014-09-02,24.940001,25.000000,24.750000,24.879999,22.546902,19836000,CSCO
2014-09-03,24.940001,25.129999,24.920000,25.040001,22.691902,22043200,CSCO
2014-09-04,25.080000,25.139999,24.830000,24.910000,22.574091,20268900,CSCO
2014-09-05,24.860001,25.070000,24.860001,25.000000,22.655653,19865200,CSCO
2014-09-08,24.930000,25.090000,24.809999,24.950001,22.610342,14188500,CSCO
2014-09-09,24.879999,24.969999,24.600000,24.860001,22.528780,19075800,CSCO
2014-09-10,24.840000,25.000000,24.840000,24.930000,22.592216,15738500,CSCO
2014-09-11,24.920000,25.200001,24.850000,25.180000,22.818773,22105400,CSCO
2014-09-12,25.160000,25.260000,25.070000,25.160000,22.800646,33197300,CSCO
2014-09-15,24.950001,25.090000,24.870001,25.059999,22.710024,33411400,CSCO
2014-09-16,25.000000,25.420000,24.980000,25.219999,22.855026,31902300,CSCO
2014-09-17,25.139999,25.309999,25.070000,25.209999,22.845957,25703300,CSCO
2014-09-18,25.170000,25.270000,25.150000,25.219999,22.855026,15939900,CSCO
2014-09-19,25.209999,25.299999,25.010000,25.200001,22.836897,47343700,CSCO
2014-09-22,25.190001,25.190001,24.860001,24.969999,22.628466,21346700,CSCO
2014-09-23,24.870001,25.030001,24.670000,24.700001,22.383785,20747900,CSCO
2014-09-24,24.730000,25.040001,24.629999,24.980000,22.637527,19700400,CSCO
2014-09-25,24.959999,24.959999,24.500000,24.540001,22.238791,27242000,CSCO
2014-09-26,24.500000,25.090000,24.459999,25.000000,22.655653,29863700,CSCO
2014-09-29,24.730000,25.200001,24.730000,25.120001,22.764400,28707700,CSCO
2014-09-30,24.900000,25.250000,24.850000,25.170000,22.983551,36919300,CSCO
2014-10-01,25.200001,25.250000,24.940001,25.030001,22.855715,44916200,CSCO
2014-10-02,25.049999,25.110001,24.750000,25.059999,22.883108,28334000,CSCO
2014-10-03,25.209999,25.370001,25.040001,25.309999,23.111389,29038300,CSCO
2014-10-06,25.350000,25.420000,24.959999,25.010000,22.837454,23952600,CSCO
2014-10-07,25.010000,25.250000,24.590000,24.639999,22.499592,29309600,CSCO
2014-10-08,24.570000,24.680000,24.180000,24.660000,22.517853,40348300,CSCO
2014-10-09,24.510000,24.639999,24.180000,24.190001,22.088682,29341200,CSCO
2014-10-10,23.910000,24.010000,23.340000,23.340000,21.312521,48313600,CSCO
2014-10-13,23.240000,23.450001,22.930000,22.930000,20.938139,33227700,CSCO
2014-10-14,23.059999,23.350000,22.959999,23.059999,21.056841,29317500,CSCO
2014-10-15,22.790001,23.150000,22.490000,22.959999,20.965527,40079600,CSCO
2014-10-16,22.650000,23.080000,22.559999,22.820000,20.837690,30929300,CSCO
2014-10-17,22.980000,23.330000,22.920000,23.250000,21.230333,28485000,CSCO
2014-10-20,22.900000,23.080000,22.690001,22.930000,20.938139,34386900,CSCO
2014-10-21,23.100000,23.600000,22.959999,23.510000,21.467747,33712700,CSCO
2014-10-22,23.670000,23.680000,23.240000,23.260000,21.239471,25172900,CSCO
2014-10-23,23.610001,23.760000,23.420000,23.570000,21.522537,21669900,CSCO
2014-10-24,23.600000,23.799999,23.459999,23.780001,21.714298,19942900,CSCO
2014-10-27,23.620001,23.809999,23.600000,23.760000,21.696035,16862700,CSCO
2014-10-28,23.820000,24.070000,23.820000,24.070000,21.979103,17798600,CSCO
2014-10-29,24.010000,24.299999,23.920000,24.100000,22.006500,18885500,CSCO
2014-10-30,24.000000,24.150000,23.879999,24.080000,21.988239,32212000,CSCO
2014-10-31,24.590000,24.639999,24.180000,24.469999,22.344358,30379100,CSCO
2014-11-03,24.450001,24.590000,24.450001,24.580000,22.444803,16383400,CSCO
2014-11-04,24.600000,24.910000,24.580000,24.879999,22.718740,24620900,CSCO
2014-11-05,24.969999,25.170000,24.840000,25.150000,22.965286,21979600,CSCO
2014-11-06,25.100000,25.280001,25.020000,25.260000,23.065735,18373700,CSCO
2014-11-07,25.299999,25.400000,25.160000,25.330000,23.129654,34001900,CSCO
2014-11-10,25.040001,25.230000,24.879999,25.150000,22.965286,32152700,CSCO
2014-11-11,25.200001,25.209999,25.020000,25.150000,22.965286,19801700,CSCO
2014-11-12,24.910000,25.190001,24.879999,25.110001,22.928761,42258800,CSCO
2014-11-13,24.930000,25.889999,24.879999,25.680000,23.449249,57138800,CSCO
2014-11-14,25.760000,26.340000,25.650000,26.320000,24.033653,48667000,CSCO
2014-11-17,26.110001,26.549999,26.000000,26.469999,24.170624,33224000,CSCO
2014-11-18,26.500000,26.740000,26.400000,26.600000,24.289333,27223100,CSCO
2014-11-19,26.580000,26.620001,26.299999,26.590000,24.280199,19882500,CSCO
2014-11-20,26.490000,26.840000,26.350000,26.809999,24.481089,23440100,CSCO
2014-11-21,26.950001,27.049999,26.670000,26.879999,24.545006,31912100,CSCO
2014-11-24,26.879999,27.120001,26.879999,27.030001,24.681978,26994800,CSCO
2014-11-25,27.030001,27.299999,27.030001,27.280001,24.910265,28110100,CSCO
2014-11-26,27.299999,27.459999,27.139999,27.430000,25.047234,19466000,CSCO
2014-11-28,27.520000,27.780001,27.360001,27.639999,25.238989,18138900,CSCO
2014-12-01,27.500000,27.610001,27.330000,27.590000,25.193333,19670200,CSCO
2014-12-02,27.600000,27.959999,27.600000,27.820000,25.403355,28247400,CSCO
2014-12-03,27.709999,27.990000,27.510000,27.950001,25.522062,27858600,CSCO
2014-12-04,27.920000,27.990000,27.580000,27.770000,25.357695,23797800,CSCO
2014-12-05,27.790001,27.850000,27.400000,27.500000,25.111151,26722300,CSCO
2014-12-08,27.420000,27.530001,27.150000,27.230000,24.864603,24275900,CSCO
2014-12-09,26.950001,27.480000,26.830000,27.420000,25.038101,25885900,CSCO
2014-12-10,27.260000,27.360001,26.790001,26.870001,24.535879,31773400,CSCO
2014-12-11,26.969999,27.360001,26.940001,26.990000,24.645452,22902400,CSCO
2014-12-12,26.709999,27.150000,26.700001,26.860001,24.526745,27032000,CSCO
2014-12-15,26.889999,27.170000,26.480000,26.680000,24.362383,27503200,CSCO
2014-12-16,26.500000,27.170000,26.150000,26.590000,24.280199,36622000,CSCO
2014-12-17,26.620001,26.900000,26.469999,26.809999,24.481089,36617700,CSCO
2014-12-18,27.040001,27.660000,27.040001,27.650000,25.248119,34927700,CSCO
2014-12-19,27.650000,27.850000,27.549999,27.770000,25.357695,59644100,CSCO
2014-12-22,27.799999,28.290001,27.750000,28.219999,25.768604,28858600,CSCO
2014-12-23,28.219999,28.500000,28.190001,28.250000,25.796003,23538600,CSCO
2014-12-24,28.290001,28.590000,28.290001,28.299999,25.841660,11411200,CSCO
2014-12-26,28.500000,28.500000,28.280001,28.350000,25.887314,9739600,CSCO
2014-12-29,28.350000,28.570000,28.320000,28.459999,25.987759,13445600,CSCO
2014-12-30,28.440001,28.480000,28.309999,28.360001,25.896444,15487700,CSCO
2014-12-31,28.280001,28.410000,27.809999,27.820000,25.403355,21478700,CSCO
2015-01-02,27.860001,28.120001,27.379999,27.610001,25.384966,22926500,CSCO
2015-01-05,27.320000,27.450001,27.000000,27.059999,24.879290,29460600,CSCO
2015-01-06,27.139999,27.680000,27.040001,27.049999,24.870098,47297600,CSCO
2015-01-07,27.139999,27.400000,26.980000,27.299999,25.099945,27570800,CSCO
2015-01-08,27.540001,28.090000,27.469999,27.510000,25.293022,40907000,CSCO
2015-01-09,27.670000,28.070000,27.450001,27.790001,25.550459,33604100,CSCO
2015-01-12,28.000000,28.200001,27.820000,28.049999,25.789507,38648400,CSCO
2015-01-13,28.209999,28.700001,27.900000,28.100000,25.835478,36074200,CSCO
2015-01-14,27.840000,28.049999,27.639999,27.920000,25.669981,29494400,CSCO
2015-01-15,28.090000,28.200001,27.350000,27.410000,25.201082,29521100,CSCO
2015-01-16,27.360001,27.770000,27.209999,27.680000,25.449320,26655100,CSCO
2015-01-20,27.760000,28.270000,27.660000,28.070000,25.807894,33550500,CSCO
2015-01-21,28.059999,28.190001,27.700001,27.840000,25.596430,29298500,CSCO
2015-01-22,27.549999,28.510000,27.219999,28.500000,26.203239,49494700,CSCO
2015-01-23,28.360001,28.500000,28.139999,28.209999,25.936609,21695900,CSCO
2015-01-26,28.219999,28.230000,27.700001,27.969999,25.715952,18370100,CSCO
2015-01-27,27.520000,27.590000,26.660000,26.900000,24.732182,46110500,CSCO
2015-01-28,27.389999,27.600000,26.799999,26.809999,24.649433,32381700,CSCO
2015-01-29,26.740000,27.309999,26.639999,27.219999,25.026392,28095400,CSCO
2015-01-30,26.879999,27.110001,26.320000,26.370001,24.244894,38419100,CSCO
2015-02-02,26.389999,26.870001,25.920000,26.830000,24.667822,29417000,CSCO
2015-02-03,26.900000,27.120001,26.690001,27.120001,24.934454,27950800,CSCO
2015-02-04,27.059999,27.219999,26.610001,26.690001,24.539108,27696300,CSCO
2015-02-05,26.750000,27.299999,26.580000,27.260000,25.063173,20548400,CSCO
2015-02-06,27.370001,27.660000,27.139999,27.240000,25.044783,25288800,CSCO
2015-02-09,27.209999,27.410000,27.059999,27.120001,24.934454,23681000,CSCO
2015-02-10,27.160000,27.540001,27.150000,27.490000,25.274635,22250300,CSCO
2015-02-11,27.650000,27.650000,26.900000,26.930000,24.759762,46213500,CSCO
2015-02-12,28.990000,29.580000,28.840000,29.459999,27.085876,117439100,CSCO
2015-02-13,29.379999,29.500000,29.110001,29.430000,27.058296,50656700,CSCO
2015-02-17,29.260000,29.350000,29.030001,29.309999,26.947964,34217200,CSCO
2015-02-18,29.190001,29.549999,29.120001,29.490000,27.113461,23848800,CSCO
2015-02-19,29.309999,29.389999,29.129999,29.309999,26.947964,21477800,CSCO
2015-02-20,29.350000,29.660000,29.160000,29.610001,27.223787,25985600,CSCO
2015-02-23,29.629999,29.650000,29.420000,29.629999,27.242176,24026800,CSCO
2015-02-24,29.559999,29.709999,29.430000,29.629999,27.242176,18453200,CSCO
2015-02-25,29.440001,29.570000,29.320000,29.490000,27.113461,17368100,CSCO
2015-02-26,29.520000,29.990000,29.520000,29.910000,27.499611,28305200,CSCO
2015-02-27,29.889999,29.910000,29.379999,29.510000,27.131847,29135500,CSCO
2015-03-02,29.360001,30.309999,29.340000,30.190001,27.757046,35981900,CSCO
2015-03-03,30.100000,30.120001,29.469999,29.540001,27.159431,32990300,CSCO
2015-03-04,29.350000,29.520000,29.110001,29.330000,26.966356,32182200,CSCO
2015-03-05,29.469999,29.490000,29.120001,29.299999,26.938772,17985000,CSCO
2015-03-06,29.110001,29.270000,28.799999,28.930000,26.598589,27035000,CSCO
2015-03-09,28.900000,29.450001,28.760000,29.360001,26.993935,23007700,CSCO
2015-03-10,29.150000,29.170000,28.660000,28.660000,26.350348,26265600,CSCO
2015-03-11,28.680000,28.760000,28.209999,28.260000,25.982582,25160200,CSCO
2015-03-12,28.049999,28.540001,28.049999,28.240000,25.964193,22978700,CSCO
2015-03-13,28.020000,28.260000,27.570000,27.940001,25.688370,36511000,CSCO
2015-03-16,28.100000,28.379999,28.040001,28.299999,26.019358,25358900,CSCO
2015-03-17,28.190001,28.280001,27.950001,28.150000,25.881447,21822300,CSCO
2015-03-18,27.879999,28.340000,27.719999,28.150000,25.881447,34890000,CSCO
2015-03-19,28.100000,28.540001,28.030001,28.260000,25.982582,27980400,CSCO
2015-03-20,28.450001,28.620001,28.320000,28.440001,26.148077,37628700,CSCO
2015-03-23,28.440001,28.690001,28.360001,28.410000,26.120493,21610800,CSCO
2015-03-24,28.290001,28.570000,27.990000,28.000000,25.743534,23263600,CSCO
2015-03-25,27.920000,28.090000,27.459999,27.459999,25.247051,27158700,CSCO
2015-03-26,27.190001,27.309999,26.620001,27.090000,24.906870,48928100,CSCO
2015-03-27,27.070000,27.209999,26.940001,27.129999,24.943644,19854800,CSCO
2015-03-30,27.219999,27.750000,27.219999,27.650000,25.421738,29056300,CSCO
2015-03-31,27.340000,27.690001,27.280001,27.530001,25.505121,29258300,CSCO
2015-04-01,27.309999,27.639999,27.100000,27.250000,25.245714,22311300,CSCO
2015-04-02,27.219999,27.500000,27.129999,27.129999,25.134542,19527200,CSCO
2015-04-06,26.959999,27.320000,26.840000,27.219999,25.217920,20004000,CSCO
2015-04-07,27.200001,27.559999,27.129999,27.389999,25.375418,16861800,CSCO
2015-04-08,27.370001,27.660000,27.370001,27.549999,25.523649,19076400,CSCO
2015-04-09,27.590000,27.740000,27.420000,27.629999,25.597765,16684500,CSCO
2015-04-10,27.580000,28.080000,27.559999,28.040001,25.977613,24634600,CSCO
2015-04-13,27.990000,28.280001,27.940001,27.980000,25.922022,22769600,CSCO
2015-04-14,28.000000,28.059999,27.680000,27.809999,25.764524,19294700,CSCO
2015-04-15,28.100000,28.420000,27.969999,28.250000,26.172167,31160900,CSCO
2015-04-16,28.190001,28.639999,28.100000,28.600000,26.496418,29863500,CSCO
2015-04-17,28.260000,28.400000,27.900000,27.920000,25.866440,36904700,CSCO
2015-04-20,28.160000,28.629999,28.160000,28.480000,26.385248,21886800,CSCO
2015-04-21,28.719999,28.920000,28.660000,28.690001,26.579800,23956900,CSCO
2015-04-22,28.670000,28.790001,28.420000,28.620001,26.514954,19111700,CSCO
2015-04-23,28.400000,28.820000,28.200001,28.680000,26.570539,22230100,CSCO
2015-04-24,29.190001,29.280001,28.670000,28.820000,26.700239,27145600,CSCO
2015-04-27,28.879999,29.030001,28.709999,28.889999,26.765093,22952000,CSCO
2015-04-28,28.799999,29.330000,28.760000,29.320000,27.163464,24315300,CSCO
2015-04-29,29.059999,29.250000,28.900000,29.049999,26.913322,22463700,CSCO
2015-04-30,28.850000,29.020000,28.680000,28.830000,26.709505,26514500,CSCO
2015-05-01,28.809999,29.200001,28.780001,29.129999,26.987438,18936000,CSCO
2015-05-04,29.080000,29.360001,29.070000,29.170000,27.024498,16484100,CSCO
2015-05-05,29.170000,29.209999,28.840000,28.889999,26.765093,22463800,CSCO
2015-05-06,28.900000,29.080000,28.690001,28.969999,26.839205,23572000,CSCO
2015-05-07,28.990000,29.120001,28.740000,28.809999,26.690975,22643800,CSCO
2015-05-08,28.990000,29.370001,28.990000,29.230000,27.080084,22572400,CSCO
2015-05-11,29.500000,29.790001,29.200001,29.209999,27.061556,27045200,CSCO
2015-05-12,29.070000,29.440001,28.799999,29.230000,27.080084,31761000,CSCO
2015-05-13,29.139999,29.469999,29.129999,29.350000,27.191257,38264000,CSCO
2015-05-14,29.290001,29.660000,28.969999,29.049999,26.913322,56696300,CSCO
2015-05-15,29.240000,29.820000,29.160000,29.549999,27.376545,37677300,CSCO
2015-05-18,29.420000,29.900000,29.420000,29.760000,27.571102,23860900,CSCO
2015-05-19,29.870001,29.900000,29.629999,29.740000,27.552572,18926300,CSCO
2015-05-20,29.799999,29.850000,29.530001,29.620001,27.441401,19410900,CSCO
2015-05-21,29.610001,29.770000,29.430000,29.430000,27.265375,20806900,CSCO
2015-05-22,29.389999,29.450001,29.260000,29.260000,27.107880,20079700,CSCO
2015-05-26,29.190001,29.250000,28.750000,28.950001,26.820679,25877100,CSCO
2015-05-27,29.059999,29.480000,29.020000,29.309999,27.154202,23959900,CSCO
2015-05-28,29.340000,29.559999,29.160000,29.350000,27.191257,18219600,CSCO
2015-05-29,29.320000,29.590000,29.190001,29.309999,27.154202,25935100,CSCO
2015-06-01,29.600000,29.620001,29.049999,29.180000,27.033762,23799400,CSCO
2015-06-02,29.090000,29.270000,28.950001,29.080000,26.941114,15977200,CSCO
2015-06-03,29.209999,29.299999,29.049999,29.090000,26.950386,20536900,CSCO
2015-06-04,28.900000,29.100000,28.540001,28.610001,26.505684,26774500,CSCO
2015-06-05,28.549999,28.709999,28.490000,28.580000,26.477892,25357900,CSCO
2015-06-08,28.670000,28.700001,28.230000,28.280001,26.199959,18914700,CSCO
2015-06-09,28.270000,28.420000,28.010000,28.240000,26.162901,15527500,CSCO
2015-06-10,28.469999,28.910000,28.270000,28.660000,26.552006,26223300,CSCO
2015-06-11,28.750000,29.219999,28.750000,28.860001,26.737297,24387100,CSCO
2015-06-12,28.660000,28.670000,28.309999,28.540001,26.440836,21919500,CSCO
2015-06-15,28.230000,28.520000,28.110001,28.480000,26.385248,25722100,CSCO
2015-06-16,28.350000,28.790001,28.280001,28.709999,26.598328,16920300,CSCO
2015-06-17,28.840000,29.040001,28.660000,28.930000,26.802147,20959000,CSCO
2015-06-18,28.850000,29.350000,28.820000,29.209999,27.061556,24156100,CSCO
2015-06-19,29.240000,29.320000,28.940001,29.030001,26.894794,31970100,CSCO
2015-06-22,29.100000,29.219999,28.820000,28.940001,26.811415,20160000,CSCO
2015-06-23,29.000000,29.040001,28.620001,28.790001,26.672447,21041300,CSCO
2015-06-24,28.790001,28.850000,28.490000,28.510000,26.413042,20978800,CSCO
2015-06-25,28.559999,28.650000,28.379999,28.400000,26.311132,14606100,CSCO
2015-06-26,28.490000,28.490000,28.010000,28.280001,26.199959,28087800,CSCO
2015-06-29,27.990000,28.110001,27.500000,27.540001,25.514389,31838300,CSCO
2015-06-30,27.830000,27.830000,27.330000,27.459999,25.440269,31236800,CSCO
2015-07-01,27.420000,27.500000,27.070000,27.350000,25.533628,24461300,CSCO
2015-07-02,27.370001,27.570000,27.290001,27.330000,25.514956,15635500,CSCO
2015-07-06,27.000000,27.260000,26.889999,27.219999,25.412264,22858200,CSCO
2015-07-07,27.219999,27.450001,26.889999,27.360001,25.542969,25436700,CSCO
2015-07-08,27.080000,27.160000,26.840000,26.990000,25.197540,27863400,CSCO
2015-07-09,27.379999,27.450001,26.900000,26.910000,25.122852,20129700,CSCO
2015-07-10,27.270000,27.360001,27.040001,27.280001,25.468279,16079300,CSCO
2015-07-13,27.490000,27.799999,27.420000,27.790001,25.944410,20623100,CSCO
2015-07-14,27.870001,28.040001,27.700001,28.030001,26.168472,20932800,CSCO
2015-07-15,27.860001,28.240000,27.809999,28.110001,26.243156,23378400,CSCO
2015-07-16,28.240000,28.420000,28.209999,28.320000,26.439209,21058100,CSCO
2015-07-17,28.270000,28.309999,27.969999,28.180000,26.308510,24248900,CSCO
2015-07-20,28.129999,28.160000,27.879999,28.030001,26.168472,19477000,CSCO
2015-07-21,27.959999,28.250000,27.790001,27.840000,25.991089,23874000,CSCO
2015-07-22,27.830000,28.059999,27.440001,27.530001,25.701675,26889200,CSCO
2015-07-23,27.700001,28.250000,27.580000,28.010000,26.149796,34103200,CSCO
2015-07-24,28.450001,28.770000,28.379999,28.400000,26.513899,39471700,CSCO
2015-07-27,28.309999,28.559999,28.190001,28.209999,26.336515,30914400,CSCO
2015-07-28,28.340000,28.350000,27.850000,28.209999,26.336515,23573200,CSCO
2015-07-29,28.200001,28.520000,28.020000,28.400000,26.513899,21419900,CSCO
2015-07-30,28.219999,28.459999,28.200001,28.299999,26.420538,17458100,CSCO
2015-07-31,28.389999,28.559999,28.160000,28.420000,26.532572,20376000,CSCO
2015-08-03,28.410000,28.590000,28.110001,28.360001,26.476555,17450900,CSCO
2015-08-04,28.219999,28.459999,27.889999,28.030001,26.168472,18578100,CSCO
2015-08-05,28.110001,28.600000,28.100000,28.270000,26.392530,19236200,CSCO
2015-08-06,28.370001,28.670000,28.000000,28.209999,26.336515,20143800,CSCO
2015-08-07,28.170000,28.230000,27.900000,28.150000,26.280499,16039400,CSCO
2015-08-10,28.480000,28.700001,28.270000,28.590000,26.691280,23740000,CSCO
2015-08-11,28.240000,28.389999,27.850000,28.020000,26.159130,25193800,CSCO
2015-08-12,27.799999,28.100000,27.410000,27.900000,26.047104,41085000,CSCO
2015-08-13,28.780001,29.209999,28.690001,28.700001,26.793976,61154000,CSCO
2015-08-14,28.780001,29.049999,28.750000,29.030001,27.102058,24814500,CSCO
2015-08-17,28.650000,28.969999,28.510000,28.830000,26.915339,21264000,CSCO
2015-08-18,28.709999,28.719999,28.180000,28.250000,26.373859,32210400,CSCO
2015-08-19,28.100000,28.240000,27.719999,27.799999,25.953743,30023900,CSCO
2015-08-20,27.559999,27.750000,27.040001,27.040001,25.244221,37889400,CSCO
2015-08-21,26.879999,27.340000,26.469999,26.469999,24.712074,48502400,CSCO
2015-08-24,24.889999,26.080000,23.030001,25.190001,23.517080,61667000,CSCO
2015-08-25,25.940001,25.990000,24.600000,24.620001,22.984936,40610100,CSCO
2015-08-26,25.280001,25.740000,24.709999,25.680000,23.974535,54783200,CSCO
2015-08-27,26.000000,26.190001,25.610001,26.170000,24.431997,36504700,CSCO
2015-08-28,25.910000,26.049999,25.820000,26.000000,24.273287,26918900,CSCO
2015-08-31,25.940001,26.110001,25.740000,25.879999,24.161255,32281600,CSCO
2015-09-01,25.219999,25.620001,25.010000,25.120001,23.451731,32705400,CSCO
2015-09-02,25.590000,25.660000,25.080000,25.650000,23.946529,27925300,CSCO
2015-09-03,25.879999,26.150000,25.730000,25.900000,24.179926,27958400,CSCO
2015-09-04,25.420000,25.650000,25.350000,25.520000,23.825165,26903500,CSCO
2015-09-08,25.980000,26.330000,25.910000,26.299999,24.553362,20932900,CSCO
2015-09-09,26.500000,26.730000,25.879999,25.940001,24.217270,24880500,CSCO
2015-09-10,25.900000,26.490000,25.850000,26.260000,24.516020,26424600,CSCO
2015-09-11,26.000000,26.180000,25.809999,26.020000,24.291958,21529100,CSCO
2015-09-14,26.150000,26.170000,25.660000,25.700001,23.993210,18636000,CSCO
2015-09-15,25.559999,26.080000,25.559999,25.980000,24.254612,20007100,CSCO
2015-09-16,26.070000,26.100000,25.850000,26.070000,24.338636,21245300,CSCO
2015-09-17,25.959999,26.280001,25.809999,25.879999,24.161255,25409600,CSCO
2015-09-18,25.570000,25.740000,25.250000,25.540001,23.843840,39334700,CSCO
2015-09-21,25.450001,25.820000,25.350000,25.540001,23.843840,21945600,CSCO
2015-09-22,25.059999,25.209999,24.969999,25.139999,23.470400,21305200,CSCO
2015-09-23,25.219999,25.309999,25.010000,25.280001,23.601105,18804200,CSCO
2015-09-24,25.090000,25.500000,24.920000,25.410000,23.722469,35598000,CSCO
2015-09-25,25.809999,26.299999,25.799999,26.030001,24.301294,37618300,CSCO
2015-09-28,25.830000,26.020000,25.590000,25.660000,23.955866,27211200,CSCO
2015-09-29,25.639999,25.930000,25.559999,25.639999,23.937195,27095600,CSCO
2015-09-30,26.000000,26.379999,25.879999,26.250000,24.506683,32000900,CSCO
2015-10-01,26.049999,26.160000,25.549999,25.730000,24.214939,26933200,CSCO
2015-10-02,25.400000,25.790001,25.340000,25.760000,24.243172,34910700,CSCO
2015-10-05,26.040001,26.980000,25.969999,26.850000,25.268990,30217900,CSCO
2015-10-06,27.030001,27.469999,26.980000,27.230000,25.626614,33758200,CSCO
2015-10-07,27.520000,27.950001,27.000000,27.540001,25.918360,29749700,CSCO
2015-10-08,27.510000,28.020000,27.430000,27.910000,26.266571,22500200,CSCO
2015-10-09,28.010000,28.150000,27.820000,27.910000,26.266571,22125800,CSCO
2015-10-12,27.930000,28.100000,27.760000,27.959999,26.313625,14486000,CSCO
2015-10-13,27.750000,27.950001,27.740000,27.850000,26.210104,15107200,CSCO
2015-10-14,27.750000,27.900000,27.590000,27.820000,26.181871,20144000,CSCO
2015-10-15,28.100000,28.190001,27.870001,28.150000,26.492441,18996900,CSCO
2015-10-16,28.340000,28.350000,28.000000,28.250000,26.586552,19948300,CSCO
2015-10-19,28.120001,28.290001,27.940001,28.250000,26.586552,20778100,CSCO
2015-10-20,28.200001,28.520000,28.150000,28.500000,26.821831,20192100,CSCO
2015-10-21,28.600000,28.820000,28.219999,28.280001,26.614788,19008900,CSCO
2015-10-22,28.559999,29.209999,28.500000,29.010000,27.301802,32162500,CSCO
2015-10-23,29.020000,29.379999,28.930000,29.350000,27.621780,26076900,CSCO
2015-10-26,29.320000,29.490000,28.879999,28.950001,27.245335,20354800,CSCO
2015-10-27,28.719999,29.059999,28.580000,29.049999,27.339445,19480600,CSCO
2015-10-28,29.290001,29.450001,29.040001,29.360001,27.631191,23741400,CSCO
2015-10-29,29.150000,29.209999,28.930000,29.139999,27.424147,16637300,CSCO
2015-10-30,29.000000,29.250000,28.850000,28.850000,27.151220,22334100,CSCO
2015-11-02,28.870001,28.870001,28.510000,28.770000,27.075933,28912600,CSCO
2015-11-03,28.610001,28.709999,28.490000,28.610001,26.925352,30555300,CSCO
2015-11-04,28.790001,28.820000,28.370001,28.469999,26.793596,28552000,CSCO
2015-11-05,28.500000,28.610001,28.290001,28.430000,26.755955,21988600,CSCO
2015-11-06,28.309999,28.549999,28.160000,28.450001,26.774776,26107600,CSCO
2015-11-09,28.350000,28.490000,28.000000,28.180000,26.520674,25865900,CSCO
2015-11-10,28.180000,28.219999,27.900000,27.980000,26.332449,26701800,CSCO
2015-11-11,28.100000,28.100000,27.750000,27.820000,26.181871,32599300,CSCO
2015-11-12,27.740000,28.070000,27.719999,27.830000,26.191280,38135900,CSCO
2015-11-13,26.290001,26.680000,25.820000,26.209999,24.666672,94556200,CSCO
2015-11-16,26.070000,27.000000,26.059999,26.790001,25.212521,44949600,CSCO
2015-11-17,26.799999,27.270000,26.680000,26.809999,25.231340,30490200,CSCO
2015-11-18,27.000000,27.160000,26.730000,27.120001,25.523090,27015700,CSCO
2015-11-19,27.100000,27.650000,27.049999,27.370001,25.758369,27417400,CSCO
2015-11-20,27.590000,27.780001,27.459999,27.570000,25.946592,26502800,CSCO
2015-11-23,27.650000,27.840000,27.340000,27.430000,25.814835,24684600,CSCO
2015-11-24,27.250000,27.440001,27.000000,27.270000,25.664259,32859200,CSCO
2015-11-25,27.320000,27.389999,27.000000,27.240000,25.636024,22472500,CSCO
2015-11-27,27.250000,27.480000,27.240000,27.320000,25.711315,9532300,CSCO
2015-11-30,27.340000,27.480000,27.200001,27.250000,25.645435,30736700,CSCO
2015-12-01,27.200001,27.650000,27.200001,27.570000,25.946592,31406300,CSCO
2015-12-02,27.490000,27.900000,27.370001,27.440001,25.824245,29178200,CSCO
2015-12-03,27.629999,27.690001,26.820000,26.950001,25.363102,25783800,CSCO
2015-12-04,26.950001,27.549999,26.950001,27.480000,25.861891,28143700,CSCO
2015-12-07,27.559999,27.559999,27.260000,27.490000,25.871304,15350200,CSCO
2015-12-08,27.170000,27.290001,27.020000,27.150000,25.551323,18635700,CSCO
2015-12-09,26.959999,27.350000,26.660000,26.730000,25.156052,24127400,CSCO
2015-12-10,26.740000,27.040001,26.660000,26.770000,25.193697,23305200,CSCO
2015-12-11,26.490000,26.490000,26.129999,26.160000,24.619617,34295700,CSCO
2015-12-14,26.299999,26.520000,25.959999,26.490000,24.930185,32642100,CSCO
2015-12-15,26.719999,27.110001,26.610001,26.850000,25.268990,30393700,CSCO
2015-12-16,27.000000,27.290001,26.680000,27.240000,25.636024,22731500,CSCO
2015-12-17,27.290001,27.309999,26.700001,26.719999,25.146643,24812200,CSCO
2015-12-18,26.600000,26.820000,26.260000,26.270000,24.723139,36732700,CSCO
2015-12-21,26.580000,26.650000,26.410000,26.639999,25.071354,20242900,CSCO
2015-12-22,26.850000,26.900000,26.559999,26.889999,25.306631,18927500,CSCO
2015-12-23,27.040001,27.410000,27.000000,27.400000,25.786602,18803700,CSCO
2015-12-24,27.410000,27.549999,27.370001,27.379999,25.767776,8202400,CSCO
2015-12-28,27.299999,27.370001,27.129999,27.309999,25.701900,14156900,CSCO
2015-12-29,27.440001,27.820000,27.400000,27.770000,26.134813,16319600,CSCO
2015-12-30,27.660000,27.770000,27.520000,27.530001,25.908947,10620300,CSCO
2015-12-31,27.379999,27.450001,27.139999,27.160000,25.560734,17041500,CSCO
2016-01-04,26.389999,26.420000,25.879999,26.410000,25.048573,35827100,CSCO
2016-01-05,26.540001,26.660000,26.180000,26.290001,24.934759,22024900,CSCO
2016-01-06,26.080000,26.139999,25.820000,26.010000,24.669193,30799800,CSCO
2016-01-07,25.490000,25.740000,25.120001,25.410000,24.100121,43235400,CSCO
2016-01-08,25.549999,25.629999,24.719999,24.780001,23.502598,28609700,CSCO
2016-01-11,24.930000,25.350000,24.930000,25.270000,23.967337,32224100,CSCO
2016-01-12,25.510000,25.570000,25.030001,25.350000,24.043217,30122400,CSCO
2016-01-13,25.420000,25.520000,24.570000,24.600000,23.331879,33431600,CSCO
2016-01-14,24.690001,24.900000,24.459999,24.660000,23.388784,42902400,CSCO
2016-01-15,23.930000,24.430000,23.570000,23.620001,22.402395,64092800,CSCO
2016-01-19,23.799999,24.030001,23.590000,23.850000,22.620539,52533500,CSCO
2016-01-20,23.400000,23.510000,22.469999,22.900000,21.719511,83632400,CSCO
2016-01-21,23.090000,23.450001,22.870001,22.900000,21.719511,46267900,CSCO
2016-01-22,23.600000,23.639999,22.990000,23.370001,22.165285,55049000,CSCO
2016-01-25,23.379999,23.520000,23.139999,23.170000,21.975594,64066100,CSCO
2016-01-26,23.240000,23.850000,23.240000,23.719999,22.497240,25140300,CSCO
2016-01-27,23.690001,23.900000,23.299999,23.430000,22.222189,24654000,CSCO
2016-01-28,23.730000,23.790001,22.980000,23.110001,21.918686,31833500,CSCO
2016-01-29,23.400000,23.799999,23.200001,23.790001,22.563631,39692600,CSCO
2016-02-01,23.459999,23.570000,23.230000,23.480000,22.269613,24006400,CSCO
2016-02-02,23.230000,23.250000,22.730000,22.830000,21.653120,36203700,CSCO
2016-02-03,23.090000,23.180000,22.580000,23.100000,21.909203,32231400,CSCO
2016-02-04,23.170000,23.570000,22.930000,23.540001,22.326519,29158000,CSCO
2016-02-05,23.510000,23.660000,22.809999,22.889999,21.710026,32641000,CSCO
2016-02-08,22.629999,23.020000,22.480000,22.930000,21.747963,38842100,CSCO
2016-02-09,22.600000,22.860001,22.530001,22.650000,21.482401,30167400,CSCO
2016-02-10,23.129999,23.129999,22.459999,22.510000,21.349617,36896100,CSCO
2016-02-11,24.090000,24.969999,24.090000,24.680000,23.407753,92696000,CSCO
2016-02-12,24.889999,25.360001,24.520000,25.110001,23.815590,49753600,CSCO
2016-02-16,25.270000,25.980000,25.190001,25.840000,24.507956,40401700,CSCO
2016-02-17,26.170000,26.590000,26.080000,26.459999,25.095993,36904700,CSCO
2016-02-18,26.440001,26.580000,26.280001,26.430000,25.067539,31288200,CSCO
2016-02-19,26.270000,26.559999,26.250000,26.549999,25.181356,28791700,CSCO
2016-02-22,26.870001,26.910000,26.420000,26.629999,25.257229,24608100,CSCO
2016-02-23,26.540001,26.540001,26.059999,26.120001,24.773521,28097500,CSCO
2016-02-24,25.889999,26.330000,25.650000,26.320000,24.963207,22960800,CSCO
2016-02-25,26.490000,26.600000,26.200001,26.600000,25.228779,18541900,CSCO
2016-02-26,26.799999,26.850000,26.320000,26.410000,25.048573,18113000,CSCO
2016-02-29,26.420000,26.650000,26.150000,26.180000,24.830429,24763100,CSCO
2016-03-01,26.450001,26.930000,26.240000,26.830000,25.446920,25245400,CSCO
2016-03-02,26.799999,26.910000,26.600000,26.900000,25.513313,19020100,CSCO
2016-03-03,26.950001,26.969999,26.590000,26.870001,25.484859,18999800,CSCO
2016-03-04,26.920000,26.959999,26.670000,26.799999,25.418467,19429900,CSCO
2016-03-07,26.580000,27.180000,26.330000,27.139999,25.740938,21500100,CSCO
2016-03-08,26.969999,27.299999,26.690001,27.049999,25.655579,23821300,CSCO
2016-03-09,27.240000,27.799999,27.120001,27.610001,26.186710,38890200,CSCO
2016-03-10,27.760000,27.980000,27.030001,27.379999,25.968569,33200600,CSCO
2016-03-11,27.820000,27.910000,27.670000,27.860001,26.423822,21873100,CSCO
2016-03-14,27.820000,27.860001,27.600000,27.700001,26.272076,18291700,CSCO
2016-03-15,27.480000,27.690001,27.450001,27.660000,26.234135,16917200,CSCO
2016-03-16,27.520000,27.950001,27.510000,27.879999,26.442791,19087800,CSCO
2016-03-17,27.920000,28.440001,27.870001,28.190001,26.736814,28501900,CSCO
2016-03-18,28.230000,28.379999,27.969999,28.330000,26.869595,43132400,CSCO
2016-03-21,28.100000,28.350000,28.040001,28.190001,26.736814,23799200,CSCO
2016-03-22,28.200001,28.379999,27.900000,28.280001,26.822174,23599300,CSCO
2016-03-23,28.260000,28.280001,27.730000,27.830000,26.395370,19217500,CSCO
2016-03-24,27.770000,28.010000,27.590000,27.959999,26.518667,15871900,CSCO
2016-03-28,27.990000,28.030001,27.790001,27.900000,26.461761,12785900,CSCO
2016-03-29,27.870001,28.190001,27.690001,28.100000,26.651455,17095500,CSCO
2016-03-30,28.340000,28.680000,28.260000,28.459999,26.992893,19390200,CSCO
2016-03-31,28.530001,28.670000,28.350000,28.469999,27.002377,18377600,CSCO
2016-04-01,28.299999,28.700001,28.120001,28.690001,27.211039,23026400,CSCO
2016-04-04,28.370001,28.410000,28.010000,28.139999,26.933474,17890000,CSCO
2016-04-05,27.639999,27.830000,27.459999,27.580000,26.397486,24245700,CSCO
2016-04-06,27.700001,28.040001,27.620001,28.000000,26.799475,20250800,CSCO
2016-04-07,27.900000,27.900000,27.530001,27.600000,26.416626,17016800,CSCO
2016-04-08,27.709999,27.950001,27.580000,27.690001,26.502766,14495600,CSCO
2016-04-11,27.879999,28.180000,27.610001,27.620001,26.435766,18762900,CSCO
2016-04-12,27.139999,27.660000,26.950001,27.639999,26.454912,27283200,CSCO
2016-04-13,27.959999,28.280001,27.719999,28.230000,27.019615,25433300,CSCO
2016-04-14,28.379999,28.400000,28.100000,28.250000,27.038755,15036700,CSCO
2016-04-15,28.100000,28.129999,27.730000,27.900000,26.703764,23804400,CSCO
2016-04-18,27.900000,28.250000,27.799999,28.190001,26.981329,15742200,CSCO
2016-04-19,28.330000,28.440001,28.200001,28.330000,27.115328,20307700,CSCO
2016-04-20,28.400000,28.680000,28.260000,28.440001,27.220610,19937800,CSCO
2016-04-21,28.420000,28.510000,28.160000,28.240000,27.029186,17339900,CSCO
2016-04-22,28.299999,28.549999,28.070000,28.150000,26.943045,23147600,CSCO
2016-04-25,28.110001,28.280001,27.980000,28.230000,27.019615,16434800,CSCO
2016-04-26,28.270000,28.490000,28.219999,28.450001,27.230183,18151500,CSCO
2016-04-27,28.440001,28.650000,28.309999,28.639999,27.412035,20931000,CSCO
2016-04-28,28.450001,28.590000,27.790001,27.959999,26.761189,29616200,CSCO
2016-04-29,27.719999,27.830000,27.139999,27.490000,26.311344,33890100,CSCO
2016-05-02,27.480000,27.520000,27.200001,27.370001,26.196489,27361700,CSCO
2016-05-03,27.160000,27.190001,26.610001,26.860001,25.708355,35319600,CSCO
2016-05-04,26.799999,26.820000,26.280001,26.440001,25.306364,32850800,CSCO
2016-05-05,26.459999,26.570000,26.209999,26.209999,25.086222,23082200,CSCO
2016-05-06,26.190001,26.540001,25.809999,26.530001,25.392502,25625300,CSCO
2016-05-09,26.520000,26.680000,26.389999,26.510000,25.373360,16990400,CSCO
2016-05-10,26.670000,27.100000,26.510000,27.030001,25.871067,22629200,CSCO
2016-05-11,27.090000,27.110001,26.680000,26.700001,25.555214,19326100,CSCO
2016-05-12,26.809999,26.809999,26.410000,26.670000,25.526501,19681900,CSCO
2016-05-13,26.549999,26.889999,26.459999,26.530001,25.392502,20865100,CSCO
2016-05-16,26.570000,27.120001,26.559999,26.969999,25.813637,20885900,CSCO
2016-05-17,26.900000,27.059999,26.549999,26.650000,25.507357,25921300,CSCO
2016-05-18,26.610001,26.959999,26.490000,26.719999,25.574356,32345500,CSCO
2016-05-19,27.990000,28.290001,27.400000,27.570000,26.387913,50174600,CSCO
2016-05-20,27.629999,28.150000,27.620001,27.969999,26.770763,32703000,CSCO
2016-05-23,27.780001,28.250000,27.780001,27.940001,26.742050,19746800,CSCO
2016-05-24,28.010000,28.580000,28.010000,28.469999,27.249323,26514800,CSCO
2016-05-25,28.580000,29.000000,28.520000,28.920000,27.680029,25696800,CSCO
2016-05-26,28.860001,29.040001,28.799999,28.900000,27.660885,19288100,CSCO
2016-05-27,28.950001,29.040001,28.790001,28.920000,27.680029,16673300,CSCO
2016-05-31,28.799999,29.080000,28.760000,29.049999,27.804455,28606300,CSCO
2016-06-01,28.840000,29.040001,28.799999,28.900000,27.660885,22268700,CSCO
2016-06-02,28.980000,29.150000,28.920000,29.080000,27.833172,19503100,CSCO
2016-06-03,29.129999,29.209999,28.900000,29.129999,27.881025,18677700,CSCO
2016-06-06,29.070000,29.410000,29.059999,29.100000,27.852314,16167100,CSCO
2016-06-07,28.900000,29.350000,28.820000,29.070000,27.823595,21566600,CSCO
2016-06-08,29.090000,29.270000,29.059999,29.139999,27.890594,17772900,CSCO
2016-06-09,28.969999,29.190001,28.830000,29.139999,27.890594,18349900,CSCO
2016-06-10,28.790001,29.030001,28.770000,29.030001,27.785315,18244200,CSCO
2016-06-13,28.969999,29.190001,28.820000,28.840000,27.603460,17182000,CSCO
2016-06-14,28.660000,29.000000,28.629999,28.959999,27.718315,19279700,CSCO
2016-06-15,28.490000,28.860001,28.410000,28.650000,27.421606,30738600,CSCO
2016-06-16,28.379999,28.920000,28.370001,28.870001,27.632175,17504100,CSCO
2016-06-17,28.879999,29.000000,28.690001,28.950001,27.708744,32333500,CSCO
2016-06-20,29.040001,29.219999,28.780001,28.799999,27.565174,22100800,CSCO
2016-06-21,28.969999,29.000000,28.730000,28.770000,27.536461,19098600,CSCO
2016-06-22,28.870001,29.080000,28.680000,28.719999,27.488605,18273300,CSCO
2016-06-23,29.030001,29.230000,28.959999,29.219999,27.967165,19415600,CSCO
2016-06-24,28.160000,28.570000,27.700001,27.750000,26.560194,44408900,CSCO
2016-06-27,27.480000,27.549999,27.129999,27.309999,26.139061,29973100,CSCO
2016-06-28,27.549999,27.850000,27.500000,27.790001,26.598480,24646900,CSCO
2016-06-29,28.129999,28.330000,27.900000,28.260000,27.048328,25593000,CSCO
2016-06-30,28.379999,28.690001,28.070000,28.690001,27.459892,25184400,CSCO
2016-07-01,28.780001,28.930000,28.590000,28.799999,27.565174,20901300,CSCO
2016-07-05,28.230000,28.620001,28.219999,28.330000,27.362350,22116900,CSCO
2016-07-06,28.450001,28.770000,28.170000,28.719999,27.739027,24844000,CSCO
2016-07-07,28.719999,28.900000,28.610001,28.740000,27.758343,17394900,CSCO
2016-07-08,28.910000,29.280001,28.879999,29.260000,28.260582,24647400,CSCO
2016-07-11,29.340000,29.700001,29.260000,29.430000,28.424776,22045200,CSCO
2016-07-12,29.719999,29.740000,29.520000,29.610001,28.598627,22157500,CSCO
2016-07-13,29.719999,29.830000,29.580000,29.750000,28.733845,18038100,CSCO
2016-07-14,29.840000,29.990000,29.639999,29.760000,28.743504,19332200,CSCO
2016-07-15,29.930000,29.950001,29.660000,29.820000,28.801453,17800400,CSCO
2016-07-18,29.750000,30.000000,29.740000,29.910000,28.888382,17484900,CSCO
2016-07-19,29.910000,30.010000,29.770000,29.920000,28.898039,18516000,CSCO
2016-07-20,30.040001,30.690001,29.980000,30.629999,29.583786,50168800,CSCO
2016-07-21,30.639999,30.719999,30.370001,30.580000,29.535496,21582700,CSCO
2016-07-22,30.700001,30.870001,30.540001,30.709999,29.661055,19399600,CSCO
2016-07-25,30.670000,30.830000,30.629999,30.790001,29.738323,15174200,CSCO
2016-07-26,30.799999,31.150000,30.709999,30.879999,29.825249,21328200,CSCO
2016-07-27,30.950001,30.969999,30.660000,30.760000,29.709347,22649300,CSCO
2016-07-28,30.650000,30.740000,30.370001,30.520000,29.477547,22470500,CSCO
2016-07-29,30.600000,30.690001,30.469999,30.530001,29.487204,23807200,CSCO
2016-08-01,30.700001,30.750000,30.360001,30.730000,29.680372,22438700,CSCO
2016-08-02,30.820000,30.820000,30.400000,30.620001,29.574129,24485200,CSCO
2016-08-03,30.510000,30.740000,30.510000,30.719999,29.670713,15962500,CSCO
2016-08-04,30.780001,30.910000,30.709999,30.799999,29.747980,17190500,CSCO
2016-08-05,30.900000,31.070000,30.690001,31.040001,29.979786,18873300,CSCO
2016-08-08,31.000000,31.190001,30.860001,31.010000,29.950808,19019900,CSCO
2016-08-09,31.110001,31.250000,30.840000,30.940001,29.883200,19159500,CSCO
2016-08-10,31.010000,31.129999,30.740000,30.850000,29.796274,16684300,CSCO
2016-08-11,30.950001,31.020000,30.860001,30.950001,29.892859,24007100,CSCO
2016-08-12,30.920000,30.990000,30.799999,30.870001,29.815590,13430600,CSCO
2016-08-15,30.980000,31.240000,30.889999,31.190001,30.124662,21944700,CSCO
2016-08-16,31.219999,31.230000,30.980000,31.120001,30.057051,23399700,CSCO
2016-08-17,30.969999,30.969999,30.330000,30.719999,29.670713,55071200,CSCO
2016-08-18,30.410000,30.670000,30.059999,30.480000,29.438911,48710500,CSCO
2016-08-19,30.370001,30.650000,30.240000,30.520000,29.477547,25131300,CSCO
2016-08-22,30.440001,30.780001,30.370001,30.629999,29.583786,28680000,CSCO
2016-08-23,30.830000,31.059999,30.790001,30.980000,29.921833,23493600,CSCO
2016-08-24,30.980000,31.200001,30.950001,31.059999,29.999100,24474700,CSCO
2016-08-25,31.059999,31.389999,31.020000,31.290001,30.221245,22917100,CSCO
2016-08-26,31.340000,31.660000,31.190001,31.350000,30.279194,21106200,CSCO
2016-08-29,31.430000,31.700001,31.410000,31.580000,30.501339,20715200,CSCO
2016-08-30,31.610001,31.660000,31.410000,31.540001,30.462706,17794800,CSCO
2016-08-31,31.450001,31.580000,31.250000,31.440001,30.366121,20418800,CSCO
2016-09-01,31.420000,31.639999,31.260000,31.580000,30.501339,15980500,CSCO
2016-09-02,31.650000,31.950001,31.650000,31.830000,30.742800,18156500,CSCO
2016-09-06,31.930000,31.940001,31.700001,31.870001,30.781435,17656500,CSCO
2016-09-07,31.790001,31.930000,31.750000,31.790001,30.704166,14050500,CSCO
2016-09-08,31.719999,31.750000,31.420000,31.469999,30.395096,19699100,CSCO
2016-09-09,31.139999,31.340000,30.850000,30.850000,29.796274,25450500,CSCO
2016-09-12,30.610001,31.500000,30.600000,31.440001,30.366121,22612500,CSCO
2016-09-13,31.260000,31.350000,30.900000,31.059999,29.999100,23617900,CSCO
2016-09-14,31.010000,31.230000,30.809999,31.000000,29.941149,24262900,CSCO
2016-09-15,30.629999,31.389999,30.610001,31.309999,30.240559,25554500,CSCO
2016-09-16,31.120001,31.139999,30.700001,30.840000,29.786615,37416300,CSCO
2016-09-19,30.850000,31.250000,30.820000,31.020000,29.960464,16817600,CSCO
2016-09-20,31.080000,31.219999,31.040001,31.100000,30.037735,15878900,CSCO
2016-09-21,31.110001,31.379999,30.969999,31.360001,30.288855,21169400,CSCO
2016-09-22,31.500000,31.799999,31.490000,31.660000,30.578608,20261900,CSCO
2016-09-23,31.709999,31.799999,31.309999,31.340000,30.269537,20442200,CSCO
2016-09-26,31.100000,31.160000,30.790001,31.070000,30.008760,20361500,CSCO
2016-09-27,31.090000,31.610001,30.959999,31.480000,30.404755,18045400,CSCO
2016-09-28,31.440001,31.590000,31.360001,31.500000,30.424070,15841000,CSCO
2016-09-29,31.510000,31.570000,31.250000,31.389999,30.317827,15417100,CSCO
2016-09-30,31.610001,31.799999,31.559999,31.719999,30.636557,30380600,CSCO
2016-10-03,31.309999,31.580000,31.200001,31.500000,30.675510,14070500,CSCO
2016-10-04,31.459999,31.629999,31.150000,31.350000,30.529436,18460400,CSCO
2016-10-05,31.410000,31.680000,31.410000,31.590000,30.763155,11808600,CSCO
2016-10-06,31.570000,31.629999,31.209999,31.480000,30.656033,14077100,CSCO
2016-10-07,31.480000,31.600000,31.230000,31.469999,30.646296,13073200,CSCO
2016-10-10,31.540001,31.680000,31.440001,31.469999,30.646296,12730000,CSCO
2016-10-11,31.520000,31.530001,30.850000,31.040001,30.227551,19412000,CSCO
2016-10-12,30.530001,30.629999,29.940001,30.340000,29.545872,36899900,CSCO
2016-10-13,30.090000,30.250000,29.860001,30.170000,29.380322,24286600,CSCO
2016-10-14,30.350000,30.549999,30.160000,30.180000,29.390060,20545100,CSCO
2016-10-17,30.129999,30.420000,30.100000,30.219999,29.429012,13957500,CSCO
2016-10-18,30.690001,30.690001,30.430000,30.440001,29.643255,14390400,CSCO
2016-10-19,30.440001,30.450001,30.190001,30.350000,29.555611,14830900,CSCO
2016-10-20,30.280001,30.370001,30.040001,30.160000,29.370584,17315300,CSCO
2016-10-21,30.010000,30.200001,29.920000,30.150000,29.360846,15140500,CSCO
2016-10-24,30.340000,30.500000,30.299999,30.459999,29.662731,14115300,CSCO
2016-10-25,30.500000,30.510000,30.230000,30.340000,29.545872,15257800,CSCO
2016-10-26,30.590000,30.860001,30.320000,30.549999,29.750374,18008600,CSCO
2016-10-27,30.600000,30.670000,30.360001,30.379999,29.584824,16926200,CSCO
2016-10-28,30.360001,30.799999,30.350000,30.590000,29.789330,19946800,CSCO
2016-10-31,30.340000,30.770000,30.320000,30.680000,29.876972,23225400,CSCO
2016-11-01,30.850000,30.860001,30.230000,30.480000,29.682207,17542100,CSCO
2016-11-02,30.430000,30.680000,30.230000,30.389999,29.594563,19174000,CSCO
2016-11-03,30.500000,30.559999,30.240000,30.320000,29.526396,15937100,CSCO
2016-11-04,29.980000,30.500000,29.629999,30.190001,29.399799,18524000,CSCO
2016-11-07,30.709999,31.059999,30.610001,30.940001,30.130167,23061100,CSCO
2016-11-08,30.940001,31.200001,30.730000,31.000000,30.188599,19389800,CSCO
2016-11-09,31.040001,31.490000,30.700001,31.360001,30.539177,38564100,CSCO
2016-11-10,31.410000,31.760000,30.809999,31.000000,30.188599,38345000,CSCO
2016-11-11,30.930000,31.469999,30.920000,31.360001,30.539177,23150300,CSCO
2016-11-14,31.430000,31.670000,31.350000,31.370001,30.548914,22912700,CSCO
2016-11-15,31.270000,31.850000,31.270000,31.700001,30.870275,24160200,CSCO
2016-11-16,31.620001,31.889999,31.510000,31.570000,30.743677,25777900,CSCO
2016-11-17,29.910000,30.049999,29.610001,30.049999,29.263464,75252300,CSCO
2016-11-18,30.110001,30.360001,30.010000,30.180000,29.390060,38748600,CSCO
2016-11-21,30.299999,30.330000,30.010000,30.049999,29.263464,27481700,CSCO
2016-11-22,30.080000,30.190001,29.850000,29.889999,29.107651,26769300,CSCO
2016-11-23,29.830000,29.950001,29.559999,29.709999,28.932360,24358300,CSCO
2016-11-25,29.600000,30.150000,29.549999,30.090000,29.302416,17678900,CSCO
2016-11-28,30.080000,30.090000,29.820000,29.920000,29.136866,21468900,CSCO
2016-11-29,29.940001,30.100000,29.790001,29.830000,29.049221,23553700,CSCO
2016-11-30,29.760000,29.950001,29.680000,29.820000,29.039482,26224900,CSCO
2016-12-01,29.840000,29.850000,29.400000,29.450001,28.679169,25996200,CSCO
2016-12-02,29.309999,29.559999,29.120001,29.250000,28.484404,27069500,CSCO
2016-12-05,29.330000,29.600000,29.290001,29.530001,28.757074,20865800,CSCO
2016-12-06,29.420000,29.590000,29.240000,29.330000,28.562309,27352100,CSCO
2016-12-07,29.480000,30.040001,29.320000,29.950001,29.166082,30180100,CSCO
2016-12-08,30.110001,30.330000,29.920000,29.950001,29.166082,21369900,CSCO
2016-12-09,29.980000,30.070000,29.730000,30.059999,29.273201,21362000,CSCO
2016-12-12,30.080000,30.200001,30.030001,30.170000,29.380322,17287800,CSCO
2016-12-13,30.299999,30.639999,30.200001,30.590000,29.789330,25052900,CSCO
2016-12-14,30.600000,31.070000,30.410000,30.459999,29.662731,27556000,CSCO
2016-12-15,30.590000,30.799999,30.510000,30.629999,29.828281,20914100,CSCO
2016-12-16,30.700001,30.719999,30.270000,30.590000,29.789330,45284300,CSCO
2016-12-19,30.650000,30.870001,30.540001,30.750000,29.945139,18178500,CSCO
2016-12-20,30.830000,30.870001,30.459999,30.559999,29.760113,17475200,CSCO
2016-12-21,30.690001,30.690001,30.410000,30.420000,29.623779,14488900,CSCO
2016-12-22,30.400000,30.480000,30.250000,30.459999,29.662731,12935800,CSCO
2016-12-23,30.540001,30.600000,30.400000,30.530001,29.730900,9167500,CSCO
2016-12-27,30.639999,30.820000,30.600000,30.680000,29.876972,14175500,CSCO
2016-12-28,30.700001,30.770000,30.350000,30.420000,29.623779,12022200,CSCO
2016-12-29,30.370001,30.549999,30.330000,30.459999,29.662731,10981800,CSCO
2016-12-30,30.559999,30.600000,30.129999,30.219999,29.429012,20190000,CSCO
2017-01-03,30.370001,30.559999,30.209999,30.540001,29.740639,22370600,CSCO
2017-01-04,30.240000,30.420000,30.020000,30.100000,29.563845,22281000,CSCO
2017-01-05,30.100000,30.360001,30.070000,30.170000,29.632597,18372500,CSCO
2017-01-06,30.170000,30.350000,30.030001,30.230000,29.691528,15923200,CSCO
2017-01-09,30.219999,30.330000,30.080000,30.180000,29.642420,17177800,CSCO
2017-01-10,30.190001,30.549999,30.100000,30.379999,29.838856,21046000,CSCO
2017-01-11,30.330000,30.410000,30.030001,30.150000,29.612953,22291300,CSCO
2017-01-12,30.150000,30.160000,29.799999,30.040001,29.504915,18596000,CSCO
2017-01-13,30.100000,30.219999,30.010000,30.070000,29.534378,17136600,CSCO
2017-01-17,30.000000,30.250000,29.840000,29.990000,29.455803,21922400,CSCO
2017-01-18,30.120001,30.180000,29.950001,30.030001,29.495092,15724000,CSCO
2017-01-19,30.010000,30.190001,29.920000,29.980000,29.445980,16779400,CSCO
2017-01-20,30.120001,30.250000,30.000000,30.100000,29.563845,22754400,CSCO
2017-01-23,30.139999,30.299999,30.090000,30.270000,29.730816,17155300,CSCO
2017-01-24,30.340000,30.750000,30.290001,30.600000,30.054939,24934200,CSCO
2017-01-25,31.040001,31.049999,30.650000,30.700001,30.153158,23630500,CSCO
2017-01-26,30.760000,30.840000,30.559999,30.740000,30.192444,20116800,CSCO
2017-01-27,30.760000,30.980000,30.629999,30.980000,30.428167,18278300,CSCO
2017-01-30,30.940001,31.000000,30.629999,30.830000,30.280842,15481800,CSCO
2017-01-31,30.680000,30.889999,30.580000,30.719999,30.172800,16603100,CSCO
2017-02-01,30.850000,30.850000,30.420000,30.500000,29.956720,19504600,CSCO
2017-02-02,30.690001,31.260000,30.530001,31.180000,30.624607,27456700,CSCO
2017-02-03,31.270000,31.350000,31.120001,31.320000,30.762114,21288800,CSCO
2017-02-06,31.290001,31.309999,31.120001,31.299999,30.742468,16774200,CSCO
2017-02-07,31.379999,31.639999,31.330000,31.450001,30.889797,18420200,CSCO
2017-02-08,31.459999,31.549999,31.250000,31.270000,30.713003,20434300,CSCO
2017-02-09,31.350000,31.690001,31.299999,31.500000,30.938908,18633100,CSCO
2017-02-10,31.480000,31.629999,31.240000,31.510000,30.948730,21557700,CSCO
2017-02-13,31.670000,32.000000,31.549999,31.969999,31.400534,26518800,CSCO
2017-02-14,31.900000,32.310001,31.770000,32.310001,31.734480,31355500,CSCO
2017-02-15,32.349998,32.840000,32.290001,32.820000,32.235397,41169400,CSCO
2017-02-16,33.259998,33.970001,33.250000,33.599998,33.001499,50143700,CSCO
2017-02-17,33.520000,33.770000,33.430000,33.740002,33.139008,31841200,CSCO
2017-02-21,33.689999,34.209999,33.660000,34.130001,33.522060,26992700,CSCO
2017-02-22,34.040001,34.150002,33.660000,34.090000,33.482773,26608100,CSCO
2017-02-23,34.279999,34.279999,33.950001,34.040001,33.433666,17450100,CSCO
2017-02-24,33.980000,34.320000,33.799999,34.320000,33.708675,21137300,CSCO
2017-02-27,34.209999,34.320000,34.119999,34.259998,33.649746,15625400,CSCO
2017-02-28,34.160000,34.290001,34.040001,34.180000,33.571171,23093100,CSCO
2017-03-01,34.279999,34.509998,34.180000,34.439999,33.826538,22754200,CSCO
2017-03-02,34.410000,34.529999,34.209999,34.389999,33.777428,16137700,CSCO
2017-03-03,34.419998,34.439999,34.230000,34.290001,33.679211,14175000,CSCO
2017-03-06,34.040001,34.279999,33.959999,34.189999,33.580990,17605100,CSCO
2017-03-07,34.000000,34.250000,33.990002,34.200001,33.590813,21033700,CSCO
2017-03-08,34.180000,34.230000,33.930000,34.020000,33.414021,18686700,CSCO
2017-03-09,34.040001,34.110001,33.869999,34.070000,33.463131,17490200,CSCO
2017-03-10,34.240002,34.299999,34.080002,34.259998,33.649746,19038400,CSCO
2017-03-13,34.220001,34.330002,34.000000,34.099998,33.492592,16164800,CSCO
2017-03-14,33.939999,34.139999,33.840000,34.119999,33.512238,14578400,CSCO
2017-03-15,34.070000,34.349998,34.049999,34.240002,33.630104,14961700,CSCO
2017-03-16,34.250000,34.480000,34.099998,34.230000,33.620277,14521600,CSCO
2017-03-17,34.349998,34.380001,34.189999,34.230000,33.620277,26787200,CSCO
2017-03-20,34.200001,34.389999,34.200001,34.279999,33.669384,14974100,CSCO
2017-03-21,34.450001,34.470001,33.779999,33.880001,33.276516,21406000,CSCO
2017-03-22,33.779999,34.200001,33.779999,34.099998,33.492592,16646100,CSCO
2017-03-23,34.080002,34.259998,33.910000,33.959999,33.355087,16709300,CSCO
2017-03-24,34.070000,34.299999,33.950001,34.080002,33.472954,18125100,CSCO
2017-03-27,33.820000,34.029999,33.750000,33.990002,33.384556,17740600,CSCO
2017-03-28,33.900002,34.209999,33.820000,34.020000,33.414021,21179300,CSCO
2017-03-29,34.000000,34.049999,33.650002,33.740002,33.139008,16504100,CSCO
2017-03-30,33.799999,33.930000,33.720001,33.740002,33.139008,12801600,CSCO
2017-03-31,33.720001,33.880001,33.660000,33.799999,33.197937,14038500,CSCO
2017-04-03,33.700001,33.939999,33.459999,33.580002,32.981857,19367800,CSCO
2017-04-04,33.250000,33.419998,32.930000,33.410000,33.100746,18602600,CSCO
2017-04-05,33.490002,33.529999,32.970001,33.000000,32.694542,17572500,CSCO
2017-04-06,33.000000,33.279999,32.889999,33.080002,32.773804,15316800,CSCO
2017-04-07,33.099998,33.150002,32.919998,32.959999,32.654911,13942800,CSCO
2017-04-10,32.959999,33.220001,32.869999,33.009998,32.704449,14824100,CSCO
2017-04-11,33.040001,33.080002,32.639999,32.919998,32.615280,18945800,CSCO
2017-04-12,32.860001,32.959999,32.500000,32.619999,32.318058,25455100,CSCO
2017-04-13,32.709999,32.849998,32.419998,32.419998,32.119907,16234900,CSCO
2017-04-17,32.480000,32.669998,32.450001,32.610001,32.308151,11961200,CSCO
2017-04-18,32.560001,32.730000,32.450001,32.669998,32.367596,13349600,CSCO
2017-04-19,32.799999,32.889999,32.610001,32.650002,32.347782,16373800,CSCO
2017-04-20,32.790001,32.950001,32.720001,32.830002,32.526119,11927500,CSCO
2017-04-21,32.939999,32.939999,32.669998,32.820000,32.516209,13877700,CSCO
2017-04-24,33.240002,33.360001,33.130001,33.279999,32.971951,15400500,CSCO
2017-04-25,33.389999,33.520000,33.349998,33.419998,33.110653,15058800,CSCO
2017-04-26,33.580002,33.630001,33.369999,33.400002,33.090839,17949700,CSCO
2017-04-27,34.009998,34.110001,33.619999,33.750000,33.437599,26639000,CSCO
2017-04-28,33.880001,34.080002,33.669998,34.070000,33.754639,20461700,CSCO
2017-05-01,34.110001,34.139999,33.810001,33.970001,33.655563,13577300,CSCO
2017-05-02,34.060001,34.240002,33.930000,34.240002,33.923065,15983600,CSCO
2017-05-03,34.160000,34.340000,34.119999,34.250000,33.932972,14432200,CSCO
2017-05-04,34.330002,34.490002,34.070000,34.180000,33.863621,13638500,CSCO
2017-05-05,34.250000,34.400002,34.070000,34.389999,34.071674,15091800,CSCO
2017-05-08,34.459999,34.599998,34.150002,34.290001,33.972603,13232700,CSCO
2017-05-09,34.139999,34.259998,33.840000,33.900002,33.586212,18855900,CSCO
2017-05-10,33.900002,33.900002,33.580002,33.740002,33.427692,17481400,CSCO
2017-05-11,33.720001,33.820000,33.480000,33.630001,33.318710,17515600,CSCO
2017-05-12,33.599998,33.619999,33.139999,33.450001,33.140377,20194300,CSCO
2017-05-15,34.000000,34.459999,33.970001,34.230000,33.913155,31531000,CSCO
2017-05-16,34.240002,34.330002,34.029999,34.299999,33.982510,18950000,CSCO
2017-05-17,34.200001,34.310001,33.799999,33.820000,33.506950,38787800,CSCO
2017-05-18,31.100000,31.510000,30.370001,31.379999,31.089537,85500500,CSCO
2017-05-19,31.740000,31.780001,31.020000,31.209999,30.921110,39859200,CSCO
2017-05-22,31.150000,31.980000,31.150000,31.590000,31.297594,35085200,CSCO
2017-05-23,31.830000,31.870001,31.520000,31.760000,31.466021,29827500,CSCO
2017-05-24,31.930000,31.940001,31.219999,31.490000,31.198519,23446300,CSCO
2017-05-25,31.549999,31.690001,31.370001,31.440001,31.148983,21586500,CSCO
2017-05-26,31.510000,31.590000,31.360001,31.500000,31.208426,16354500,CSCO
2017-05-30,31.400000,31.809999,31.389999,31.680000,31.386761,17108300,CSCO
2017-05-31,31.780001,31.889999,31.469999,31.530001,31.238150,30196700,CSCO
2017-06-01,31.520000,31.820000,31.469999,31.820000,31.525465,15525500,CSCO
2017-06-02,31.930000,32.060001,31.680000,31.980000,31.683983,20085200,CSCO
2017-06-05,32.049999,32.049999,31.570000,31.760000,31.466021,15976000,CSCO
2017-06-06,31.750000,31.760000,31.500000,31.559999,31.267870,16186600,CSCO
2017-06-07,31.610001,31.719999,31.440001,31.610001,31.317410,14948400,CSCO
2017-06-08,31.530001,31.809999,31.520000,31.610001,31.317410,21828600,CSCO
2017-06-09,31.639999,31.830000,31.090000,31.370001,31.079630,25376600,CSCO
2017-06-12,31.340000,31.639999,31.150000,31.250000,30.960741,25784400,CSCO
2017-06-13,31.299999,31.799999,31.280001,31.700001,31.406576,27781000,CSCO
2017-06-14,31.870001,31.969999,31.330000,31.600000,31.307501,24940400,CSCO
2017-06-15,31.250000,31.639999,31.219999,31.580000,31.287685,19328000,CSCO
2017-06-16,31.610001,31.639999,31.200001,31.629999,31.337223,36367400,CSCO
2017-06-19,31.770000,32.020000,31.580000,31.990000,31.693892,18459200,CSCO
2017-06-20,31.940001,32.160000,31.840000,31.850000,31.555187,18190100,CSCO
2017-06-21,31.730000,31.870001,31.510000,31.840000,31.545279,20386100,CSCO
2017-06-22,31.910000,32.000000,31.700001,31.850000,31.555187,19436600,CSCO
2017-06-23,31.850000,32.299999,31.750000,32.090000,31.792965,25792200,CSCO
2017-06-26,32.220001,32.500000,32.180000,32.240002,31.941578,22175000,CSCO
2017-06-27,32.090000,32.259998,31.760000,31.760000,31.466021,23224200,CSCO
2017-06-28,31.780001,32.279999,31.760000,32.080002,31.783060,17732300,CSCO
2017-06-29,31.790001,32.029999,31.250000,31.410000,31.119259,27664500,CSCO
2017-06-30,31.790001,31.790001,31.299999,31.299999,31.010277,23391700,CSCO
2017-07-03,31.090000,31.639999,31.030001,31.330000,31.039999,14112100,CSCO
2017-07-05,30.850000,31.270000,30.730000,31.110001,31.110001,24270300,CSCO
2017-07-06,30.990000,31.020000,30.670000,30.719999,30.719999,20560300,CSCO
2017-07-07,30.760000,31.070000,30.750000,30.900000,30.900000,15860600,CSCO
2017-07-10,30.879999,31.090000,30.820000,30.980000,30.980000,15528800,CSCO
2017-07-11,31.049999,31.120001,30.860001,31.090000,31.090000,12806000,CSCO
2017-07-12,31.250000,31.440001,31.150000,31.160000,31.160000,18586200,CSCO
2017-07-13,31.260000,31.280001,31.080000,31.270000,31.270000,15934200,CSCO
2017-07-14,31.370001,31.450001,31.270000,31.420000,31.420000,13573100,CSCO
2017-07-17,31.500000,31.639999,31.450001,31.500000,31.500000,16427500,CSCO
2017-07-18,31.410000,31.510000,31.170000,31.510000,31.510000,15530700,CSCO
2017-07-19,31.510000,32.049999,31.459999,31.900000,31.900000,21567900,CSCO
2017-07-20,31.910000,32.049999,31.760000,31.860001,31.860001,16389500,CSCO
2017-07-21,31.860001,32.029999,31.709999,31.840000,31.840000,13973800,CSCO
2017-07-24,31.860001,31.930000,31.660000,31.860001,31.860001,15504100,CSCO
2017-07-25,31.900000,32.250000,31.879999,32.119999,32.119999,14990000,CSCO
2017-07-26,32.119999,32.230000,31.510000,31.660000,31.660000,21941500,CSCO
2017-07-27,31.730000,31.750000,31.209999,31.570000,31.570000,21437400,CSCO
2017-07-28,31.450001,31.600000,31.260000,31.520000,31.520000,15771000,CSCO
2017-07-31,31.540001,31.590000,31.370001,31.450001,31.450001,19256400,CSCO
2017-08-01,31.590000,31.660000,31.430000,31.650000,31.650000,12962800,CSCO
2017-08-02,31.570000,31.570000,31.250000,31.520000,31.520000,15845600,CSCO
2017-08-03,31.590000,31.719999,31.430000,31.559999,31.559999,14420800,CSCO
2017-08-04,31.670000,31.910000,31.580000,31.799999,31.799999,16929500,CSCO
2017-08-07,31.790001,31.879999,31.690001,31.840000,31.840000,11877400,CSCO
2017-08-08,31.750000,32.000000,31.600000,31.670000,31.670000,15375700,CSCO
2017-08-09,31.549999,31.680000,31.360001,31.620001,31.620001,16131300,CSCO
2017-08-10,31.559999,31.559999,31.000000,31.000000,31.000000,23517400,CSCO
2017-08-11,31.230000,31.549999,31.040001,31.469999,31.469999,20756600,CSCO
2017-08-14,31.690001,31.889999,31.559999,31.840000,31.840000,21756700,CSCO
2017-08-15,31.850000,32.209999,31.840000,32.090000,32.090000,25251500,CSCO
2017-08-16,32.099998,32.470001,32.060001,32.340000,32.340000,29052000,CSCO
2017-08-17,31.490000,31.770000,30.850000,31.040001,31.040001,53288800,CSCO
2017-08-18,31.000000,31.059999,30.360001,30.370001,30.370001,34802200,CSCO
2017-08-21,30.370001,30.799999,30.360001,30.680000,30.680000,24198400,CSCO
2017-08-22,30.850000,31.330000,30.750000,31.270000,31.270000,24747200,CSCO
2017-08-23,31.209999,31.400000,30.910000,30.920000,30.920000,22436600,CSCO
2017-08-24,30.950001,31.400000,30.900000,31.240000,31.240000,22576100,CSCO
2017-08-25,31.389999,31.799999,31.360001,31.440001,31.440001,19558300,CSCO
2017-08-28,31.600000,31.660000,31.410000,31.540001,31.540001,12958900,CSCO
2017-08-29,31.260000,31.629999,31.190001,31.480000,31.480000,16362700,CSCO
2017-08-30,31.469999,32.200001,31.420000,31.990000,31.990000,22988700,CSCO
2017-08-31,32.099998,32.340000,31.990000,32.209999,32.209999,27800200,CSCO
2017-09-01,32.220001,32.349998,32.029999,32.299999,32.299999,14686600,CSCO
2017-09-05,32.150002,32.240002,31.459999,31.620001,31.620001,32475500,CSCO
2017-09-06,31.750000,31.910000,31.629999,31.870001,31.870001,16962300,CSCO
2017-09-07,31.959999,31.969999,31.740000,31.760000,31.760000,14751700,CSCO
2017-09-08,31.680000,31.780001,31.459999,31.480000,31.480000,15283900,CSCO
2017-09-11,31.709999,32.299999,31.670000,32.189999,32.189999,22440800,CSCO
2017-09-12,32.299999,32.470001,32.189999,32.410000,32.410000,18923100,CSCO
2017-09-13,32.340000,32.389999,31.959999,32.180000,32.180000,22705100,CSCO
2017-09-14,31.910000,32.220001,31.910000,32.189999,32.189999,18194800,CSCO
