Date,Open,High,Low,Close,Adj Close,Volume,GM
2012-09-14,23.690001,24.330000,23.629999,24.139999,20.670853,11881300,GM
2012-09-17,23.920000,23.950001,23.730000,23.799999,20.379715,6098600,GM
2012-09-18,24.290001,24.450001,24.020000,24.430000,20.919176,11308000,GM
2012-09-19,24.360001,25.150000,24.320000,24.750000,21.193188,16033600,GM
2012-09-20,24.340000,24.540001,23.910000,24.420000,20.910614,7414900,GM
2012-09-21,24.540001,24.889999,24.500000,24.799999,21.236002,12189300,GM
2012-09-24,24.510000,24.680000,24.120001,24.360001,20.859236,5689300,GM
2012-09-25,24.430000,24.500000,23.280001,23.520000,20.139950,10326800,GM
2012-09-26,23.250000,23.730000,22.850000,23.389999,20.028633,8329400,GM
2012-09-27,23.670000,23.700001,23.139999,23.180000,19.848816,6843400,GM
2012-09-28,23.000000,23.100000,22.709999,22.750000,19.480610,8614500,GM
2012-10-01,23.000000,23.410000,22.850000,23.090000,19.771746,7582100,GM
2012-10-02,23.500000,24.100000,22.670000,23.680000,20.276958,21403400,GM
2012-10-03,23.709999,24.610001,23.660000,24.389999,20.884922,14739000,GM
2012-10-04,24.549999,24.670000,24.320000,24.650000,21.107559,8693500,GM
2012-10-05,24.879999,25.430000,24.570000,24.799999,21.236002,14251000,GM
2012-10-08,24.790001,24.809999,24.510000,24.570000,21.039055,6249500,GM
2012-10-09,24.740000,24.860001,24.270000,24.370001,20.867800,7210000,GM
2012-10-10,24.410000,24.580000,24.100000,24.230000,20.747921,6049300,GM
2012-10-11,24.410000,24.990000,24.230000,24.660000,21.116121,8771700,GM
2012-10-12,24.559999,24.830000,24.330000,24.440001,20.927738,4230300,GM
2012-10-15,24.510000,24.580000,24.330000,24.480000,20.961990,5114300,GM
2012-10-16,24.520000,24.850000,24.410000,24.790001,21.227438,4252100,GM
2012-10-17,24.900000,25.129999,24.600000,25.059999,21.458637,6002700,GM
2012-10-18,25.090000,25.719999,24.959999,25.559999,21.886784,9762100,GM
2012-10-19,25.430000,25.500000,24.549999,24.590000,21.056185,10454300,GM
2012-10-22,24.559999,24.850000,24.280001,24.620001,21.081867,7067800,GM
2012-10-23,24.070000,24.100000,23.730000,23.870001,20.439655,8196000,GM
2012-10-24,24.150000,24.270000,23.660000,23.690001,20.285515,6230800,GM
2012-10-25,23.980000,24.270000,23.580000,23.629999,20.234142,11875900,GM
2012-10-26,23.610001,23.900000,23.190001,23.280001,19.934443,10146900,GM
2012-10-31,24.299999,25.719999,23.900000,25.500000,21.835409,24700200,GM
2012-11-01,25.530001,25.850000,24.910000,25.680000,21.989536,14558100,GM
2012-11-02,25.809999,25.990000,25.549999,25.790001,22.083731,9918400,GM
2012-11-05,25.440001,25.990000,25.350000,25.570000,21.895350,7680700,GM
2012-11-06,25.590000,26.270000,25.450001,26.190001,22.426247,10888500,GM
2012-11-07,25.639999,25.670000,24.920000,25.030001,21.432951,11106300,GM
2012-11-08,25.219999,25.500000,24.700001,24.719999,21.167500,5239800,GM
2012-11-09,24.379999,25.280001,24.379999,25.040001,21.441509,7648400,GM
2012-11-12,25.049999,25.379999,25.049999,25.260000,21.629896,5297000,GM
2012-11-13,24.889999,25.180000,24.750000,24.820000,21.253128,9697600,GM
2012-11-14,24.930000,24.990000,24.100000,24.170000,20.696537,9587600,GM
2012-11-15,24.180000,24.190001,23.540001,23.879999,20.448214,9371700,GM
2012-11-16,23.920000,23.980000,23.389999,23.850000,20.422529,9647800,GM
2012-11-19,24.270000,24.940001,24.129999,24.930000,21.347321,7996800,GM
2012-11-20,24.900000,24.940001,24.379999,24.600000,21.064747,6578700,GM
2012-11-21,24.570000,24.969999,24.430000,24.600000,21.064747,4907700,GM
2012-11-23,24.959999,25.420000,24.860001,25.209999,21.587080,4595900,GM
2012-11-26,25.170000,25.410000,24.950001,25.230000,21.604212,6460000,GM
2012-11-27,25.139999,25.350000,25.000000,25.010000,21.415827,5822200,GM
2012-11-28,24.690001,25.299999,24.639999,25.280001,21.647022,5312900,GM
2012-11-29,25.610001,26.240000,25.510000,26.090000,22.340622,10012500,GM
2012-11-30,25.889999,26.170000,25.580000,25.879999,22.160795,6538600,GM
2012-12-03,26.059999,26.360001,25.459999,25.510000,21.843969,11331100,GM
2012-12-04,25.340000,25.500000,24.520000,25.410000,21.758341,12633900,GM
2012-12-05,25.370001,25.600000,24.940001,25.000000,21.407259,7652700,GM
2012-12-06,24.910000,25.000000,24.459999,24.570000,21.039055,9708900,GM
2012-12-07,24.760000,25.209999,24.570000,25.190001,21.569958,9060300,GM
2012-12-10,25.059999,25.410000,25.040001,25.280001,21.647022,5931900,GM
2012-12-11,25.309999,25.500000,25.110001,25.450001,21.792597,5709300,GM
2012-12-12,25.540001,26.070000,25.440001,25.629999,21.946722,8395500,GM
2012-12-13,25.559999,25.830000,24.900000,25.120001,21.510015,7737400,GM
2012-12-14,25.080000,25.110001,24.400000,24.610001,21.073307,9661400,GM
2012-12-17,24.670000,24.900000,24.650000,24.850000,21.278818,7130600,GM
2012-12-18,24.980000,25.540001,24.799999,25.490000,21.826845,9589000,GM
2012-12-19,27.440001,27.910000,26.860001,27.180000,23.273972,54870500,GM
2012-12-20,27.000000,27.480000,26.870001,27.340000,23.410982,15768900,GM
2012-12-21,26.740000,27.379999,26.540001,27.320000,23.393854,8773000,GM
2012-12-24,27.309999,27.740000,27.309999,27.660000,23.684994,4877400,GM
2012-12-26,27.629999,27.950001,27.490000,27.620001,23.650743,7006200,GM
2012-12-27,27.740000,27.990000,27.430000,27.959999,23.941881,9431200,GM
2012-12-28,27.660000,27.940001,27.549999,27.850000,23.847687,5133500,GM
2012-12-31,27.760000,28.900000,27.620001,28.830000,24.686853,13243300,GM
2013-01-02,29.410000,29.500000,28.629999,29.129999,24.943743,15605900,GM
2013-01-03,29.049999,30.230000,28.840000,29.820000,25.534580,22903800,GM
2013-01-04,29.740000,29.860001,29.230000,29.860001,25.568832,8066600,GM
2013-01-07,29.639999,29.860001,29.299999,29.660000,25.397573,8385300,GM
2013-01-08,29.660000,29.850000,29.049999,29.370001,25.149248,10435200,GM
2013-01-09,29.580000,30.280001,29.559999,29.969999,25.663025,13341400,GM
2013-01-10,30.280001,30.450001,29.780001,30.440001,26.065489,12115400,GM
2013-01-11,30.379999,30.600000,30.110001,30.360001,25.996983,6862900,GM
2013-01-14,30.150000,30.389999,29.889999,30.330000,25.971289,6634700,GM
2013-01-15,30.110001,30.680000,29.950001,30.600000,26.202492,7497500,GM
2013-01-16,29.570000,29.730000,28.830000,29.309999,25.097870,28298900,GM
2013-01-17,29.480000,29.650000,29.190001,29.490000,25.252005,12064700,GM
2013-01-18,29.440001,29.530001,28.879999,29.280001,25.072187,9993700,GM
2013-01-22,29.190001,29.270000,28.379999,28.629999,24.515596,18538600,GM
2013-01-23,28.580000,28.840000,26.620001,28.570000,24.464218,11355300,GM
2013-01-24,28.590000,28.980000,28.350000,28.780001,24.644039,8398900,GM
2013-01-25,28.959999,29.160000,28.870001,29.070000,24.892365,10258400,GM
2013-01-28,29.049999,29.150000,28.610001,28.830000,24.686853,7038300,GM
2013-01-29,28.799999,28.820000,28.160000,28.450001,24.361467,13059800,GM
2013-01-30,28.280001,28.650000,27.770000,27.940001,23.924753,11230700,GM
2013-01-31,27.799999,28.139999,27.610001,28.090000,24.053200,8685200,GM
2013-02-01,28.389999,28.500000,28.080000,28.170000,24.121704,10713800,GM
2013-02-04,27.889999,28.200001,27.879999,27.959999,23.941881,6508900,GM
2013-02-05,28.030001,28.600000,28.030001,28.590000,24.481344,11097500,GM
2013-02-06,28.350000,28.600000,28.219999,28.520000,24.421406,7010500,GM
2013-02-07,28.680000,28.910000,28.030001,28.469999,24.378588,10493500,GM
2013-02-08,28.540001,28.730000,28.500000,28.570000,24.464218,6316700,GM
2013-02-11,28.510000,28.650000,28.350000,28.530001,24.429972,5589900,GM
2013-02-12,28.430000,28.750000,28.240000,28.549999,24.447092,7175600,GM
2013-02-13,28.750000,28.870001,28.440001,28.670000,24.549845,9283900,GM
2013-02-14,28.740000,29.360001,27.670000,27.750000,23.762060,19226200,GM
2013-02-15,27.590000,27.920000,27.219999,27.760000,23.770624,12861100,GM
2013-02-19,27.690001,27.799999,27.459999,27.680000,23.702120,7086100,GM
2013-02-20,27.809999,27.809999,27.049999,27.100000,23.205473,7236600,GM
2013-02-21,27.020000,27.040001,26.330000,26.510000,22.700262,13893200,GM
2013-02-22,26.400000,27.120001,26.309999,27.110001,23.214035,9279400,GM
2013-02-25,27.110001,27.170000,26.330000,26.330000,22.546129,11121400,GM
2013-02-26,26.650000,26.850000,26.190001,26.830000,22.974276,13363500,GM
2013-02-27,26.799999,27.580000,26.719999,27.400000,23.462357,13115700,GM
2013-02-28,27.500000,27.570000,26.889999,27.150000,23.248283,10305500,GM
2013-03-01,26.830000,27.490000,26.750000,27.209999,23.299662,9017700,GM
2013-03-04,27.139999,27.290001,26.990000,27.090000,23.196909,6583900,GM
2013-03-05,27.219999,27.790001,27.190001,27.580000,23.616491,9199300,GM
2013-03-06,27.760000,27.959999,27.620001,27.910000,23.899067,9002500,GM
2013-03-07,27.860001,28.139999,27.790001,27.879999,23.873377,9428100,GM
2013-03-08,27.910000,28.190001,27.889999,28.000000,23.976131,5910500,GM
2013-03-11,27.950001,28.389999,27.549999,28.309999,24.241581,19122000,GM
2013-03-12,28.260000,28.639999,28.090000,28.370001,24.292957,10686800,GM
2013-03-13,28.379999,28.379999,28.049999,28.070000,24.036076,10287400,GM
2013-03-14,28.049999,28.230000,28.040001,28.160000,24.113138,6438500,GM
2013-03-15,27.959999,28.260000,27.799999,28.209999,24.155952,12101200,GM
2013-03-18,27.950001,28.150000,27.730000,28.040001,24.010386,13758200,GM
2013-03-19,28.100000,28.200001,27.900000,28.100000,24.061760,12749500,GM
2013-03-20,28.250000,29.299999,28.190001,29.200001,25.003683,25484100,GM
2013-03-21,28.910000,29.170000,28.570000,28.629999,24.515596,13452000,GM
2013-03-22,28.620001,28.709999,27.959999,28.219999,24.164516,12673300,GM
2013-03-25,28.389999,28.480000,28.020000,28.160000,24.113138,6669900,GM
2013-03-26,28.280001,28.350000,27.990000,28.150000,24.104572,6876400,GM
2013-03-27,28.049999,28.270000,27.959999,28.059999,24.027512,5444400,GM
2013-03-28,28.020000,28.090000,27.639999,27.820000,23.822001,9331000,GM
2013-04-01,27.650000,28.090000,27.650000,27.799999,23.804871,8834600,GM
2013-04-02,27.959999,28.299999,27.530001,27.930000,23.916195,16188100,GM
2013-04-03,28.000000,28.100000,27.660000,27.799999,23.804871,11199700,GM
2013-04-04,27.750000,28.000000,27.510000,27.740000,23.753496,8571800,GM
2013-04-05,27.379999,27.559999,27.110001,27.520000,23.565113,11792800,GM
2013-04-08,27.500000,27.639999,27.400000,27.590000,23.625053,11572900,GM
2013-04-09,27.770000,27.780001,27.500000,27.530001,23.573675,9682300,GM
2013-04-10,27.690001,28.510000,27.680000,28.370001,24.292957,12927800,GM
2013-04-11,28.490000,29.760000,28.440001,29.719999,25.448956,22305200,GM
2013-04-12,29.570000,29.840000,29.549999,29.620001,25.363325,15617500,GM
2013-04-15,29.410000,29.690001,28.840000,28.910000,24.755356,14080800,GM
2013-04-16,29.170000,29.520000,29.170000,29.469999,25.234875,8007700,GM
2013-04-17,29.030001,29.330000,28.770000,29.270000,25.063622,10670400,GM
2013-04-18,29.250000,29.379999,28.750000,28.980000,24.815298,11121400,GM
2013-04-19,29.100000,29.260000,28.910000,29.150000,24.960867,7183000,GM
2013-04-22,29.200001,29.340000,28.850000,29.250000,25.046495,6767000,GM
2013-04-23,29.340000,29.920000,29.280001,29.850000,25.560272,8454200,GM
2013-04-24,29.910000,30.799999,29.860001,30.450001,26.074043,21511000,GM
2013-04-25,30.059999,30.780001,30.000000,30.709999,26.296680,14499000,GM
2013-04-26,30.790001,30.799999,30.030001,30.500000,26.116859,13738300,GM
2013-04-29,30.620001,30.900000,30.420000,30.790001,26.365183,6197700,GM
2013-04-30,30.770000,30.969999,30.570000,30.840000,26.407997,8117200,GM
2013-05-01,30.770000,31.080000,30.110001,30.180000,25.842848,10393700,GM
2013-05-02,31.309999,31.820000,31.049999,31.160000,26.682009,19124500,GM
2013-05-03,31.740000,32.439999,31.629999,32.099998,27.486919,12471800,GM
2013-05-06,32.020000,32.220001,31.780001,31.820000,27.247162,8501500,GM
2013-05-07,31.920000,32.130001,31.459999,31.650000,27.101593,11421600,GM
2013-05-08,31.410000,32.189999,31.090000,32.080002,27.469799,9991300,GM
2013-05-09,32.009998,32.160000,31.620001,31.650000,27.101593,10861700,GM
2013-05-10,31.549999,31.700001,30.969999,31.420000,26.904650,12811400,GM
2013-05-13,31.160000,31.350000,30.870001,31.000000,26.545002,8098100,GM
2013-05-14,31.020000,31.700001,31.010000,31.549999,27.015961,10676600,GM
2013-05-15,31.549999,32.400002,31.510000,32.310001,27.666742,15086000,GM
2013-05-16,32.090000,32.669998,32.000000,32.389999,27.735247,10425300,GM
2013-05-17,32.990002,33.770000,32.810001,33.419998,28.617229,20897700,GM
2013-05-20,33.369999,34.009998,33.360001,33.700001,28.856991,15260600,GM
2013-05-21,33.590000,33.959999,32.880001,33.400002,28.600101,13790500,GM
2013-05-22,33.220001,33.930000,32.990002,33.230000,28.454535,13238400,GM
2013-05-23,32.330002,33.110001,32.099998,32.849998,28.129139,10537300,GM
2013-05-24,32.549999,33.000000,32.509998,32.869999,28.146267,5861200,GM
2013-05-28,34.000000,34.299999,33.750000,33.959999,29.079624,16969400,GM
2013-05-29,33.709999,34.299999,33.450001,34.049999,29.156687,10867200,GM
2013-05-30,34.040001,34.910000,33.869999,34.639999,29.661896,15085300,GM
2013-05-31,34.529999,34.779999,33.889999,33.889999,29.019672,10137400,GM
2013-06-03,34.570000,34.689999,33.380001,34.419998,29.473518,17794500,GM
2013-06-04,35.400002,35.490002,34.750000,34.959999,29.935913,30517200,GM
2013-06-05,35.000000,35.070000,34.000000,34.020000,29.131002,22345200,GM
2013-06-06,34.119999,34.529999,33.779999,34.439999,29.490641,79847700,GM
2013-06-07,34.790001,35.099998,34.000000,35.029999,29.995857,30683600,GM
2013-06-10,35.180000,35.240002,34.520000,34.740002,29.747534,15219500,GM
2013-06-11,34.369999,34.490002,33.590000,33.930000,29.053936,17023900,GM
2013-06-12,34.279999,34.459999,33.240002,33.450001,28.642914,13642000,GM
2013-06-13,33.360001,34.509998,33.099998,34.500000,29.542023,15604800,GM
2013-06-14,34.459999,34.619999,34.090000,34.290001,29.362202,10091600,GM
2013-06-17,34.500000,34.560001,33.599998,33.730000,28.882675,10195000,GM
2013-06-18,33.799999,34.060001,33.439999,34.009998,29.122435,9926100,GM
2013-06-19,34.020000,34.250000,33.650002,33.660000,28.822742,8428700,GM
2013-06-20,33.410000,33.410000,32.279999,32.560001,27.880823,29107200,GM
2013-06-21,32.959999,32.970001,31.740000,32.209999,27.581114,18998000,GM
2013-06-24,31.760000,31.840000,31.129999,31.420000,26.904650,18970400,GM
2013-06-25,31.750000,32.020000,31.540001,31.820000,27.247162,9268300,GM
2013-06-26,32.180000,32.700001,32.029999,32.549999,27.872255,10374000,GM
2013-06-27,32.919998,33.500000,32.779999,33.099998,28.343212,11000300,GM
2013-06-28,33.020000,33.720001,32.799999,33.310001,28.523033,15813400,GM
2013-07-01,33.520000,34.189999,33.410000,34.000000,29.113878,10310800,GM
2013-07-02,34.040001,34.939999,33.820000,34.099998,29.199499,15171900,GM
2013-07-03,33.939999,34.400002,33.759998,34.139999,29.233757,5715700,GM
2013-07-05,34.349998,34.830002,34.240002,34.669998,29.687593,7107800,GM
2013-07-08,34.779999,35.020000,34.540001,34.639999,29.661896,11233600,GM
2013-07-09,34.900002,35.250000,34.720001,34.919998,29.901655,7243300,GM
2013-07-10,34.900002,35.340000,34.840000,35.330002,30.252741,11820200,GM
2013-07-11,35.720001,36.200001,35.639999,36.139999,30.946335,13246500,GM
2013-07-12,36.090000,36.580002,35.910000,36.400002,31.168970,10744300,GM
2013-07-15,36.599998,36.720001,36.279999,36.500000,31.254601,8968200,GM
2013-07-16,36.869999,36.939999,35.759998,36.180000,30.980593,16273700,GM
2013-07-17,36.230000,36.560001,36.080002,36.360001,31.134720,10943400,GM
2013-07-18,36.500000,36.990002,36.330002,36.840000,31.545736,10679400,GM
2013-07-19,36.889999,36.889999,36.060001,36.610001,31.348797,11608300,GM
2013-07-22,36.619999,36.990002,36.480000,36.759998,31.477232,11260700,GM
2013-07-23,36.889999,36.950001,36.520000,36.610001,31.348797,9296600,GM
2013-07-24,37.110001,37.450001,36.869999,37.139999,31.802628,15200600,GM
2013-07-25,37.470001,37.709999,36.509998,37.080002,31.751244,18095900,GM
2013-07-26,36.930000,37.000000,36.459999,36.669998,31.400167,15892800,GM
2013-07-29,36.570000,36.669998,36.150002,36.380001,31.151848,8407800,GM
2013-07-30,36.529999,36.779999,36.320000,36.500000,31.254601,12244500,GM
2013-07-31,36.619999,36.720001,35.669998,35.869999,30.715137,20696300,GM
2013-08-01,36.389999,36.860001,36.009998,36.470001,31.228916,16148300,GM
2013-08-02,36.439999,37.180000,36.340000,36.950001,31.639933,11913000,GM
2013-08-05,37.029999,37.049999,36.650002,36.750000,31.468678,7144300,GM
2013-08-06,36.439999,36.490002,35.959999,35.959999,30.792206,13485100,GM
2013-08-07,36.009998,36.099998,35.430000,35.480000,30.381182,19395100,GM
2013-08-08,35.610001,36.110001,35.570000,36.009998,30.835020,14457000,GM
2013-08-09,35.959999,36.270000,35.700001,36.020000,30.843588,7705800,GM
2013-08-12,35.759998,36.099998,35.599998,35.980000,30.809328,8441900,GM
2013-08-13,36.209999,36.209999,35.590000,35.840000,30.689451,7145700,GM
2013-08-14,35.840000,36.009998,35.209999,35.570000,30.458256,11341100,GM
2013-08-15,35.169998,35.180000,34.410000,34.549999,29.584841,20384600,GM
2013-08-16,34.590000,34.910000,34.180000,34.380001,29.439264,12498300,GM
2013-08-19,34.560001,34.830002,34.419998,34.490002,29.533453,9211700,GM
2013-08-20,34.560001,34.910000,34.049999,34.790001,29.790346,13766900,GM
2013-08-21,34.779999,34.950001,34.389999,34.529999,29.567709,9798600,GM
2013-08-22,34.660000,35.049999,34.650002,34.990002,29.961603,9572200,GM
2013-08-23,35.139999,35.220001,34.860001,35.060001,30.021547,7487000,GM
2013-08-26,35.029999,35.520000,34.849998,34.919998,29.901655,10831800,GM
2013-08-27,34.439999,34.610001,33.619999,33.689999,28.848423,11905600,GM
2013-08-28,33.570000,34.160000,33.500000,33.919998,29.045374,9109200,GM
2013-08-29,33.820000,34.689999,33.810001,34.450001,29.499208,10558000,GM
2013-08-30,34.500000,34.540001,33.900002,34.080002,29.182384,8099400,GM
2013-09-03,34.680000,34.770000,33.959999,34.139999,29.233757,10906700,GM
2013-09-04,34.200001,35.900002,34.169998,35.849998,30.698011,23036900,GM
2013-09-05,36.009998,36.790001,35.869999,36.330002,31.109039,18633800,GM
2013-09-06,36.400002,36.619999,35.610001,36.150002,30.954903,14244900,GM
2013-09-09,36.340000,36.700001,36.250000,36.480000,31.237478,13515500,GM
2013-09-10,36.939999,37.270000,36.720001,37.000000,31.682743,10626200,GM
2013-09-11,36.529999,36.599998,36.020000,36.349998,31.126152,27025600,GM
2013-09-12,36.369999,36.560001,35.880001,36.369999,31.143282,15743700,GM
2013-09-13,36.490002,36.549999,35.990002,36.060001,30.877836,12642900,GM
2013-09-16,36.470001,36.619999,36.150002,36.220001,31.014837,14715200,GM
2013-09-17,36.320000,36.980000,36.320000,36.709999,31.434418,12992300,GM
2013-09-18,36.759998,37.730000,36.709999,37.580002,32.179401,21432800,GM
2013-09-19,37.840000,37.880001,37.160000,37.230000,31.879696,16819500,GM
2013-09-20,37.639999,37.680000,36.830002,36.830002,31.537180,35700300,GM
2013-09-23,37.150002,37.500000,36.549999,37.130001,31.794064,18484700,GM
2013-09-24,37.160000,37.970001,37.060001,37.439999,32.059513,23723800,GM
2013-09-25,37.529999,37.779999,37.160000,37.180000,31.836882,15114600,GM
2013-09-26,37.189999,37.349998,36.759998,36.950001,31.639933,14022900,GM
2013-09-27,36.770000,36.900002,36.160000,36.369999,31.143282,14173500,GM
2013-09-30,35.709999,36.310001,35.619999,35.970001,30.800762,17724400,GM
2013-10-01,36.040001,36.410000,35.320000,35.910000,30.749392,21886600,GM
2013-10-02,35.740002,36.000000,35.230000,35.939999,30.775078,19459700,GM
2013-10-03,35.759998,35.939999,35.130001,35.290001,30.218491,15001200,GM
2013-10-04,35.439999,35.799999,35.130001,35.700001,30.569569,13811100,GM
2013-10-07,35.230000,35.520000,35.020000,35.180000,30.124300,12181000,GM
2013-10-08,35.250000,35.270000,34.169998,34.209999,29.293695,23658400,GM
2013-10-09,34.330002,34.389999,33.919998,34.160000,29.250889,21109900,GM
2013-10-10,34.740002,34.889999,34.610001,34.849998,29.841719,18041900,GM
2013-10-11,34.790001,35.520000,34.660000,35.349998,30.269857,15406700,GM
2013-10-14,34.830002,35.450001,34.810001,35.330002,30.252741,11193400,GM
2013-10-15,35.279999,35.380001,34.509998,34.700001,29.713282,13708400,GM
2013-10-16,35.020000,35.209999,34.779999,35.130001,30.081482,15529600,GM
2013-10-17,35.160000,35.790001,34.959999,35.660000,30.535316,12602900,GM
2013-10-18,36.209999,36.299999,35.680000,35.889999,30.732264,14638500,GM
2013-10-21,36.259998,36.270000,35.340000,35.500000,30.398310,13451700,GM
2013-10-22,35.619999,36.130001,35.369999,35.410000,30.321239,17008200,GM
2013-10-23,35.380001,35.389999,34.529999,35.049999,30.012980,17307600,GM
2013-10-24,35.490002,36.029999,35.099998,35.630001,30.509630,19287000,GM
2013-10-25,35.669998,35.770000,35.320000,35.590000,30.475382,12849100,GM
2013-10-28,35.439999,35.970001,35.430000,35.799999,30.655190,12985100,GM
2013-10-29,35.820000,36.180000,35.509998,36.060001,30.877836,24055000,GM
2013-10-30,37.200001,37.549999,36.779999,37.230000,31.879696,42130000,GM
2013-10-31,37.180000,37.990002,36.950001,36.950001,31.639933,28102800,GM
2013-11-01,37.169998,38.209999,37.049999,37.389999,32.016697,30765400,GM
2013-11-04,37.500000,37.799999,37.410000,37.470001,32.085205,18005200,GM
2013-11-05,37.279999,37.509998,37.070000,37.090000,31.759821,15197700,GM
2013-11-06,37.240002,37.400002,36.570000,36.590000,31.331665,16162300,GM
2013-11-07,36.610001,36.750000,35.910000,35.919998,30.757944,19893700,GM
2013-11-08,36.150002,36.770000,36.009998,36.660000,31.391609,18203100,GM
2013-11-11,36.680000,37.090000,36.500000,36.680000,31.408733,13666500,GM
2013-11-12,36.669998,36.799999,36.369999,36.660000,31.391609,14363600,GM
2013-11-13,36.500000,38.529999,36.480000,38.439999,32.915802,43860200,GM
2013-11-14,38.700001,38.799999,38.150002,38.500000,32.967178,28491100,GM
2013-11-15,38.509998,39.080002,38.200001,38.770000,33.198383,21691400,GM
2013-11-18,38.810001,39.180000,38.529999,38.570000,33.027122,16792400,GM
2013-11-19,38.570000,38.740002,37.889999,38.009998,32.547600,19843100,GM
2013-11-20,38.110001,38.709999,37.599998,37.689999,32.273579,16898700,GM
2013-11-21,38.849998,39.000000,38.040001,38.119999,32.641788,33903900,GM
2013-11-22,38.200001,38.500000,37.580002,37.630001,32.222210,26771300,GM
2013-11-25,37.750000,37.869999,37.389999,37.549999,32.153702,21111100,GM
2013-11-26,37.700001,37.939999,37.400002,37.669998,32.256462,22798600,GM
2013-11-27,37.709999,38.990002,37.599998,38.849998,33.266888,27415800,GM
2013-11-29,38.900002,39.150002,38.500000,38.730000,33.164131,7672100,GM
2013-12-02,39.099998,39.389999,38.910000,39.110001,33.489525,21200600,GM
2013-12-03,38.889999,39.090000,37.680000,38.139999,32.658916,44835100,GM
2013-12-04,38.529999,39.619999,38.119999,38.709999,33.146999,39727900,GM
2013-12-05,38.990002,39.340000,38.549999,39.090000,33.472397,34580800,GM
2013-12-06,39.990002,40.380001,39.599998,40.169998,34.397186,37909500,GM
2013-12-09,40.380001,41.169998,40.310001,40.900002,35.022278,29291100,GM
2013-12-10,40.549999,41.130001,40.400002,40.400002,34.594135,32542300,GM
2013-12-11,40.759998,40.830002,40.070000,40.160000,34.388626,16384800,GM
2013-12-12,40.099998,40.610001,40.009998,40.049999,34.294430,18900500,GM
2013-12-13,40.189999,40.349998,40.020000,40.040001,34.285866,14885400,GM
2013-12-16,40.560001,41.549999,40.459999,41.439999,35.484680,33583200,GM
2013-12-17,41.660000,41.849998,41.139999,41.529999,35.561745,28297500,GM
2013-12-18,41.169998,41.400002,39.860001,41.270000,35.339108,51850700,GM
2013-12-19,41.139999,41.270000,40.080002,40.299999,34.508507,25225400,GM
2013-12-20,40.480000,41.049999,40.180000,40.990002,35.099342,49654800,GM
2013-12-23,40.900002,41.580002,40.610001,41.290001,35.356224,20370000,GM
2013-12-24,41.250000,41.310001,40.830002,40.880001,35.005157,7605300,GM
2013-12-26,41.040001,41.849998,41.040001,41.520000,35.553188,11168400,GM
2013-12-27,41.310001,41.439999,40.860001,40.939999,35.056538,10052700,GM
2013-12-30,41.000000,41.130001,40.650002,40.689999,34.842457,8737600,GM
2013-12-31,40.700001,41.040001,40.580002,40.869999,34.996597,11100900,GM
2014-01-02,40.680000,41.060001,40.340000,40.950001,35.065094,14763300,GM
2014-01-03,40.919998,40.950001,39.000000,39.570000,33.883408,41426900,GM
2014-01-06,39.900002,40.590000,39.639999,40.400002,34.594135,25063500,GM
2014-01-07,40.700001,40.939999,40.099998,40.200001,34.422874,14156900,GM
2014-01-08,40.330002,40.840000,40.200001,40.419998,34.611259,11342400,GM
2014-01-09,40.880001,40.939999,40.279999,40.490002,34.671204,9790600,GM
2014-01-10,40.599998,40.680000,39.840000,40.029999,34.277306,14596000,GM
2014-01-13,40.160000,40.639999,39.439999,39.580002,33.891979,20993200,GM
2014-01-14,39.770000,40.160000,39.570000,40.020000,34.268753,17389100,GM
2014-01-15,39.630001,39.770000,38.959999,39.380001,33.720715,89207600,GM
2014-01-16,39.310001,39.549999,38.759998,39.000000,33.395329,36091300,GM
2014-01-17,39.070000,39.099998,38.330002,38.599998,33.052803,28003300,GM
2014-01-21,38.889999,39.000000,37.900002,38.340000,32.830170,30786600,GM
2014-01-22,38.400002,38.820000,38.119999,38.799999,33.224075,16902000,GM
2014-01-23,38.340000,38.500000,37.910000,38.419998,32.898674,20556300,GM
2014-01-24,38.070000,38.110001,36.700001,36.830002,31.537180,39564500,GM
2014-01-27,36.799999,37.279999,36.060001,36.759998,31.477232,33915300,GM
2014-01-28,37.160000,37.200001,36.720001,36.810001,31.520050,15926700,GM
2014-01-29,36.060001,36.959999,36.009998,36.349998,31.126152,17523300,GM
2014-01-30,36.880001,37.070000,36.480000,36.840000,31.545736,15481800,GM
2014-01-31,36.220001,36.840000,35.880001,36.080002,30.894955,27201000,GM
2014-02-03,36.270000,36.310001,34.910000,35.250000,30.184238,38974100,GM
2014-02-04,35.470001,35.980000,35.250000,35.820000,30.672327,20948700,GM
2014-02-05,35.840000,35.840000,34.959999,35.240002,30.175674,29446400,GM
2014-02-06,34.430000,35.820000,34.360001,35.230000,30.167110,53685400,GM
2014-02-07,35.970001,36.470001,35.419998,36.110001,30.920645,31248000,GM
2014-02-10,35.910000,35.919998,34.619999,34.900002,29.884533,43268400,GM
2014-02-11,35.220001,35.740002,35.189999,35.250000,30.184238,23772400,GM
2014-02-12,35.490002,35.650002,35.130001,35.560001,30.449688,23300900,GM
2014-02-13,35.169998,35.220001,34.759998,35.200001,30.141430,30500900,GM
2014-02-14,35.369999,36.080002,35.250000,35.950001,30.783646,22767300,GM
2014-02-18,36.430000,36.490002,36.000000,36.310001,31.091909,24555900,GM
2014-02-19,36.220001,36.720001,36.000000,36.029999,30.852146,23060900,GM
2014-02-20,36.189999,36.599998,36.000000,36.509998,31.263155,18637700,GM
2014-02-21,36.680000,36.750000,36.139999,36.689999,31.417295,51722400,GM
2014-02-24,36.700001,36.820000,36.439999,36.549999,31.297413,22000200,GM
2014-02-25,36.669998,36.799999,35.990002,36.099998,30.912081,22504100,GM
2014-02-26,35.950001,37.130001,35.939999,36.830002,31.537180,26657500,GM
2014-02-27,36.560001,36.849998,35.970001,36.770000,31.485798,28750100,GM
2014-02-28,36.730000,36.759998,35.889999,36.200001,30.997719,44345100,GM
2014-03-03,35.700001,36.590000,35.700001,36.209999,31.006273,24013200,GM
2014-03-04,36.529999,36.990002,36.430000,36.930000,31.622803,17884600,GM
2014-03-05,37.540001,38.049999,37.330002,37.520000,32.128021,28489000,GM
2014-03-06,37.869999,38.049999,37.540001,37.540001,32.145149,19105200,GM
2014-03-07,37.939999,38.009998,37.450001,37.689999,32.273579,17547800,GM
2014-03-10,37.560001,37.560001,36.759998,37.090000,31.759821,17552600,GM
2014-03-11,37.000000,37.119999,35.020000,35.180000,30.124300,41033400,GM
2014-03-12,34.759998,35.250000,34.369999,34.860001,29.850288,46300500,GM
2014-03-13,35.040001,35.160000,33.869999,34.090000,29.190943,39628600,GM
2014-03-14,33.849998,34.560001,33.570000,34.090000,29.450111,31908600,GM
2014-03-17,34.139999,34.689999,33.709999,34.630001,29.916618,29696400,GM
2014-03-18,34.680000,35.240002,34.500000,35.169998,30.383112,21329700,GM
2014-03-19,35.279999,36.000000,34.599998,34.910000,30.158501,14690900,GM
2014-03-20,34.790001,35.270000,34.400002,35.259998,30.460863,14456100,GM
2014-03-21,35.389999,35.500000,34.779999,35.009998,30.244888,24010100,GM
2014-03-24,34.689999,35.169998,34.279999,35.139999,30.357195,21461500,GM
2014-03-25,35.130001,35.180000,34.189999,34.509998,29.812937,24817600,GM
2014-03-26,34.680000,34.740002,34.200001,34.220001,29.562414,16997000,GM
2014-03-27,34.279999,34.990002,34.110001,34.509998,29.812937,16382900,GM
2014-03-28,34.639999,35.020000,34.560001,34.730000,30.002998,19175400,GM
2014-03-31,34.529999,34.790001,33.950001,34.419998,29.735193,24292600,GM
2014-04-01,34.500000,35.139999,34.320000,34.340000,29.666084,46569800,GM
2014-04-02,34.650002,35.049999,34.380001,34.880001,30.132586,41863900,GM
2014-04-03,34.939999,35.500000,34.730000,35.439999,30.616367,20578700,GM
2014-04-04,35.580002,35.700001,34.650002,34.810001,30.072113,20368900,GM
2014-04-07,34.669998,34.730000,33.820000,34.110001,29.467386,24348100,GM
2014-04-08,34.150002,34.599998,33.849998,34.529999,29.830221,20615600,GM
2014-04-09,33.900002,34.240002,33.599998,33.619999,29.044083,33165400,GM
2014-04-10,33.709999,34.060001,33.299999,33.299999,28.767628,34302100,GM
2014-04-11,33.000000,33.090000,31.700001,31.930000,27.584101,45760200,GM
2014-04-14,32.290001,32.880001,32.150002,32.549999,28.119717,18759700,GM
2014-04-15,32.810001,33.439999,32.290001,33.360001,28.819473,23450900,GM
2014-04-16,33.689999,33.990002,33.320000,33.970001,29.346447,18140700,GM
2014-04-17,33.830002,34.090000,33.799999,33.980000,29.355083,12351100,GM
2014-04-21,33.950001,34.209999,33.750000,33.980000,29.355083,9909400,GM
2014-04-22,34.029999,34.439999,34.000000,34.230000,29.571053,12291600,GM
2014-04-23,34.290001,34.610001,34.099998,34.389999,29.709276,16063900,GM
2014-04-24,35.500000,35.700001,33.520000,34.169998,29.519220,33352400,GM
2014-04-25,33.549999,34.080002,33.549999,33.720001,29.130466,16031100,GM
2014-04-28,33.930000,33.939999,33.520000,33.759998,29.165026,20175900,GM
2014-04-29,33.700001,34.099998,33.619999,33.990002,29.363722,12087700,GM
2014-04-30,33.840000,34.540001,33.840000,34.480000,29.787027,14037800,GM
2014-05-01,34.669998,35.400002,34.540001,34.900002,30.149862,19572600,GM
2014-05-02,35.029999,35.330002,34.860001,34.970001,30.210339,11396700,GM
2014-05-05,34.840000,34.889999,34.630001,34.750000,30.020281,8449100,GM
2014-05-06,35.070000,35.139999,34.750000,34.750000,30.020281,10114500,GM
2014-05-07,34.959999,35.110001,34.610001,35.070000,30.296728,9269700,GM
2014-05-08,34.980000,35.430000,34.730000,34.849998,30.106661,10251500,GM
2014-05-09,34.799999,34.900002,34.150002,34.230000,29.571053,16803500,GM
2014-05-12,34.380001,34.939999,34.380001,34.820000,30.080753,9498900,GM
2014-05-13,34.840000,35.189999,34.599998,35.150002,30.365837,9048300,GM
2014-05-14,35.099998,35.110001,34.799999,34.939999,30.184416,10495300,GM
2014-05-15,34.610001,34.750000,33.830002,34.360001,29.683361,18088600,GM
2014-05-16,33.750000,34.650002,33.490002,34.000000,29.372360,21485200,GM
2014-05-19,33.840000,34.349998,33.799999,34.250000,29.588333,9006100,GM
2014-05-20,34.160000,34.299999,32.959999,33.070000,28.568937,24894200,GM
2014-05-21,33.150002,33.619999,33.099998,33.459999,28.905859,12392400,GM
2014-05-22,33.389999,33.700001,33.310001,33.419998,28.871302,8428000,GM
2014-05-23,33.490002,33.689999,33.410000,33.630001,29.052719,8267100,GM
2014-05-27,33.919998,33.980000,33.770000,33.939999,29.320524,8995100,GM
2014-05-28,34.090000,34.619999,33.959999,34.590000,29.882059,12575800,GM
2014-05-29,34.599998,34.650002,34.250000,34.450001,29.761110,10880900,GM
2014-05-30,34.299999,34.639999,34.200001,34.580002,29.873415,14172100,GM
2014-06-02,34.540001,34.900002,34.290001,34.860001,30.115311,11556900,GM
2014-06-03,35.119999,35.689999,34.750000,35.259998,30.460863,17795900,GM
2014-06-04,35.500000,36.880001,35.349998,36.520000,31.549366,33252200,GM
2014-06-05,36.959999,37.040001,36.160000,36.270000,31.333391,25094500,GM
2014-06-06,36.070000,36.750000,35.750000,36.549999,31.838633,17642800,GM
2014-06-09,36.470001,36.830002,36.340000,36.500000,31.795078,10279300,GM
2014-06-10,36.279999,36.700001,36.180000,36.400002,31.707973,8460700,GM
2014-06-11,36.230000,36.290001,35.919998,36.119999,31.464058,8866200,GM
2014-06-12,36.000000,36.279999,35.490002,35.520000,30.941401,16818500,GM
2014-06-13,35.380001,35.779999,35.380001,35.630001,31.037214,12046600,GM
2014-06-16,35.490002,36.180000,35.490002,36.060001,31.411797,12603700,GM
2014-06-17,35.869999,36.380001,35.619999,36.360001,31.673119,13211600,GM
2014-06-18,36.360001,36.470001,35.930000,36.299999,31.620850,16352000,GM
2014-06-19,36.349998,36.639999,36.200001,36.369999,31.681829,11277800,GM
2014-06-20,36.549999,36.580002,36.099998,36.220001,31.551165,14018700,GM
2014-06-23,36.209999,36.799999,36.189999,36.669998,31.943159,11584800,GM
2014-06-24,36.619999,37.070000,36.470001,36.580002,31.864769,15031800,GM
2014-06-25,36.459999,37.180000,36.450001,37.090000,32.309017,12201300,GM
2014-06-26,36.889999,36.970001,36.410000,36.900002,32.143517,11463200,GM
2014-06-27,36.730000,37.029999,36.619999,36.619999,31.899609,25426500,GM
2014-06-30,36.590000,36.900002,35.980000,36.299999,31.620850,20862200,GM
2014-07-01,36.250000,37.639999,36.250000,37.590000,32.744576,23414100,GM
2014-07-02,37.500000,38.150002,37.369999,37.740002,32.875248,17672200,GM
2014-07-03,37.959999,38.110001,37.720001,37.740002,32.875248,6743700,GM
2014-07-07,37.910000,37.910000,37.169998,37.439999,32.613911,11129900,GM
2014-07-08,37.410000,37.770000,37.200001,37.580002,32.735863,11783200,GM
2014-07-09,37.660000,38.130001,37.630001,37.970001,33.075588,11676300,GM
2014-07-10,37.480000,37.900002,37.349998,37.750000,32.883949,9898900,GM
2014-07-11,37.720001,38.009998,37.590000,37.950001,33.058170,6203400,GM
2014-07-14,38.099998,38.130001,37.560001,37.700001,32.840397,9314600,GM
2014-07-15,37.610001,37.950001,37.439999,37.580002,32.735863,8615400,GM
2014-07-16,37.770000,37.910000,37.459999,37.480000,32.648750,10940800,GM
2014-07-17,37.310001,37.669998,37.009998,37.099998,32.317738,11014700,GM
2014-07-18,37.340000,37.419998,37.060001,37.410000,32.587776,8741400,GM
2014-07-21,37.380001,37.529999,37.049999,37.430000,32.605194,6625100,GM
2014-07-22,37.560001,37.900002,37.529999,37.759998,32.892658,9655800,GM
2014-07-23,37.790001,37.919998,37.410000,37.410000,32.587776,13865100,GM
2014-07-24,36.669998,36.849998,35.320000,35.740002,31.133045,35694100,GM
2014-07-25,35.099998,35.290001,34.560001,35.070000,30.549406,28537300,GM
2014-07-28,35.029999,35.090000,34.779999,34.900002,30.401323,15051300,GM
2014-07-29,35.009998,35.200001,34.430000,34.450001,30.009333,16560100,GM
2014-07-30,34.500000,34.660000,34.009998,34.310001,29.887373,18941700,GM
2014-07-31,34.150002,34.240002,33.779999,33.820000,29.460537,13408400,GM
2014-08-01,33.790001,34.000000,33.299999,33.439999,29.129519,15343800,GM
2014-08-04,33.759998,34.020000,33.500000,33.610001,29.277599,11486300,GM
2014-08-05,33.570000,33.810001,33.150002,33.360001,29.059830,11012500,GM
2014-08-06,33.230000,33.669998,33.230000,33.400002,29.094675,8715400,GM
2014-08-07,33.560001,33.630001,32.799999,33.110001,28.842052,13526700,GM
2014-08-08,33.090000,33.560001,33.090000,33.529999,29.207914,9935600,GM
2014-08-11,33.639999,33.849998,33.410000,33.799999,29.443113,10873700,GM
2014-08-12,33.750000,34.139999,33.549999,33.700001,29.355999,10304000,GM
2014-08-13,33.930000,34.070000,33.779999,33.950001,29.573776,7156100,GM
2014-08-14,33.810001,33.959999,33.220001,33.950001,29.573776,9956800,GM
2014-08-15,34.049999,34.160000,33.509998,33.840000,29.477957,14153500,GM
2014-08-18,34.090000,34.439999,34.040001,34.400002,29.965771,10327200,GM
2014-08-19,34.689999,34.750000,34.330002,34.570000,30.113855,10422900,GM
2014-08-20,34.490002,34.720001,34.299999,34.529999,30.079014,9112500,GM
2014-08-21,34.619999,34.730000,34.459999,34.599998,30.139988,6585300,GM
2014-08-22,34.509998,34.520000,34.160000,34.240002,29.826397,8665700,GM
2014-08-25,34.430000,34.740002,34.310001,34.669998,30.200966,9546400,GM
2014-08-26,34.759998,35.000000,34.630001,34.849998,30.357761,7535000,GM
2014-08-27,34.919998,34.930000,34.580002,34.709999,30.235813,7118000,GM
2014-08-28,34.490002,34.750000,34.220001,34.680000,30.209682,5971400,GM
2014-08-29,34.740002,34.849998,34.610001,34.799999,30.314205,5548700,GM
2014-09-02,34.880001,35.139999,34.619999,34.799999,30.314205,7824100,GM
2014-09-03,35.060001,35.119999,34.459999,34.470001,30.026747,11626400,GM
2014-09-04,34.490002,34.919998,34.439999,34.630001,30.166122,9566300,GM
2014-09-05,34.590000,34.610001,34.230000,34.580002,30.122566,13671800,GM
2014-09-08,34.029999,34.150002,33.150002,33.240002,29.208700,22120600,GM
2014-09-09,33.200001,33.299999,33.009998,33.070000,29.059315,11861000,GM
2014-09-10,33.119999,33.340000,33.060001,33.290001,29.252636,10471000,GM
2014-09-11,33.160000,33.700001,33.150002,33.610001,29.533817,10120400,GM
2014-09-12,33.480000,33.599998,33.099998,33.270000,29.235056,11036200,GM
2014-09-15,33.160000,33.799999,33.150002,33.630001,29.551397,12509900,GM
2014-09-16,33.490002,33.950001,33.450001,33.709999,29.621698,11083000,GM
2014-09-17,33.720001,34.139999,33.669998,33.849998,29.744717,10301000,GM
2014-09-18,33.930000,34.220001,33.930000,34.029999,29.902891,8929600,GM
2014-09-19,34.230000,34.240002,33.770000,33.939999,29.823793,14521400,GM
2014-09-22,33.740002,33.840000,33.090000,33.439999,29.384436,11180000,GM
2014-09-23,33.240002,33.580002,33.139999,33.220001,29.191122,8731900,GM
2014-09-24,33.330002,33.680000,33.020000,33.650002,29.568981,10665400,GM
2014-09-25,33.570000,33.650002,32.830002,32.869999,28.883572,12309200,GM
2014-09-26,33.040001,33.310001,32.939999,33.169998,29.147184,9417600,GM
2014-09-29,32.970001,33.160000,31.980000,32.220001,28.312403,19710900,GM
2014-09-30,32.240002,32.540001,31.670000,31.940001,28.066362,24790800,GM
2014-10-01,31.969999,33.029999,31.709999,32.490002,28.549656,31138700,GM
2014-10-02,32.529999,33.400002,32.490002,33.180000,29.155973,20794600,GM
2014-10-03,33.430000,33.900002,33.250000,33.759998,29.665632,16981300,GM
2014-10-06,33.840000,34.240002,33.369999,33.750000,29.656843,9092100,GM
2014-10-07,33.040001,33.040001,31.650000,31.770000,27.916977,25661300,GM
2014-10-08,31.840000,32.220001,30.790001,32.180000,28.277254,28308500,GM
2014-10-09,32.090000,32.130001,30.809999,31.030001,27.266726,23097600,GM
2014-10-10,30.280001,30.940001,30.090000,30.290001,26.616470,20496000,GM
2014-10-13,30.290001,30.620001,29.730000,29.790001,26.177111,17722900,GM
2014-10-14,29.900000,30.379999,29.850000,30.110001,26.458300,14495500,GM
2014-10-15,29.670000,30.260000,28.820000,29.690001,26.089235,29623300,GM
2014-10-16,29.129999,30.150000,29.090000,29.940001,26.308916,18226200,GM
2014-10-17,30.379999,30.969999,30.170000,30.240000,26.572536,18339900,GM
2014-10-20,30.219999,30.520000,30.020000,30.340000,26.660406,11692200,GM
2014-10-21,30.500000,31.070000,30.320000,30.840000,27.099766,12576800,GM
2014-10-22,30.610001,31.510000,30.570000,31.309999,27.512766,17845800,GM
2014-10-23,31.950001,31.990000,30.809999,30.930000,27.178852,25436900,GM
2014-10-24,31.040001,31.280001,29.980000,30.040001,26.396790,30313800,GM
2014-10-27,30.150000,30.490000,29.820000,30.080000,26.431940,12790200,GM
2014-10-28,30.389999,31.219999,30.139999,31.170000,27.389744,26071300,GM
2014-10-29,31.200001,31.330000,30.350000,30.719999,26.994320,11638300,GM
2014-10-30,30.570000,31.030001,30.450001,30.780001,27.047041,10074100,GM
2014-10-31,31.150000,31.620001,30.950001,31.400000,27.591852,15539000,GM
2014-11-03,31.350000,31.459999,30.790001,31.180000,27.398533,9931100,GM
2014-11-04,31.040001,31.309999,30.680000,30.820000,27.082191,12058300,GM
2014-11-05,31.150000,31.180000,30.559999,30.730000,27.003107,11109600,GM
2014-11-06,30.700001,31.459999,30.650000,31.370001,27.565491,12729500,GM
2014-11-07,31.309999,31.740000,31.240000,31.590000,27.758810,10070900,GM
2014-11-10,31.330000,31.500000,30.820000,31.120001,27.345810,10297800,GM
2014-11-11,31.040001,31.400000,31.000000,31.350000,27.547918,7537800,GM
2014-11-12,31.299999,31.549999,31.110001,31.420000,27.609425,7456100,GM
2014-11-13,31.510000,31.900000,31.469999,31.650000,27.811529,8353900,GM
2014-11-14,31.650000,32.009998,31.480000,31.790001,27.934553,8498700,GM
2014-11-17,32.000000,32.490002,31.900000,32.310001,28.391487,11900500,GM
2014-11-18,32.410000,32.490002,31.870001,32.270000,28.356337,9766000,GM
2014-11-19,32.209999,32.310001,31.940001,32.150002,28.250895,8290100,GM
2014-11-20,31.959999,32.259998,31.799999,32.130001,28.233320,8052900,GM
2014-11-21,32.540001,32.549999,31.969999,32.130001,28.233320,8567200,GM
2014-11-24,32.250000,32.349998,31.770000,32.189999,28.286039,13313500,GM
2014-11-25,32.250000,32.380001,31.969999,32.230000,28.321190,9269300,GM
2014-11-26,32.270000,32.299999,31.950001,32.070000,28.180593,7414500,GM
2014-11-28,32.400002,33.540001,32.230000,33.430000,29.375654,14039800,GM
2014-12-01,33.310001,33.470001,32.860001,32.939999,28.945078,14391900,GM
2014-12-02,33.049999,33.619999,32.990002,33.259998,29.226273,14824800,GM
2014-12-03,33.369999,33.779999,33.349998,33.639999,29.560188,11648500,GM
2014-12-04,33.660000,33.669998,33.040001,33.090000,29.076891,11632800,GM
2014-12-05,33.230000,34.090000,33.169998,33.930000,29.815014,17730800,GM
2014-12-08,33.520000,33.560001,32.610001,32.680000,28.972784,16125800,GM
2014-12-09,32.279999,32.869999,32.169998,32.810001,29.088037,11147100,GM
2014-12-10,32.720001,32.849998,31.870001,31.969999,28.343325,11583500,GM
2014-12-11,32.139999,32.689999,31.990000,32.189999,28.538368,13282600,GM
2014-12-12,31.940001,32.160000,31.570000,31.570000,27.988705,11239100,GM
2014-12-15,31.700001,31.770000,30.980000,31.000000,27.483358,16084000,GM
2014-12-16,30.620001,31.059999,30.299999,30.730000,27.243990,24294000,GM
2014-12-17,30.809999,31.299999,30.639999,31.150000,27.616348,13281800,GM
2014-12-18,31.639999,31.750000,31.170000,31.750000,28.148285,14112000,GM
2014-12-19,31.760000,32.930000,31.750000,32.810001,29.088037,18990900,GM
2014-12-22,32.630001,33.310001,32.619999,33.230000,29.460390,13243700,GM
2014-12-23,33.480000,33.700001,33.380001,33.560001,29.752956,8469500,GM
2014-12-24,33.529999,33.590000,33.240002,33.430000,29.637703,4496000,GM
2014-12-26,33.549999,33.849998,33.450001,33.730000,29.903667,6673200,GM
2014-12-29,33.869999,34.830002,33.790001,34.599998,30.674982,16654300,GM
2014-12-30,34.560001,35.200001,34.410000,35.090000,31.109400,14966900,GM
2014-12-31,35.240002,35.450001,34.889999,34.910000,30.949814,12279700,GM
2015-01-02,35.270000,35.310001,34.410000,34.840000,30.887754,9756700,GM
2015-01-05,34.980000,35.250000,34.070000,34.330002,30.435610,16223000,GM
2015-01-06,34.410000,35.220001,34.099998,34.849998,30.896618,17747600,GM
2015-01-07,35.230000,35.950001,35.040001,35.840000,31.774321,19319200,GM
2015-01-08,36.060001,36.450001,35.799999,36.200001,32.093479,15206600,GM
2015-01-09,36.209999,36.369999,35.410000,35.590000,31.552675,14515500,GM
2015-01-12,35.810001,35.939999,35.470001,35.840000,31.774321,10656700,GM
2015-01-13,36.080002,36.400002,34.680000,35.250000,31.251242,21893500,GM
2015-01-14,34.360001,34.570000,33.590000,34.299999,30.409010,27901300,GM
2015-01-15,34.779999,34.869999,33.380001,33.430000,29.637703,19437400,GM
2015-01-16,33.310001,33.790001,33.270000,33.680000,29.859350,17780000,GM
2015-01-20,33.900002,34.009998,33.349998,33.930000,30.080980,11904100,GM
2015-01-21,33.820000,34.119999,33.520000,33.889999,30.045521,14349900,GM
2015-01-22,34.150002,34.180000,33.310001,33.820000,29.983461,14261100,GM
2015-01-23,33.900002,34.180000,33.709999,33.750000,29.921402,13970000,GM
2015-01-26,33.709999,34.040001,33.599998,33.700001,29.877077,10824800,GM
2015-01-27,33.400002,33.689999,33.150002,33.419998,29.628845,14793300,GM
2015-01-28,33.509998,33.570000,32.750000,32.840000,29.114632,16936200,GM
2015-01-29,32.910000,33.340000,32.360001,33.160000,29.398335,15819200,GM
2015-01-30,32.880001,33.150002,32.619999,32.619999,28.919590,19166500,GM
2015-02-02,32.669998,33.150002,32.439999,33.110001,29.354004,18397000,GM
2015-02-03,33.500000,34.200001,33.439999,33.980000,30.125307,26162100,GM
2015-02-04,35.270000,35.980000,34.150002,35.830002,31.765448,49298100,GM
2015-02-05,36.279999,36.599998,36.009998,36.250000,32.137802,20854900,GM
2015-02-06,36.259998,36.540001,35.919998,36.000000,31.916159,16240100,GM
2015-02-09,35.790001,36.099998,35.509998,36.000000,31.916159,14797500,GM
2015-02-10,37.279999,37.549999,36.400002,37.520000,33.263733,32369400,GM
2015-02-11,37.509998,37.860001,37.279999,37.669998,33.396721,22634000,GM
2015-02-12,37.849998,38.180000,37.730000,38.020000,33.707012,15537400,GM
2015-02-13,37.930000,38.070000,37.349998,37.619999,33.352390,14696300,GM
2015-02-17,37.200001,37.470001,37.049999,37.240002,33.015499,13147100,GM
2015-02-18,37.250000,37.480000,37.130001,37.189999,32.971169,8482500,GM
2015-02-19,37.029999,37.610001,36.980000,37.509998,33.254868,11780800,GM
2015-02-20,37.490002,37.720001,37.160000,37.650002,33.378990,9345200,GM
2015-02-23,37.619999,37.770000,37.340000,37.689999,33.414444,10970200,GM
2015-02-24,37.619999,37.910000,37.580002,37.750000,33.467640,8560000,GM
2015-02-25,37.790001,37.959999,37.610001,37.860001,33.565166,11161500,GM
2015-02-26,37.810001,38.130001,37.509998,37.560001,33.299198,10708200,GM
2015-02-27,37.380001,37.450001,37.110001,37.310001,33.077557,10490200,GM
2015-03-02,37.310001,37.709999,37.310001,37.610001,33.343529,11234200,GM
2015-03-03,37.380001,37.810001,37.299999,37.799999,33.511971,10036000,GM
2015-03-04,37.630001,37.799999,37.299999,37.570000,33.308067,12580400,GM
2015-03-05,37.639999,37.820000,37.560001,37.610001,33.343529,6620700,GM
2015-03-06,37.459999,37.549999,36.730000,36.840000,32.660873,13764200,GM
2015-03-09,37.549999,37.810001,37.320000,37.660000,33.661972,22979300,GM
2015-03-10,37.430000,37.779999,37.150002,37.549999,33.563656,20265300,GM
2015-03-11,37.599998,38.130001,37.520000,37.779999,33.769226,13191600,GM
2015-03-12,37.860001,38.470001,37.840000,38.430000,34.350235,13986000,GM
2015-03-13,38.389999,38.389999,37.730000,38.049999,34.010567,11404200,GM
2015-03-16,38.270000,38.599998,38.209999,38.580002,34.484303,11219000,GM
2015-03-17,38.150002,38.470001,38.060001,38.290001,34.225090,9686300,GM
2015-03-18,38.169998,38.599998,37.779999,38.500000,34.412796,18798800,GM
2015-03-19,38.450001,38.779999,38.290001,38.650002,34.546875,11255700,GM
2015-03-20,38.759998,38.930000,38.549999,38.869999,34.743515,19769700,GM
2015-03-23,38.810001,38.990002,38.590000,38.590000,34.493248,11372500,GM
2015-03-24,38.520000,38.520000,37.750000,37.849998,33.831799,15855900,GM
2015-03-25,37.880001,37.910000,37.369999,37.380001,33.411701,10209800,GM
2015-03-26,37.700001,37.910000,37.150002,37.349998,33.384876,13814500,GM
2015-03-27,37.340000,37.480000,37.080002,37.310001,33.349129,9227700,GM
2015-03-30,37.580002,37.869999,37.529999,37.680000,33.679848,9980300,GM
2015-03-31,37.680000,38.040001,37.470001,37.500000,33.518959,12633400,GM
2015-04-01,37.270000,37.369999,36.560001,36.740002,32.839642,16561800,GM
2015-04-02,36.610001,36.730000,36.330002,36.500000,32.625122,16517700,GM
2015-04-06,36.259998,36.970001,36.209999,36.660000,32.768135,13179000,GM
2015-04-07,35.990002,36.090000,35.639999,35.730000,31.936861,56224000,GM
2015-04-08,35.889999,36.189999,35.750000,36.110001,32.276531,27460300,GM
2015-04-09,36.099998,36.389999,36.029999,36.290001,32.437412,15475300,GM
2015-04-10,36.740002,36.779999,36.369999,36.570000,32.687687,16768900,GM
2015-04-13,36.630001,36.860001,36.389999,36.400002,32.535744,13530700,GM
2015-04-14,36.459999,36.820000,36.439999,36.480000,32.607243,12987800,GM
2015-04-15,36.820000,37.080002,36.650002,36.939999,33.018406,13734900,GM
2015-04-16,37.130001,37.180000,36.740002,37.080002,33.143547,12225800,GM
2015-04-17,36.830002,36.849998,36.500000,36.639999,32.750259,14375200,GM
2015-04-20,36.950001,37.169998,36.750000,37.110001,33.170361,13879800,GM
2015-04-21,37.330002,37.450001,36.830002,37.160000,33.215057,17130500,GM
2015-04-22,37.130001,37.220001,36.669998,37.160000,33.215057,16025100,GM
2015-04-23,36.250000,36.299999,35.580002,35.919998,32.106689,41820400,GM
2015-04-24,35.720001,35.810001,35.439999,35.590000,31.811724,21252500,GM
2015-04-27,35.650002,35.950001,35.560001,35.779999,31.981552,15497400,GM
2015-04-28,35.750000,35.959999,35.169998,35.720001,31.927929,14857500,GM
2015-04-29,35.500000,35.700001,35.240002,35.509998,31.740217,11907300,GM
2015-04-30,35.259998,35.430000,34.930000,35.060001,31.337990,15784500,GM
2015-05-01,35.169998,35.470001,34.810001,35.419998,31.659773,15307400,GM
2015-05-04,35.500000,35.720001,35.400002,35.400002,31.641897,12020100,GM
2015-05-05,35.400002,35.520000,34.990002,35.009998,31.293295,11068100,GM
2015-05-06,35.139999,35.230000,34.549999,34.770000,31.078779,13076200,GM
2015-05-07,34.639999,35.029999,34.549999,34.880001,31.177103,14033700,GM
2015-05-08,35.049999,35.459999,35.029999,35.320000,31.570393,12787000,GM
2015-05-11,35.299999,35.590000,35.169998,35.220001,31.481005,8833100,GM
2015-05-12,34.959999,34.959999,34.509998,34.740002,31.051962,14049300,GM
2015-05-13,34.779999,34.970001,34.709999,34.799999,31.105595,9196900,GM
2015-05-14,35.000000,35.040001,34.529999,34.650002,30.971518,12645300,GM
2015-05-15,34.700001,34.980000,34.700001,34.910000,31.203913,9778800,GM
2015-05-18,34.970001,35.209999,34.849998,35.049999,31.329050,10263100,GM
2015-05-19,35.169998,35.240002,34.959999,35.119999,31.391619,9856700,GM
2015-05-20,35.240002,35.299999,34.660000,35.020000,31.302237,12925600,GM
2015-05-21,35.000000,35.660000,35.000000,35.580002,31.802790,16016000,GM
2015-05-22,35.520000,35.740002,35.419998,35.700001,31.910053,9648200,GM
2015-05-26,35.450001,35.599998,35.430000,35.520000,31.749157,12566300,GM
2015-05-27,35.520000,35.810001,35.430000,35.810001,32.008369,10058300,GM
2015-05-28,36.110001,36.480000,35.970001,36.389999,32.526794,18063900,GM
2015-05-29,36.490002,36.580002,35.849998,35.970001,32.151390,15498900,GM
2015-06-01,36.060001,36.340000,35.650002,36.180000,32.339092,12012500,GM
2015-06-02,36.090000,36.500000,35.970001,36.220001,32.374844,16938000,GM
2015-06-03,36.369999,36.419998,35.869999,35.939999,32.124573,12817100,GM
2015-06-04,35.660000,35.869999,35.470001,35.540001,31.767036,10538500,GM
2015-06-05,35.500000,35.549999,34.959999,35.119999,31.391619,24629200,GM
2015-06-08,34.860001,35.119999,34.799999,34.990002,31.599339,15352200,GM
2015-06-09,35.110001,35.320000,35.000000,35.259998,31.843164,12901000,GM
2015-06-10,35.450001,35.619999,35.290001,35.590000,32.141190,11402200,GM
2015-06-11,35.720001,36.009998,35.549999,35.549999,32.105068,16819000,GM
2015-06-12,35.380001,35.900002,35.380001,35.709999,32.249565,11170200,GM
2015-06-15,35.349998,35.730000,35.009998,35.459999,32.023785,14016000,GM
2015-06-16,35.360001,35.779999,35.169998,35.610001,32.159252,6638600,GM
2015-06-17,35.680000,35.810001,35.279999,35.810001,32.339874,10286600,GM
2015-06-18,35.869999,36.480000,35.849998,36.200001,32.692078,15490900,GM
2015-06-19,36.119999,36.330002,35.950001,36.110001,32.610806,14831300,GM
2015-06-22,36.290001,36.540001,36.130001,36.189999,32.683052,13783000,GM
2015-06-23,36.369999,36.480000,36.270000,36.299999,32.782391,7279900,GM
2015-06-24,35.910000,35.970001,35.110001,35.160000,31.752857,16930000,GM
2015-06-25,35.209999,35.320000,34.570000,34.700001,31.337435,14593100,GM
2015-06-26,34.700001,34.820000,34.279999,34.380001,31.048447,11632800,GM
2015-06-29,34.119999,34.169998,33.200001,33.230000,30.009886,18717700,GM
2015-06-30,33.500000,33.570000,33.060001,33.330002,30.100199,12911800,GM
2015-07-01,33.610001,33.610001,32.680000,33.040001,29.838299,16169500,GM
2015-07-02,33.189999,33.450001,33.060001,33.230000,30.009886,8646400,GM
2015-07-06,32.849998,33.119999,32.610001,32.650002,29.486092,10433100,GM
2015-07-07,32.619999,32.950001,32.009998,32.860001,29.675737,18589300,GM
2015-07-08,32.389999,32.410000,30.940001,31.190001,28.167570,29971400,GM
2015-07-09,31.620001,31.750000,30.920000,31.010000,28.005011,16934200,GM
2015-07-10,31.299999,31.420000,30.990000,31.400000,28.357220,12237800,GM
2015-07-13,31.870001,31.900000,31.459999,31.680000,28.610086,16327100,GM
2015-07-14,31.590000,31.990000,31.430000,31.770000,28.691364,10832900,GM
2015-07-15,31.850000,31.900000,31.299999,31.430000,28.384312,18022000,GM
2015-07-16,31.139999,31.200001,30.309999,30.610001,27.643774,35920700,GM
2015-07-17,30.639999,30.799999,30.430000,30.650000,27.679897,16230200,GM
2015-07-20,30.850000,30.850000,30.420000,30.500000,27.544432,15643900,GM
2015-07-21,30.510000,30.559999,30.320000,30.389999,27.445089,23472100,GM
2015-07-22,30.330000,30.520000,29.889999,30.299999,27.363815,20867800,GM
2015-07-23,32.660000,32.700001,31.400000,31.500000,28.447527,38967600,GM
2015-07-24,31.900000,31.940001,30.820000,31.059999,28.050165,22967600,GM
2015-07-27,30.950001,31.320000,30.600000,31.049999,28.041134,23336100,GM
2015-07-28,31.490000,31.639999,31.219999,31.320000,28.284973,23184400,GM
2015-07-29,31.480000,32.060001,31.430000,31.950001,28.853924,20632700,GM
2015-07-30,31.889999,32.049999,31.750000,31.910000,28.817799,10123300,GM
2015-07-31,32.080002,32.130001,31.430000,31.510000,28.456560,12399300,GM
2015-08-03,31.790001,31.889999,31.309999,31.680000,28.610086,14800600,GM
2015-08-04,31.660000,31.770000,31.389999,31.520000,28.465590,15105900,GM
2015-08-05,31.770000,31.770000,31.200001,31.600000,28.537840,14403600,GM
2015-08-06,31.590000,31.930000,31.139999,31.860001,28.772644,19567900,GM
2015-08-07,32.090000,32.139999,31.600000,31.740000,28.664272,12960000,GM
2015-08-10,31.950001,32.250000,31.860001,31.940001,28.844891,11676400,GM
2015-08-11,31.290001,31.309999,30.590000,30.830000,27.842453,24167200,GM
2015-08-12,30.430000,31.000000,29.790001,30.870001,27.878580,23093600,GM
2015-08-13,30.870001,31.250000,30.809999,31.059999,28.050165,20432400,GM
2015-08-14,31.139999,31.549999,31.059999,31.490000,28.438498,12109200,GM
2015-08-17,31.469999,31.680000,31.170000,31.610001,28.546871,12057900,GM
2015-08-18,31.410000,31.770000,31.340000,31.709999,28.637178,9279800,GM
2015-08-19,31.610001,32.049999,31.370001,31.629999,28.564932,13919100,GM
2015-08-20,31.459999,31.459999,30.830000,30.840000,27.851486,13352500,GM
2015-08-21,30.459999,30.530001,29.570000,29.600000,26.731646,27542200,GM
2015-08-24,27.299999,28.180000,24.620001,27.799999,25.106071,35740400,GM
2015-08-25,29.200001,29.200001,27.280001,27.280001,24.636463,19966200,GM
2015-08-26,27.620001,28.200001,26.900000,28.100000,25.377001,27717300,GM
2015-08-27,28.520000,28.820000,28.020000,28.580000,25.810490,28498900,GM
2015-08-28,28.600000,29.139999,28.530001,29.000000,26.189789,15167300,GM
2015-08-31,29.090000,29.690001,29.020000,29.440001,26.587151,16067500,GM
2015-09-01,29.180000,29.370001,28.400000,28.639999,25.864674,16687400,GM
2015-09-02,29.010000,29.219999,28.620001,29.209999,26.379435,10776300,GM
2015-09-03,29.379999,29.709999,29.020000,29.110001,26.289131,11504200,GM
2015-09-04,28.780001,29.040001,28.570000,28.879999,26.081417,13435300,GM
2015-09-08,29.500000,29.940001,29.500000,29.879999,26.984514,19298900,GM
2015-09-09,30.200001,30.400000,29.520000,29.620001,26.749706,15747800,GM
2015-09-10,29.190001,30.469999,29.190001,30.000000,27.426224,18672000,GM
2015-09-11,30.010000,30.200001,29.580000,30.150000,27.563351,15344700,GM
2015-09-14,30.110001,30.770000,30.059999,30.719999,28.084448,20148900,GM
2015-09-15,30.770000,31.549999,30.770000,30.990000,28.331284,22161900,GM
2015-09-16,31.080000,31.570000,30.920000,31.200001,28.523272,17076600,GM
2015-09-17,31.250000,31.809999,31.129999,31.309999,28.623831,16644600,GM
2015-09-18,30.980000,31.120001,30.469999,30.510000,27.892467,30809000,GM
2015-09-21,30.670000,30.959999,30.379999,30.620001,27.993031,14325600,GM
2015-09-22,29.420000,30.059999,29.410000,30.030001,27.453648,17190200,GM
2015-09-23,30.010000,30.139999,29.590000,29.719999,27.170240,11277100,GM
2015-09-24,29.410000,29.510000,28.770000,29.440001,26.914267,19687600,GM
2015-09-25,29.790001,29.840000,29.230000,29.410000,26.886835,13369400,GM
2015-09-28,29.290001,29.320000,28.440001,28.559999,26.109762,15648900,GM
2015-09-29,28.660000,29.290001,28.379999,29.150000,26.649143,17043700,GM
2015-09-30,29.620001,30.100000,29.379999,30.020000,27.444506,18674300,GM
2015-10-01,30.290001,30.750000,29.980000,30.670000,28.038740,18261900,GM
2015-10-02,30.200001,31.760000,30.160000,31.730000,29.007799,16596600,GM
2015-10-05,31.900000,32.160000,31.520000,31.760000,29.035223,15407500,GM
2015-10-06,31.809999,32.380001,31.809999,32.220001,29.455761,14214900,GM
2015-10-07,32.450001,33.189999,32.410000,33.049999,30.214552,15238600,GM
2015-10-08,32.950001,33.509998,32.860001,33.430000,30.561953,12909800,GM
2015-10-09,33.340000,33.630001,32.790001,32.950001,30.123131,14169100,GM
2015-10-12,33.040001,33.160000,32.619999,33.020000,30.187124,10766400,GM
2015-10-13,32.849998,33.369999,32.709999,33.130001,30.287693,11789300,GM
2015-10-14,33.200001,33.500000,32.919998,33.330002,30.470535,11974000,GM
2015-10-15,33.549999,33.660000,33.160000,33.320000,30.461388,10844300,GM
2015-10-16,33.369999,33.459999,32.880001,33.150002,30.305973,9445800,GM
2015-10-19,33.000000,33.290001,32.799999,33.240002,30.388254,10084600,GM
2015-10-20,33.180000,33.889999,33.080002,33.480000,30.607660,11758400,GM
2015-10-21,34.959999,35.869999,34.720001,35.419998,32.381226,36877400,GM
2015-10-22,35.639999,35.790001,34.970001,35.419998,32.381226,22708100,GM
2015-10-23,35.540001,36.060001,35.410000,35.950001,32.865761,18277800,GM
2015-10-26,35.900002,35.939999,35.259998,35.669998,32.609783,14010800,GM
2015-10-27,35.389999,35.490002,34.740002,34.970001,31.969835,15536000,GM
2015-10-28,34.990002,35.299999,34.650002,35.220001,32.198380,9668600,GM
2015-10-29,35.040001,35.049999,34.110001,34.750000,31.768705,12036900,GM
2015-10-30,34.849998,35.200001,34.459999,34.910000,31.914974,10723900,GM
2015-11-02,34.880001,35.750000,34.860001,35.570000,32.518356,11858400,GM
2015-11-03,35.529999,35.990002,35.360001,35.779999,32.710335,15144900,GM
2015-11-04,35.830002,35.919998,35.380001,35.419998,32.381226,12578000,GM
2015-11-05,35.529999,35.560001,35.189999,35.439999,32.399506,7679700,GM
2015-11-06,35.320000,35.799999,35.259998,35.750000,32.682911,9376900,GM
2015-11-09,35.980000,36.119999,35.439999,35.669998,32.609783,9997600,GM
2015-11-10,35.540001,35.630001,35.160000,35.619999,32.564064,9687200,GM
2015-11-11,35.740002,36.009998,35.520000,35.549999,32.500072,6751800,GM
2015-11-12,35.340000,35.480000,35.020000,35.090000,32.079536,10650900,GM
2015-11-13,34.970001,35.169998,34.189999,34.310001,31.366451,12090600,GM
2015-11-16,34.310001,35.220001,34.290001,35.169998,32.152672,14599100,GM
2015-11-17,34.310001,35.590000,34.310001,35.209999,32.189236,11748200,GM
2015-11-18,35.400002,36.480000,35.299999,36.459999,33.331997,14866300,GM
2015-11-19,36.430000,36.470001,36.070000,36.139999,33.039452,9760800,GM
2015-11-20,36.310001,36.419998,36.009998,36.340000,33.222294,10793200,GM
2015-11-23,36.389999,36.869999,36.060001,36.080002,32.984596,9849300,GM
2015-11-24,35.759998,36.330002,35.689999,36.220001,33.112587,10346900,GM
2015-11-25,36.150002,36.419998,36.110001,36.340000,33.222294,7292800,GM
2015-11-27,36.360001,36.490002,36.220001,36.369999,33.249718,2899300,GM
2015-11-30,36.599998,36.880001,36.189999,36.200001,33.094307,13959400,GM
2015-12-01,35.950001,36.340000,35.799999,36.259998,33.149162,12656400,GM
2015-12-02,36.310001,36.360001,35.619999,35.730000,32.664635,9715100,GM
2015-12-03,35.830002,36.000000,35.230000,35.470001,32.426933,10795800,GM
2015-12-04,35.599998,36.340000,35.369999,36.250000,33.140018,11562600,GM
2015-12-07,36.459999,36.520000,35.990002,36.130001,33.030315,11303500,GM
2015-12-08,35.830002,35.869999,35.230000,35.480000,32.436081,11905400,GM
2015-12-09,35.299999,35.700001,34.860001,35.450001,32.408649,11692000,GM
2015-12-10,35.250000,35.889999,35.180000,35.630001,32.573208,8787000,GM
2015-12-11,35.139999,35.410000,34.270000,34.549999,31.585863,16271200,GM
2015-12-14,34.779999,34.840000,34.049999,34.389999,31.439589,13597300,GM
2015-12-15,34.750000,34.959999,34.299999,34.540001,31.576721,13874300,GM
2015-12-16,34.349998,35.169998,34.250000,35.139999,32.463604,14771600,GM
2015-12-17,35.150002,35.270000,34.070000,34.110001,31.512054,14448400,GM
2015-12-18,33.959999,34.060001,33.540001,33.669998,31.105564,19469500,GM
2015-12-21,33.790001,34.060001,33.590000,33.830002,31.253382,12820000,GM
2015-12-22,34.209999,34.490002,34.070000,34.290001,31.678345,9115000,GM
2015-12-23,34.509998,34.939999,34.380001,34.779999,32.131027,8816700,GM
2015-12-24,34.720001,34.750000,34.500000,34.599998,31.964733,3134800,GM
2015-12-28,34.529999,34.669998,34.299999,34.509998,31.881588,4741300,GM
2015-12-29,34.660000,34.689999,34.169998,34.500000,31.872351,7056400,GM
2015-12-30,34.320000,34.560001,34.279999,34.330002,31.715298,4694500,GM
2015-12-31,34.209999,34.299999,34.000000,34.009998,31.419666,6586000,GM
2016-01-04,33.450001,33.540001,32.840000,33.310001,30.772985,14875500,GM
2016-01-05,33.330002,33.410000,32.180000,32.430000,29.960007,19777200,GM
2016-01-06,31.950001,31.980000,31.010000,31.270000,28.888359,27515200,GM
2016-01-07,30.260000,30.820000,29.830000,29.990000,27.705849,21046300,GM
2016-01-08,30.459999,30.700001,29.420000,29.530001,27.280886,16448000,GM
2016-01-11,30.370001,30.480000,29.680000,30.250000,27.946045,16826600,GM
2016-01-12,30.629999,30.750000,29.799999,30.299999,27.992237,13398900,GM
2016-01-13,31.830000,31.900000,30.090000,30.490000,28.167767,31586200,GM
2016-01-14,30.809999,30.889999,29.450001,30.299999,27.992237,27106700,GM
2016-01-15,29.459999,29.680000,28.799999,29.570000,27.317837,26698100,GM
2016-01-19,29.930000,30.000000,28.910000,29.400000,27.160784,17826600,GM
2016-01-20,28.860001,29.900000,28.320000,29.420000,27.179262,21481000,GM
2016-01-21,29.459999,30.139999,29.070000,29.549999,27.299360,15844000,GM
2016-01-22,30.160000,30.290001,29.030001,29.280001,27.049923,18302800,GM
2016-01-25,29.330000,29.590000,29.020000,29.230000,27.003735,33627700,GM
2016-01-26,29.410000,29.750000,29.040001,29.650000,27.391745,11652600,GM
2016-01-27,29.719999,29.900000,29.000000,29.209999,26.985258,12932300,GM
2016-01-28,29.469999,29.480000,28.400000,29.020000,26.809727,16421200,GM
2016-01-29,29.170000,29.639999,29.020000,29.639999,27.382504,13445800,GM
2016-02-01,29.459999,30.240000,29.100000,30.110001,27.816710,13831700,GM
2016-02-02,29.990000,30.190001,28.870001,29.650000,27.391745,23777400,GM
2016-02-03,30.100000,30.250000,28.180000,28.920000,26.717344,29069800,GM
2016-02-04,28.940001,29.209999,28.100000,28.639999,26.458670,20856400,GM
2016-02-05,28.670000,29.200001,28.420000,28.540001,26.366285,14125200,GM
2016-02-08,28.280001,28.840000,28.049999,28.680000,26.495623,19174000,GM
2016-02-09,28.129999,28.870001,27.770000,27.870001,25.747316,21245900,GM
2016-02-10,28.120001,28.639999,27.690001,27.709999,25.599499,15163800,GM
2016-02-11,27.480000,28.090000,26.690001,26.900000,24.851192,25164400,GM
2016-02-12,27.230000,27.740000,27.049999,27.709999,25.599499,11041000,GM
2016-02-16,28.000000,28.590000,27.760000,28.580000,26.403238,14627500,GM
2016-02-17,28.860001,29.350000,28.700001,29.270000,27.040688,13256100,GM
2016-02-18,29.450001,29.549999,28.920000,29.030001,26.818968,12158600,GM
2016-02-19,28.879999,28.980000,28.379999,28.780001,26.588009,12362300,GM
2016-02-22,28.780001,29.639999,28.780001,29.629999,27.373266,12215500,GM
2016-02-23,29.410000,29.820000,29.280001,29.379999,27.142307,9949600,GM
2016-02-24,28.719999,28.900000,27.809999,28.840000,26.643438,20989100,GM
2016-02-25,28.830000,29.510000,28.549999,29.500000,27.253168,11892100,GM
2016-02-26,29.730000,29.959999,29.540001,29.629999,27.373266,15778300,GM
2016-02-29,29.370001,29.799999,29.290001,29.440001,27.197741,10329400,GM
2016-03-01,30.020000,30.230000,28.920000,30.010000,27.724327,21007300,GM
2016-03-02,30.000000,30.320000,29.840000,30.150000,27.853659,12094700,GM
2016-03-03,30.260000,31.219999,30.200001,31.070000,28.703590,17740400,GM
2016-03-04,31.219999,31.740000,31.059999,31.370001,28.980742,13963200,GM
2016-03-07,31.309999,31.780001,31.190001,31.590000,29.183985,11373800,GM
2016-03-08,31.400000,31.400000,30.459999,30.680000,28.343296,16794400,GM
2016-03-09,30.469999,30.629999,30.200001,30.540001,28.567797,12158900,GM
2016-03-10,30.719999,30.879999,30.270000,30.820000,28.829714,15088700,GM
2016-03-11,31.049999,31.330000,30.980000,31.260000,29.241299,13363000,GM
2016-03-14,31.180000,31.389999,30.900000,31.180000,29.166466,9353100,GM
2016-03-15,30.860001,31.080000,30.440001,31.049999,29.044859,8983200,GM
2016-03-16,30.830000,31.760000,30.830000,31.690001,29.643532,9991900,GM
2016-03-17,31.730000,32.099998,31.639999,31.959999,29.896095,11295900,GM
2016-03-18,32.080002,32.380001,31.910000,31.959999,29.896095,15431600,GM
2016-03-21,32.110001,32.189999,31.750000,32.080002,30.008348,7397300,GM
2016-03-22,32.080002,32.209999,31.760000,31.900000,29.839970,8195600,GM
2016-03-23,31.920000,31.930000,31.170000,31.309999,29.288071,9107100,GM
2016-03-24,30.879999,30.969999,30.389999,30.959999,28.960674,12041000,GM
2016-03-28,31.129999,31.250000,30.940001,31.020000,29.016800,6109400,GM
2016-03-29,31.040001,31.280001,30.580000,31.190001,29.175819,13627300,GM
2016-03-30,31.440001,31.670000,30.959999,30.990000,28.988735,13377600,GM
2016-03-31,31.010000,31.590000,31.000000,31.430000,29.400324,10209000,GM
2016-04-01,31.180000,31.200001,30.320000,30.469999,28.502314,17421700,GM
2016-04-04,30.400000,30.480000,29.750000,29.900000,27.969126,12167300,GM
2016-04-05,29.670000,29.730000,29.350000,29.600000,27.688498,9101900,GM
2016-04-06,29.660000,29.950001,29.299999,29.940001,28.006544,9555200,GM
2016-04-07,29.850000,29.950001,29.180000,29.420000,27.520123,12865600,GM
2016-04-08,29.670000,29.760000,29.230000,29.370001,27.473352,8843500,GM
2016-04-11,29.490000,30.040001,29.480000,29.530001,27.623020,8882900,GM
2016-04-12,29.559999,29.770000,29.270000,29.709999,27.791395,11147000,GM
2016-04-13,30.010000,30.870001,29.940001,30.780001,28.792295,11076800,GM
2016-04-14,30.840000,31.049999,30.639999,30.719999,28.736174,8189500,GM
2016-04-15,30.680000,30.850000,30.410000,30.559999,28.586506,8261200,GM
2016-04-18,30.760000,31.370001,30.610001,31.309999,29.288071,15685100,GM
2016-04-19,31.650000,32.160000,31.610001,31.969999,29.905451,14408300,GM
2016-04-20,32.000000,32.410000,32.000000,32.189999,30.111238,12911500,GM
2016-04-21,33.180000,33.410000,32.470001,32.660000,30.550894,22792300,GM
2016-04-22,32.660000,32.790001,32.119999,32.180000,30.101891,13824500,GM
2016-04-25,32.090000,32.110001,31.600000,31.950001,29.886742,10604800,GM
2016-04-26,32.000000,32.299999,31.930000,32.189999,30.111238,8701200,GM
2016-04-27,32.180000,32.290001,31.990000,32.160000,30.083179,6711400,GM
2016-04-28,31.969999,32.730000,31.730000,32.439999,30.345098,13443200,GM
2016-04-29,32.349998,32.349998,31.520000,31.799999,29.746428,12533000,GM
2016-05-02,32.049999,32.119999,31.730000,31.750000,29.699657,9794000,GM
2016-05-03,31.570000,31.600000,30.670000,31.250000,29.231947,15046300,GM
2016-05-04,31.000000,31.090000,30.420000,30.590000,28.614569,13574700,GM
2016-05-05,30.790001,30.809999,30.299999,30.540001,28.567797,10383800,GM
2016-05-06,30.730000,31.110001,30.559999,30.959999,28.960674,11427900,GM
2016-05-09,31.000000,31.070000,30.540001,30.780001,28.792295,8127200,GM
2016-05-10,30.900000,31.370001,30.840000,31.350000,29.325489,9177200,GM
2016-05-11,31.320000,31.459999,31.000000,31.080000,29.072926,8538100,GM
2016-05-12,31.200001,31.370001,30.750000,31.180000,29.166466,9411500,GM
2016-05-13,30.870001,31.290001,30.370001,30.520000,28.549091,10563400,GM
2016-05-16,30.500000,30.980000,30.500000,30.670000,28.689400,17749500,GM
2016-05-17,30.400000,30.780001,30.280001,30.629999,28.651985,9542900,GM
2016-05-18,30.559999,31.040001,30.440001,30.750000,28.764235,8454200,GM
2016-05-19,30.510000,30.680000,30.170000,30.320000,28.362003,10142200,GM
2016-05-20,30.510000,30.790001,30.400000,30.570000,28.595858,7736100,GM
2016-05-23,30.500000,30.629999,30.350000,30.590000,28.614569,6697700,GM
2016-05-24,30.650000,31.080000,30.620001,31.049999,29.044859,8743100,GM
2016-05-25,31.190001,31.770000,31.120001,31.650000,29.606115,10151600,GM
2016-05-26,31.650000,31.750000,31.180000,31.290001,29.269363,6713800,GM
2016-05-27,31.309999,31.639999,31.260000,31.389999,29.362906,6089800,GM
2016-05-31,31.540001,31.620001,31.129999,31.280001,29.260010,11803400,GM
2016-06-01,31.150000,31.150000,29.870001,30.219999,28.268463,26002300,GM
2016-06-02,30.129999,30.459999,30.049999,30.260000,28.305878,12635400,GM
2016-06-03,30.090000,30.150000,29.510000,29.600000,27.688498,18549600,GM
2016-06-06,29.850000,30.040001,29.719999,29.990000,28.053314,10985800,GM
2016-06-07,30.160000,30.379999,29.950001,30.230000,28.277815,14425700,GM
2016-06-08,30.000000,30.030001,29.520000,29.570000,28.012562,12990900,GM
2016-06-09,29.480000,29.500000,29.160000,29.360001,27.813625,11907500,GM
2016-06-10,29.219999,29.340000,28.980000,29.059999,27.529425,10740400,GM
2016-06-13,28.850000,29.400000,28.799999,29.080000,27.548372,13871300,GM
2016-06-14,29.070000,29.309999,28.650000,28.830000,27.311539,10751700,GM
2016-06-15,28.980000,29.219999,28.790001,28.860001,27.339960,8479900,GM
2016-06-16,28.670000,29.070000,28.500000,29.020000,27.491533,9654400,GM
2016-06-17,29.139999,29.430000,29.059999,29.230000,27.690472,12707400,GM
2016-06-20,29.620001,30.030001,29.590000,29.650000,28.088350,12329100,GM
2016-06-21,29.639999,29.770000,29.430000,29.510000,27.955725,10318000,GM
2016-06-22,29.340000,29.590000,29.270000,29.320000,27.775730,8717200,GM
2016-06-23,29.590000,29.850000,29.549999,29.820000,28.249395,9598100,GM
2016-06-24,28.580000,29.040001,28.250000,28.350000,26.856821,30181100,GM
2016-06-27,28.090000,28.100000,27.340000,27.510000,26.061064,18634200,GM
2016-06-28,27.930000,27.980000,27.400000,27.740000,26.278948,14061400,GM
2016-06-29,28.000000,28.200001,27.600000,28.170000,26.686300,10644100,GM
2016-06-30,28.180000,29.660000,27.700001,28.299999,26.809452,15360600,GM
2016-07-01,28.690001,28.980000,28.360001,28.889999,27.368380,15157900,GM
2016-07-05,28.639999,28.680000,28.040001,28.170000,26.686300,12178200,GM
2016-07-06,28.000000,28.410000,27.520000,28.400000,26.904186,14631400,GM
2016-07-07,28.490000,29.059999,28.420000,28.740000,27.226280,10821900,GM
2016-07-08,29.270000,29.870001,29.270000,29.660000,28.097824,16659400,GM
2016-07-11,29.790001,30.270000,29.740000,30.129999,28.543068,13870300,GM
2016-07-12,30.450001,30.850000,30.389999,30.600000,28.988316,16786300,GM
2016-07-13,30.629999,30.690001,30.219999,30.629999,29.016735,13303600,GM
2016-07-14,30.879999,31.049999,30.600000,30.760000,29.139887,11306400,GM
2016-07-15,30.820000,30.980000,30.570000,30.770000,29.149361,8429500,GM
2016-07-18,30.750000,31.100000,30.610001,30.870001,29.244095,8732300,GM
2016-07-19,30.700001,31.270000,30.700001,31.250000,29.604078,17164100,GM
2016-07-20,31.420000,31.580000,31.070000,31.490000,29.831436,20923000,GM
2016-07-21,31.490000,32.869999,31.490000,32.029999,30.342995,36218500,GM
2016-07-22,32.099998,32.240002,31.719999,32.160000,30.466150,13305400,GM
2016-07-25,32.189999,32.360001,31.959999,32.060001,30.371418,11324900,GM
2016-07-26,31.980000,32.220001,31.889999,32.150002,30.456678,9462000,GM
2016-07-27,32.180000,32.290001,31.969999,32.020000,30.333525,9136900,GM
2016-07-28,31.049999,31.200001,30.650000,30.990000,29.357773,20363900,GM
2016-07-29,30.790001,31.549999,30.780001,31.540001,29.878805,16150500,GM
2016-08-01,31.540001,31.620001,31.200001,31.299999,29.651445,11190600,GM
2016-08-02,31.030001,31.080000,29.820000,29.930000,28.353601,24346900,GM
2016-08-03,30.000000,30.250000,29.910000,30.240000,28.647274,14504200,GM
2016-08-04,30.240000,30.530001,30.230000,30.340000,28.742008,8621800,GM
2016-08-05,30.510000,30.889999,30.500000,30.799999,29.177780,13135900,GM
2016-08-08,30.920000,31.059999,30.799999,30.879999,29.253567,10470900,GM
2016-08-09,30.910000,31.250000,30.830000,31.070000,29.433559,13691100,GM
2016-08-10,31.030001,31.270000,30.959999,31.250000,29.604078,10833700,GM
2016-08-11,31.430000,31.790001,31.360001,31.750000,30.077744,13179600,GM
2016-08-12,31.600000,31.750000,31.549999,31.570000,29.907223,9843700,GM
2016-08-15,31.590000,31.889999,31.549999,31.860001,30.181950,9345300,GM
2016-08-16,31.809999,31.850000,31.610001,31.709999,30.039848,9888500,GM
2016-08-17,31.709999,31.879999,31.549999,31.850000,30.172476,8392400,GM
2016-08-18,31.799999,31.860001,31.480000,31.549999,29.888277,14089900,GM
2016-08-19,31.480000,31.889999,31.400000,31.830000,30.153530,8809700,GM
2016-08-22,31.790001,31.950001,31.700001,31.870001,30.191423,8306000,GM
2016-08-23,31.969999,32.049999,31.870001,31.900000,30.219843,10961100,GM
2016-08-24,31.840000,32.090000,31.760000,31.780001,30.106165,8179500,GM
2016-08-25,31.709999,31.750000,31.360001,31.540001,29.878805,15930800,GM
2016-08-26,31.670000,31.820000,31.420000,31.530001,29.869331,10436200,GM
2016-08-29,31.780001,31.959999,31.570000,31.809999,30.134583,7678000,GM
2016-08-30,31.809999,32.000000,31.230000,31.670000,30.001957,10748700,GM
2016-08-31,31.670000,31.940001,31.650000,31.920000,30.238791,9625600,GM
2016-09-01,31.860001,32.549999,31.340000,31.799999,30.125109,14898800,GM
2016-09-02,31.879999,32.200001,31.850000,32.160000,30.466150,10828400,GM
2016-09-06,32.250000,32.340000,31.850000,32.119999,30.428257,16774800,GM
2016-09-07,31.990000,31.990000,31.620001,31.889999,30.572056,12554700,GM
2016-09-08,31.850000,32.000000,31.680000,31.709999,30.399496,11795200,GM
2016-09-09,31.440001,31.559999,30.370001,30.480000,29.220327,22476300,GM
2016-09-12,30.360001,31.350000,30.129999,31.180000,29.891401,17250300,GM
2016-09-13,31.020000,31.150000,30.820000,30.940001,29.661320,16162900,GM
2016-09-14,30.790001,30.870001,30.490000,30.709999,29.440823,12903200,GM
2016-09-15,30.750000,31.230000,30.740000,31.120001,29.833879,13467400,GM
2016-09-16,31.129999,31.129999,30.610001,30.969999,29.690079,12780800,GM
2016-09-19,31.900000,32.080002,31.660000,31.719999,30.409081,32224500,GM
2016-09-20,31.910000,31.940001,31.330000,31.650000,30.341976,12876200,GM
2016-09-21,31.719999,32.160000,31.719999,32.110001,30.782967,14468700,GM
2016-09-22,32.270000,32.470001,32.270000,32.389999,31.051392,12034000,GM
2016-09-23,32.099998,32.369999,32.049999,32.119999,30.792549,9812100,GM
2016-09-26,32.020000,32.119999,31.750000,31.799999,30.485775,12700900,GM
2016-09-27,31.770000,31.959999,31.540001,31.600000,30.294044,14465300,GM
2016-09-28,31.750000,31.940001,31.540001,31.900000,30.581644,10713600,GM
2016-09-29,31.770000,31.959999,31.450001,31.480000,30.179001,8821200,GM
2016-09-30,31.629999,31.950001,31.580000,31.770000,30.457018,9330000,GM
2016-10-03,31.639999,32.240002,31.610001,32.040001,30.715858,11375900,GM
2016-10-04,32.080002,32.470001,32.040001,32.169998,30.840483,8506200,GM
2016-10-05,32.310001,32.779999,32.230000,32.680000,31.329409,11093500,GM
2016-10-06,32.540001,32.639999,32.209999,32.529999,31.185604,8611200,GM
2016-10-07,32.500000,32.599998,32.049999,32.340000,31.003460,8909400,GM
2016-10-10,32.310001,32.599998,32.119999,32.150002,30.821314,6092600,GM
2016-10-11,32.230000,32.279999,31.690001,31.889999,30.572056,7977500,GM
2016-10-12,31.900000,31.990000,31.650000,31.680000,30.370735,5597600,GM
2016-10-13,31.480000,31.629999,30.879999,31.510000,30.207762,12102600,GM
2016-10-14,31.760000,31.990000,31.680000,31.870001,30.552883,11105600,GM
2016-10-17,31.840000,32.060001,31.530001,31.559999,30.255697,7476100,GM
2016-10-18,31.830000,31.879999,31.190001,31.400000,30.102306,7955800,GM
2016-10-19,31.540001,31.980000,31.480000,31.850000,30.533709,9158600,GM
2016-10-20,31.780001,31.860001,31.389999,31.750000,30.437843,8077600,GM
2016-10-21,31.580000,32.169998,31.480000,32.040001,30.715858,11975700,GM
2016-10-24,32.180000,33.080002,32.150002,32.980000,31.617010,20232300,GM
2016-10-25,32.849998,32.849998,31.389999,31.600000,30.294044,34069800,GM
2016-10-26,31.219999,31.740000,31.120001,31.580000,30.274868,14955800,GM
2016-10-27,31.750000,31.780001,31.190001,31.330000,30.035202,20653600,GM
2016-10-28,31.330000,31.760000,31.219999,31.320000,30.025614,10571600,GM
2016-10-31,31.420000,31.650000,31.350000,31.600000,30.294044,7954100,GM
2016-11-01,31.700001,32.080002,31.190001,31.480000,30.179001,14668300,GM
2016-11-02,31.330000,31.719999,31.309999,31.450001,30.150244,11763100,GM
2016-11-03,31.450001,31.639999,30.950001,31.070000,29.785946,13720100,GM
2016-11-04,31.000000,31.540001,30.940001,31.160000,29.872225,12770800,GM
2016-11-07,31.580000,32.150002,31.540001,32.020000,30.696684,13560200,GM
2016-11-08,31.900000,31.969999,31.410000,31.730000,30.418669,10357100,GM
2016-11-09,30.910000,31.150000,30.209999,30.959999,29.680490,38594400,GM
2016-11-10,30.930000,32.830002,30.910000,32.730000,31.377338,27811100,GM
2016-11-11,32.490002,34.279999,32.380001,34.020000,32.614025,33042700,GM
2016-11-14,33.900002,34.419998,33.049999,33.279999,31.904612,19656300,GM
2016-11-15,33.299999,33.599998,33.099998,33.430000,32.048412,10906600,GM
2016-11-16,33.360001,33.360001,33.070000,33.230000,31.856676,8803300,GM
2016-11-17,32.970001,33.439999,32.750000,33.419998,32.038822,11728600,GM
2016-11-18,33.400002,33.419998,32.959999,33.000000,31.636183,8617200,GM
2016-11-21,33.230000,33.279999,32.980000,33.009998,31.645769,11667100,GM
2016-11-22,32.820000,33.820000,32.770000,33.810001,32.412708,12283800,GM
2016-11-23,33.740002,33.990002,33.689999,33.860001,32.460636,8708800,GM
2016-11-25,34.000000,34.320000,33.930000,34.250000,32.834518,5317700,GM
2016-11-28,34.349998,34.380001,33.959999,34.049999,32.642788,11516600,GM
2016-11-29,34.029999,34.580002,33.860001,34.570000,33.141300,12610000,GM
2016-11-30,34.700001,34.980000,34.450001,34.529999,33.102951,15681700,GM
2016-12-01,34.810001,36.660000,34.790001,36.430000,34.924427,37092300,GM
2016-12-02,36.250000,36.299999,35.299999,35.410000,33.946583,22753400,GM
2016-12-05,35.349998,35.459999,34.910000,34.939999,33.859367,12440400,GM
2016-12-06,35.090000,35.160000,34.910000,35.070000,33.985344,11867800,GM
2016-12-07,35.180000,36.540001,35.090000,36.299999,35.177307,26622400,GM
2016-12-08,36.189999,36.459999,36.040001,36.419998,35.293591,14516000,GM
2016-12-09,36.410000,37.680000,36.410000,37.660000,36.495243,26434200,GM
2016-12-12,37.509998,37.740002,37.009998,37.099998,35.952564,15575200,GM
2016-12-13,37.150002,37.439999,36.950001,37.360001,36.204521,9228800,GM
2016-12-14,36.299999,36.779999,35.930000,35.950001,34.838131,19799000,GM
2016-12-15,35.869999,36.389999,35.779999,36.240002,35.119164,18215600,GM
2016-12-16,36.400002,36.410000,36.099998,36.369999,35.245140,23566000,GM
2016-12-19,36.490002,36.730000,36.150002,36.400002,35.274212,10960800,GM
2016-12-20,36.400002,36.730000,36.230000,36.610001,35.477718,8795900,GM
2016-12-21,36.500000,36.689999,36.349998,36.419998,35.293591,6669700,GM
2016-12-22,36.290001,36.400002,35.630001,35.689999,34.586170,9911700,GM
2016-12-23,35.830002,35.869999,35.540001,35.689999,34.586170,9044300,GM
2016-12-27,35.799999,35.930000,35.500000,35.540001,34.440807,6008700,GM
2016-12-28,35.740002,35.799999,35.130001,35.150002,34.062874,8451900,GM
2016-12-29,35.250000,35.480000,35.119999,35.139999,34.053181,4415300,GM
2016-12-30,35.209999,35.310001,34.669998,34.840000,33.762463,7646100,GM
2017-01-03,34.980000,35.570000,34.840000,35.150002,34.062874,10904900,GM
2017-01-04,35.599998,37.240002,35.470001,37.090000,35.942871,23388500,GM
2017-01-05,37.009998,37.049999,36.070000,36.389999,35.264523,15636700,GM
2017-01-06,36.410000,36.549999,35.930000,35.990002,34.876896,13240100,GM
2017-01-09,36.119999,36.529999,35.860001,36.009998,34.896275,15201300,GM
2017-01-10,36.189999,38.160000,36.049999,37.349998,36.194832,34804500,GM
2017-01-11,37.540001,38.110001,37.220001,37.950001,36.776276,19553900,GM
2017-01-12,38.000000,38.150002,37.060001,37.509998,36.349880,16825900,GM
2017-01-13,37.549999,37.770000,37.150002,37.340000,36.185139,8748800,GM
2017-01-17,37.340000,37.689999,37.169998,37.310001,36.156067,8219700,GM
2017-01-18,37.450001,37.580002,37.119999,37.470001,36.311119,11220100,GM
2017-01-19,37.630001,37.840000,37.160000,37.299999,36.146378,8181700,GM
2017-01-20,37.419998,37.419998,36.759998,37.009998,35.865345,14001500,GM
2017-01-23,37.009998,37.130001,36.380001,36.650002,35.516479,11624500,GM
2017-01-24,36.700001,37.240002,36.680000,37.000000,35.855656,11600300,GM
2017-01-25,37.709999,38.380001,37.599998,38.279999,37.096066,20745200,GM
2017-01-26,38.099998,38.250000,37.369999,37.520000,36.359577,10813400,GM
2017-01-27,37.520000,37.590000,36.880001,37.009998,35.865345,10177100,GM
2017-01-30,36.840000,36.900002,36.130001,36.330002,35.206379,11787700,GM
2017-01-31,36.250000,36.650002,36.119999,36.610001,35.477718,10679000,GM
2017-02-01,36.680000,37.110001,35.860001,36.139999,35.022251,13744100,GM
2017-02-02,36.080002,36.139999,35.470001,35.730000,34.624935,11893700,GM
2017-02-03,35.919998,36.330002,35.680000,36.330002,35.206379,13962200,GM
2017-02-06,36.410000,36.830002,36.259998,36.830002,35.690914,13941200,GM
2017-02-07,35.750000,35.959999,34.799999,35.099998,34.014416,39477700,GM
2017-02-08,35.200001,35.330002,34.720001,35.139999,34.053181,16867300,GM
2017-02-09,35.139999,35.400002,35.020000,35.080002,33.995041,14823300,GM
2017-02-10,35.209999,35.320000,35.080002,35.169998,34.082253,10321800,GM
2017-02-13,35.380001,35.540001,35.180000,35.520000,34.421432,10141600,GM
2017-02-14,36.720001,37.400002,36.669998,37.240002,36.088238,31219600,GM
2017-02-15,36.950001,37.110001,36.599998,37.080002,35.933186,15674400,GM
2017-02-16,37.110001,37.160000,36.820000,37.029999,35.884727,9369400,GM
2017-02-17,36.790001,37.900002,36.410000,37.220001,36.068851,15777400,GM
2017-02-21,37.599998,38.099998,37.419998,37.810001,36.640606,14549200,GM
2017-02-22,37.889999,38.099998,37.799999,37.840000,36.669674,8977800,GM
2017-02-23,37.939999,38.070000,37.189999,37.250000,36.097923,13179200,GM
2017-02-24,36.869999,37.189999,36.570000,36.900002,35.758751,13060100,GM
2017-02-27,36.919998,37.360001,36.860001,37.270000,36.117306,10091800,GM
2017-02-28,37.150002,37.220001,36.549999,36.840000,35.700603,10497800,GM
2017-03-01,37.200001,37.750000,37.180000,37.430000,36.272358,10702600,GM
2017-03-02,37.369999,38.099998,37.250000,37.759998,36.592144,14935100,GM
2017-03-03,37.759998,38.369999,37.580002,38.230000,37.047615,19455500,GM
2017-03-06,37.980000,38.549999,37.200001,37.910000,36.737511,20199100,GM
2017-03-07,37.759998,37.840000,37.299999,37.520000,36.359577,17247500,GM
2017-03-08,37.110001,37.689999,37.110001,37.270000,36.486843,11375600,GM
2017-03-09,37.330002,37.349998,36.779999,36.830002,36.056087,12703600,GM
2017-03-10,37.099998,37.189999,36.770000,36.830002,36.056087,18653600,GM
2017-03-13,37.000000,37.130001,36.830002,36.869999,36.095245,10120700,GM
2017-03-14,36.750000,36.970001,36.680000,36.959999,36.183350,5924300,GM
2017-03-15,37.070000,37.160000,36.790001,37.090000,36.310619,28089800,GM
2017-03-16,37.090000,37.119999,36.770000,37.080002,36.300835,12599000,GM
2017-03-17,37.130001,37.160000,36.299999,36.330002,35.566593,19603600,GM
2017-03-20,36.360001,36.450001,35.599998,35.709999,34.959618,38504800,GM
2017-03-21,35.950001,35.980000,34.470001,34.549999,33.823994,30898000,GM
2017-03-22,34.310001,34.610001,33.959999,34.389999,33.667358,18940400,GM
2017-03-23,34.000000,34.459999,33.790001,34.259998,33.540089,14536600,GM
2017-03-24,34.400002,35.070000,34.080002,34.560001,33.833786,16257000,GM
2017-03-27,34.279999,34.750000,33.970001,34.709999,33.980633,12941300,GM
2017-03-28,34.660000,36.250000,34.660000,35.560001,34.812775,29829300,GM
2017-03-29,35.619999,36.060001,35.520000,35.540001,34.793194,13884400,GM
2017-03-30,35.500000,35.790001,35.320000,35.410000,34.665924,8760600,GM
2017-03-31,35.349998,35.509998,35.270000,35.360001,34.616978,11772800,GM
2017-04-03,35.360001,35.400002,33.799999,34.169998,33.451981,31894300,GM
2017-04-04,33.900002,34.430000,33.900002,34.270000,33.549877,9500000,GM
2017-04-05,34.619999,34.650002,33.990002,34.000000,33.285557,10664200,GM
2017-04-06,34.020000,34.470001,33.889999,34.160000,33.442192,12171900,GM
2017-04-07,34.029999,34.200001,33.700001,33.709999,33.001648,14549000,GM
2017-04-10,33.840000,34.119999,33.799999,33.970001,33.256184,13814900,GM
2017-04-11,34.090000,34.090000,33.590000,33.919998,33.207233,10424300,GM
2017-04-12,34.029999,34.290001,33.720001,33.939999,33.226810,14715000,GM
2017-04-13,33.779999,33.910000,33.369999,33.389999,32.688370,9527100,GM
2017-04-17,33.470001,33.980000,33.369999,33.900002,33.187656,10736500,GM
2017-04-18,33.720001,33.830002,33.490002,33.689999,32.982063,7020400,GM
2017-04-19,33.889999,34.099998,33.709999,33.790001,33.079967,12368700,GM
2017-04-20,33.950001,34.520000,33.900002,34.099998,33.383450,11656200,GM
2017-04-21,34.110001,34.160000,33.610001,33.750000,33.040806,9713200,GM
2017-04-24,34.060001,34.150002,33.630001,33.910000,33.197445,13984600,GM
2017-04-25,34.099998,34.160000,33.720001,33.990002,33.275764,11538000,GM
2017-04-26,34.009998,34.939999,33.950001,34.380001,33.657570,14694300,GM
2017-04-27,34.520000,34.590000,33.950001,34.540001,33.814205,13869800,GM
2017-04-28,35.070000,35.290001,34.419998,34.639999,33.912106,16650700,GM
2017-05-01,34.630001,34.650002,34.130001,34.200001,33.481350,12790500,GM
2017-05-02,34.090000,34.340000,32.820000,33.200001,32.502365,24706100,GM
2017-05-03,33.029999,33.660000,33.009998,33.480000,32.776478,12611700,GM
2017-05-04,33.650002,33.669998,32.970001,33.150002,32.453415,12464400,GM
2017-05-05,33.299999,33.770000,33.200001,33.770000,33.060387,10145900,GM
2017-05-08,33.849998,34.250000,33.799999,33.970001,33.256184,11736500,GM
2017-05-09,33.900002,34.470001,33.900002,34.259998,33.540089,8434500,GM
2017-05-10,34.250000,34.459999,34.080002,34.230000,33.510719,7665300,GM
2017-05-11,34.070000,34.230000,33.900002,34.110001,33.393242,9045400,GM
2017-05-12,33.939999,34.150002,33.270000,33.619999,32.913536,12503600,GM
2017-05-15,33.970001,34.150002,33.650002,33.820000,33.109333,13634400,GM
2017-05-16,33.900002,33.990002,33.349998,33.419998,32.717739,13551400,GM
2017-05-17,33.419998,33.509998,32.090000,32.419998,31.738752,18631900,GM
2017-05-18,32.230000,32.669998,32.209999,32.470001,31.787704,14031300,GM
2017-05-19,32.549999,32.970001,32.509998,32.720001,32.032452,14019200,GM
2017-05-22,32.970001,33.250000,32.740002,32.919998,32.228245,18258800,GM
2017-05-23,33.049999,33.400002,33.009998,33.220001,32.521942,17574200,GM
2017-05-24,33.200001,33.410000,33.000000,33.200001,32.502365,10709100,GM
2017-05-25,33.200001,33.470001,31.920000,32.599998,31.914970,32345900,GM
2017-05-26,32.360001,33.070000,32.240002,33.070000,32.375095,16762200,GM
2017-05-30,33.090000,33.740002,33.040001,33.529999,32.825428,13923600,GM
2017-05-31,33.709999,33.970001,33.480000,33.930000,33.217026,16515800,GM
2017-06-01,34.060001,34.869999,33.049999,34.430000,33.706516,22657800,GM
2017-06-02,34.349998,34.529999,33.959999,34.450001,33.726101,11654500,GM
2017-06-05,34.470001,34.740002,34.259998,34.459999,33.735889,11884900,GM
2017-06-06,34.330002,34.480000,34.099998,34.430000,33.706516,11523000,GM
2017-06-07,34.189999,34.459999,34.090000,34.340000,33.993591,13022900,GM
2017-06-08,34.340000,34.340000,33.840000,34.110001,33.765911,10756800,GM
2017-06-09,34.049999,34.439999,34.049999,34.340000,33.993591,14868200,GM
2017-06-12,34.220001,34.820000,34.220001,34.680000,34.330162,14344200,GM
2017-06-13,34.680000,34.700001,34.200001,34.509998,34.161877,12112000,GM
2017-06-14,34.540001,34.639999,34.150002,34.610001,34.260868,10591300,GM
2017-06-15,34.410000,34.669998,34.380001,34.599998,34.250969,10177000,GM
2017-06-16,34.590000,34.599998,33.919998,34.290001,33.944096,16193200,GM
2017-06-19,34.369999,34.570000,34.279999,34.349998,34.003490,11221300,GM
2017-06-20,34.340000,34.520000,34.150002,34.400002,34.052986,8296600,GM
2017-06-21,34.480000,34.500000,33.950001,34.130001,33.785709,9127700,GM
2017-06-22,34.049999,34.340000,33.860001,34.189999,33.845104,8937500,GM
2017-06-23,34.139999,34.270000,33.959999,34.200001,33.855003,10238800,GM
2017-06-26,34.270000,34.650002,34.180000,34.520000,34.171776,11836600,GM
2017-06-27,34.330002,34.500000,34.020000,34.209999,33.864902,11679700,GM
2017-06-28,34.570000,34.750000,34.459999,34.580002,34.231171,11025300,GM
2017-06-29,34.660000,34.930000,34.529999,34.860001,34.508347,10209700,GM
2017-06-30,34.970001,35.049999,34.770000,34.930000,34.577641,7491100,GM
2017-07-03,34.520000,36.000000,34.450001,35.570000,35.211182,10915700,GM
2017-07-05,35.570000,35.580002,34.880001,35.009998,34.656830,10819300,GM
2017-07-06,34.869999,35.160000,34.730000,34.869999,34.518246,8525900,GM
2017-07-07,35.000000,35.049999,34.770000,34.939999,34.587536,8623500,GM
2017-07-10,35.000000,35.349998,34.869999,35.189999,34.835014,10546400,GM
2017-07-11,35.189999,35.459999,35.139999,35.400002,35.042900,10124200,GM
2017-07-12,35.500000,35.900002,35.470001,35.500000,35.141891,7529400,GM
2017-07-13,35.500000,36.119999,35.450001,35.860001,35.498260,13828400,GM
2017-07-14,36.029999,36.439999,35.980000,36.349998,35.983315,10241300,GM
2017-07-17,36.380001,36.540001,36.200001,36.380001,36.013012,10631800,GM
2017-07-18,36.310001,36.490002,36.220001,36.430000,36.062508,7769000,GM
2017-07-19,36.380001,36.540001,36.299999,36.470001,36.102108,7816800,GM
2017-07-20,36.500000,36.630001,36.290001,36.410000,36.042709,10159200,GM
2017-07-21,36.049999,36.110001,35.709999,36.070000,35.706139,8831800,GM
2017-07-24,35.990002,36.090000,35.720001,35.820000,35.458660,11699800,GM
2017-07-25,35.939999,36.169998,35.500000,35.570000,35.211182,14540100,GM
2017-07-26,35.549999,35.910000,35.400002,35.619999,35.260677,10814200,GM
2017-07-27,35.520000,35.990002,35.380001,35.939999,35.577450,10006500,GM
2017-07-28,35.820000,35.869999,35.480000,35.770000,35.409168,7531900,GM
2017-07-31,35.820000,36.299999,35.790001,35.980000,35.617046,13855500,GM
2017-08-01,35.810001,35.980000,34.590000,34.759998,34.409351,21582800,GM
2017-08-02,34.639999,34.990002,34.619999,34.820000,34.468750,9325600,GM
2017-08-03,34.919998,35.189999,34.750000,34.770000,34.419254,10367600,GM
2017-08-04,34.970001,35.450001,34.759998,35.270000,34.914211,9160800,GM
2017-08-07,35.160000,35.400002,35.119999,35.299999,34.943905,8255000,GM
2017-08-08,35.299999,35.830002,35.230000,35.389999,35.032997,9024200,GM
2017-08-09,35.150002,35.439999,35.070000,35.279999,34.924107,8260500,GM
2017-08-10,35.200001,35.299999,34.869999,34.880001,34.528145,9628300,GM
2017-08-11,34.970001,35.209999,34.860001,34.930000,34.577641,6821400,GM
2017-08-14,35.160000,35.560001,35.049999,35.470001,35.112194,7332800,GM
2017-08-15,35.560001,35.860001,35.419998,35.540001,35.181488,6017100,GM
2017-08-16,35.650002,35.770000,35.520000,35.750000,35.389366,6927300,GM
2017-08-17,35.610001,35.660000,34.970001,35.000000,34.646935,7274700,GM
2017-08-18,34.900002,35.060001,34.610001,34.830002,34.478649,7193500,GM
2017-08-21,34.900002,35.060001,34.779999,34.910000,34.557842,6010400,GM
2017-08-22,35.000000,35.419998,34.970001,35.299999,34.943905,7815100,GM
2017-08-23,35.270000,35.660000,35.119999,35.490002,35.131992,6430500,GM
2017-08-24,35.639999,35.730000,35.450001,35.520000,35.161690,4955500,GM
2017-08-25,35.540001,35.880001,35.540001,35.599998,35.240879,6685100,GM
2017-08-28,35.680000,35.779999,35.299999,35.509998,35.151787,8008800,GM
2017-08-29,35.349998,35.549999,35.209999,35.520000,35.161690,5520400,GM
2017-08-30,35.540001,35.840000,35.410000,35.820000,35.458660,7263800,GM
2017-08-31,35.900002,36.740002,35.900002,36.540001,36.171398,13597800,GM
2017-09-01,36.730000,37.750000,36.650002,37.360001,36.983128,17975000,GM
2017-09-05,37.290001,37.430000,36.869999,37.230000,36.854439,12714800,GM
2017-09-06,37.509998,37.740002,37.330002,37.669998,37.289997,12359100,GM
2017-09-07,37.400002,37.430000,36.700001,36.910000,36.910000,14327500,GM
2017-09-08,36.799999,37.040001,36.619999,37.000000,37.000000,8088400,GM
2017-09-11,37.110001,37.480000,37.040001,37.349998,37.349998,13499800,GM
2017-09-12,37.410000,38.000000,37.349998,37.889999,37.889999,10805300,GM
2017-09-13,37.880001,38.279999,37.820000,38.209999,38.209999,10644000,GM
2017-09-14,38.189999,39.180000,38.110001,38.790001,38.790001,17528600,GM
