Date,Open,High,Low,Close,Adj Close,Volume,H
2012-09-14,40.180000,41.860001,40.180000,41.500000,41.500000,1109200,H
2012-09-17,41.340000,41.660000,41.220001,41.369999,41.369999,233400,H
2012-09-18,41.380001,41.439999,40.959999,41.099998,41.099998,368200,H
2012-09-19,41.160000,41.799999,41.090000,41.450001,41.450001,453600,H
2012-09-20,41.279999,41.430000,40.799999,40.830002,40.830002,396300,H
2012-09-21,41.150002,41.270000,40.349998,40.400002,40.400002,574700,H
2012-09-24,40.220001,40.250000,39.799999,40.049999,40.049999,459800,H
2012-09-25,40.259998,40.580002,39.689999,39.799999,39.799999,452300,H
2012-09-26,39.730000,40.009998,39.360001,39.689999,39.689999,442800,H
2012-09-27,40.000000,40.500000,39.869999,40.490002,40.490002,702200,H
2012-09-28,40.099998,40.439999,39.900002,40.150002,40.150002,636700,H
2012-10-01,40.160000,40.349998,39.650002,39.650002,39.650002,515400,H
2012-10-02,39.880001,40.009998,39.020000,39.240002,39.240002,475300,H
2012-10-03,39.279999,39.680000,38.830002,38.889999,38.889999,385100,H
2012-10-04,39.250000,39.740002,38.540001,38.750000,38.750000,1061900,H
2012-10-05,38.919998,39.049999,38.220001,38.419998,38.419998,639300,H
2012-10-08,38.270000,38.709999,38.099998,38.430000,38.430000,319600,H
2012-10-09,38.410000,38.410000,37.759998,37.930000,37.930000,383100,H
2012-10-10,38.200001,38.240002,37.799999,37.970001,37.970001,426800,H
2012-10-11,38.049999,38.209999,37.759998,37.860001,37.860001,750600,H
2012-10-12,38.020000,38.279999,37.930000,38.240002,38.240002,440100,H
2012-10-15,38.400002,38.840000,37.959999,38.779999,38.779999,278800,H
2012-10-16,38.779999,39.180000,38.759998,39.099998,39.099998,321100,H
2012-10-17,39.009998,39.110001,38.820000,39.099998,39.099998,139200,H
2012-10-18,38.869999,39.200001,38.669998,39.119999,39.119999,858600,H
2012-10-19,39.000000,39.220001,38.820000,39.180000,39.180000,1335900,H
2012-10-22,39.360001,39.580002,39.020000,39.369999,39.369999,298800,H
2012-10-23,38.720001,39.099998,38.380001,38.599998,38.599998,1707500,H
2012-10-24,38.860001,38.919998,37.869999,38.099998,38.099998,243500,H
2012-10-25,38.349998,38.619999,37.689999,37.880001,37.880001,754500,H
2012-10-26,37.939999,38.369999,37.930000,38.060001,38.060001,817700,H
2012-10-31,37.000000,37.380001,35.660000,36.500000,36.500000,3944500,H
2012-11-01,35.509998,36.270000,35.250000,36.169998,36.169998,1934200,H
2012-11-02,35.849998,36.799999,35.849998,36.480000,36.480000,1288400,H
2012-11-05,36.389999,36.470001,35.389999,35.439999,35.439999,560500,H
2012-11-06,35.259998,35.619999,35.259998,35.570000,35.570000,468500,H
2012-11-07,35.330002,35.490002,34.750000,35.029999,35.029999,407700,H
2012-11-08,34.860001,35.080002,33.930000,34.439999,34.439999,804400,H
2012-11-09,34.380001,35.049999,34.330002,34.369999,34.369999,795000,H
2012-11-12,34.570000,34.570000,34.130001,34.240002,34.240002,250700,H
2012-11-13,34.119999,34.389999,33.849998,34.000000,34.000000,470200,H
2012-11-14,33.830002,34.150002,33.779999,33.900002,33.900002,637300,H
2012-11-15,33.730000,34.259998,33.730000,33.820000,33.820000,823300,H
2012-11-16,34.060001,34.799999,33.930000,34.590000,34.590000,1226400,H
2012-11-19,35.310001,36.480000,35.299999,36.279999,36.279999,1500700,H
2012-11-20,36.150002,36.500000,35.730000,35.750000,35.750000,1287100,H
2012-11-21,35.980000,36.099998,35.660000,35.779999,35.779999,466800,H
2012-11-23,36.049999,36.360001,35.860001,36.270000,36.270000,232700,H
2012-11-26,36.009998,36.099998,35.119999,35.189999,35.189999,671100,H
2012-11-27,35.730000,36.040001,35.259998,35.630001,35.630001,761900,H
2012-11-28,35.419998,36.099998,35.419998,36.000000,36.000000,773100,H
2012-11-29,36.070000,36.540001,36.070000,36.299999,36.299999,929900,H
2012-11-30,36.279999,36.529999,36.279999,36.500000,36.500000,493900,H
2012-12-03,36.549999,36.900002,36.419998,36.459999,36.459999,302600,H
2012-12-04,36.400002,36.889999,36.220001,36.529999,36.529999,381800,H
2012-12-05,36.500000,36.950001,36.270000,36.740002,36.740002,357500,H
2012-12-06,36.639999,37.049999,36.480000,36.810001,36.810001,362800,H
2012-12-07,36.330002,36.700001,36.279999,36.450001,36.450001,791900,H
2012-12-10,36.450001,36.750000,36.230000,36.639999,36.639999,425300,H
2012-12-11,36.900002,37.080002,36.580002,36.750000,36.750000,403100,H
2012-12-12,36.939999,37.110001,36.619999,36.860001,36.860001,308400,H
2012-12-13,36.389999,36.509998,36.169998,36.310001,36.310001,707300,H
2012-12-14,36.250000,36.830002,36.230000,36.520000,36.520000,402300,H
2012-12-17,36.650002,37.130001,36.599998,37.000000,37.000000,424900,H
2012-12-18,37.160000,37.520000,36.939999,37.450001,37.450001,398000,H
2012-12-19,37.610001,37.709999,37.189999,37.340000,37.340000,497900,H
2012-12-20,37.439999,39.000000,37.369999,38.889999,38.889999,482200,H
2012-12-21,38.470001,38.860001,38.369999,38.820000,38.820000,528400,H
2012-12-24,38.630001,38.930000,38.500000,38.849998,38.849998,145000,H
2012-12-26,38.820000,38.820000,38.090000,38.279999,38.279999,208900,H
2012-12-27,38.240002,38.410000,37.840000,38.349998,38.349998,225200,H
2012-12-28,38.189999,38.349998,37.799999,37.840000,37.840000,149400,H
2012-12-31,37.709999,38.630001,37.610001,38.570000,38.570000,231000,H
2013-01-02,38.580002,39.750000,38.580002,39.419998,39.419998,548400,H
2013-01-03,39.400002,39.669998,39.259998,39.419998,39.419998,395100,H
2013-01-04,39.520000,39.650002,39.310001,39.439999,39.439999,736400,H
2013-01-07,39.369999,39.509998,39.180000,39.279999,39.279999,461400,H
2013-01-08,39.189999,39.470001,38.689999,38.869999,38.869999,421600,H
2013-01-09,39.029999,39.200001,38.830002,39.029999,39.029999,279700,H
2013-01-10,39.189999,39.400002,39.060001,39.310001,39.310001,340600,H
2013-01-11,39.230000,39.380001,39.060001,39.380001,39.380001,259200,H
2013-01-14,39.270000,39.470001,38.799999,38.810001,38.810001,176000,H
2013-01-15,39.230000,39.230000,38.750000,39.099998,39.099998,570900,H
2013-01-16,38.990002,39.119999,38.680000,38.900002,38.900002,242500,H
2013-01-17,39.099998,39.320000,38.910000,39.099998,39.099998,285700,H
2013-01-18,39.110001,39.450001,39.099998,39.209999,39.209999,324700,H
2013-01-22,39.049999,39.990002,39.049999,39.919998,39.919998,404100,H
2013-01-23,39.840000,40.029999,39.639999,39.980000,39.980000,585700,H
2013-01-24,39.939999,40.230000,39.740002,39.930000,39.930000,313500,H
2013-01-25,40.000000,40.500000,39.990002,40.490002,40.490002,209100,H
2013-01-28,40.419998,40.680000,40.000000,40.480000,40.480000,187400,H
2013-01-29,40.480000,40.480000,40.090000,40.320000,40.320000,298600,H
2013-01-30,40.410000,40.410000,39.990002,40.029999,40.029999,229400,H
2013-01-31,40.029999,40.349998,39.860001,40.070000,40.070000,232400,H
2013-02-01,40.419998,40.599998,40.180000,40.230000,40.230000,258700,H
2013-02-04,40.049999,40.430000,39.950001,40.160000,40.160000,327000,H
2013-02-05,40.299999,40.919998,40.169998,40.790001,40.790001,345200,H
2013-02-06,40.830002,41.320000,40.770000,41.310001,41.310001,228300,H
2013-02-07,41.250000,41.349998,40.619999,41.209999,41.209999,260600,H
2013-02-08,41.259998,41.529999,41.000000,41.360001,41.360001,172800,H
2013-02-11,41.549999,41.799999,41.369999,41.590000,41.590000,255900,H
2013-02-12,41.599998,42.380001,41.540001,42.160000,42.160000,383000,H
2013-02-13,42.130001,42.150002,40.540001,41.820000,41.820000,686400,H
2013-02-14,42.250000,42.250000,40.970001,41.540001,41.540001,465800,H
2013-02-15,41.810001,42.580002,41.590000,42.340000,42.340000,572400,H
2013-02-19,42.330002,42.400002,41.689999,41.970001,41.970001,393300,H
2013-02-20,41.590000,41.950001,40.950001,40.980000,40.980000,315400,H
2013-02-21,40.959999,41.070000,40.360001,40.430000,40.430000,317200,H
2013-02-22,40.700001,40.700001,40.150002,40.619999,40.619999,419000,H
2013-02-25,40.689999,41.070000,39.980000,40.000000,40.000000,352500,H
2013-02-26,40.270000,40.430000,39.939999,40.169998,40.169998,195000,H
2013-02-27,40.299999,41.090000,40.099998,40.830002,40.830002,291400,H
2013-02-28,40.910000,41.209999,40.910000,41.090000,41.090000,341100,H
2013-03-01,40.919998,41.330002,40.639999,41.000000,41.000000,219700,H
2013-03-04,40.959999,41.090000,40.720001,40.860001,40.860001,172300,H
2013-03-05,41.020000,41.580002,40.990002,41.340000,41.340000,149400,H
2013-03-06,41.389999,41.820000,41.320000,41.450001,41.450001,153700,H
2013-03-07,41.410000,41.910000,41.400002,41.630001,41.630001,198900,H
2013-03-08,41.919998,42.410000,41.919998,42.389999,42.389999,278300,H
2013-03-11,42.340000,42.900002,41.990002,42.709999,42.709999,163700,H
2013-03-12,42.970001,42.970001,42.430000,42.680000,42.680000,236200,H
2013-03-13,42.799999,42.799999,42.410000,42.759998,42.759998,183700,H
2013-03-14,42.680000,43.360001,42.660000,43.310001,43.310001,169900,H
2013-03-15,43.139999,43.529999,43.139999,43.439999,43.439999,218300,H
2013-03-18,42.950001,43.340000,42.889999,43.189999,43.189999,132000,H
2013-03-19,43.299999,43.430000,42.610001,42.939999,42.939999,334000,H
2013-03-20,43.139999,43.470001,42.790001,42.869999,42.869999,359600,H
2013-03-21,42.619999,42.860001,42.490002,42.540001,42.540001,327800,H
2013-03-22,42.740002,42.770000,42.259998,42.450001,42.450001,192400,H
2013-03-25,42.500000,42.689999,42.110001,42.299999,42.299999,163600,H
2013-03-26,42.480000,42.630001,42.279999,42.540001,42.540001,210900,H
2013-03-27,42.320000,43.689999,42.320000,43.139999,43.139999,245400,H
2013-03-28,43.150002,43.599998,43.150002,43.230000,43.230000,316100,H
2013-04-01,43.320000,43.389999,42.599998,42.939999,42.939999,168100,H
2013-04-02,43.090000,43.090000,42.529999,42.610001,42.610001,178900,H
2013-04-03,42.639999,42.720001,41.380001,41.509998,41.509998,682800,H
2013-04-04,41.520000,42.189999,41.380001,42.070000,42.070000,144000,H
2013-04-05,41.290001,41.700001,40.919998,41.680000,41.680000,165000,H
2013-04-08,41.720001,42.400002,41.520000,42.270000,42.270000,94200,H
2013-04-09,42.160000,42.950001,41.840000,42.520000,42.520000,183400,H
2013-04-10,42.590000,42.919998,42.490002,42.680000,42.680000,249900,H
2013-04-11,42.740002,43.160000,42.680000,42.820000,42.820000,190600,H
2013-04-12,42.740002,42.959999,42.369999,42.630001,42.630001,201300,H
2013-04-15,42.340000,42.459999,41.180000,41.200001,41.200001,304000,H
2013-04-16,41.509998,41.709999,41.450001,41.630001,41.630001,255800,H
2013-04-17,41.250000,41.490002,40.910000,41.290001,41.290001,246400,H
2013-04-18,41.410000,41.410000,40.689999,40.820000,40.820000,161100,H
2013-04-19,40.830002,41.410000,40.669998,41.090000,41.090000,180000,H
2013-04-22,41.330002,41.330002,40.599998,41.000000,41.000000,342800,H
2013-04-23,41.020000,41.480000,40.980000,41.419998,41.419998,331500,H
2013-04-24,41.540001,41.790001,41.430000,41.570000,41.570000,153300,H
2013-04-25,41.790001,41.919998,41.650002,41.650002,41.650002,324500,H
2013-04-26,41.669998,42.189999,41.560001,41.740002,41.740002,335500,H
2013-04-29,42.000000,42.000000,41.070000,41.099998,41.099998,613400,H
2013-04-30,41.410000,42.700001,41.410000,42.680000,42.680000,321400,H
2013-05-01,41.779999,41.779999,39.520000,40.320000,40.320000,1512000,H
2013-05-02,40.000000,40.459999,39.880001,40.080002,40.080002,1481700,H
2013-05-03,40.500000,41.439999,40.400002,41.180000,41.180000,480000,H
2013-05-06,41.299999,41.500000,41.099998,41.320000,41.320000,339300,H
2013-05-07,41.500000,41.820000,41.250000,41.470001,41.470001,327300,H
2013-05-08,41.400002,42.250000,41.209999,41.770000,41.770000,424200,H
2013-05-09,41.630001,41.730000,41.040001,41.180000,41.180000,473500,H
2013-05-10,41.270000,41.820000,41.169998,41.450001,41.450001,329400,H
2013-05-13,41.450001,41.680000,41.060001,41.340000,41.340000,549200,H
2013-05-14,41.439999,41.669998,41.200001,41.369999,41.369999,166100,H
2013-05-15,41.380001,41.400002,40.599998,40.779999,40.779999,274300,H
2013-05-16,40.740002,40.790001,39.939999,40.000000,40.000000,431700,H
2013-05-17,40.160000,40.669998,40.139999,40.570000,40.570000,759300,H
2013-05-20,40.580002,41.560001,40.459999,41.220001,41.220001,435800,H
2013-05-21,41.110001,41.750000,40.970001,41.610001,41.610001,288700,H
2013-05-22,41.549999,41.810001,40.709999,40.910000,40.910000,782700,H
2013-05-23,40.099998,40.900002,39.799999,40.480000,40.480000,447800,H
2013-05-24,40.040001,40.970001,40.040001,40.910000,40.910000,372800,H
2013-05-28,41.349998,42.349998,41.320000,41.750000,41.750000,368800,H
2013-05-29,41.570000,41.750000,40.869999,40.980000,40.980000,252600,H
2013-05-30,40.950001,41.750000,40.709999,41.480000,41.480000,240000,H
2013-05-31,41.240002,41.740002,41.119999,41.119999,41.119999,229500,H
2013-06-03,41.189999,43.000000,40.790001,40.790001,40.790001,633800,H
2013-06-04,40.740002,40.919998,40.049999,40.549999,40.549999,666100,H
2013-06-05,40.369999,40.529999,40.000000,40.040001,40.040001,343000,H
2013-06-06,40.099998,41.040001,39.990002,41.009998,41.009998,309500,H
2013-06-07,41.250000,42.430000,41.000000,41.790001,41.790001,319300,H
2013-06-10,41.779999,42.480000,41.669998,41.919998,41.919998,286200,H
2013-06-11,41.119999,41.240002,40.480000,40.759998,40.759998,412300,H
2013-06-12,41.130001,41.310001,40.330002,40.590000,40.590000,194000,H
2013-06-13,40.520000,40.869999,40.160000,40.619999,40.619999,332700,H
2013-06-14,40.599998,40.970001,40.130001,40.560001,40.560001,358200,H
2013-06-17,40.720001,40.849998,39.980000,39.990002,39.990002,401300,H
2013-06-18,40.099998,40.889999,40.009998,40.669998,40.669998,491000,H
2013-06-19,40.709999,40.820000,40.240002,40.349998,40.349998,195000,H
2013-06-20,39.959999,40.020000,38.779999,38.810001,38.810001,340400,H
2013-06-21,38.980000,39.230000,37.740002,39.200001,39.200001,1046600,H
2013-06-24,38.540001,39.150002,38.049999,38.750000,38.750000,310700,H
2013-06-25,39.240002,39.509998,38.990002,39.250000,39.250000,247800,H
2013-06-26,39.590000,39.910000,39.290001,39.639999,39.639999,282500,H
2013-06-27,39.950001,40.680000,39.860001,40.610001,40.610001,215400,H
2013-06-28,40.380001,40.689999,40.150002,40.360001,40.360001,264100,H
2013-07-01,40.500000,41.070000,40.200001,40.779999,40.779999,296500,H
2013-07-02,40.650002,41.040001,40.580002,40.779999,40.779999,180100,H
2013-07-03,40.459999,40.830002,40.389999,40.480000,40.480000,138100,H
2013-07-05,40.830002,41.490002,40.680000,41.439999,41.439999,98400,H
2013-07-08,41.619999,41.830002,41.299999,41.330002,41.330002,164600,H
2013-07-09,41.660000,41.889999,41.349998,41.419998,41.419998,209300,H
2013-07-10,41.529999,41.830002,41.410000,41.560001,41.560001,256100,H
2013-07-11,42.180000,42.240002,41.549999,41.959999,41.959999,197100,H
2013-07-12,41.900002,41.910000,41.430000,41.820000,41.820000,243000,H
2013-07-15,41.840000,42.189999,41.540001,42.139999,42.139999,169200,H
2013-07-16,42.070000,42.209999,41.310001,42.160000,42.160000,252500,H
2013-07-17,42.220001,42.590000,41.939999,42.160000,42.160000,195100,H
2013-07-18,42.240002,42.919998,42.240002,42.840000,42.840000,132300,H
2013-07-19,42.849998,42.889999,42.340000,42.520000,42.520000,139800,H
2013-07-22,42.470001,42.480000,41.990002,42.400002,42.400002,135300,H
2013-07-23,42.509998,42.720001,42.169998,42.180000,42.180000,152500,H
2013-07-24,42.230000,42.230000,41.320000,41.529999,41.529999,282600,H
2013-07-25,41.450001,42.290001,41.340000,41.849998,41.849998,190600,H
2013-07-26,41.660000,42.209999,41.490002,41.910000,41.910000,334600,H
2013-07-29,41.750000,42.180000,41.470001,42.020000,42.020000,236600,H
2013-07-30,42.240002,42.790001,42.080002,42.689999,42.689999,339700,H
2013-07-31,44.020000,45.599998,43.910000,45.250000,45.250000,615400,H
2013-08-01,45.540001,47.009998,45.540001,46.580002,46.580002,465000,H
2013-08-02,46.439999,46.900002,46.320000,46.360001,46.360001,301100,H
2013-08-05,46.400002,46.480000,45.880001,45.880001,45.880001,239800,H
2013-08-06,45.840000,46.450001,44.730000,44.790001,44.790001,454400,H
2013-08-07,44.790001,44.790001,44.139999,44.340000,44.340000,429700,H
2013-08-08,44.610001,45.709999,44.500000,45.709999,45.709999,823400,H
2013-08-09,45.630001,46.049999,45.630001,45.790001,45.790001,250000,H
2013-08-12,45.520000,45.790001,45.049999,45.060001,45.060001,237600,H
2013-08-13,44.950001,45.529999,44.610001,45.310001,45.310001,175900,H
2013-08-14,45.369999,45.590000,45.090000,45.580002,45.580002,103300,H
2013-08-15,45.180000,45.220001,44.750000,45.029999,45.029999,158300,H
2013-08-16,44.950001,45.130001,44.360001,44.570000,44.570000,225700,H
2013-08-19,44.610001,44.889999,43.980000,43.980000,43.980000,200600,H
2013-08-20,43.910000,44.500000,43.709999,44.160000,44.160000,185600,H
2013-08-21,44.099998,44.470001,43.750000,44.209999,44.209999,238600,H
2013-08-22,44.200001,45.049999,44.200001,44.830002,44.830002,303900,H
2013-08-23,44.970001,44.970001,44.290001,44.500000,44.500000,212700,H
2013-08-26,44.500000,45.060001,44.320000,44.730000,44.730000,175600,H
2013-08-27,44.259998,44.259998,43.480000,43.610001,43.610001,125200,H
2013-08-28,43.540001,43.919998,43.230000,43.470001,43.470001,148100,H
2013-08-29,43.500000,44.169998,43.419998,43.889999,43.889999,130400,H
2013-08-30,43.919998,44.020000,43.119999,43.400002,43.400002,93800,H
2013-09-03,44.049999,44.130001,43.470001,44.020000,44.020000,190700,H
2013-09-04,43.919998,44.400002,43.560001,44.400002,44.400002,138900,H
2013-09-05,44.330002,44.619999,44.220001,44.380001,44.380001,143100,H
2013-09-06,44.619999,44.990002,43.980000,44.750000,44.750000,167200,H
2013-09-09,44.880001,45.529999,44.509998,45.430000,45.430000,239400,H
2013-09-10,45.639999,45.950001,45.580002,45.799999,45.799999,456200,H
2013-09-11,45.889999,46.500000,45.639999,45.959999,45.959999,217500,H
2013-09-12,45.849998,46.139999,44.990002,45.119999,45.119999,186400,H
2013-09-13,45.009998,45.580002,44.990002,45.500000,45.500000,87500,H
2013-09-16,46.009998,46.009998,45.349998,45.400002,45.400002,86800,H
2013-09-17,45.400002,45.660000,44.970001,44.970001,44.970001,162400,H
2013-09-18,44.910000,45.990002,44.770000,45.860001,45.860001,176700,H
2013-09-19,46.070000,46.250000,45.759998,46.080002,46.080002,310200,H
2013-09-20,46.270000,46.270000,45.520000,45.599998,45.599998,197700,H
2013-09-23,45.169998,45.200001,44.740002,45.099998,45.099998,319800,H
2013-09-24,44.970001,45.540001,44.869999,45.049999,45.049999,201100,H
2013-09-25,45.160000,45.259998,44.610001,44.900002,44.900002,208300,H
2013-09-26,44.980000,45.119999,43.560001,43.599998,43.599998,432400,H
2013-09-27,43.549999,43.980000,43.259998,43.950001,43.950001,405400,H
2013-09-30,43.580002,43.639999,42.880001,42.959999,42.959999,309400,H
2013-10-01,43.220001,43.590000,42.820000,43.529999,43.529999,307600,H
2013-10-02,43.470001,44.029999,43.250000,43.840000,43.840000,340100,H
2013-10-03,43.709999,43.910000,43.209999,43.700001,43.700001,413800,H
2013-10-04,43.700001,44.349998,43.459999,44.220001,44.220001,205000,H
2013-10-07,43.939999,44.470001,43.470001,44.200001,44.200001,690700,H
2013-10-08,44.180000,44.380001,43.700001,43.919998,43.919998,961000,H
2013-10-09,43.970001,44.209999,43.540001,43.549999,43.549999,402100,H
2013-10-10,44.139999,44.480000,43.240002,43.340000,43.340000,448600,H
2013-10-11,43.360001,43.990002,43.139999,43.990002,43.990002,365600,H
2013-10-14,44.529999,44.529999,43.700001,44.119999,44.119999,387400,H
2013-10-15,44.099998,44.549999,43.680000,44.009998,44.009998,311500,H
2013-10-16,44.240002,44.619999,43.980000,43.980000,43.980000,230000,H
2013-10-17,43.930000,44.549999,43.900002,44.529999,44.529999,227500,H
2013-10-18,44.810001,45.560001,44.669998,45.209999,45.209999,471300,H
2013-10-21,45.700001,45.790001,45.509998,45.689999,45.689999,314400,H
2013-10-22,46.000000,46.220001,45.700001,45.919998,45.919998,245600,H
2013-10-23,45.959999,46.029999,45.209999,45.299999,45.299999,202800,H
2013-10-24,45.630001,46.860001,45.299999,46.759998,46.759998,408500,H
2013-10-25,47.000000,47.490002,46.770000,47.189999,47.189999,316300,H
2013-10-28,47.189999,47.189999,46.180000,46.430000,46.430000,546800,H
2013-10-29,46.779999,47.220001,46.250000,46.790001,46.790001,548000,H
2013-10-30,46.889999,47.090000,46.009998,46.619999,46.619999,377000,H
2013-10-31,47.349998,48.259998,47.240002,47.599998,47.599998,465300,H
2013-11-01,47.810001,48.320000,47.639999,48.209999,48.209999,233100,H
2013-11-04,48.700001,48.919998,48.509998,48.849998,48.849998,202400,H
2013-11-05,48.709999,49.290001,48.669998,48.900002,48.900002,284500,H
2013-11-06,48.959999,49.419998,47.919998,48.020000,48.020000,495300,H
2013-11-07,48.150002,48.439999,47.250000,47.400002,47.400002,537100,H
2013-11-08,47.500000,48.340000,47.369999,48.150002,48.150002,216400,H
2013-11-11,48.259998,48.599998,47.869999,48.060001,48.060001,216700,H
2013-11-12,48.009998,48.570000,48.009998,48.310001,48.310001,256900,H
2013-11-13,48.189999,48.410000,47.820000,48.330002,48.330002,201300,H
2013-11-14,48.349998,48.860001,48.160000,48.669998,48.669998,212900,H
2013-11-15,48.799999,49.330002,48.619999,49.320000,49.320000,277400,H
2013-11-18,49.299999,49.439999,48.700001,48.849998,48.849998,213300,H
2013-11-19,48.779999,48.849998,48.200001,48.290001,48.290001,246700,H
2013-11-20,48.410000,48.830002,47.980000,48.099998,48.099998,164100,H
2013-11-21,48.250000,48.820000,48.250000,48.610001,48.610001,360100,H
2013-11-22,48.720001,48.980000,48.490002,48.889999,48.889999,174900,H
2013-11-25,48.900002,48.900002,48.270000,48.349998,48.349998,140600,H
2013-11-26,48.439999,49.180000,48.220001,48.520000,48.520000,336500,H
2013-11-27,48.450001,48.590000,48.240002,48.299999,48.299999,181300,H
2013-11-29,48.220001,48.680000,48.220001,48.369999,48.369999,81800,H
2013-12-02,48.490002,48.490002,47.980000,48.040001,48.040001,336100,H
2013-12-03,47.990002,48.220001,47.369999,47.650002,47.650002,673400,H
2013-12-04,47.470001,47.639999,46.360001,47.099998,47.099998,256000,H
2013-12-05,47.020000,47.310001,46.759998,47.020000,47.020000,240700,H
2013-12-06,47.509998,47.700001,47.099998,47.119999,47.119999,275800,H
2013-12-09,47.160000,47.419998,47.060001,47.330002,47.330002,200400,H
2013-12-10,47.299999,47.509998,46.919998,47.250000,47.250000,210700,H
2013-12-11,47.180000,47.540001,46.549999,46.639999,46.639999,396300,H
2013-12-12,46.720001,47.669998,46.500000,46.900002,46.900002,453700,H
2013-12-13,46.889999,47.380001,46.830002,46.830002,46.830002,335800,H
2013-12-16,48.080002,48.389999,47.660000,47.990002,47.990002,313700,H
2013-12-17,48.040001,48.049999,47.290001,47.400002,47.400002,290300,H
2013-12-18,47.660000,48.599998,47.470001,48.509998,48.509998,332100,H
2013-12-19,48.529999,49.060001,48.259998,48.950001,48.950001,278400,H
2013-12-20,49.130001,49.500000,49.020000,49.500000,49.500000,303200,H
2013-12-23,49.799999,50.430000,49.650002,49.849998,49.849998,276200,H
2013-12-24,49.849998,50.189999,49.820000,49.830002,49.830002,124200,H
2013-12-26,49.860001,50.060001,49.509998,49.709999,49.709999,167700,H
2013-12-27,49.799999,49.970001,49.459999,49.549999,49.549999,182600,H
2013-12-30,49.500000,49.959999,49.439999,49.799999,49.799999,160200,H
2013-12-31,49.759998,49.990002,49.450001,49.459999,49.459999,203800,H
2014-01-02,49.230000,50.130001,49.230000,49.880001,49.880001,376200,H
2014-01-03,50.000000,50.169998,49.750000,49.799999,49.799999,299600,H
2014-01-06,49.889999,49.970001,49.419998,49.450001,49.450001,262400,H
2014-01-07,49.560001,50.380001,49.560001,49.650002,49.650002,428000,H
2014-01-08,49.540001,50.360001,49.540001,49.950001,49.950001,360800,H
2014-01-09,50.029999,50.349998,49.580002,50.070000,50.070000,194300,H
2014-01-10,50.180000,50.360001,49.820000,50.000000,50.000000,221200,H
2014-01-13,49.959999,50.070000,49.049999,49.250000,49.250000,189400,H
2014-01-14,49.349998,50.139999,49.279999,49.900002,49.900002,143700,H
2014-01-15,50.020000,50.349998,50.020000,50.169998,50.169998,282300,H
2014-01-16,50.110001,50.369999,49.900002,50.000000,50.000000,110500,H
2014-01-17,49.910000,50.759998,49.889999,50.189999,50.189999,285600,H
2014-01-21,50.070000,50.639999,50.070000,50.209999,50.209999,203600,H
2014-01-22,50.330002,50.590000,50.099998,50.340000,50.340000,294200,H
2014-01-23,50.060001,50.119999,49.750000,49.950001,49.950001,223000,H
2014-01-24,49.939999,49.939999,48.360001,48.570000,48.570000,388100,H
2014-01-27,48.790001,48.970001,46.889999,47.730000,47.730000,323800,H
2014-01-28,47.880001,48.680000,47.880001,48.480000,48.480000,322700,H
2014-01-29,48.060001,48.520000,47.560001,47.580002,47.580002,144200,H
2014-01-30,47.990002,48.090000,47.580002,47.619999,47.619999,331800,H
2014-01-31,46.990002,47.959999,46.860001,47.790001,47.790001,242500,H
2014-02-03,47.689999,47.759998,45.730000,45.880001,45.880001,507000,H
2014-02-04,46.099998,46.580002,45.939999,46.389999,46.389999,205000,H
2014-02-05,46.299999,46.570000,45.860001,46.490002,46.490002,135800,H
2014-02-06,46.610001,47.490002,46.610001,47.430000,47.430000,598500,H
2014-02-07,47.529999,48.380001,47.369999,48.299999,48.299999,428900,H
2014-02-10,48.279999,48.599998,48.259998,48.500000,48.500000,172400,H
2014-02-11,48.570000,49.529999,48.439999,49.200001,49.200001,389300,H
2014-02-12,49.200001,49.770000,49.200001,49.480000,49.480000,405600,H
2014-02-13,48.970001,49.779999,48.810001,49.389999,49.389999,856300,H
2014-02-14,51.790001,53.630001,51.790001,52.849998,52.849998,1165800,H
2014-02-18,52.970001,53.470001,50.919998,51.439999,51.439999,782300,H
2014-02-19,51.180000,52.240002,51.150002,51.240002,51.240002,477600,H
2014-02-20,51.470001,51.970001,50.700001,50.900002,50.900002,376900,H
2014-02-21,50.939999,52.400002,50.939999,52.180000,52.180000,464700,H
2014-02-24,52.570000,53.180000,52.430000,52.430000,52.430000,483000,H
2014-02-25,52.470001,52.630001,51.950001,52.090000,52.090000,256500,H
2014-02-26,52.110001,52.610001,51.840000,52.189999,52.189999,205000,H
2014-02-27,52.049999,52.910000,52.049999,52.900002,52.900002,252100,H
2014-02-28,52.880001,52.880001,52.000000,52.160000,52.160000,386900,H
2014-03-03,51.599998,51.860001,50.980000,51.669998,51.669998,269200,H
2014-03-04,52.150002,53.500000,52.110001,53.119999,53.119999,764500,H
2014-03-05,53.040001,53.160000,52.490002,52.980000,52.980000,320300,H
2014-03-06,52.980000,53.459999,52.910000,52.919998,52.919998,407700,H
2014-03-07,53.189999,53.570000,52.930000,53.250000,53.250000,435200,H
2014-03-10,53.009998,53.310001,52.220001,52.750000,52.750000,214000,H
2014-03-11,52.840000,53.090000,52.310001,52.369999,52.369999,179000,H
2014-03-12,52.139999,52.709999,51.880001,52.680000,52.680000,215000,H
2014-03-13,52.790001,53.130001,51.939999,52.099998,52.099998,177100,H
2014-03-14,51.849998,53.189999,51.360001,53.049999,53.049999,476700,H
2014-03-17,53.720001,54.150002,53.380001,53.799999,53.799999,589700,H
2014-03-18,53.820000,54.650002,53.580002,54.049999,54.049999,394400,H
2014-03-19,54.290001,54.439999,53.689999,54.130001,54.130001,335600,H
2014-03-20,53.869999,54.500000,53.549999,53.939999,53.939999,303300,H
2014-03-21,54.290001,54.840000,54.070000,54.840000,54.840000,544000,H
2014-03-24,54.880001,54.990002,53.990002,54.279999,54.279999,576300,H
2014-03-25,54.660000,54.849998,53.650002,53.759998,53.759998,317200,H
2014-03-26,53.900002,54.000000,53.009998,53.189999,53.189999,280400,H
2014-03-27,53.090000,53.549999,52.520000,53.189999,53.189999,372300,H
2014-03-28,53.240002,53.970001,53.119999,53.619999,53.619999,171400,H
2014-03-31,53.900002,54.419998,53.790001,53.810001,53.810001,296400,H
2014-04-01,53.820000,55.009998,53.820000,55.000000,55.000000,413800,H
2014-04-02,55.029999,55.509998,54.759998,55.279999,55.279999,399500,H
2014-04-03,55.430000,55.590000,54.650002,55.200001,55.200001,409600,H
2014-04-04,55.450001,55.450001,53.720001,53.910000,53.910000,543700,H
2014-04-07,53.910000,53.930000,52.820000,53.450001,53.450001,288000,H
2014-04-08,53.520000,53.520000,52.939999,53.360001,53.360001,308800,H
2014-04-09,53.549999,54.310001,53.330002,54.250000,54.250000,210800,H
2014-04-10,54.360001,54.360001,52.599998,52.770000,52.770000,195100,H
2014-04-11,52.320000,52.680000,51.770000,52.060001,52.060001,217500,H
2014-04-14,53.410000,54.160000,52.939999,53.250000,53.250000,491000,H
2014-04-15,53.419998,53.730000,52.349998,53.669998,53.669998,277500,H
2014-04-16,54.000000,54.200001,53.380001,53.740002,53.740002,175200,H
2014-04-17,53.790001,54.430000,53.639999,54.200001,54.200001,167100,H
2014-04-21,54.310001,54.830002,53.709999,53.990002,53.990002,226600,H
2014-04-22,54.139999,54.730000,53.910000,54.639999,54.639999,253400,H
2014-04-23,54.700001,54.990002,54.299999,54.490002,54.490002,285500,H
2014-04-24,54.959999,55.410000,54.049999,54.490002,54.490002,314800,H
2014-04-25,54.459999,54.459999,53.740002,53.930000,53.930000,194400,H
2014-04-28,54.330002,54.430000,52.560001,53.240002,53.240002,203800,H
2014-04-29,53.560001,54.070000,53.320000,54.020000,54.020000,330500,H
2014-04-30,55.570000,57.730000,54.750000,56.279999,56.279999,818300,H
2014-05-01,56.380001,58.040001,56.380001,57.820000,57.820000,676700,H
2014-05-02,58.040001,59.180000,57.889999,57.990002,57.990002,451500,H
2014-05-05,57.180000,57.939999,56.709999,57.830002,57.830002,463800,H
2014-05-06,57.779999,58.340000,57.090000,57.189999,57.189999,279300,H
2014-05-07,57.430000,57.669998,56.700001,57.580002,57.580002,523800,H
2014-05-08,57.360001,57.970001,57.090000,57.270000,57.270000,267700,H
2014-05-09,57.450001,57.599998,56.790001,57.150002,57.150002,376900,H
2014-05-12,57.240002,58.549999,57.240002,58.180000,58.180000,312900,H
2014-05-13,58.220001,58.520000,57.849998,58.139999,58.139999,188300,H
2014-05-14,58.209999,58.209999,57.400002,57.459999,57.459999,95900,H
2014-05-15,57.330002,57.570000,56.040001,56.919998,56.919998,199100,H
2014-05-16,57.430000,57.689999,56.860001,57.529999,57.529999,222400,H
2014-05-19,57.320000,57.900002,57.070000,57.830002,57.830002,204900,H
2014-05-20,57.860001,58.169998,57.270000,57.770000,57.770000,578400,H
2014-05-21,57.950001,58.160000,57.430000,57.939999,57.939999,212400,H
2014-05-22,58.009998,59.099998,57.849998,58.830002,58.830002,306100,H
2014-05-23,58.820000,59.340000,58.560001,58.900002,58.900002,328400,H
2014-05-27,59.380001,59.849998,58.990002,59.590000,59.590000,283600,H
2014-05-28,59.529999,60.080002,59.200001,59.540001,59.540001,416000,H
2014-05-29,59.540001,60.590000,59.540001,60.580002,60.580002,240000,H
2014-05-30,59.580002,61.250000,59.570000,61.160000,61.160000,392700,H
2014-06-02,61.090000,61.939999,60.980000,61.340000,61.340000,657500,H
2014-06-03,60.980000,61.880001,60.700001,61.490002,61.490002,575200,H
2014-06-04,61.500000,61.970001,61.049999,61.240002,61.240002,465100,H
2014-06-05,61.380001,61.730000,60.930000,61.500000,61.500000,278000,H
2014-06-06,61.500000,61.700001,61.250000,61.529999,61.529999,450000,H
2014-06-09,61.160000,61.580002,61.110001,61.419998,61.419998,399500,H
2014-06-10,61.220001,61.410000,60.790001,61.080002,61.080002,396300,H
2014-06-11,60.830002,60.990002,60.230000,60.470001,60.470001,422000,H
2014-06-12,60.580002,60.639999,59.160000,59.270000,59.270000,609600,H
2014-06-13,59.410000,59.619999,58.950001,59.380001,59.380001,348000,H
2014-06-16,59.060001,59.820000,59.060001,59.639999,59.639999,362800,H
2014-06-17,59.509998,59.900002,59.250000,59.830002,59.830002,752400,H
2014-06-18,60.189999,60.680000,59.689999,60.480000,60.480000,467400,H
2014-06-19,60.310001,60.869999,60.310001,60.820000,60.820000,227000,H
2014-06-20,61.090000,61.250000,60.720001,60.720001,60.720001,439700,H
2014-06-23,60.820000,61.130001,60.560001,60.680000,60.680000,208000,H
2014-06-24,60.680000,61.020000,60.259998,60.279999,60.279999,246800,H
2014-06-25,60.270000,60.849998,60.020000,60.759998,60.759998,222300,H
2014-06-26,60.820000,61.230000,60.360001,61.020000,61.020000,252900,H
2014-06-27,60.959999,61.310001,60.480000,61.090000,61.090000,600900,H
2014-06-30,61.040001,61.240002,60.680000,60.980000,60.980000,226000,H
2014-07-01,61.080002,61.709999,61.049999,61.230000,61.230000,164000,H
2014-07-02,61.400002,61.959999,61.189999,61.700001,61.700001,353200,H
2014-07-03,61.840000,62.259998,61.840000,62.259998,62.259998,202100,H
2014-07-07,62.049999,62.619999,61.529999,62.270000,62.270000,274800,H
2014-07-08,62.080002,62.320000,61.410000,61.430000,61.430000,315800,H
2014-07-09,61.430000,61.680000,61.009998,61.380001,61.380001,533200,H
2014-07-10,60.619999,62.040001,60.619999,61.720001,61.720001,643800,H
2014-07-11,61.580002,62.400002,61.490002,61.970001,61.970001,351200,H
2014-07-14,62.250000,62.549999,61.939999,61.990002,61.990002,153200,H
2014-07-15,62.029999,62.250000,61.049999,61.650002,61.650002,282200,H
2014-07-16,62.000000,62.000000,61.389999,61.480000,61.480000,152200,H
2014-07-17,61.110001,61.599998,60.439999,60.560001,60.560001,192200,H
2014-07-18,60.660000,61.689999,60.320000,61.660000,61.660000,124900,H
2014-07-21,61.430000,61.750000,61.049999,61.580002,61.580002,155200,H
2014-07-22,61.950001,62.790001,61.869999,62.500000,62.500000,175500,H
2014-07-23,62.919998,63.230000,62.450001,63.020000,63.020000,203500,H
2014-07-24,62.880001,63.290001,62.250000,62.290001,62.290001,186200,H
2014-07-25,62.020000,62.369999,61.750000,61.930000,61.930000,138600,H
2014-07-28,61.790001,62.040001,61.509998,61.610001,61.610001,120600,H
2014-07-29,61.669998,62.020000,61.130001,61.200001,61.200001,137900,H
2014-07-30,61.349998,61.570000,60.490002,61.180000,61.180000,364700,H
2014-07-31,60.000000,60.070000,58.630001,58.830002,58.830002,528600,H
2014-08-01,58.290001,58.930000,57.509998,58.160000,58.160000,404200,H
2014-08-04,58.230000,59.130001,57.750000,58.799999,58.799999,463600,H
2014-08-05,58.419998,58.840000,57.970001,58.259998,58.259998,279700,H
2014-08-06,57.599998,58.259998,57.480000,57.820000,57.820000,274900,H
2014-08-07,58.220001,58.509998,56.869999,56.869999,56.869999,363300,H
2014-08-08,56.980000,57.099998,56.570000,56.570000,56.570000,600800,H
2014-08-11,57.369999,58.240002,56.980000,58.160000,58.160000,367500,H
2014-08-12,58.169998,58.619999,57.540001,57.880001,57.880001,216100,H
2014-08-13,58.119999,58.980000,57.919998,58.930000,58.930000,225600,H
2014-08-14,59.150002,59.540001,58.790001,59.509998,59.509998,224400,H
2014-08-15,59.840000,60.240002,59.529999,60.090000,60.090000,317400,H
2014-08-18,60.480000,61.130001,60.349998,60.650002,60.650002,421800,H
2014-08-19,60.750000,61.509998,60.639999,61.139999,61.139999,166300,H
2014-08-20,61.139999,61.720001,60.759998,61.549999,61.549999,197800,H
2014-08-21,61.619999,61.830002,61.000000,61.529999,61.529999,307200,H
2014-08-22,61.410000,61.669998,61.009998,61.090000,61.090000,209900,H
2014-08-25,61.270000,61.660000,60.950001,61.110001,61.110001,175100,H
2014-08-26,61.279999,61.360001,60.980000,61.099998,61.099998,166400,H
2014-08-27,61.070000,61.130001,60.689999,61.049999,61.049999,155700,H
2014-08-28,60.759998,60.849998,60.480000,60.650002,60.650002,182200,H
2014-08-29,60.700001,61.130001,60.529999,61.090000,61.090000,121700,H
2014-09-02,61.099998,61.410000,60.130001,60.740002,60.740002,244100,H
2014-09-03,60.849998,61.380001,60.759998,60.990002,60.990002,221800,H
2014-09-04,61.250000,61.529999,60.669998,60.799999,60.799999,243700,H
2014-09-05,60.730000,61.389999,60.430000,61.360001,61.360001,242000,H
2014-09-08,61.400002,61.980000,61.389999,61.660000,61.660000,197200,H
2014-09-09,61.439999,62.090000,61.230000,61.520000,61.520000,246000,H
2014-09-10,61.299999,61.830002,61.060001,61.169998,61.169998,193700,H
2014-09-11,60.959999,61.770000,60.919998,61.730000,61.730000,267400,H
2014-09-12,61.590000,61.669998,60.470001,60.790001,60.790001,274500,H
2014-09-15,60.990002,61.230000,60.750000,61.099998,61.099998,239200,H
2014-09-16,60.779999,62.430000,60.740002,62.410000,62.410000,298900,H
2014-09-17,62.700001,63.130001,62.279999,62.580002,62.580002,232700,H
2014-09-18,62.919998,63.869999,62.669998,63.380001,63.380001,485000,H
2014-09-19,61.820000,64.519997,61.119999,63.740002,63.740002,633500,H
2014-09-22,63.290001,63.580002,62.130001,62.169998,62.169998,271800,H
2014-09-23,61.950001,62.509998,61.560001,61.619999,61.619999,352300,H
2014-09-24,61.520000,61.939999,61.160000,61.750000,61.750000,191500,H
2014-09-25,61.630001,61.720001,60.610001,60.939999,60.939999,211200,H
2014-09-26,60.980000,61.599998,60.930000,61.200001,61.200001,278900,H
2014-09-29,60.639999,60.950001,60.200001,60.639999,60.639999,308600,H
2014-09-30,61.080002,61.080002,60.040001,60.520000,60.520000,335600,H
2014-10-01,60.180000,60.369999,58.270000,58.549999,58.549999,608800,H
2014-10-02,58.520000,59.270000,57.549999,58.369999,58.369999,270900,H
2014-10-03,59.029999,59.919998,59.029999,59.459999,59.459999,396000,H
2014-10-06,59.770000,60.000000,58.580002,58.730000,58.730000,291000,H
2014-10-07,58.230000,58.410000,57.310001,57.330002,57.330002,276000,H
2014-10-08,57.389999,57.860001,56.790001,57.500000,57.500000,444700,H
2014-10-09,57.500000,57.520000,55.619999,55.770000,55.770000,328200,H
2014-10-10,55.630001,56.720001,55.480000,56.009998,56.009998,507100,H
2014-10-13,55.630001,56.320000,54.080002,54.790001,54.790001,612100,H
2014-10-14,55.160000,56.849998,55.009998,56.060001,56.060001,453100,H
2014-10-15,54.970001,56.650002,54.500000,55.709999,55.709999,744600,H
2014-10-16,54.599998,57.090000,54.599998,57.000000,57.000000,538100,H
2014-10-17,58.459999,58.790001,58.009998,58.180000,58.180000,461200,H
2014-10-20,58.180000,59.560001,58.150002,59.090000,59.090000,287100,H
2014-10-21,59.849998,61.060001,59.630001,60.439999,60.439999,222700,H
2014-10-22,60.590000,61.349998,60.009998,60.049999,60.049999,394700,H
2014-10-23,60.490002,61.200001,60.209999,60.430000,60.430000,205400,H
2014-10-24,60.009998,61.099998,59.970001,60.990002,60.990002,354400,H
2014-10-27,60.919998,62.439999,60.889999,61.990002,61.990002,483100,H
2014-10-28,61.759998,62.090000,60.990002,62.000000,62.000000,631500,H
2014-10-29,61.060001,62.480000,59.080002,60.599998,60.599998,792500,H
2014-10-30,60.150002,60.639999,59.660000,59.889999,59.889999,597100,H
2014-10-31,60.470001,60.759998,59.020000,59.220001,59.220001,469900,H
2014-11-03,59.540001,59.590000,58.610001,58.799999,58.799999,573900,H
2014-11-04,58.639999,58.639999,56.880001,57.590000,57.590000,846000,H
2014-11-05,57.779999,57.820000,57.070000,57.639999,57.639999,220200,H
2014-11-06,57.779999,57.980000,57.290001,57.889999,57.889999,324100,H
2014-11-07,58.009998,58.009998,57.270000,57.529999,57.529999,253000,H
2014-11-10,57.480000,57.820000,57.060001,57.400002,57.400002,338300,H
2014-11-11,57.560001,58.660000,57.380001,58.389999,58.389999,299100,H
2014-11-12,58.110001,59.040001,57.959999,58.639999,58.639999,465000,H
2014-11-13,58.779999,59.209999,58.509998,58.779999,58.779999,1020300,H
2014-11-14,58.869999,59.410000,58.480000,58.750000,58.750000,450400,H
2014-11-17,58.680000,58.740002,58.000000,58.000000,58.000000,201300,H
2014-11-18,58.080002,58.830002,57.990002,58.520000,58.520000,225600,H
2014-11-19,58.430000,58.430000,57.700001,58.220001,58.220001,214200,H
2014-11-20,57.820000,58.450001,57.520000,58.250000,58.250000,290300,H
2014-11-21,58.930000,59.110001,58.700001,59.009998,59.009998,253000,H
2014-11-24,59.080002,59.480000,58.910000,58.930000,58.930000,419700,H
2014-11-25,59.169998,59.270000,58.730000,58.970001,58.970001,186800,H
2014-11-26,58.849998,59.270000,58.439999,58.630001,58.630001,259700,H
2014-11-28,58.869999,59.180000,58.680000,58.930000,58.930000,266300,H
2014-12-01,58.669998,58.869999,57.840000,57.869999,57.869999,353300,H
2014-12-02,58.040001,58.650002,57.790001,57.790001,57.790001,267900,H
2014-12-03,57.730000,58.459999,57.520000,58.200001,58.200001,314300,H
2014-12-04,58.230000,58.990002,58.009998,58.820000,58.820000,429700,H
2014-12-05,58.939999,60.349998,58.930000,59.970001,59.970001,642200,H
2014-12-08,60.209999,60.669998,59.529999,59.880001,59.880001,494400,H
2014-12-09,59.049999,59.830002,58.599998,59.400002,59.400002,376200,H
2014-12-10,59.259998,59.619999,57.900002,58.180000,58.180000,213400,H
2014-12-11,58.290001,59.230000,57.959999,58.110001,58.110001,179000,H
2014-12-12,58.610001,58.840000,57.639999,57.669998,57.669998,316100,H
2014-12-15,57.919998,58.610001,57.060001,57.490002,57.490002,299500,H
2014-12-16,57.279999,58.509998,57.000000,57.020000,57.020000,326700,H
2014-12-17,57.070000,58.529999,56.639999,58.360001,58.360001,295400,H
2014-12-18,59.810001,59.950001,58.900002,59.330002,59.330002,438500,H
2014-12-19,59.650002,60.029999,59.230000,59.750000,59.750000,399600,H
2014-12-22,59.770000,60.480000,59.700001,59.810001,59.810001,321000,H
2014-12-23,59.919998,60.860001,59.779999,59.959999,59.959999,464700,H
2014-12-24,59.970001,60.919998,59.970001,60.520000,60.520000,138700,H
2014-12-26,60.730000,60.970001,60.410000,60.439999,60.439999,75500,H
2014-12-29,60.410000,60.970001,60.040001,60.619999,60.619999,434300,H
2014-12-30,60.369999,60.799999,60.000000,60.270000,60.270000,388500,H
2014-12-31,60.540001,60.810001,60.180000,60.209999,60.209999,441200,H
2015-01-02,60.500000,60.500000,58.759998,59.560001,59.560001,310300,H
2015-01-05,59.080002,59.099998,57.689999,58.160000,58.160000,453900,H
2015-01-06,58.410000,58.410000,56.369999,56.900002,56.900002,830100,H
2015-01-07,57.400002,57.880001,57.080002,57.689999,57.689999,414100,H
2015-01-08,58.180000,59.169998,58.139999,58.900002,58.900002,483600,H
2015-01-09,59.119999,59.119999,58.070000,58.560001,58.560001,323800,H
2015-01-12,58.660000,58.930000,57.889999,58.020000,58.020000,197800,H
2015-01-13,58.720001,59.200001,57.580002,57.750000,57.750000,213700,H
2015-01-14,57.160000,57.689999,56.689999,57.150002,57.150002,363600,H
2015-01-15,57.180000,57.450001,56.320000,56.340000,56.340000,404000,H
2015-01-16,56.160000,56.480000,55.570000,56.080002,56.080002,408700,H
2015-01-20,56.090000,56.869999,55.660000,56.380001,56.380001,372600,H
2015-01-21,56.200001,57.080002,55.910000,56.590000,56.590000,335600,H
2015-01-22,56.860001,58.650002,56.439999,58.139999,58.139999,377100,H
2015-01-23,58.180000,58.520000,57.810001,58.020000,58.020000,240700,H
2015-01-26,57.900002,58.250000,57.610001,58.049999,58.049999,358300,H
2015-01-27,57.590000,57.990002,57.049999,57.730000,57.730000,222900,H
2015-01-28,57.939999,57.980000,57.099998,57.099998,57.099998,379300,H
2015-01-29,56.990002,57.340000,56.639999,57.099998,57.099998,299300,H
2015-01-30,56.750000,57.070000,56.049999,56.259998,56.259998,358800,H
2015-02-02,56.230000,56.470001,55.029999,55.790001,55.790001,358400,H
2015-02-03,56.330002,57.650002,56.099998,57.450001,57.450001,267300,H
2015-02-04,56.950001,57.709999,56.340000,56.619999,56.619999,598500,H
2015-02-05,56.720001,57.380001,56.599998,57.110001,57.110001,374900,H
2015-02-06,56.930000,57.730000,56.540001,56.630001,56.630001,320000,H
2015-02-09,57.250000,58.299999,56.880001,57.040001,57.040001,412900,H
2015-02-10,58.299999,60.110001,58.299999,59.830002,59.830002,703500,H
2015-02-11,59.919998,60.380001,59.419998,59.770000,59.770000,442500,H
2015-02-12,60.340000,60.340000,59.549999,59.650002,59.650002,749400,H
2015-02-13,59.580002,60.080002,59.180000,59.509998,59.509998,791800,H
2015-02-17,59.650002,60.570000,59.290001,59.529999,59.529999,1259600,H
2015-02-18,57.549999,59.459999,57.119999,58.790001,58.790001,1001600,H
2015-02-19,59.529999,60.900002,58.689999,58.799999,58.799999,1073400,H
2015-02-20,58.840000,59.580002,58.480000,59.270000,59.270000,545400,H
2015-02-23,59.279999,60.330002,59.160000,59.590000,59.590000,518700,H
2015-02-24,59.599998,60.560001,59.259998,60.259998,60.259998,514700,H
2015-02-25,60.259998,60.580002,59.810001,59.880001,59.880001,285700,H
2015-02-26,60.000000,61.150002,59.509998,60.509998,60.509998,318700,H
2015-02-27,60.439999,61.049999,60.299999,60.540001,60.540001,324100,H
2015-03-02,60.820000,61.980000,60.820000,61.759998,61.759998,347300,H
2015-03-03,61.759998,61.990002,61.080002,61.259998,61.259998,389800,H
2015-03-04,61.090000,61.320000,60.610001,60.770000,60.770000,293500,H
2015-03-05,60.939999,61.119999,60.209999,60.279999,60.279999,312700,H
2015-03-06,59.619999,60.240002,58.799999,58.889999,58.889999,349800,H
2015-03-09,59.070000,60.200001,59.000000,59.689999,59.689999,421900,H
2015-03-10,59.070000,59.209999,58.380001,58.400002,58.400002,265000,H
2015-03-11,58.389999,58.919998,58.250000,58.700001,58.700001,298500,H
2015-03-12,58.910000,59.930000,58.880001,59.130001,59.130001,260000,H
2015-03-13,59.029999,59.150002,58.160000,58.709999,58.709999,258800,H
2015-03-16,58.889999,59.290001,58.570000,58.689999,58.689999,469900,H
2015-03-17,58.500000,58.840000,58.080002,58.259998,58.259998,450000,H
2015-03-18,58.150002,59.070000,57.189999,58.400002,58.400002,609000,H
2015-03-19,58.200001,59.709999,58.099998,59.680000,59.680000,479500,H
2015-03-20,59.730000,59.880001,59.119999,59.419998,59.419998,550300,H
2015-03-23,59.259998,59.500000,58.930000,58.939999,58.939999,238600,H
2015-03-24,58.830002,58.869999,57.869999,57.930000,57.930000,269500,H
2015-03-25,57.799999,57.860001,56.230000,56.270000,56.270000,516500,H
2015-03-26,55.950001,58.360001,55.580002,57.860001,57.860001,866100,H
2015-03-27,58.049999,58.860001,57.930000,58.700001,58.700001,464500,H
2015-03-30,59.049999,59.230000,58.849998,59.009998,59.009998,308400,H
2015-03-31,58.660000,59.410000,58.450001,59.220001,59.220001,429500,H
2015-04-01,59.060001,59.369999,58.029999,58.779999,58.779999,520700,H
2015-04-02,58.860001,59.610001,58.490002,58.529999,58.529999,302400,H
2015-04-06,58.080002,59.689999,58.080002,59.299999,59.299999,326700,H
2015-04-07,59.570000,59.669998,58.980000,58.990002,58.990002,419600,H
2015-04-08,59.169998,60.200001,58.810001,60.000000,60.000000,643100,H
2015-04-09,59.990002,60.250000,59.520000,60.240002,60.240002,353300,H
2015-04-10,60.220001,60.349998,58.959999,59.090000,59.090000,444700,H
2015-04-13,59.410000,59.470001,58.939999,59.020000,59.020000,182000,H
2015-04-14,58.900002,59.080002,58.450001,58.680000,58.680000,235000,H
2015-04-15,59.029999,59.450001,58.590000,58.869999,58.869999,365200,H
2015-04-16,58.619999,58.939999,58.160000,58.320000,58.320000,257200,H
2015-04-17,57.990002,58.240002,57.320000,57.349998,57.349998,347600,H
2015-04-20,57.520000,58.310001,57.500000,57.810001,57.810001,309400,H
2015-04-21,58.259998,58.709999,57.889999,58.340000,58.340000,362700,H
2015-04-22,58.400002,58.860001,57.740002,58.689999,58.689999,323100,H
2015-04-23,58.689999,59.320000,58.430000,58.750000,58.750000,255200,H
2015-04-24,59.080002,59.209999,58.369999,58.380001,58.380001,339600,H
2015-04-27,58.570000,59.090000,57.849998,57.990002,57.990002,250800,H
2015-04-28,57.730000,58.139999,57.270000,57.880001,57.880001,410300,H
2015-04-29,58.450001,59.330002,58.180000,58.860001,58.860001,502900,H
2015-04-30,58.709999,59.250000,57.500000,58.049999,58.049999,371500,H
2015-05-01,58.419998,59.299999,58.419998,59.090000,59.090000,349900,H
2015-05-04,59.119999,59.529999,58.889999,59.230000,59.230000,613600,H
2015-05-05,57.900002,59.529999,57.070000,57.910000,57.910000,618200,H
2015-05-06,58.230000,58.810001,57.669998,58.400002,58.400002,637800,H
2015-05-07,58.400002,58.910000,58.070000,58.169998,58.169998,553100,H
2015-05-08,58.630001,59.990002,58.630001,59.220001,59.220001,421100,H
2015-05-11,59.009998,59.410000,58.570000,58.669998,58.669998,340800,H
2015-05-12,58.310001,58.790001,58.110001,58.549999,58.549999,267900,H
2015-05-13,58.599998,58.950001,58.200001,58.320000,58.320000,373900,H
2015-05-14,58.590000,58.970001,58.310001,58.950001,58.950001,208900,H
2015-05-15,59.180000,59.660000,59.119999,59.410000,59.410000,221200,H
2015-05-18,59.599998,59.750000,59.320000,59.490002,59.490002,209800,H
2015-05-19,59.730000,59.759998,59.200001,59.330002,59.330002,197100,H
2015-05-20,59.340000,59.349998,58.970001,59.220001,59.220001,218400,H
2015-05-21,59.060001,59.430000,58.860001,58.939999,58.939999,154600,H
2015-05-22,58.919998,59.400002,58.500000,58.590000,58.590000,190300,H
2015-05-26,58.520000,59.490002,57.709999,57.810001,57.810001,311400,H
2015-05-27,58.040001,58.509998,57.689999,58.310001,58.310001,220400,H
2015-05-28,58.099998,58.439999,57.740002,58.250000,58.250000,424300,H
2015-05-29,58.040001,58.070000,57.430000,57.459999,57.459999,209100,H
2015-06-01,57.580002,58.090000,57.270000,57.430000,57.430000,354700,H
2015-06-02,57.180000,57.779999,57.180000,57.450001,57.450001,215800,H
2015-06-03,57.709999,57.970001,57.500000,57.709999,57.709999,179600,H
2015-06-04,57.430000,57.869999,56.830002,56.959999,56.959999,277300,H
2015-06-05,56.889999,57.330002,56.389999,56.939999,56.939999,256500,H
2015-06-08,56.779999,56.779999,56.070000,56.099998,56.099998,226500,H
2015-06-09,56.009998,56.529999,56.000000,56.500000,56.500000,286200,H
2015-06-10,56.599998,57.369999,56.270000,57.110001,57.110001,417000,H
2015-06-11,57.290001,57.660000,57.119999,57.599998,57.599998,294500,H
2015-06-12,57.049999,57.669998,57.020000,57.580002,57.580002,297500,H
2015-06-15,57.070000,57.529999,56.730000,56.980000,56.980000,367900,H
2015-06-16,56.959999,56.959999,56.470001,56.509998,56.509998,211900,H
2015-06-17,56.509998,56.590000,56.080002,56.340000,56.340000,290500,H
2015-06-18,56.779999,57.980000,56.669998,57.470001,57.470001,395600,H
2015-06-19,57.340000,57.790001,57.020000,57.459999,57.459999,359400,H
2015-06-22,57.919998,58.090000,57.520000,57.799999,57.799999,312100,H
2015-06-23,57.799999,58.169998,57.320000,58.160000,58.160000,291300,H
2015-06-24,58.099998,58.360001,57.490002,57.509998,57.509998,300600,H
2015-06-25,57.650002,57.820000,57.240002,57.599998,57.599998,290300,H
2015-06-26,57.709999,58.250000,57.520000,57.980000,57.980000,484700,H
2015-06-29,57.360001,57.950001,56.439999,56.529999,56.529999,272600,H
2015-06-30,57.049999,57.490002,56.380001,56.689999,56.689999,273300,H
2015-07-01,57.290001,57.580002,57.110001,57.310001,57.310001,277900,H
2015-07-02,57.419998,57.930000,57.230000,57.830002,57.830002,346300,H
2015-07-06,57.279999,57.919998,57.169998,57.770000,57.770000,354500,H
2015-07-07,57.720001,58.299999,57.119999,58.139999,58.139999,255800,H
2015-07-08,57.669998,57.770000,56.400002,56.840000,56.840000,209600,H
2015-07-09,57.610001,58.200001,56.860001,56.880001,56.880001,414900,H
2015-07-10,57.610001,58.380001,57.509998,58.099998,58.099998,434500,H
2015-07-13,58.660000,59.180000,58.529999,58.889999,58.889999,316400,H
2015-07-14,59.060001,59.939999,58.740002,59.790001,59.790001,219200,H
2015-07-15,59.549999,59.860001,59.029999,59.250000,59.250000,131500,H
2015-07-16,59.639999,59.720001,58.990002,59.139999,59.139999,262700,H
2015-07-17,59.189999,59.439999,58.730000,58.990002,58.990002,188700,H
2015-07-20,59.099998,59.310001,58.840000,58.869999,58.869999,190700,H
2015-07-21,58.849998,59.430000,58.290001,58.360001,58.360001,253200,H
2015-07-22,58.310001,58.990002,57.900002,58.630001,58.630001,138000,H
2015-07-23,58.299999,58.299999,56.669998,57.009998,57.009998,304900,H
2015-07-24,57.080002,57.080002,55.939999,56.000000,56.000000,415500,H
2015-07-27,55.470001,55.869999,54.759998,55.509998,55.509998,448100,H
2015-07-28,55.669998,56.570000,55.389999,55.889999,55.889999,601900,H
2015-07-29,56.110001,57.369999,55.990002,57.130001,57.130001,314300,H
2015-07-30,56.820000,57.310001,55.220001,55.470001,55.470001,427700,H
2015-07-31,55.779999,56.080002,55.529999,55.830002,55.830002,344700,H
2015-08-03,55.900002,55.930000,54.930000,55.529999,55.529999,329400,H
2015-08-04,54.500000,54.700001,53.310001,54.070000,54.070000,839900,H
2015-08-05,53.759998,53.759998,51.259998,51.880001,51.880001,2245800,H
2015-08-06,51.900002,53.060001,51.209999,52.610001,52.610001,859500,H
2015-08-07,52.459999,53.000000,52.009998,52.290001,52.290001,520400,H
2015-08-10,52.730000,54.020000,52.590000,53.840000,53.840000,566300,H
2015-08-11,53.299999,53.820000,52.910000,52.930000,52.930000,460900,H
2015-08-12,52.180000,53.009998,51.720001,52.810001,52.810001,562600,H
2015-08-13,52.610001,53.419998,52.450001,53.130001,53.130001,330100,H
2015-08-14,53.020000,53.610001,52.599998,53.139999,53.139999,323700,H
2015-08-17,52.869999,53.700001,52.740002,53.470001,53.470001,333100,H
2015-08-18,53.549999,53.549999,52.700001,52.869999,52.869999,345000,H
2015-08-19,52.310001,53.400002,52.310001,53.060001,53.060001,381700,H
2015-08-20,52.369999,52.639999,51.509998,51.509998,51.509998,581000,H
2015-08-21,50.990002,51.709999,50.750000,51.189999,51.189999,744700,H
2015-08-24,48.369999,51.200001,47.430000,49.500000,49.500000,727000,H
2015-08-25,50.779999,50.980000,49.130001,49.130001,49.130001,506900,H
2015-08-26,50.290001,51.360001,49.580002,51.080002,51.080002,792100,H
2015-08-27,51.480000,52.770000,51.000000,51.910000,51.910000,503100,H
2015-08-28,51.660000,52.599998,51.349998,52.380001,52.380001,246600,H
2015-08-31,52.000000,52.130001,51.150002,51.230000,51.230000,514300,H
2015-09-01,50.480000,50.480000,49.889999,50.119999,50.119999,488400,H
2015-09-02,50.790001,50.939999,50.279999,50.650002,50.650002,337200,H
2015-09-03,50.889999,51.639999,50.740002,50.880001,50.880001,210100,H
2015-09-04,50.209999,50.750000,50.009998,50.209999,50.209999,335300,H
2015-09-08,50.849998,51.549999,50.560001,51.549999,51.549999,473000,H
2015-09-09,51.830002,52.380001,51.169998,51.299999,51.299999,374500,H
2015-09-10,51.209999,51.250000,50.500000,51.029999,51.029999,433100,H
2015-09-11,50.500000,51.770000,50.389999,51.730000,51.730000,285300,H
2015-09-14,51.750000,52.119999,51.389999,51.709999,51.709999,352600,H
2015-09-15,51.759998,51.759998,51.000000,51.020000,51.020000,388000,H
2015-09-16,50.970001,51.740002,50.970001,51.599998,51.599998,316300,H
2015-09-17,51.490002,52.139999,51.250000,51.389999,51.389999,416100,H
2015-09-18,50.590000,50.840000,49.119999,49.580002,49.580002,1475800,H
2015-09-21,50.070000,50.740002,49.599998,50.340000,50.340000,322600,H
2015-09-22,49.450001,49.910000,48.689999,48.840000,48.840000,509900,H
2015-09-23,48.779999,49.209999,48.669998,48.720001,48.720001,423400,H
2015-09-24,48.410000,48.720001,47.750000,48.119999,48.119999,290700,H
2015-09-25,48.630001,49.119999,47.919998,48.290001,48.290001,424800,H
2015-09-28,47.910000,47.950001,46.330002,46.480000,46.480000,462400,H
2015-09-29,46.619999,46.660000,45.709999,45.860001,45.860001,461500,H
2015-09-30,46.299999,47.250000,46.250000,47.099998,47.099998,409200,H
2015-10-01,47.139999,47.919998,46.919998,47.490002,47.490002,826300,H
2015-10-02,46.930000,48.759998,46.639999,48.720001,48.720001,712100,H
2015-10-05,48.849998,50.169998,48.849998,50.020000,50.020000,463000,H
2015-10-06,49.939999,50.290001,49.580002,49.740002,49.740002,353800,H
2015-10-07,49.910000,50.950001,49.849998,50.849998,50.849998,337600,H
2015-10-08,50.650002,52.610001,50.650002,52.220001,52.220001,554800,H
2015-10-09,51.980000,52.790001,51.910000,52.119999,52.119999,361700,H
2015-10-12,52.080002,52.509998,51.889999,52.290001,52.290001,278200,H
2015-10-13,51.669998,52.450001,50.639999,50.869999,50.869999,403500,H
2015-10-14,50.889999,50.959999,49.470001,49.560001,49.560001,310300,H
2015-10-15,49.860001,50.139999,48.520000,50.080002,50.080002,353700,H
2015-10-16,50.070000,50.160000,49.139999,49.799999,49.799999,317000,H
2015-10-19,49.520000,49.980000,49.439999,49.840000,49.840000,214500,H
2015-10-20,50.060001,51.110001,50.060001,51.000000,51.000000,378800,H
2015-10-21,51.029999,51.290001,50.369999,50.549999,50.549999,361600,H
2015-10-22,50.880001,51.770000,50.880001,51.500000,51.500000,216200,H
2015-10-23,51.490002,51.490002,49.570000,49.700001,49.700001,449100,H
2015-10-26,49.630001,50.349998,49.349998,50.169998,50.169998,240700,H
2015-10-27,49.939999,50.990002,49.099998,50.549999,50.549999,475800,H
2015-10-28,53.000000,54.000000,49.130001,49.630001,49.630001,4058900,H
2015-10-29,49.320000,50.330002,48.410000,50.299999,50.299999,1213200,H
2015-10-30,50.320000,50.580002,49.520000,50.400002,50.400002,662600,H
2015-11-02,50.110001,50.790001,49.860001,50.419998,50.419998,629700,H
2015-11-03,51.430000,51.570000,48.740002,49.759998,49.759998,828800,H
2015-11-04,49.930000,50.610001,49.400002,50.349998,50.349998,571300,H
2015-11-05,50.169998,52.259998,50.169998,52.150002,52.150002,739800,H
2015-11-06,52.240002,52.630001,51.959999,51.959999,51.959999,641500,H
2015-11-09,51.619999,52.799999,50.340000,51.279999,51.279999,385700,H
2015-11-10,51.349998,51.770000,50.889999,51.759998,51.759998,896500,H
2015-11-11,51.849998,52.230000,50.959999,51.020000,51.020000,342900,H
2015-11-12,50.730000,51.150002,50.380001,50.570000,50.570000,232500,H
2015-11-13,50.380001,50.419998,49.480000,49.529999,49.529999,382700,H
2015-11-16,50.810001,52.880001,50.250000,51.220001,51.220001,2622300,H
2015-11-17,51.340000,51.340000,49.410000,49.720001,49.720001,1055900,H
2015-11-18,49.700001,50.660000,49.480000,49.700001,49.700001,1485300,H
2015-11-19,49.770000,49.810001,48.660000,49.369999,49.369999,910400,H
2015-11-20,50.119999,50.720001,49.470001,49.509998,49.509998,1058200,H
2015-11-23,49.410000,51.230000,49.410000,50.310001,50.310001,998000,H
2015-11-24,49.509998,50.080002,48.830002,49.520000,49.520000,904300,H
2015-11-25,49.700001,49.860001,49.270000,49.570000,49.570000,577500,H
2015-11-27,49.619999,49.790001,49.209999,49.549999,49.549999,219900,H
2015-11-30,49.689999,49.759998,49.110001,49.290001,49.290001,357600,H
2015-12-01,49.700001,50.580002,49.639999,50.299999,50.299999,518400,H
2015-12-02,50.340000,50.459999,49.200001,49.459999,49.459999,576600,H
2015-12-03,49.759998,50.000000,48.380001,48.650002,48.650002,790000,H
2015-12-04,48.779999,49.500000,48.619999,49.459999,49.459999,328800,H
2015-12-07,49.349998,49.349998,48.590000,48.830002,48.830002,485800,H
2015-12-08,48.500000,49.220001,48.130001,48.630001,48.630001,488200,H
2015-12-09,48.060001,48.950001,47.410000,48.040001,48.040001,752800,H
2015-12-10,48.240002,49.049999,48.040001,48.900002,48.900002,477200,H
2015-12-11,48.189999,48.660000,47.830002,48.029999,48.029999,359800,H
2015-12-14,48.130001,48.549999,47.400002,47.529999,47.529999,542700,H
2015-12-15,47.150002,47.820000,46.919998,47.110001,47.110001,1110100,H
2015-12-16,47.400002,49.540001,47.200001,48.639999,48.639999,1046900,H
2015-12-17,48.410000,48.880001,48.060001,48.320000,48.320000,825000,H
2015-12-18,48.279999,48.630001,47.709999,48.160000,48.160000,991600,H
2015-12-21,48.299999,48.540001,47.290001,47.639999,47.639999,447500,H
2015-12-22,47.700001,48.360001,47.540001,47.939999,47.939999,463800,H
2015-12-23,48.299999,49.410000,47.759998,49.360001,49.360001,343400,H
2015-12-24,49.119999,49.270000,48.189999,48.200001,48.200001,207400,H
2015-12-28,48.060001,48.380001,47.529999,48.150002,48.150002,220800,H
2015-12-29,48.430000,48.680000,48.090000,48.639999,48.639999,180100,H
2015-12-30,48.549999,48.730000,47.959999,47.990002,47.990002,232600,H
2015-12-31,47.860001,48.049999,46.980000,47.020000,47.020000,414400,H
2016-01-04,46.099998,46.130001,45.080002,45.099998,45.099998,885300,H
2016-01-05,45.340000,45.720001,45.020000,45.700001,45.700001,522200,H
2016-01-06,43.770000,44.619999,42.779999,42.860001,42.860001,2048700,H
2016-01-07,42.320000,42.840000,42.099998,42.630001,42.630001,821100,H
2016-01-08,42.959999,43.080002,41.230000,41.259998,41.259998,610200,H
2016-01-11,41.380001,41.750000,40.709999,41.220001,41.220001,847100,H
2016-01-12,41.689999,41.810001,40.660000,41.310001,41.310001,637400,H
2016-01-13,41.310001,41.689999,39.200001,39.889999,39.889999,1054300,H
2016-01-14,39.099998,39.380001,37.689999,38.669998,38.669998,1393300,H
2016-01-15,36.680000,37.150002,35.610001,36.990002,36.990002,1838900,H
2016-01-19,37.259998,37.790001,34.900002,35.770000,35.770000,1224800,H
2016-01-20,35.180000,37.180000,34.060001,37.090000,37.090000,1161600,H
2016-01-21,37.090000,39.290001,37.040001,38.869999,38.869999,1372200,H
2016-01-22,39.340000,39.840000,38.029999,38.660000,38.660000,1029100,H
2016-01-25,38.450001,38.580002,37.000000,37.130001,37.130001,635800,H
2016-01-26,37.180000,38.549999,37.080002,38.130001,38.130001,750000,H
2016-01-27,38.000000,38.599998,37.610001,37.869999,37.869999,843400,H
2016-01-28,38.160000,38.369999,37.250000,37.529999,37.529999,770900,H
2016-01-29,37.500000,38.900002,37.220001,38.680000,38.680000,888000,H
2016-02-01,38.310001,38.590000,37.529999,38.250000,38.250000,824100,H
2016-02-02,37.700001,37.810001,37.250000,37.439999,37.439999,932100,H
2016-02-03,38.500000,38.720001,37.000000,38.470001,38.470001,781700,H
2016-02-04,38.270000,40.549999,38.160000,40.480000,40.480000,1126400,H
2016-02-05,40.400002,40.490002,39.200001,39.630001,39.630001,779100,H
2016-02-08,39.070000,39.669998,38.680000,39.330002,39.330002,598200,H
2016-02-09,38.799999,40.580002,38.799999,39.450001,39.450001,638300,H
2016-02-10,39.759998,40.459999,39.240002,39.360001,39.360001,715700,H
2016-02-11,39.209999,39.240002,37.660000,38.360001,38.360001,891300,H
2016-02-12,38.790001,39.799999,38.369999,39.610001,39.610001,488100,H
2016-02-16,40.230000,41.490002,40.230000,41.130001,41.130001,1236300,H
2016-02-17,41.660000,42.500000,41.509998,42.220001,42.220001,1012700,H
2016-02-18,42.900002,44.619999,40.529999,43.450001,43.450001,1405000,H
2016-02-19,43.389999,45.650002,42.750000,45.580002,45.580002,1516500,H
2016-02-22,45.700001,46.720001,45.700001,46.669998,46.669998,1192000,H
2016-02-23,46.910000,47.299999,46.240002,47.119999,47.119999,1179500,H
2016-02-24,46.619999,46.869999,44.759998,46.090000,46.090000,965400,H
2016-02-25,46.360001,46.700001,45.009998,45.619999,45.619999,670400,H
2016-02-26,46.310001,46.529999,45.520000,46.119999,46.119999,620500,H
2016-02-29,46.110001,46.590000,45.970001,46.150002,46.150002,501900,H
2016-03-01,46.570000,47.049999,46.009998,46.860001,46.860001,644500,H
2016-03-02,46.950001,47.349998,46.419998,47.320000,47.320000,548800,H
2016-03-03,47.270000,47.900002,47.189999,47.840000,47.840000,485600,H
2016-03-04,47.900002,48.480000,47.610001,48.160000,48.160000,559200,H
2016-03-07,48.090000,49.070000,47.720001,48.759998,48.759998,507500,H
2016-03-08,48.459999,48.509998,46.939999,46.970001,46.970001,567000,H
2016-03-09,47.220001,47.389999,46.590000,46.880001,46.880001,417700,H
2016-03-10,47.369999,47.459999,45.540001,46.259998,46.259998,573800,H
2016-03-11,46.630001,47.400002,46.080002,47.230000,47.230000,408300,H
2016-03-14,47.750000,48.939999,47.750000,48.270000,48.270000,614000,H
2016-03-15,48.000000,48.230000,47.340000,47.680000,47.680000,310700,H
2016-03-16,47.470001,47.959999,47.330002,47.389999,47.389999,550300,H
2016-03-17,46.709999,47.080002,45.959999,46.869999,46.869999,566000,H
2016-03-18,47.220001,48.279999,47.130001,47.410000,47.410000,879300,H
2016-03-21,48.320000,49.820000,47.919998,49.820000,49.820000,1809100,H
2016-03-22,49.119999,49.400002,48.310001,48.799999,48.799999,633900,H
2016-03-23,48.680000,48.680000,47.250000,47.360001,47.360001,485500,H
2016-03-24,47.259998,47.430000,46.750000,47.259998,47.259998,650800,H
2016-03-28,47.470001,48.020000,47.169998,47.279999,47.279999,384000,H
2016-03-29,47.209999,48.209999,46.880001,47.919998,47.919998,316100,H
2016-03-30,48.349998,48.950001,48.220001,48.950001,48.950001,422500,H
2016-03-31,48.779999,49.810001,48.680000,49.490002,49.490002,627100,H
2016-04-01,48.660000,48.810001,47.939999,48.459999,48.459999,421400,H
2016-04-04,48.560001,48.740002,48.029999,48.240002,48.240002,391500,H
2016-04-05,48.000000,48.230000,47.279999,47.349998,47.349998,484800,H
2016-04-06,47.470001,47.799999,47.090000,47.220001,47.220001,506900,H
2016-04-07,47.119999,47.459999,45.930000,46.330002,46.330002,469500,H
2016-04-08,46.680000,47.410000,46.320000,46.880001,46.880001,238100,H
2016-04-11,47.029999,48.259998,46.770000,47.619999,47.619999,424200,H
2016-04-12,47.680000,48.290001,47.669998,47.740002,47.740002,223400,H
2016-04-13,47.959999,48.869999,47.730000,48.660000,48.660000,231000,H
2016-04-14,48.730000,49.009998,48.439999,48.619999,48.619999,227400,H
2016-04-15,48.509998,48.650002,48.040001,48.090000,48.090000,186200,H
2016-04-18,48.029999,48.029999,46.820000,47.290001,47.290001,643100,H
2016-04-19,47.450001,48.169998,47.180000,47.689999,47.689999,528400,H
2016-04-20,47.700001,47.799999,46.930000,47.160000,47.160000,543500,H
2016-04-21,47.029999,47.799999,46.820000,46.919998,46.919998,459700,H
2016-04-22,46.810001,47.259998,45.490002,46.500000,46.500000,736800,H
2016-04-25,46.630001,47.049999,46.320000,46.680000,46.680000,286600,H
2016-04-26,46.450001,46.959999,45.930000,46.840000,46.840000,478400,H
2016-04-27,46.669998,47.930000,46.400002,47.750000,47.750000,566600,H
2016-04-28,47.480000,48.889999,47.279999,47.930000,47.930000,833600,H
2016-04-29,47.919998,48.380001,47.320000,47.880001,47.880001,467100,H
2016-05-02,47.919998,48.849998,47.830002,48.759998,48.759998,740900,H
2016-05-03,47.779999,50.099998,47.310001,49.709999,49.709999,951100,H
2016-05-04,49.790001,50.730000,48.080002,49.930000,49.930000,1731500,H
2016-05-05,50.110001,50.320000,48.869999,48.939999,48.939999,666600,H
2016-05-06,48.660000,49.450001,48.560001,48.750000,48.750000,468400,H
2016-05-09,48.939999,49.099998,48.160000,48.980000,48.980000,467300,H
2016-05-10,49.470001,50.939999,49.250000,50.560001,50.560001,773800,H
2016-05-11,50.349998,50.459999,49.470001,49.480000,49.480000,442300,H
2016-05-12,49.560001,49.830002,48.160000,48.709999,48.709999,529200,H
2016-05-13,48.450001,48.770000,47.750000,47.810001,47.810001,417100,H
2016-05-16,47.790001,48.180000,47.720001,47.900002,47.900002,282700,H
2016-05-17,47.820000,48.880001,47.259998,47.540001,47.540001,633200,H
2016-05-18,47.220001,48.009998,46.549999,46.880001,46.880001,604500,H
2016-05-19,45.950001,46.250000,44.299999,45.509998,45.509998,1336600,H
2016-05-20,45.549999,46.130001,45.380001,45.660000,45.660000,451100,H
2016-05-23,45.590000,45.820000,45.169998,45.340000,45.340000,454300,H
2016-05-24,45.639999,46.020000,45.419998,45.480000,45.480000,291900,H
2016-05-25,45.529999,46.529999,45.430000,46.509998,46.509998,412700,H
2016-05-26,46.520000,46.520000,45.720001,45.840000,45.840000,280400,H
2016-05-27,45.900002,46.639999,45.900002,46.380001,46.380001,180500,H
2016-05-31,46.150002,46.470001,45.779999,45.910000,45.910000,381500,H
2016-06-01,45.810001,47.220001,45.470001,47.189999,47.189999,426400,H
2016-06-02,47.080002,48.090000,46.759998,48.029999,48.029999,800500,H
2016-06-03,47.820000,47.869999,47.279999,47.570000,47.570000,204600,H
2016-06-06,47.650002,48.439999,47.520000,48.400002,48.400002,270200,H
2016-06-07,48.509998,49.000000,48.290001,48.619999,48.619999,275900,H
2016-06-08,48.630001,48.730000,48.009998,48.150002,48.150002,309900,H
2016-06-09,47.980000,48.349998,47.570000,48.139999,48.139999,203800,H
2016-06-10,47.720001,48.000000,47.099998,47.500000,47.500000,246800,H
2016-06-13,47.209999,47.650002,46.770000,46.770000,46.770000,205300,H
2016-06-14,46.020000,46.650002,45.720001,46.459999,46.459999,499100,H
2016-06-15,46.419998,48.070000,46.419998,47.630001,47.630001,496600,H
2016-06-16,47.410000,47.689999,46.529999,47.650002,47.650002,305900,H
2016-06-17,47.650002,49.200001,47.650002,48.799999,48.799999,666900,H
2016-06-20,49.529999,50.090000,49.439999,49.529999,49.529999,320200,H
2016-06-21,49.700001,50.380001,49.490002,50.279999,50.279999,554000,H
2016-06-22,50.270000,50.720001,49.560001,49.720001,49.720001,342200,H
2016-06-23,50.220001,50.639999,49.900002,50.509998,50.509998,374500,H
2016-06-24,48.270000,49.130001,47.270000,47.330002,47.330002,979500,H
2016-06-27,46.849998,47.090000,45.119999,45.500000,45.500000,500800,H
2016-06-28,46.419998,47.000000,45.869999,46.430000,46.430000,314200,H
2016-06-29,46.990002,48.669998,46.849998,48.290001,48.290001,290600,H
2016-06-30,48.430000,49.180000,47.840000,49.139999,49.139999,498100,H
2016-07-01,49.160000,50.049999,48.880001,49.790001,49.790001,218700,H
2016-07-05,49.389999,49.790001,48.480000,48.849998,48.849998,241200,H
2016-07-06,48.520000,49.080002,47.849998,48.889999,48.889999,229600,H
2016-07-07,48.770000,49.509998,48.610001,48.910000,48.910000,172700,H
2016-07-08,49.410000,50.279999,49.320000,49.799999,49.799999,408800,H
2016-07-11,50.000000,50.860001,49.900002,50.720001,50.720001,370600,H
2016-07-12,51.070000,51.900002,51.070000,51.619999,51.619999,344600,H
2016-07-13,51.700001,51.700001,50.779999,51.160000,51.160000,381800,H
2016-07-14,51.459999,51.779999,50.680000,50.709999,50.709999,350200,H
2016-07-15,50.730000,51.049999,50.150002,50.880001,50.880001,368900,H
2016-07-18,50.889999,51.619999,50.799999,51.270000,51.270000,244300,H
2016-07-19,49.779999,51.020000,49.779999,50.610001,50.610001,607400,H
2016-07-20,49.410000,51.000000,49.410000,50.439999,50.439999,317700,H
2016-07-21,50.389999,50.970001,50.090000,50.590000,50.590000,448100,H
2016-07-22,50.619999,51.599998,50.619999,51.380001,51.380001,219000,H
2016-07-25,51.349998,51.880001,51.349998,51.490002,51.490002,238200,H
2016-07-26,51.590000,52.080002,51.570000,51.919998,51.919998,286100,H
2016-07-27,51.560001,51.630001,50.189999,50.369999,50.369999,554900,H
2016-07-28,50.220001,50.669998,49.830002,50.320000,50.320000,464900,H
2016-07-29,50.200001,50.529999,49.849998,50.439999,50.439999,365600,H
2016-08-01,50.389999,51.160000,50.049999,50.930000,50.930000,567600,H
2016-08-02,51.439999,52.599998,49.439999,50.270000,50.270000,755700,H
2016-08-03,50.139999,51.720001,50.130001,51.490002,51.490002,390000,H
2016-08-04,51.419998,52.169998,51.419998,52.049999,52.049999,276900,H
2016-08-05,52.200001,52.560001,52.000000,52.529999,52.529999,215600,H
2016-08-08,52.630001,53.119999,52.450001,52.950001,52.950001,236300,H
2016-08-09,52.189999,53.279999,52.189999,52.900002,52.900002,321400,H
2016-08-10,52.950001,53.290001,52.259998,52.639999,52.639999,262900,H
2016-08-11,52.830002,53.209999,52.630001,52.779999,52.779999,275300,H
2016-08-12,52.599998,53.299999,52.490002,52.630001,52.630001,187400,H
2016-08-15,52.740002,53.560001,52.740002,53.490002,53.490002,164400,H
2016-08-16,53.439999,53.720001,53.000000,53.230000,53.230000,282700,H
2016-08-17,53.250000,53.349998,52.810001,53.029999,53.029999,249700,H
2016-08-18,53.099998,53.980000,52.860001,53.910000,53.910000,275300,H
2016-08-19,53.869999,54.230000,53.599998,54.110001,54.110001,205600,H
2016-08-22,54.060001,54.099998,53.590000,53.869999,53.869999,142500,H
2016-08-23,54.000000,54.820000,53.889999,54.509998,54.509998,239400,H
2016-08-24,54.299999,54.580002,53.990002,54.029999,54.029999,229300,H
2016-08-25,54.029999,54.549999,53.840000,54.470001,54.470001,273400,H
2016-08-26,54.490002,54.730000,53.560001,54.080002,54.080002,328600,H
2016-08-29,54.040001,54.639999,54.029999,54.049999,54.049999,150100,H
2016-08-30,54.160000,54.490002,53.889999,54.150002,54.150002,234700,H
2016-08-31,54.060001,54.340000,53.389999,53.480000,53.480000,330200,H
2016-09-01,53.580002,53.990002,53.040001,53.389999,53.389999,213600,H
2016-09-02,53.169998,53.639999,53.049999,53.330002,53.330002,167300,H
2016-09-06,53.500000,53.500000,52.560001,52.939999,52.939999,206800,H
2016-09-07,52.919998,53.470001,52.720001,53.459999,53.459999,319100,H
2016-09-08,53.220001,53.419998,52.599998,52.720001,52.720001,189000,H
2016-09-09,52.240002,52.240002,50.389999,50.439999,50.439999,306100,H
2016-09-12,49.959999,51.630001,49.630001,51.290001,51.290001,326200,H
2016-09-13,50.830002,51.400002,50.169998,50.250000,50.250000,382300,H
2016-09-14,50.220001,50.869999,49.849998,50.540001,50.540001,748600,H
2016-09-15,50.490002,51.380001,50.450001,51.299999,51.299999,223900,H
2016-09-16,51.090000,51.110001,49.990002,50.189999,50.189999,373900,H
2016-09-19,50.189999,50.680000,49.439999,50.009998,50.009998,369600,H
2016-09-20,50.240002,50.880001,50.150002,50.529999,50.529999,295500,H
2016-09-21,50.590000,50.830002,49.959999,50.790001,50.790001,178300,H
2016-09-22,51.090000,51.840000,51.080002,51.349998,51.349998,346300,H
2016-09-23,51.150002,51.150002,50.119999,50.349998,50.349998,332600,H
2016-09-26,49.110001,49.490002,47.939999,48.820000,48.820000,464100,H
2016-09-27,48.430000,49.130001,48.349998,48.720001,48.720001,379500,H
2016-09-28,48.720001,48.959999,48.119999,48.520000,48.520000,325200,H
2016-09-29,48.389999,49.520000,48.389999,48.810001,48.810001,279900,H
2016-09-30,49.130001,49.820000,48.619999,49.220001,49.220001,342700,H
2016-10-03,49.139999,49.549999,49.000000,49.240002,49.240002,262700,H
2016-10-04,49.450001,49.939999,49.270000,49.540001,49.540001,311100,H
2016-10-05,49.799999,50.860001,49.639999,50.270000,50.270000,423800,H
2016-10-06,50.119999,50.380001,49.820000,50.169998,50.169998,281600,H
2016-10-07,50.189999,50.599998,49.860001,49.990002,49.990002,334500,H
2016-10-10,50.240002,50.720001,50.130001,50.230000,50.230000,334100,H
2016-10-11,50.230000,50.230000,49.230000,49.330002,49.330002,449800,H
2016-10-12,49.320000,50.320000,49.160000,49.970001,49.970001,243900,H
2016-10-13,49.299999,49.900002,49.060001,49.759998,49.759998,222100,H
2016-10-14,50.090000,50.369999,49.639999,50.070000,50.070000,204800,H
2016-10-17,49.840000,50.230000,49.580002,49.689999,49.689999,177000,H
2016-10-18,50.310001,50.619999,50.070000,50.389999,50.389999,202500,H
2016-10-19,50.430000,50.820000,50.150002,50.500000,50.500000,159000,H
2016-10-20,50.540001,51.049999,50.419998,50.669998,50.669998,249000,H
2016-10-21,50.349998,50.470001,49.770000,50.320000,50.320000,168300,H
2016-10-24,50.779999,51.299999,50.169998,50.389999,50.389999,204300,H
2016-10-25,50.259998,50.480000,49.410000,49.820000,49.820000,501300,H
2016-10-26,48.980000,49.049999,47.959999,48.669998,48.669998,447200,H
2016-10-27,49.040001,49.090000,48.470001,48.830002,48.830002,349200,H
2016-10-28,48.910000,50.230000,48.910000,49.939999,49.939999,482300,H
2016-10-31,50.209999,50.970001,49.970001,50.790001,50.790001,365300,H
2016-11-01,50.810001,51.189999,49.720001,50.400002,50.400002,292900,H
2016-11-02,49.570000,50.740002,49.570000,50.150002,50.150002,753200,H
2016-11-03,52.900002,53.660000,50.730000,51.020000,51.020000,1004400,H
2016-11-04,51.189999,52.060001,50.410000,50.610001,50.610001,783500,H
2016-11-07,51.320000,51.860001,50.750000,51.470001,51.470001,317600,H
2016-11-08,50.759998,53.049999,50.660000,52.820000,52.820000,649100,H
2016-11-09,51.849998,53.240002,51.750000,52.930000,52.930000,561800,H
2016-11-10,53.439999,53.770000,52.459999,52.599998,52.599998,662000,H
2016-11-11,52.570000,53.080002,52.380001,52.980000,52.980000,647400,H
2016-11-14,53.040001,53.700001,53.029999,53.070000,53.070000,708200,H
2016-11-15,53.150002,53.230000,52.189999,52.259998,52.259998,550600,H
2016-11-16,52.070000,53.869999,51.860001,53.820000,53.820000,976400,H
2016-11-17,53.889999,54.200001,53.540001,53.750000,53.750000,559400,H
2016-11-18,53.939999,54.230000,53.580002,53.650002,53.650002,467100,H
2016-11-21,53.750000,54.330002,53.750000,54.139999,54.139999,570100,H
2016-11-22,54.000000,54.049999,53.459999,53.669998,53.669998,392500,H
2016-11-23,53.400002,53.599998,52.610001,52.990002,52.990002,864300,H
2016-11-25,53.180000,54.340000,52.889999,54.029999,54.029999,470500,H
2016-11-28,53.930000,54.070000,52.750000,52.810001,52.810001,526000,H
2016-11-29,52.970001,53.259998,52.599998,52.770000,52.770000,562600,H
2016-11-30,51.590000,51.849998,50.810001,51.340000,51.340000,3362700,H
2016-12-01,51.189999,52.790001,51.009998,52.400002,52.400002,2051000,H
2016-12-02,52.619999,53.630001,52.259998,53.380001,53.380001,1661900,H
2016-12-05,54.139999,54.970001,54.000000,54.750000,54.750000,889200,H
2016-12-06,54.930000,55.820000,54.709999,55.790001,55.790001,698500,H
2016-12-07,55.500000,56.950001,55.360001,56.919998,56.919998,697200,H
2016-12-08,56.790001,57.400002,56.430000,56.599998,56.599998,648300,H
2016-12-09,56.939999,57.419998,56.119999,56.509998,56.509998,2150300,H
2016-12-12,56.349998,57.130001,55.950001,56.529999,56.529999,1263200,H
2016-12-13,56.820000,57.180000,56.480000,57.000000,57.000000,671600,H
2016-12-14,57.270000,57.919998,56.980000,57.029999,57.029999,976500,H
2016-12-15,57.759998,57.980000,57.060001,57.070000,57.070000,753300,H
2016-12-16,57.130001,57.759998,57.110001,57.689999,57.689999,1287000,H
2016-12-19,57.799999,58.049999,56.639999,56.830002,56.830002,685600,H
2016-12-20,56.910000,57.389999,56.680000,56.799999,56.799999,729000,H
2016-12-21,56.750000,56.889999,56.139999,56.750000,56.750000,1073800,H
2016-12-22,57.070000,57.160000,55.950001,56.369999,56.369999,374800,H
2016-12-23,56.259998,56.480000,56.000000,56.439999,56.439999,200100,H
2016-12-27,56.490002,56.810001,56.009998,56.430000,56.430000,235500,H
2016-12-28,56.549999,56.709999,55.830002,56.000000,56.000000,238900,H
2016-12-29,56.180000,56.430000,55.759998,56.139999,56.139999,347000,H
2016-12-30,56.099998,56.099998,55.150002,55.259998,55.259998,356100,H
2017-01-03,55.950001,56.099998,55.049999,55.900002,55.900002,892100,H
2017-01-04,56.279999,56.500000,55.720001,56.040001,56.040001,782800,H
2017-01-05,56.099998,56.480000,54.980000,55.250000,55.250000,811500,H
2017-01-06,55.310001,55.450001,54.220001,54.970001,54.970001,684700,H
2017-01-09,54.939999,55.200001,54.619999,54.779999,54.779999,582900,H
2017-01-10,55.070000,55.580002,54.869999,55.169998,55.169998,558000,H
2017-01-11,55.130001,55.700001,54.689999,55.500000,55.500000,499900,H
2017-01-12,55.459999,55.459999,54.529999,54.889999,54.889999,444100,H
2017-01-13,54.840000,55.430000,54.840000,55.310001,55.310001,523300,H
2017-01-17,55.259998,55.320000,54.320000,54.349998,54.349998,500100,H
2017-01-18,54.529999,54.820000,54.200001,54.439999,54.439999,1299000,H
2017-01-19,54.650002,55.480000,54.650002,54.810001,54.810001,983800,H
2017-01-20,54.880001,55.540001,54.330002,54.439999,54.439999,698400,H
2017-01-23,54.380001,54.720001,54.020000,54.509998,54.509998,663800,H
2017-01-24,54.799999,55.270000,54.410000,54.500000,54.500000,484200,H
2017-01-25,53.889999,55.150002,53.070000,54.560001,54.560001,1122500,H
2017-01-26,54.759998,55.650002,54.480000,55.619999,55.619999,717000,H
2017-01-27,55.520000,55.619999,55.169998,55.599998,55.599998,398000,H
2017-01-30,55.230000,55.230000,54.150002,54.400002,54.400002,530000,H
2017-01-31,54.540001,54.799999,53.770000,54.709999,54.709999,459800,H
2017-02-01,55.049999,55.250000,54.630001,54.820000,54.820000,445300,H
2017-02-02,54.730000,55.200001,54.340000,55.000000,55.000000,466900,H
2017-02-03,55.240002,55.750000,55.110001,55.740002,55.740002,519400,H
2017-02-06,55.459999,55.740002,55.209999,55.360001,55.360001,368100,H
2017-02-07,55.480000,56.000000,55.410000,55.790001,55.790001,576200,H
2017-02-08,55.619999,55.860001,55.299999,55.799999,55.799999,394600,H
2017-02-09,55.970001,56.259998,55.799999,56.090000,56.090000,419600,H
2017-02-10,56.220001,56.259998,55.869999,56.150002,56.150002,313500,H
2017-02-13,56.650002,56.680000,55.990002,56.299999,56.299999,505400,H
2017-02-14,56.490002,56.570000,55.950001,56.470001,56.470001,526300,H
2017-02-15,56.509998,57.040001,55.770000,56.980000,56.980000,849900,H
2017-02-16,56.400002,57.459999,55.290001,56.090000,56.090000,997900,H
2017-02-17,55.500000,55.509998,53.189999,53.549999,53.549999,1812800,H
2017-02-21,53.840000,53.910000,52.790001,53.430000,53.430000,999800,H
2017-02-22,53.209999,53.450001,52.189999,52.200001,52.200001,918700,H
2017-02-23,52.310001,52.330002,51.189999,51.259998,51.259998,971200,H
2017-02-24,51.250000,52.009998,50.820000,51.869999,51.869999,782700,H
2017-02-27,51.810001,52.049999,51.500000,51.919998,51.919998,582400,H
2017-02-28,52.000000,52.060001,51.320000,51.340000,51.340000,753600,H
2017-03-01,51.840000,52.599998,51.840000,52.480000,52.480000,895800,H
2017-03-02,52.480000,52.619999,52.040001,52.470001,52.470001,941800,H
2017-03-03,52.310001,52.439999,51.580002,51.820000,51.820000,880800,H
2017-03-06,51.520000,51.750000,51.360001,51.480000,51.480000,625100,H
2017-03-07,52.509998,52.509998,51.349998,51.410000,51.410000,783200,H
2017-03-08,51.250000,51.790001,51.000000,51.009998,51.009998,656600,H
2017-03-09,50.990002,51.230000,50.209999,50.639999,50.639999,924900,H
2017-03-10,50.959999,51.639999,50.750000,51.400002,51.400002,898800,H
2017-03-13,51.349998,51.770000,51.259998,51.740002,51.740002,526300,H
2017-03-14,51.730000,51.730000,50.830002,51.500000,51.500000,618800,H
2017-03-15,51.849998,52.349998,51.540001,52.209999,52.209999,591000,H
2017-03-16,52.889999,54.330002,52.639999,53.549999,53.549999,1110200,H
2017-03-17,53.740002,53.919998,53.240002,53.259998,53.259998,1162900,H
2017-03-20,53.450001,53.610001,53.090000,53.349998,53.349998,499200,H
2017-03-21,53.700001,53.889999,51.799999,51.900002,51.900002,944400,H
2017-03-22,51.650002,52.779999,51.619999,52.650002,52.650002,680800,H
2017-03-23,52.630001,53.200001,52.619999,52.980000,52.980000,541900,H
2017-03-24,53.029999,53.340000,52.410000,52.619999,52.619999,462400,H
2017-03-27,52.169998,52.540001,51.680000,52.430000,52.430000,355900,H
2017-03-28,52.410000,53.099998,52.119999,53.009998,53.009998,1094200,H
2017-03-29,52.740002,53.610001,52.740002,53.540001,53.540001,649800,H
2017-03-30,53.470001,53.910000,53.400002,53.650002,53.650002,390400,H
2017-03-31,53.689999,54.180000,53.669998,53.980000,53.980000,596500,H
2017-04-03,54.000000,54.320000,53.540001,53.570000,53.570000,711400,H
2017-04-04,53.250000,53.919998,53.029999,53.540001,53.540001,629300,H
2017-04-05,53.810001,54.320000,53.380001,53.410000,53.410000,670700,H
2017-04-06,53.250000,53.770000,53.110001,53.619999,53.619999,623900,H
2017-04-07,53.369999,53.520000,52.720001,53.290001,53.290001,719400,H
2017-04-10,53.150002,53.669998,53.110001,53.570000,53.570000,583100,H
2017-04-11,53.650002,53.950001,53.340000,53.939999,53.939999,344700,H
2017-04-12,53.849998,54.270000,53.709999,54.240002,54.240002,605900,H
2017-04-13,54.180000,54.369999,53.709999,53.900002,53.900002,683100,H
2017-04-17,54.139999,54.389999,53.759998,54.250000,54.250000,415200,H
2017-04-18,54.020000,54.540001,53.590000,54.509998,54.509998,506700,H
2017-04-19,54.709999,54.970001,54.529999,54.849998,54.849998,762700,H
2017-04-20,54.919998,55.560001,54.560001,55.549999,55.549999,602300,H
2017-04-21,55.490002,55.660000,55.070000,55.090000,55.090000,711200,H
2017-04-24,55.599998,55.799999,55.310001,55.330002,55.330002,446300,H
2017-04-25,55.669998,56.029999,55.529999,55.970001,55.970001,318400,H
2017-04-26,55.849998,57.459999,55.799999,57.020000,57.020000,892500,H
2017-04-27,57.130001,57.180000,56.590000,56.730000,56.730000,271200,H
2017-04-28,56.840000,57.189999,55.200001,55.500000,55.500000,457300,H
2017-05-01,55.549999,56.509998,55.310001,56.209999,56.209999,689100,H
2017-05-02,56.459999,56.939999,56.090000,56.639999,56.639999,920800,H
2017-05-03,56.660000,56.880001,55.779999,56.259998,56.259998,959100,H
2017-05-04,57.380001,58.570000,56.799999,57.400002,57.400002,1293600,H
2017-05-05,58.049999,58.240002,57.750000,58.060001,58.060001,871100,H
2017-05-08,58.000000,58.369999,57.250000,57.299999,57.299999,599800,H
2017-05-09,59.020000,59.299999,57.959999,57.990002,57.990002,1226200,H
2017-05-10,57.730000,58.439999,57.490002,58.290001,58.290001,564400,H
2017-05-11,58.099998,58.570000,57.590000,58.360001,58.360001,567300,H
2017-05-12,58.439999,58.740002,58.160000,58.410000,58.410000,529500,H
2017-05-15,58.410000,58.959999,58.389999,58.520000,58.520000,456600,H
2017-05-16,58.669998,58.770000,58.049999,58.169998,58.169998,500100,H
2017-05-17,57.660000,57.889999,57.009998,57.509998,57.509998,443500,H
2017-05-18,57.220001,58.400002,57.200001,57.919998,57.919998,370000,H
2017-05-19,58.060001,58.590000,57.820000,58.020000,58.020000,698600,H
2017-05-22,58.060001,58.520000,58.060001,58.400002,58.400002,514700,H
2017-05-23,57.740002,58.560001,57.610001,57.980000,57.980000,3839900,H
2017-05-24,58.070000,58.480000,58.000000,58.110001,58.110001,843200,H
2017-05-25,58.099998,58.259998,57.509998,57.549999,57.549999,714100,H
2017-05-26,57.459999,57.970001,57.230000,57.520000,57.520000,738700,H
2017-05-30,57.509998,58.090000,57.090000,57.630001,57.630001,457500,H
2017-05-31,57.919998,58.080002,57.209999,57.700001,57.700001,546400,H
2017-06-01,58.060001,58.360001,57.570000,57.590000,57.590000,607900,H
2017-06-02,57.680000,57.939999,57.639999,57.910000,57.910000,749700,H
2017-06-05,58.049999,58.270000,57.480000,57.580002,57.580002,537200,H
2017-06-06,57.310001,57.459999,56.380001,56.490002,56.490002,333900,H
2017-06-07,56.529999,56.830002,55.950001,56.480000,56.480000,1115000,H
2017-06-08,56.419998,57.110001,56.169998,56.810001,56.810001,439800,H
2017-06-09,56.869999,57.180000,56.150002,56.560001,56.560001,711400,H
2017-06-12,56.509998,56.840000,56.310001,56.310001,56.310001,595700,H
2017-06-13,56.389999,57.779999,56.389999,57.540001,57.540001,549100,H
2017-06-14,57.630001,57.740002,57.240002,57.540001,57.540001,327000,H
2017-06-15,57.099998,57.630001,56.990002,57.470001,57.470001,1046300,H
2017-06-16,57.509998,58.009998,57.290001,57.869999,57.869999,504700,H
2017-06-19,58.080002,58.470001,57.759998,57.889999,57.889999,1468000,H
2017-06-20,57.889999,58.270000,57.009998,57.410000,57.410000,884300,H
2017-06-21,57.560001,57.720001,56.930000,57.189999,57.189999,584800,H
2017-06-22,57.240002,57.740002,56.980000,57.320000,57.320000,607100,H
2017-06-23,57.259998,57.900002,56.910000,57.700001,57.700001,686800,H
2017-06-26,57.939999,58.389999,57.820000,58.090000,58.090000,1237200,H
2017-06-27,57.880001,58.360001,57.009998,57.090000,57.090000,710600,H
2017-06-28,57.360001,57.700001,57.139999,57.380001,57.380001,1868900,H
2017-06-29,57.459999,57.459999,56.189999,56.450001,56.450001,484000,H
2017-06-30,56.580002,56.590000,56.090000,56.209999,56.209999,506000,H
2017-07-03,56.360001,56.360001,55.610001,55.610001,55.610001,392000,H
2017-07-05,55.619999,55.900002,55.049999,55.520000,55.520000,675000,H
2017-07-06,55.250000,55.790001,55.230000,55.279999,55.279999,538900,H
2017-07-07,55.360001,55.820000,55.259998,55.320000,55.320000,314100,H
2017-07-10,55.490002,55.750000,54.970001,55.009998,55.009998,479200,H
2017-07-11,55.000000,55.299999,54.639999,55.139999,55.139999,472700,H
2017-07-12,55.480000,55.799999,55.049999,55.070000,55.070000,281100,H
2017-07-13,55.310001,55.529999,54.980000,55.090000,55.090000,338300,H
2017-07-14,55.070000,55.270000,54.759998,54.970001,54.970001,269300,H
2017-07-17,54.959999,55.709999,54.820000,55.250000,55.250000,748400,H
2017-07-18,55.189999,56.270000,55.189999,56.150002,56.150002,1223800,H
2017-07-19,56.070000,56.259998,55.250000,56.230000,56.230000,1636800,H
2017-07-20,56.220001,56.529999,55.060001,55.389999,55.389999,600500,H
2017-07-21,55.070000,55.529999,55.020000,55.209999,55.209999,568000,H
2017-07-24,55.310001,55.349998,54.820000,54.849998,54.849998,458700,H
2017-07-25,55.049999,55.639999,55.049999,55.240002,55.240002,302800,H
2017-07-26,55.299999,55.869999,54.380001,54.619999,54.619999,776400,H
2017-07-27,54.669998,55.310001,54.599998,55.180000,55.180000,351000,H
2017-07-28,54.970001,55.759998,54.860001,55.430000,55.430000,987300,H
2017-07-31,55.540001,56.029999,55.470001,55.570000,55.570000,666700,H
2017-08-01,55.740002,56.430000,55.470001,56.180000,56.180000,607700,H
2017-08-02,56.220001,56.230000,54.669998,55.750000,55.750000,692500,H
2017-08-03,56.849998,60.660000,56.099998,59.970001,59.970001,2132100,H
2017-08-04,60.389999,61.070000,59.650002,60.349998,60.349998,888700,H
2017-08-07,60.799999,60.849998,60.340000,60.580002,60.580002,681800,H
2017-08-08,60.439999,60.680000,58.610001,58.939999,58.939999,1090000,H
2017-08-09,57.169998,57.900002,56.770000,57.299999,57.299999,5237000,H
2017-08-10,57.169998,57.599998,56.450001,56.520000,56.520000,1288100,H
2017-08-11,56.380001,57.040001,56.049999,56.500000,56.500000,2461200,H
2017-08-14,57.049999,57.410000,56.820000,57.070000,57.070000,2095900,H
2017-08-15,57.500000,57.740002,56.900002,56.900002,56.900002,1055200,H
2017-08-16,57.040001,57.369999,56.529999,56.689999,56.689999,1209100,H
2017-08-17,56.290001,56.799999,55.799999,55.959999,55.959999,1348300,H
2017-08-18,55.860001,56.279999,55.700001,56.009998,56.009998,1682400,H
2017-08-21,56.040001,56.560001,55.869999,56.290001,56.290001,396100,H
2017-08-22,56.389999,57.689999,56.240002,57.500000,57.500000,1092400,H
2017-08-23,57.130001,57.889999,56.230000,57.470001,57.470001,1098600,H
2017-08-24,57.619999,57.840000,57.119999,57.209999,57.209999,832300,H
2017-08-25,57.570000,58.090000,57.259998,57.820000,57.820000,1094100,H
2017-08-28,57.860001,58.150002,57.520000,57.970001,57.970001,1831900,H
2017-08-29,57.410000,58.250000,57.410000,58.099998,58.099998,831600,H
2017-08-30,58.130001,59.200001,58.130001,58.889999,58.889999,1010700,H
2017-08-31,59.020000,59.560001,58.959999,59.509998,59.509998,558600,H
2017-09-01,59.599998,59.930000,59.470001,59.660000,59.660000,477800,H
2017-09-05,59.470001,59.810001,58.279999,58.639999,58.639999,525800,H
2017-09-06,58.759998,59.169998,58.209999,58.980000,58.980000,752900,H
2017-09-07,59.049999,59.290001,58.730000,59.000000,59.000000,432600,H
2017-09-08,59.020000,59.990002,59.000000,59.560001,59.560001,766400,H
2017-09-11,59.889999,60.500000,59.889999,60.049999,60.049999,607600,H
2017-09-12,60.110001,60.580002,60.110001,60.299999,60.299999,427900,H
2017-09-13,60.180000,60.750000,59.820000,60.480000,60.480000,589000,H
2017-09-14,60.290001,60.660000,60.200001,60.450001,60.450001,609500,H
