Date,Open,High,Low,Close,Adj Close,Volume,JVA
2012-09-14,8.460000,8.460000,7.650000,7.720000,7.622541,1142900,JVA
2012-09-17,7.700000,8.030000,7.330000,7.440000,7.346076,609500,JVA
2012-09-18,7.450000,7.980000,7.300000,7.800000,7.701532,873200,JVA
2012-09-19,7.760000,8.120000,7.550000,7.740000,7.642289,776600,JVA
2012-09-20,7.700000,8.080000,7.650000,7.800000,7.701532,753000,JVA
2012-09-21,7.870000,7.990000,7.720000,7.760000,7.662037,203400,JVA
2012-09-24,7.920000,7.920000,7.350000,7.590000,7.494183,208500,JVA
2012-09-25,7.840000,7.840000,7.260000,7.330000,7.237465,225900,JVA
2012-09-26,7.270000,7.270000,6.880000,6.960000,6.872137,391300,JVA
2012-09-27,7.020000,7.150000,7.000000,7.080000,6.990622,137000,JVA
2012-09-28,7.030000,7.090000,6.880000,7.060000,6.970874,121400,JVA
2012-10-01,7.070000,7.200000,6.910000,6.940000,6.852389,126300,JVA
2012-10-02,7.180000,7.360000,6.950000,7.190000,7.099233,146800,JVA
2012-10-03,7.140000,7.590000,7.120000,7.400000,7.306581,151900,JVA
2012-10-04,7.370000,7.740000,7.370000,7.460000,7.365824,158400,JVA
2012-10-05,7.460000,7.480000,7.150000,7.250000,7.158475,59200,JVA
2012-10-08,7.280000,7.330000,7.120000,7.270000,7.178223,61700,JVA
2012-10-09,7.330000,7.330000,7.120000,7.140000,7.049864,50000,JVA
2012-10-10,7.150000,7.220000,6.800000,6.960000,6.872137,152000,JVA
2012-10-11,6.830000,7.040000,6.800000,6.990000,6.901757,107300,JVA
2012-10-12,6.960000,7.020000,6.780000,6.890000,6.832343,105200,JVA
2012-10-15,6.950000,7.020000,6.840000,7.000000,6.941422,65500,JVA
2012-10-16,7.020000,7.020000,6.780000,6.870000,6.812510,85100,JVA
2012-10-17,6.960000,7.340000,6.820000,7.170000,7.110000,416000,JVA
2012-10-18,7.110000,7.500000,7.050000,7.180000,7.119916,265500,JVA
2012-10-19,7.130000,7.330000,6.880000,6.990000,6.931506,139400,JVA
2012-10-22,7.200000,7.200000,6.920000,7.080000,7.020753,89500,JVA
2012-10-23,7.120000,7.150000,6.930000,6.990000,6.931506,82800,JVA
2012-10-24,7.040000,7.110000,6.880000,6.910000,6.852176,135100,JVA
2012-10-25,6.930000,6.970000,6.800000,6.840000,6.782762,63600,JVA
2012-10-26,6.860000,6.880000,6.650000,6.660000,6.604268,111600,JVA
2012-10-31,6.760000,6.820000,6.310000,6.420000,6.366276,113800,JVA
2012-11-01,6.410000,6.870000,6.410000,6.720000,6.663765,137800,JVA
2012-11-02,6.750000,6.950000,6.720000,6.750000,6.693515,161100,JVA
2012-11-05,6.720000,6.750000,6.520000,6.640000,6.584435,58300,JVA
2012-11-06,6.670000,6.790000,6.500000,6.550000,6.495189,83300,JVA
2012-11-07,6.500000,6.660000,6.370000,6.500000,6.445607,60800,JVA
2012-11-08,6.640000,6.640000,6.390000,6.400000,6.346444,87700,JVA
2012-11-09,6.390000,6.490000,6.200000,6.210000,6.158033,110500,JVA
2012-11-12,6.290000,6.700000,6.070000,6.500000,6.445607,123900,JVA
2012-11-13,6.950000,6.950000,6.250000,6.400000,6.346444,84000,JVA
2012-11-14,6.400000,6.420000,6.120000,6.140000,6.088619,93800,JVA
2012-11-15,6.180000,6.470000,6.040000,6.070000,6.019205,68500,JVA
2012-11-16,6.100000,6.270000,6.050000,6.140000,6.088619,38900,JVA
2012-11-19,6.170000,6.580000,6.170000,6.490000,6.435690,137600,JVA
2012-11-20,6.690000,6.990000,6.450000,6.490000,6.435690,266800,JVA
2012-11-21,6.530000,6.680000,6.450000,6.650000,6.594352,68000,JVA
2012-11-23,6.860000,6.920000,6.650000,6.880000,6.822427,108800,JVA
2012-11-26,6.880000,6.950000,6.730000,6.900000,6.842259,93000,JVA
2012-11-27,6.900000,7.210000,6.900000,7.010000,6.951339,238700,JVA
2012-11-28,7.460000,7.660000,7.350000,7.380000,7.318243,565500,JVA
2012-11-29,7.420000,7.420000,7.080000,7.250000,7.189331,141000,JVA
2012-11-30,7.220000,7.250000,6.850000,6.940000,6.881925,172500,JVA
2012-12-03,6.960000,6.970000,6.750000,6.930000,6.872008,86400,JVA
2012-12-04,6.900000,7.200000,6.890000,7.160000,7.100083,125100,JVA
2012-12-05,7.240000,7.700000,7.240000,7.490000,7.427322,496100,JVA
2012-12-06,7.560000,7.720000,7.100000,7.170000,7.110000,185200,JVA
2012-12-07,7.180000,7.390000,7.080000,7.090000,7.030670,69800,JVA
2012-12-10,7.100000,7.380000,7.000000,7.090000,7.030670,175200,JVA
2012-12-11,7.010000,7.220000,7.010000,7.140000,7.080251,83200,JVA
2012-12-12,7.180000,7.280000,7.110000,7.170000,7.110000,66400,JVA
2012-12-13,7.070000,7.250000,6.960000,7.040000,7.040000,84200,JVA
2012-12-14,7.020000,7.110000,6.850000,7.010000,7.010000,135300,JVA
2012-12-17,7.410000,8.130000,7.410000,7.840000,7.840000,1030500,JVA
2012-12-18,7.840000,8.080000,7.650000,7.800000,7.800000,333100,JVA
2012-12-19,7.750000,7.890000,7.450000,7.550000,7.550000,216100,JVA
2012-12-20,7.600000,7.750000,7.350000,7.520000,7.520000,146900,JVA
2012-12-21,7.400000,7.400000,7.160000,7.190000,7.190000,124500,JVA
2012-12-24,7.160000,7.260000,7.060000,7.140000,7.140000,31300,JVA
2012-12-26,7.110000,7.270000,7.080000,7.150000,7.150000,49700,JVA
2012-12-27,7.170000,7.250000,7.000000,7.040000,7.040000,138100,JVA
2012-12-28,7.080000,7.250000,6.930000,7.040000,7.040000,110400,JVA
2012-12-31,7.010000,7.110000,6.950000,7.000000,7.000000,143100,JVA
2013-01-02,7.140000,7.460000,7.140000,7.370000,7.370000,266500,JVA
2013-01-03,7.400000,7.550000,7.350000,7.400000,7.400000,144100,JVA
2013-01-04,7.450000,7.500000,7.250000,7.390000,7.390000,112000,JVA
2013-01-07,7.400000,7.700000,7.400000,7.570000,7.570000,117700,JVA
2013-01-08,7.500000,7.570000,7.400000,7.470000,7.470000,60600,JVA
2013-01-09,7.420000,7.490000,7.350000,7.400000,7.400000,66900,JVA
2013-01-10,7.420000,7.430000,7.200000,7.310000,7.310000,103200,JVA
2013-01-11,7.330000,7.450000,7.330000,7.430000,7.430000,75600,JVA
2013-01-14,7.400000,7.680000,7.400000,7.580000,7.580000,164500,JVA
2013-01-15,7.500000,7.570000,7.400000,7.460000,7.460000,75000,JVA
2013-01-16,7.500000,7.900000,7.470000,7.880000,7.880000,268400,JVA
2013-01-17,7.960000,8.190000,7.900000,8.030000,8.030000,289300,JVA
2013-01-18,8.050000,8.280000,8.000000,8.180000,8.180000,234000,JVA
2013-01-22,8.180000,8.450000,7.920000,8.300000,8.300000,373000,JVA
2013-01-23,8.120000,8.300000,8.050000,8.130000,8.130000,129200,JVA
2013-01-24,8.220000,8.300000,8.010000,8.150000,8.150000,172200,JVA
2013-01-25,8.230000,8.840000,8.140000,8.620000,8.620000,536500,JVA
2013-01-28,8.240000,8.400000,7.560000,7.670000,7.670000,983900,JVA
2013-01-29,7.650000,7.840000,7.350000,7.410000,7.410000,368100,JVA
2013-01-30,7.420000,7.570000,7.220000,7.270000,7.270000,255600,JVA
2013-01-31,7.270000,7.310000,6.940000,7.080000,7.080000,260900,JVA
2013-02-01,7.150000,7.170000,6.960000,7.020000,7.020000,182000,JVA
2013-02-04,7.030000,7.170000,7.000000,7.030000,7.030000,116200,JVA
2013-02-05,7.060000,7.380000,7.050000,7.300000,7.300000,255300,JVA
2013-02-06,7.340000,7.500000,7.310000,7.480000,7.480000,210900,JVA
2013-02-07,7.500000,7.500000,7.100000,7.260000,7.260000,156900,JVA
2013-02-08,7.300000,7.300000,7.160000,7.190000,7.190000,81600,JVA
2013-02-11,7.240000,7.260000,7.070000,7.090000,7.090000,62200,JVA
2013-02-12,7.100000,7.220000,7.100000,7.190000,7.190000,75200,JVA
2013-02-13,7.250000,7.280000,7.190000,7.220000,7.220000,58300,JVA
2013-02-14,7.220000,7.250000,7.150000,7.190000,7.190000,74000,JVA
2013-02-15,7.240000,7.260000,7.200000,7.260000,7.260000,78000,JVA
2013-02-19,7.370000,7.370000,7.240000,7.330000,7.330000,125800,JVA
2013-02-20,7.300000,7.650000,7.280000,7.490000,7.490000,482000,JVA
2013-02-21,7.430000,7.440000,7.250000,7.310000,7.310000,118800,JVA
2013-02-22,7.500000,7.500000,7.310000,7.460000,7.460000,77100,JVA
2013-02-25,7.500000,7.500000,7.370000,7.370000,7.370000,78700,JVA
2013-02-26,7.400000,7.440000,7.230000,7.360000,7.360000,96000,JVA
2013-02-27,7.330000,7.380000,7.240000,7.350000,7.350000,80200,JVA
2013-02-28,7.350000,7.400000,7.300000,7.320000,7.320000,59200,JVA
2013-03-01,7.300000,7.390000,7.160000,7.270000,7.270000,60200,JVA
2013-03-04,7.320000,7.330000,7.200000,7.230000,7.230000,50300,JVA
2013-03-05,7.220000,7.320000,7.160000,7.180000,7.180000,82600,JVA
2013-03-06,7.220000,7.300000,7.190000,7.290000,7.290000,59500,JVA
2013-03-07,7.330000,7.400000,7.260000,7.340000,7.340000,68400,JVA
2013-03-08,7.360000,7.380000,7.210000,7.280000,7.280000,62300,JVA
2013-03-11,7.310000,7.380000,7.260000,7.350000,7.350000,38200,JVA
2013-03-12,7.310000,7.360000,7.300000,7.330000,7.330000,30100,JVA
2013-03-13,7.310000,7.350000,7.280000,7.300000,7.300000,36800,JVA
2013-03-14,7.290000,7.390000,7.290000,7.300000,7.300000,78100,JVA
2013-03-15,7.300000,7.780000,7.300000,7.720000,7.720000,438900,JVA
2013-03-18,7.180000,7.180000,6.950000,7.030000,7.030000,550500,JVA
2013-03-19,7.070000,7.180000,6.950000,6.970000,6.970000,214900,JVA
2013-03-20,7.000000,7.090000,6.670000,6.700000,6.700000,285400,JVA
2013-03-21,6.720000,6.840000,6.600000,6.660000,6.660000,106900,JVA
2013-03-22,6.700000,6.900000,6.650000,6.800000,6.800000,120900,JVA
2013-03-25,6.890000,6.900000,6.750000,6.760000,6.760000,58400,JVA
2013-03-26,6.770000,6.790000,6.650000,6.690000,6.690000,53200,JVA
2013-03-27,6.660000,6.760000,6.590000,6.670000,6.670000,39000,JVA
2013-03-28,6.650000,6.800000,6.650000,6.790000,6.790000,47600,JVA
2013-04-01,6.750000,6.900000,6.700000,6.880000,6.880000,48800,JVA
2013-04-02,6.900000,6.900000,6.680000,6.680000,6.680000,52400,JVA
2013-04-03,6.650000,6.700000,6.490000,6.580000,6.580000,119500,JVA
2013-04-04,6.540000,6.700000,6.400000,6.650000,6.650000,63500,JVA
2013-04-05,6.620000,6.710000,6.500000,6.530000,6.530000,48800,JVA
2013-04-08,6.500000,6.620000,6.500000,6.590000,6.590000,19600,JVA
2013-04-09,6.650000,6.650000,6.500000,6.520000,6.520000,43000,JVA
2013-04-10,6.540000,6.590000,6.430000,6.540000,6.540000,62200,JVA
2013-04-11,6.570000,6.590000,6.410000,6.490000,6.490000,65200,JVA
2013-04-12,6.520000,6.700000,6.510000,6.650000,6.650000,81300,JVA
2013-04-15,6.670000,6.770000,6.630000,6.650000,6.650000,90800,JVA
2013-04-16,6.660000,6.730000,6.580000,6.580000,6.580000,45000,JVA
2013-04-17,6.580000,6.580000,6.370000,6.390000,6.390000,75400,JVA
2013-04-18,6.390000,6.450000,6.330000,6.410000,6.410000,24500,JVA
2013-04-19,6.580000,6.670000,6.450000,6.460000,6.460000,36900,JVA
2013-04-22,6.450000,6.590000,6.450000,6.520000,6.520000,22700,JVA
2013-04-23,6.570000,6.590000,6.450000,6.490000,6.490000,47100,JVA
2013-04-24,6.540000,6.590000,6.420000,6.540000,6.540000,61300,JVA
2013-04-25,6.560000,6.680000,6.500000,6.590000,6.590000,68900,JVA
2013-04-26,6.620000,6.720000,6.600000,6.650000,6.650000,45000,JVA
2013-04-29,6.700000,6.790000,6.570000,6.730000,6.730000,29300,JVA
2013-04-30,6.760000,6.850000,6.730000,6.780000,6.780000,52400,JVA
2013-05-01,6.730000,6.810000,6.600000,6.700000,6.700000,22600,JVA
2013-05-02,6.680000,6.800000,6.620000,6.790000,6.790000,38900,JVA
2013-05-03,6.880000,6.950000,6.810000,6.880000,6.880000,77100,JVA
2013-05-06,6.900000,7.070000,6.750000,6.930000,6.930000,85700,JVA
2013-05-07,6.960000,6.970000,6.750000,6.780000,6.780000,49400,JVA
2013-05-08,6.800000,6.920000,6.750000,6.840000,6.840000,76800,JVA
2013-05-09,7.010000,7.160000,6.920000,7.020000,7.020000,273700,JVA
2013-05-10,6.980000,7.040000,6.900000,6.990000,6.990000,77000,JVA
2013-05-13,6.920000,7.060000,6.850000,6.880000,6.880000,74300,JVA
2013-05-14,6.930000,7.080000,6.910000,6.990000,6.990000,86300,JVA
2013-05-15,7.020000,7.090000,6.880000,6.960000,6.960000,82600,JVA
2013-05-16,6.910000,7.050000,6.800000,6.870000,6.870000,74500,JVA
2013-05-17,6.960000,7.000000,6.810000,6.940000,6.940000,71800,JVA
2013-05-20,6.930000,7.250000,6.850000,7.210000,7.210000,171600,JVA
2013-05-21,7.210000,7.500000,7.020000,7.400000,7.400000,173500,JVA
2013-05-22,7.460000,7.530000,7.100000,7.180000,7.180000,167500,JVA
2013-05-23,7.070000,7.190000,6.970000,7.150000,7.150000,71800,JVA
2013-05-24,7.160000,7.250000,7.060000,7.100000,7.100000,61300,JVA
2013-05-28,7.130000,7.140000,7.000000,7.080000,7.080000,74300,JVA
2013-05-29,7.100000,7.130000,7.010000,7.040000,7.040000,27100,JVA
2013-05-30,7.050000,7.200000,7.030000,7.120000,7.120000,49500,JVA
2013-05-31,7.160000,7.180000,7.000000,7.000000,7.000000,76900,JVA
2013-06-03,7.030000,7.030000,6.840000,6.940000,6.940000,61000,JVA
2013-06-04,6.910000,7.010000,6.890000,6.910000,6.910000,34400,JVA
2013-06-05,6.910000,7.000000,6.850000,6.880000,6.880000,31300,JVA
2013-06-06,6.930000,6.980000,6.880000,6.930000,6.930000,40200,JVA
2013-06-07,6.920000,6.990000,6.810000,6.930000,6.930000,56600,JVA
2013-06-10,6.960000,7.100000,6.930000,7.090000,7.090000,68300,JVA
2013-06-11,7.000000,7.150000,7.000000,7.130000,7.130000,46800,JVA
2013-06-12,7.150000,7.150000,6.920000,7.060000,7.060000,31200,JVA
2013-06-13,6.770000,6.780000,6.330000,6.460000,6.460000,421700,JVA
2013-06-14,6.400000,6.450000,6.300000,6.370000,6.370000,86700,JVA
2013-06-17,6.370000,6.370000,6.100000,6.180000,6.180000,170300,JVA
2013-06-18,6.140000,6.180000,5.960000,6.070000,6.070000,96700,JVA
2013-06-19,6.100000,6.300000,6.020000,6.230000,6.230000,82600,JVA
2013-06-20,6.070000,6.250000,6.060000,6.110000,6.110000,34500,JVA
2013-06-21,6.080000,6.090000,6.000000,6.090000,6.090000,44100,JVA
2013-06-24,6.060000,6.060000,5.810000,5.820000,5.820000,96000,JVA
2013-06-25,5.880000,5.980000,5.850000,5.970000,5.970000,53700,JVA
2013-06-26,5.970000,6.050000,5.870000,5.900000,5.900000,26000,JVA
2013-06-27,5.890000,6.030000,5.890000,6.000000,6.000000,20700,JVA
2013-06-28,6.020000,6.020000,5.950000,6.010000,6.010000,36800,JVA
2013-07-01,6.000000,6.100000,5.940000,6.060000,6.060000,51700,JVA
2013-07-02,6.100000,6.280000,6.060000,6.240000,6.240000,23400,JVA
2013-07-03,6.230000,6.230000,6.090000,6.140000,6.140000,10500,JVA
2013-07-05,6.180000,6.340000,6.170000,6.320000,6.320000,27500,JVA
2013-07-08,6.350000,6.350000,6.050000,6.080000,6.080000,51600,JVA
2013-07-09,6.050000,6.320000,6.050000,6.220000,6.220000,39400,JVA
2013-07-10,6.270000,6.310000,6.130000,6.180000,6.180000,26200,JVA
2013-07-11,6.280000,6.280000,6.140000,6.190000,6.190000,26800,JVA
2013-07-12,6.130000,6.200000,6.110000,6.120000,6.120000,23500,JVA
2013-07-15,6.120000,6.250000,6.120000,6.210000,6.210000,24200,JVA
2013-07-16,6.250000,6.260000,6.140000,6.220000,6.220000,42200,JVA
2013-07-17,6.270000,6.300000,6.130000,6.280000,6.280000,32100,JVA
2013-07-18,6.280000,6.320000,6.260000,6.310000,6.310000,62400,JVA
2013-07-19,6.330000,6.700000,6.330000,6.610000,6.610000,195000,JVA
2013-07-22,6.660000,6.860000,6.660000,6.800000,6.800000,86300,JVA
2013-07-23,6.770000,6.900000,6.680000,6.880000,6.880000,80000,JVA
2013-07-24,6.900000,6.960000,6.700000,6.750000,6.750000,73300,JVA
2013-07-25,6.700000,6.860000,6.700000,6.800000,6.800000,33400,JVA
2013-07-26,6.800000,6.850000,6.680000,6.800000,6.800000,16600,JVA
2013-07-29,6.760000,6.800000,6.710000,6.780000,6.780000,27600,JVA
2013-07-30,6.810000,6.900000,6.720000,6.840000,6.840000,53700,JVA
2013-07-31,6.900000,6.900000,6.760000,6.820000,6.820000,44200,JVA
2013-08-01,6.830000,6.870000,6.650000,6.690000,6.690000,71100,JVA
2013-08-02,6.750000,6.790000,6.700000,6.700000,6.700000,49000,JVA
2013-08-05,6.750000,6.750000,6.550000,6.570000,6.570000,67700,JVA
2013-08-06,6.500000,6.600000,6.450000,6.520000,6.520000,38300,JVA
2013-08-07,6.550000,6.600000,6.340000,6.400000,6.400000,45900,JVA
2013-08-08,6.410000,6.450000,6.220000,6.430000,6.430000,53100,JVA
2013-08-09,6.430000,6.550000,6.430000,6.450000,6.450000,31400,JVA
2013-08-12,6.440000,6.580000,6.440000,6.580000,6.580000,21700,JVA
2013-08-13,6.610000,6.630000,6.400000,6.590000,6.590000,64900,JVA
2013-08-14,6.620000,6.620000,6.500000,6.540000,6.540000,25800,JVA
2013-08-15,6.570000,6.570000,6.410000,6.440000,6.440000,45100,JVA
2013-08-16,6.420000,6.500000,6.370000,6.450000,6.450000,24100,JVA
2013-08-19,6.480000,6.480000,6.310000,6.350000,6.350000,44500,JVA
2013-08-20,6.310000,6.500000,6.310000,6.390000,6.390000,46100,JVA
2013-08-21,6.400000,6.460000,6.320000,6.320000,6.320000,40300,JVA
2013-08-22,6.340000,6.390000,6.250000,6.320000,6.320000,17000,JVA
2013-08-23,6.320000,6.360000,6.290000,6.290000,6.290000,32400,JVA
2013-08-26,6.290000,6.430000,6.250000,6.290000,6.290000,69300,JVA
2013-08-27,6.250000,6.330000,6.050000,6.080000,6.080000,73600,JVA
2013-08-28,6.090000,6.140000,6.050000,6.050000,6.050000,57900,JVA
2013-08-29,6.050000,6.190000,6.050000,6.170000,6.170000,71300,JVA
2013-08-30,6.180000,6.220000,6.130000,6.140000,6.140000,20300,JVA
2013-09-03,6.200000,6.200000,6.060000,6.070000,6.070000,46500,JVA
2013-09-04,6.070000,6.180000,6.050000,6.060000,6.060000,28400,JVA
2013-09-05,6.050000,6.170000,6.050000,6.100000,6.100000,25700,JVA
2013-09-06,6.100000,6.250000,6.100000,6.160000,6.160000,36800,JVA
2013-09-09,6.180000,6.530000,6.180000,6.360000,6.360000,94000,JVA
2013-09-10,6.400000,6.450000,6.340000,6.360000,6.360000,38800,JVA
2013-09-11,6.340000,6.340000,6.070000,6.110000,6.110000,124300,JVA
2013-09-12,6.180000,6.230000,6.140000,6.160000,6.160000,46600,JVA
2013-09-13,6.120000,6.170000,6.070000,6.090000,6.090000,24900,JVA
2013-09-16,6.100000,6.210000,5.950000,5.960000,5.960000,72100,JVA
2013-09-17,5.980000,6.090000,5.980000,6.010000,6.010000,77700,JVA
2013-09-18,6.000000,6.070000,6.000000,6.050000,6.050000,38800,JVA
2013-09-19,6.060000,6.070000,6.010000,6.020000,6.020000,57000,JVA
2013-09-20,6.000000,6.050000,5.810000,5.820000,5.820000,85200,JVA
2013-09-23,5.810000,5.980000,5.810000,5.880000,5.880000,104800,JVA
2013-09-24,5.930000,6.000000,5.890000,5.990000,5.990000,60600,JVA
2013-09-25,6.000000,6.000000,5.890000,5.930000,5.930000,54000,JVA
2013-09-26,5.980000,5.980000,5.850000,5.850000,5.850000,35100,JVA
2013-09-27,5.810000,5.910000,5.800000,5.870000,5.870000,68500,JVA
2013-09-30,5.850000,5.970000,5.840000,5.840000,5.840000,46700,JVA
2013-10-01,5.800000,5.940000,5.800000,5.810000,5.810000,40000,JVA
2013-10-02,5.820000,5.920000,5.820000,5.870000,5.870000,36000,JVA
2013-10-03,5.900000,5.960000,5.850000,5.850000,5.850000,37700,JVA
2013-10-04,5.820000,5.930000,5.800000,5.840000,5.840000,34000,JVA
2013-10-07,5.750000,5.900000,5.750000,5.860000,5.860000,29600,JVA
2013-10-08,5.820000,5.880000,5.500000,5.540000,5.540000,106000,JVA
2013-10-09,5.520000,5.560000,5.400000,5.410000,5.410000,53500,JVA
2013-10-10,5.430000,5.540000,5.410000,5.430000,5.430000,47900,JVA
2013-10-11,5.430000,5.590000,5.410000,5.580000,5.580000,38300,JVA
2013-10-14,5.550000,5.750000,5.550000,5.680000,5.680000,62900,JVA
2013-10-15,5.710000,5.840000,5.620000,5.680000,5.680000,41500,JVA
2013-10-16,5.680000,5.700000,5.590000,5.630000,5.630000,54900,JVA
2013-10-17,5.650000,5.750000,5.650000,5.710000,5.710000,38500,JVA
2013-10-18,5.770000,5.790000,5.660000,5.690000,5.690000,41300,JVA
2013-10-21,5.690000,5.780000,5.650000,5.730000,5.730000,39500,JVA
2013-10-22,5.730000,5.730000,5.550000,5.560000,5.560000,82400,JVA
2013-10-23,5.540000,5.680000,5.540000,5.620000,5.620000,31400,JVA
2013-10-24,5.640000,5.640000,5.540000,5.570000,5.570000,23600,JVA
2013-10-25,5.560000,5.580000,5.480000,5.490000,5.490000,64000,JVA
2013-10-28,5.490000,5.500000,5.450000,5.460000,5.460000,35600,JVA
2013-10-29,5.490000,5.560000,5.450000,5.450000,5.450000,37800,JVA
2013-10-30,5.480000,5.520000,5.320000,5.380000,5.380000,38000,JVA
2013-10-31,5.390000,5.490000,5.320000,5.340000,5.340000,49400,JVA
2013-11-01,5.370000,5.370000,5.150000,5.190000,5.190000,110300,JVA
2013-11-04,5.190000,5.190000,5.030000,5.040000,5.040000,86000,JVA
2013-11-05,5.050000,5.240000,5.030000,5.210000,5.210000,70200,JVA
2013-11-06,5.250000,5.250000,5.160000,5.190000,5.190000,33200,JVA
2013-11-07,5.210000,5.230000,5.070000,5.070000,5.070000,35800,JVA
2013-11-08,5.040000,5.220000,5.030000,5.130000,5.130000,32100,JVA
2013-11-11,5.160000,5.200000,5.050000,5.100000,5.100000,20600,JVA
2013-11-12,5.090000,5.150000,5.070000,5.090000,5.090000,44300,JVA
2013-11-13,5.070000,5.130000,5.050000,5.130000,5.130000,27600,JVA
2013-11-14,5.100000,5.200000,5.070000,5.070000,5.070000,32100,JVA
2013-11-15,5.120000,5.200000,5.110000,5.170000,5.170000,18300,JVA
2013-11-18,5.190000,5.200000,5.080000,5.090000,5.090000,57900,JVA
2013-11-19,5.120000,5.200000,5.080000,5.080000,5.080000,93600,JVA
2013-11-20,5.100000,5.180000,5.080000,5.080000,5.080000,29700,JVA
2013-11-21,5.120000,5.200000,5.110000,5.110000,5.110000,46100,JVA
2013-11-22,5.150000,5.200000,5.110000,5.110000,5.110000,49900,JVA
2013-11-25,5.110000,5.190000,4.910000,4.980000,4.980000,91500,JVA
2013-11-26,4.980000,5.000000,4.850000,4.870000,4.870000,103400,JVA
2013-11-27,4.870000,5.000000,4.860000,4.930000,4.930000,39000,JVA
2013-11-29,4.940000,5.000000,4.900000,4.970000,4.970000,19800,JVA
2013-12-02,5.000000,5.000000,4.900000,4.960000,4.960000,55200,JVA
2013-12-03,4.970000,5.000000,4.940000,4.970000,4.970000,41700,JVA
2013-12-04,4.990000,5.000000,4.940000,4.960000,4.960000,23300,JVA
2013-12-05,4.960000,5.000000,4.920000,4.920000,4.920000,30800,JVA
2013-12-06,4.990000,5.000000,4.900000,4.910000,4.910000,39700,JVA
2013-12-09,4.950000,4.980000,4.850000,4.850000,4.850000,42200,JVA
2013-12-10,4.850000,4.890000,4.660000,4.670000,4.670000,78500,JVA
2013-12-11,4.680000,4.690000,4.500000,4.510000,4.510000,126000,JVA
2013-12-12,4.560000,4.840000,4.500000,4.790000,4.790000,153300,JVA
2013-12-13,4.790000,5.000000,4.780000,4.930000,4.930000,128700,JVA
2013-12-16,4.910000,5.100000,4.910000,5.040000,5.040000,110000,JVA
2013-12-17,5.070000,5.250000,4.980000,5.200000,5.200000,107800,JVA
2013-12-18,5.250000,5.260000,5.200000,5.230000,5.230000,50600,JVA
2013-12-19,5.210000,5.250000,5.010000,5.030000,5.030000,36800,JVA
2013-12-20,5.000000,5.120000,5.000000,5.010000,5.010000,65200,JVA
2013-12-23,4.980000,5.250000,4.910000,5.200000,5.200000,76200,JVA
2013-12-24,5.160000,5.320000,5.080000,5.210000,5.210000,36600,JVA
2013-12-26,5.230000,5.260000,5.050000,5.260000,5.260000,41700,JVA
2013-12-27,5.290000,5.320000,5.180000,5.270000,5.270000,54300,JVA
2013-12-30,5.310000,5.410000,5.210000,5.210000,5.210000,113700,JVA
2013-12-31,5.180000,5.230000,5.070000,5.090000,5.090000,153600,JVA
2014-01-02,5.120000,5.300000,5.100000,5.290000,5.290000,72000,JVA
2014-01-03,5.310000,5.320000,5.060000,5.100000,5.100000,48500,JVA
2014-01-06,5.130000,5.300000,5.100000,5.220000,5.220000,47900,JVA
2014-01-07,5.290000,5.570000,5.000000,5.100000,5.100000,170100,JVA
2014-01-08,5.260000,5.270000,4.950000,5.010000,5.010000,100400,JVA
2014-01-09,5.070000,5.200000,4.950000,5.100000,5.100000,44900,JVA
2014-01-10,5.130000,5.130000,5.000000,5.090000,5.090000,44000,JVA
2014-01-13,5.110000,5.190000,5.060000,5.170000,5.170000,42300,JVA
2014-01-14,5.200000,5.200000,5.100000,5.130000,5.130000,28800,JVA
2014-01-15,5.170000,5.170000,5.050000,5.150000,5.150000,30800,JVA
2014-01-16,5.190000,5.200000,5.080000,5.200000,5.200000,31700,JVA
2014-01-17,5.190000,5.460000,5.160000,5.280000,5.280000,118300,JVA
2014-01-21,5.320000,5.360000,5.240000,5.320000,5.320000,46800,JVA
2014-01-22,5.350000,5.360000,5.300000,5.350000,5.350000,25000,JVA
2014-01-23,5.350000,5.350000,5.250000,5.280000,5.280000,26700,JVA
2014-01-24,5.270000,5.270000,4.930000,5.050000,5.050000,119000,JVA
2014-01-27,5.070000,5.070000,4.950000,4.970000,4.970000,36100,JVA
2014-01-28,4.950000,5.000000,4.820000,4.840000,4.840000,82500,JVA
2014-01-29,4.820000,5.000000,4.820000,4.960000,4.960000,44600,JVA
2014-01-30,5.000000,5.000000,4.850000,4.950000,4.950000,51800,JVA
2014-01-31,4.880000,5.100000,4.880000,5.090000,5.090000,46500,JVA
2014-02-03,4.960000,5.110000,4.960000,5.060000,5.060000,85500,JVA
2014-02-04,5.040000,5.500000,5.010000,5.450000,5.450000,169300,JVA
2014-02-05,5.470000,5.970000,5.420000,5.920000,5.920000,296500,JVA
2014-02-06,6.270000,6.440000,5.760000,5.830000,5.830000,445000,JVA
2014-02-07,5.820000,5.890000,5.510000,5.740000,5.740000,141200,JVA
2014-02-10,5.740000,5.840000,5.600000,5.620000,5.620000,89800,JVA
2014-02-11,5.650000,5.980000,5.650000,5.940000,5.940000,93700,JVA
2014-02-12,5.960000,5.970000,5.780000,5.880000,5.880000,49100,JVA
2014-02-13,5.880000,6.220000,5.840000,6.030000,6.030000,197700,JVA
2014-02-14,6.080000,6.090000,5.860000,6.030000,6.030000,66700,JVA
2014-02-18,6.050000,6.370000,6.050000,6.200000,6.200000,214800,JVA
2014-02-19,6.200000,6.430000,6.070000,6.360000,6.360000,291900,JVA
2014-02-20,6.400000,6.430000,6.200000,6.280000,6.280000,72100,JVA
2014-02-21,6.340000,6.350000,6.120000,6.260000,6.260000,77800,JVA
2014-02-24,6.240000,6.510000,6.240000,6.470000,6.470000,184400,JVA
2014-02-25,6.500000,6.500000,6.270000,6.320000,6.320000,109900,JVA
2014-02-26,6.340000,6.530000,6.050000,6.200000,6.200000,127200,JVA
2014-02-27,6.250000,6.350000,6.120000,6.240000,6.240000,46600,JVA
2014-02-28,6.250000,6.340000,6.130000,6.130000,6.130000,58100,JVA
2014-03-03,6.100000,6.370000,6.010000,6.270000,6.270000,154600,JVA
2014-03-04,6.250000,6.490000,6.160000,6.210000,6.210000,171700,JVA
2014-03-05,6.250000,6.400000,6.160000,6.340000,6.340000,120500,JVA
2014-03-06,6.390000,6.500000,6.210000,6.310000,6.310000,183900,JVA
2014-03-07,6.290000,6.400000,6.270000,6.300000,6.300000,56700,JVA
2014-03-10,6.350000,6.830000,6.290000,6.630000,6.630000,250400,JVA
2014-03-11,6.740000,6.740000,6.400000,6.570000,6.570000,90300,JVA
2014-03-12,6.610000,6.900000,6.490000,6.750000,6.750000,187900,JVA
2014-03-13,6.840000,6.850000,6.650000,6.660000,6.660000,95200,JVA
2014-03-14,7.150000,8.200000,7.110000,7.990000,7.990000,2897600,JVA
2014-03-17,8.070000,8.100000,7.620000,7.830000,7.830000,609100,JVA
2014-03-18,7.790000,8.580000,7.750000,8.430000,8.430000,976800,JVA
2014-03-19,8.330000,8.500000,7.950000,8.040000,8.040000,412800,JVA
2014-03-20,8.070000,8.450000,8.060000,8.370000,8.370000,268400,JVA
2014-03-21,8.400000,8.430000,7.860000,8.030000,8.030000,280200,JVA
2014-03-24,8.030000,8.030000,7.680000,7.820000,7.820000,260000,JVA
2014-03-25,7.800000,7.930000,7.500000,7.540000,7.540000,222900,JVA
2014-03-26,7.490000,7.700000,7.310000,7.350000,7.350000,175100,JVA
2014-03-27,7.290000,7.550000,7.260000,7.490000,7.490000,164000,JVA
2014-03-28,7.460000,7.700000,7.410000,7.630000,7.630000,98400,JVA
2014-03-31,7.600000,7.680000,7.400000,7.620000,7.620000,123400,JVA
2014-04-01,7.630000,7.790000,7.520000,7.560000,7.560000,78600,JVA
2014-04-02,7.480000,7.700000,7.450000,7.570000,7.570000,58000,JVA
2014-04-03,7.510000,7.740000,7.480000,7.660000,7.660000,67400,JVA
2014-04-04,7.750000,7.750000,7.350000,7.560000,7.560000,163900,JVA
2014-04-07,7.570000,7.770000,7.360000,7.520000,7.520000,118700,JVA
2014-04-08,7.500000,8.350000,7.500000,8.240000,8.240000,512100,JVA
2014-04-09,8.390000,8.390000,7.930000,8.120000,8.120000,348500,JVA
2014-04-10,8.150000,8.200000,7.650000,7.790000,7.790000,305200,JVA
2014-04-11,7.720000,7.830000,7.550000,7.640000,7.640000,146400,JVA
2014-04-14,7.600000,7.810000,7.260000,7.320000,7.320000,293000,JVA
2014-04-15,7.310000,7.460000,6.720000,6.860000,6.860000,531700,JVA
2014-04-16,6.910000,7.000000,6.640000,6.900000,6.900000,261000,JVA
2014-04-17,6.900000,7.030000,6.680000,6.930000,6.930000,148500,JVA
2014-04-21,6.890000,7.100000,6.850000,6.960000,6.960000,102000,JVA
2014-04-22,7.050000,7.360000,7.050000,7.290000,7.290000,212000,JVA
2014-04-23,7.310000,7.660000,7.150000,7.540000,7.540000,243600,JVA
2014-04-24,7.550000,7.640000,7.300000,7.430000,7.430000,104600,JVA
2014-04-25,7.400000,7.430000,7.140000,7.290000,7.290000,94900,JVA
2014-04-28,7.290000,7.400000,7.060000,7.190000,7.190000,78400,JVA
2014-04-29,7.220000,7.400000,7.150000,7.280000,7.280000,119800,JVA
2014-04-30,7.220000,7.260000,7.050000,7.160000,7.160000,86500,JVA
2014-05-01,7.130000,7.340000,7.060000,7.300000,7.300000,63100,JVA
2014-05-02,7.280000,7.620000,7.280000,7.440000,7.440000,182300,JVA
2014-05-05,7.410000,7.600000,7.340000,7.490000,7.490000,81300,JVA
2014-05-06,7.440000,7.610000,7.350000,7.430000,7.430000,72200,JVA
2014-05-07,7.490000,7.620000,7.250000,7.360000,7.360000,69400,JVA
2014-05-08,7.390000,7.410000,7.150000,7.250000,7.250000,79000,JVA
2014-05-09,7.170000,7.280000,6.860000,6.900000,6.900000,279600,JVA
2014-05-12,6.900000,7.150000,6.850000,6.920000,6.920000,136700,JVA
2014-05-13,6.950000,7.250000,6.950000,7.230000,7.230000,95200,JVA
2014-05-14,7.250000,7.250000,7.020000,7.100000,7.100000,76700,JVA
2014-05-15,7.080000,7.230000,6.860000,7.150000,7.150000,64400,JVA
2014-05-16,7.120000,7.250000,7.020000,7.210000,7.210000,57600,JVA
2014-05-19,7.250000,7.360000,7.120000,7.200000,7.200000,75800,JVA
2014-05-20,7.210000,7.340000,7.020000,7.250000,7.250000,52300,JVA
2014-05-21,7.220000,7.380000,7.150000,7.300000,7.300000,65700,JVA
2014-05-22,7.260000,7.650000,7.200000,7.600000,7.600000,152500,JVA
2014-05-23,7.650000,7.990000,7.590000,7.880000,7.880000,160200,JVA
2014-05-27,7.810000,8.190000,7.760000,7.910000,7.910000,209200,JVA
2014-05-28,7.950000,7.950000,7.710000,7.800000,7.800000,40800,JVA
2014-05-29,7.850000,7.980000,7.510000,7.630000,7.630000,105900,JVA
2014-05-30,7.700000,7.700000,7.530000,7.580000,7.580000,65300,JVA
2014-06-02,7.560000,7.780000,7.450000,7.620000,7.620000,49100,JVA
2014-06-03,7.500000,7.590000,7.320000,7.540000,7.540000,75700,JVA
2014-06-04,7.500000,7.870000,7.500000,7.830000,7.830000,90400,JVA
2014-06-05,7.880000,7.920000,7.610000,7.660000,7.660000,62300,JVA
2014-06-06,7.670000,7.930000,7.660000,7.900000,7.900000,64400,JVA
2014-06-09,7.940000,8.000000,7.720000,7.790000,7.790000,64600,JVA
2014-06-10,7.900000,7.950000,7.080000,7.310000,7.310000,534300,JVA
2014-06-11,7.250000,7.250000,7.110000,7.240000,7.240000,61300,JVA
2014-06-12,7.160000,7.310000,7.120000,7.240000,7.240000,47100,JVA
2014-06-13,7.200000,7.200000,7.000000,7.100000,7.100000,64600,JVA
2014-06-16,7.050000,7.110000,6.550000,6.920000,6.920000,150400,JVA
2014-06-17,6.880000,7.020000,6.690000,6.970000,6.970000,131600,JVA
2014-06-18,6.980000,6.990000,6.870000,6.930000,6.930000,62400,JVA
2014-06-19,6.900000,6.990000,6.770000,6.890000,6.890000,85600,JVA
2014-06-20,6.890000,7.100000,6.850000,7.050000,7.050000,72000,JVA
2014-06-23,7.030000,7.050000,6.880000,6.960000,6.960000,27900,JVA
2014-06-24,6.960000,7.030000,6.850000,6.890000,6.890000,33100,JVA
2014-06-25,6.920000,7.000000,6.800000,6.900000,6.900000,43300,JVA
2014-06-26,6.960000,6.980000,6.830000,6.960000,6.960000,26300,JVA
2014-06-27,6.960000,7.000000,6.870000,7.000000,7.000000,21300,JVA
2014-06-30,7.010000,7.300000,7.000000,7.060000,7.060000,58000,JVA
2014-07-01,7.100000,7.130000,6.930000,6.990000,6.990000,46500,JVA
2014-07-02,7.030000,7.070000,6.900000,6.990000,6.990000,31400,JVA
2014-07-03,6.960000,7.000000,6.880000,7.000000,7.000000,81600,JVA
2014-07-07,7.000000,7.000000,6.780000,6.870000,6.870000,67600,JVA
2014-07-08,6.900000,6.900000,6.680000,6.750000,6.750000,72400,JVA
2014-07-09,6.730000,6.930000,6.700000,6.800000,6.800000,59900,JVA
2014-07-10,6.740000,6.900000,6.680000,6.740000,6.740000,54500,JVA
2014-07-11,6.790000,6.860000,6.610000,6.690000,6.690000,78000,JVA
2014-07-14,6.710000,6.840000,6.600000,6.670000,6.670000,66200,JVA
2014-07-15,6.660000,6.820000,6.660000,6.710000,6.710000,45000,JVA
2014-07-16,6.750000,6.810000,6.610000,6.650000,6.650000,44000,JVA
2014-07-17,6.600000,6.660000,5.870000,6.170000,6.170000,368400,JVA
2014-07-18,6.170000,6.430000,6.170000,6.400000,6.400000,73500,JVA
2014-07-21,6.370000,6.480000,6.090000,6.250000,6.250000,42200,JVA
2014-07-22,6.290000,6.360000,6.180000,6.270000,6.270000,66100,JVA
2014-07-23,6.260000,6.390000,6.200000,6.250000,6.250000,24000,JVA
2014-07-24,6.300000,6.400000,6.200000,6.320000,6.320000,48300,JVA
2014-07-25,6.330000,6.350000,6.200000,6.230000,6.230000,64100,JVA
2014-07-28,6.220000,6.240000,6.130000,6.190000,6.190000,25900,JVA
2014-07-29,6.230000,6.330000,6.190000,6.300000,6.300000,26400,JVA
2014-07-30,6.390000,6.390000,6.230000,6.330000,6.330000,49800,JVA
2014-07-31,6.290000,6.320000,6.150000,6.250000,6.250000,18900,JVA
2014-08-01,6.200000,6.270000,6.200000,6.230000,6.230000,34000,JVA
2014-08-04,6.220000,6.250000,6.150000,6.190000,6.190000,17600,JVA
2014-08-05,6.160000,6.160000,5.820000,5.940000,5.940000,90700,JVA
2014-08-06,5.960000,6.160000,5.860000,6.070000,6.070000,45900,JVA
2014-08-07,5.990000,6.080000,5.900000,6.020000,6.020000,43100,JVA
2014-08-08,6.030000,6.030000,5.900000,6.000000,6.000000,29500,JVA
2014-08-11,6.000000,6.300000,6.000000,6.270000,6.270000,27800,JVA
2014-08-12,6.220000,6.400000,6.080000,6.180000,6.180000,37300,JVA
2014-08-13,6.150000,6.200000,6.030000,6.090000,6.090000,43000,JVA
2014-08-14,6.070000,6.200000,6.010000,6.150000,6.150000,55100,JVA
2014-08-15,6.200000,6.400000,6.100000,6.290000,6.290000,80600,JVA
2014-08-18,6.320000,6.560000,6.320000,6.490000,6.490000,39600,JVA
2014-08-19,6.530000,6.530000,6.430000,6.460000,6.460000,32700,JVA
2014-08-20,6.360000,6.490000,6.360000,6.390000,6.390000,13300,JVA
2014-08-21,6.450000,6.490000,6.380000,6.400000,6.400000,10400,JVA
2014-08-22,6.420000,6.890000,6.400000,6.800000,6.800000,97800,JVA
2014-08-25,7.000000,7.000000,6.630000,6.850000,6.850000,64200,JVA
2014-08-26,6.930000,6.930000,6.740000,6.780000,6.780000,53600,JVA
2014-08-27,6.850000,6.900000,6.720000,6.870000,6.870000,43600,JVA
2014-08-28,6.820000,6.920000,6.610000,6.870000,6.870000,46200,JVA
2014-08-29,6.850000,6.930000,6.830000,6.880000,6.880000,36800,JVA
2014-09-02,6.880000,7.360000,6.880000,7.280000,7.280000,166600,JVA
2014-09-03,7.340000,7.350000,7.150000,7.200000,7.200000,51700,JVA
2014-09-04,7.160000,7.330000,7.100000,7.120000,7.120000,36200,JVA
2014-09-05,7.170000,7.300000,7.010000,7.200000,7.200000,91700,JVA
2014-09-08,7.210000,7.350000,7.140000,7.210000,7.210000,37500,JVA
2014-09-09,7.230000,7.400000,6.880000,7.220000,7.220000,115800,JVA
2014-09-10,6.900000,6.990000,6.140000,6.200000,6.200000,420800,JVA
2014-09-11,6.250000,6.330000,6.000000,6.030000,6.030000,195200,JVA
2014-09-12,5.960000,6.180000,5.950000,6.090000,6.090000,73900,JVA
2014-09-15,6.020000,6.130000,5.610000,5.840000,5.840000,223600,JVA
2014-09-16,5.790000,5.970000,5.790000,5.890000,5.890000,90900,JVA
2014-09-17,5.890000,6.000000,5.720000,5.970000,5.970000,72300,JVA
2014-09-18,6.000000,6.000000,5.800000,5.980000,5.980000,70000,JVA
2014-09-19,5.920000,5.980000,5.840000,5.840000,5.840000,45400,JVA
2014-09-22,5.840000,5.850000,5.650000,5.700000,5.700000,77700,JVA
2014-09-23,5.700000,5.710000,5.540000,5.560000,5.560000,44200,JVA
2014-09-24,5.560000,5.620000,5.400000,5.430000,5.430000,70000,JVA
2014-09-25,5.340000,5.630000,5.340000,5.590000,5.590000,57300,JVA
2014-09-26,5.560000,5.730000,5.550000,5.650000,5.650000,68800,JVA
2014-09-29,5.620000,5.620000,5.500000,5.580000,5.580000,25100,JVA
2014-09-30,5.610000,5.710000,5.480000,5.490000,5.490000,19900,JVA
2014-10-01,5.520000,5.520000,5.260000,5.270000,5.270000,57000,JVA
2014-10-02,5.270000,5.690000,5.260000,5.640000,5.640000,94100,JVA
2014-10-03,5.720000,5.720000,5.430000,5.550000,5.550000,58300,JVA
2014-10-06,5.600000,6.000000,5.600000,5.770000,5.770000,199100,JVA
2014-10-07,5.760000,5.860000,5.500000,5.570000,5.570000,81200,JVA
2014-10-08,5.390000,5.710000,5.290000,5.660000,5.660000,45500,JVA
2014-10-09,5.670000,5.870000,5.420000,5.510000,5.510000,130600,JVA
2014-10-10,5.450000,5.710000,5.350000,5.400000,5.400000,68100,JVA
2014-10-13,5.430000,5.550000,5.360000,5.480000,5.480000,35900,JVA
2014-10-14,5.600000,5.600000,5.330000,5.370000,5.370000,53100,JVA
2014-10-15,5.310000,5.560000,5.270000,5.450000,5.450000,55900,JVA
2014-10-16,5.440000,5.950000,5.400000,5.900000,5.900000,160500,JVA
2014-10-17,5.980000,6.000000,5.600000,5.710000,5.710000,61200,JVA
2014-10-20,5.700000,5.820000,5.600000,5.650000,5.650000,32000,JVA
2014-10-21,5.640000,5.820000,5.640000,5.740000,5.740000,14200,JVA
2014-10-22,5.740000,5.840000,5.640000,5.730000,5.730000,22600,JVA
2014-10-23,5.730000,5.730000,5.670000,5.710000,5.710000,34900,JVA
2014-10-24,5.750000,5.750000,5.550000,5.580000,5.580000,26100,JVA
2014-10-27,5.560000,5.610000,5.520000,5.530000,5.530000,6200,JVA
2014-10-28,5.550000,5.690000,5.550000,5.580000,5.580000,10900,JVA
2014-10-29,5.580000,5.700000,5.580000,5.670000,5.670000,15600,JVA
2014-10-30,5.680000,5.710000,5.620000,5.710000,5.710000,16200,JVA
2014-10-31,5.750000,5.770000,5.660000,5.720000,5.720000,15100,JVA
2014-11-03,5.640000,5.780000,5.640000,5.730000,5.730000,21200,JVA
2014-11-04,5.710000,5.780000,5.640000,5.780000,5.780000,8900,JVA
2014-11-05,5.780000,5.840000,5.750000,5.780000,5.780000,14600,JVA
2014-11-06,5.780000,5.780000,5.720000,5.740000,5.740000,11000,JVA
2014-11-07,5.710000,5.780000,5.660000,5.680000,5.680000,29000,JVA
2014-11-10,5.690000,5.730000,5.610000,5.620000,5.620000,15100,JVA
2014-11-11,5.620000,5.730000,5.540000,5.580000,5.580000,46300,JVA
2014-11-12,5.560000,5.610000,5.450000,5.490000,5.490000,58100,JVA
2014-11-13,5.460000,5.700000,5.390000,5.430000,5.430000,41200,JVA
2014-11-14,5.400000,5.580000,5.380000,5.520000,5.520000,31900,JVA
2014-11-17,5.540000,5.560000,5.500000,5.550000,5.550000,17700,JVA
2014-11-18,5.540000,5.570000,5.490000,5.540000,5.540000,30800,JVA
2014-11-19,5.560000,5.570000,5.470000,5.530000,5.530000,16100,JVA
2014-11-20,5.530000,5.550000,5.460000,5.500000,5.500000,13500,JVA
2014-11-21,5.520000,5.540000,5.410000,5.460000,5.460000,23300,JVA
2014-11-24,5.520000,5.640000,5.460000,5.610000,5.610000,42200,JVA
2014-11-25,5.640000,5.690000,5.580000,5.670000,5.670000,31600,JVA
2014-11-26,5.700000,5.750000,5.600000,5.700000,5.700000,31900,JVA
2014-11-28,5.670000,5.850000,5.520000,5.700000,5.700000,19600,JVA
2014-12-01,5.600000,5.840000,5.300000,5.350000,5.350000,81400,JVA
2014-12-02,5.340000,5.480000,5.300000,5.430000,5.430000,21800,JVA
2014-12-03,5.390000,5.490000,5.380000,5.420000,5.420000,31300,JVA
2014-12-04,5.400000,5.590000,5.400000,5.560000,5.560000,26600,JVA
2014-12-05,5.570000,5.640000,5.370000,5.470000,5.470000,33400,JVA
2014-12-08,5.410000,5.630000,5.300000,5.360000,5.360000,42900,JVA
2014-12-09,5.210000,5.480000,4.500000,5.260000,5.260000,98600,JVA
2014-12-10,5.250000,5.420000,5.090000,5.340000,5.340000,37200,JVA
2014-12-11,5.380000,5.450000,5.310000,5.410000,5.410000,22800,JVA
2014-12-12,5.320000,5.410000,5.320000,5.390000,5.390000,13200,JVA
2014-12-15,5.360000,5.380000,5.200000,5.280000,5.280000,38100,JVA
2014-12-16,5.220000,5.360000,5.220000,5.260000,5.260000,34200,JVA
2014-12-17,5.050000,5.330000,5.050000,5.180000,5.180000,81500,JVA
2014-12-18,5.170000,5.310000,5.120000,5.300000,5.300000,48800,JVA
2014-12-19,5.330000,5.390000,5.250000,5.300000,5.300000,39600,JVA
2014-12-22,5.250000,5.440000,5.200000,5.260000,5.260000,52900,JVA
2014-12-23,5.200000,5.250000,5.150000,5.150000,5.150000,50300,JVA
2014-12-24,5.190000,5.230000,5.150000,5.210000,5.210000,16500,JVA
2014-12-26,5.190000,5.340000,5.190000,5.250000,5.250000,32800,JVA
2014-12-29,5.250000,5.400000,5.250000,5.320000,5.320000,67600,JVA
2014-12-30,5.270000,5.360000,5.220000,5.220000,5.220000,39300,JVA
2014-12-31,5.200000,5.300000,5.090000,5.130000,5.130000,77600,JVA
2015-01-02,5.110000,5.200000,5.030000,5.190000,5.190000,42500,JVA
2015-01-05,5.200000,5.200000,5.050000,5.160000,5.160000,52400,JVA
2015-01-06,5.060000,5.240000,4.850000,4.970000,4.970000,127800,JVA
2015-01-07,4.980000,4.980000,4.790000,4.890000,4.890000,77400,JVA
2015-01-08,4.900000,5.000000,4.820000,4.930000,4.930000,48000,JVA
2015-01-09,4.920000,5.030000,4.850000,4.860000,4.860000,73600,JVA
2015-01-12,4.870000,4.970000,4.820000,4.900000,4.900000,30200,JVA
2015-01-13,4.900000,5.000000,4.900000,4.970000,4.970000,49200,JVA
2015-01-14,4.960000,5.050000,4.940000,4.960000,4.960000,22800,JVA
2015-01-15,5.020000,5.050000,4.910000,4.910000,4.910000,56600,JVA
2015-01-16,4.950000,5.060000,4.940000,5.060000,5.060000,42600,JVA
2015-01-20,5.160000,5.500000,5.080000,5.420000,5.420000,110200,JVA
2015-01-21,5.390000,5.510000,5.300000,5.490000,5.490000,58400,JVA
2015-01-22,5.500000,5.600000,5.350000,5.600000,5.600000,60000,JVA
2015-01-23,5.990000,6.200000,5.250000,5.300000,5.300000,348700,JVA
2015-01-26,5.490000,5.560000,4.960000,5.200000,5.200000,126300,JVA
2015-01-27,5.140000,5.370000,5.040000,5.110000,5.110000,84100,JVA
2015-01-28,5.210000,5.210000,5.110000,5.160000,5.160000,20800,JVA
2015-01-29,5.190000,5.190000,5.110000,5.110000,5.110000,29400,JVA
2015-01-30,5.100000,5.150000,5.000000,5.050000,5.050000,42400,JVA
2015-02-02,5.080000,5.110000,4.980000,5.030000,5.030000,38700,JVA
2015-02-03,5.000000,5.380000,5.000000,5.190000,5.190000,60300,JVA
2015-02-04,5.230000,5.230000,5.130000,5.180000,5.180000,37800,JVA
2015-02-05,5.190000,5.200000,5.050000,5.170000,5.170000,43600,JVA
2015-02-06,5.100000,5.150000,5.000000,5.110000,5.110000,17000,JVA
2015-02-09,5.140000,5.160000,5.010000,5.130000,5.130000,43800,JVA
2015-02-10,5.130000,5.160000,5.030000,5.120000,5.120000,55100,JVA
2015-02-11,5.080000,5.200000,5.080000,5.080000,5.080000,24200,JVA
2015-02-12,5.080000,5.160000,4.980000,5.050000,5.050000,58600,JVA
2015-02-13,5.050000,5.080000,4.970000,5.060000,5.060000,31000,JVA
2015-02-17,5.050000,5.080000,5.000000,5.030000,5.030000,47500,JVA
2015-02-18,5.000000,5.070000,4.990000,5.060000,5.060000,29200,JVA
2015-02-19,5.090000,5.100000,5.010000,5.090000,5.090000,24500,JVA
2015-02-20,5.120000,5.140000,5.050000,5.050000,5.050000,31500,JVA
2015-02-23,5.080000,5.080000,4.870000,4.960000,4.960000,85100,JVA
2015-02-24,5.000000,5.050000,4.970000,4.990000,4.990000,10300,JVA
2015-02-25,4.950000,5.020000,4.950000,4.970000,4.970000,15600,JVA
2015-02-26,4.910000,5.020000,4.910000,4.990000,4.990000,60800,JVA
2015-02-27,4.990000,5.100000,4.990000,5.030000,5.030000,47100,JVA
2015-03-02,5.060000,5.100000,4.940000,5.100000,5.100000,70700,JVA
2015-03-03,5.100000,5.100000,5.000000,5.020000,5.020000,44000,JVA
2015-03-04,5.030000,5.070000,5.000000,5.060000,5.060000,17700,JVA
2015-03-05,5.080000,5.080000,4.980000,5.070000,5.070000,49200,JVA
2015-03-06,5.080000,5.180000,4.750000,4.920000,4.920000,196600,JVA
2015-03-09,4.880000,4.920000,4.390000,4.450000,4.450000,165500,JVA
2015-03-10,4.500000,4.670000,4.440000,4.590000,4.590000,70400,JVA
2015-03-11,4.700000,4.750000,4.610000,4.710000,4.710000,32100,JVA
2015-03-12,4.600000,4.850000,4.590000,4.780000,4.780000,42700,JVA
2015-03-13,4.820000,4.840000,4.740000,4.810000,4.810000,51700,JVA
2015-03-16,4.620000,4.760000,4.520000,4.650000,4.650000,86200,JVA
2015-03-17,4.680000,4.680000,4.510000,4.560000,4.560000,63000,JVA
2015-03-18,4.560000,4.580000,4.500000,4.540000,4.540000,28900,JVA
2015-03-19,4.500000,4.710000,4.500000,4.700000,4.700000,36200,JVA
2015-03-20,4.730000,4.750000,4.690000,4.700000,4.700000,33100,JVA
2015-03-23,4.690000,4.750000,4.690000,4.740000,4.740000,14600,JVA
2015-03-24,4.750000,5.000000,4.750000,4.960000,4.960000,90000,JVA
2015-03-25,4.950000,4.980000,4.820000,4.820000,4.820000,44100,JVA
2015-03-26,4.810000,4.860000,4.740000,4.790000,4.790000,13600,JVA
2015-03-27,4.750000,4.790000,4.740000,4.750000,4.750000,4700,JVA
2015-03-30,4.750000,4.880000,4.750000,4.830000,4.830000,17700,JVA
2015-03-31,4.830000,4.900000,4.730000,4.870000,4.870000,9200,JVA
2015-04-01,4.800000,4.880000,4.740000,4.810000,4.810000,24800,JVA
2015-04-02,4.830000,5.110000,4.830000,5.060000,5.060000,115300,JVA
2015-04-06,5.010000,5.080000,4.950000,5.050000,5.050000,32100,JVA
2015-04-07,5.020000,5.100000,5.020000,5.040000,5.040000,14900,JVA
2015-04-08,5.060000,5.120000,5.050000,5.050000,5.050000,20200,JVA
2015-04-09,5.120000,5.250000,5.120000,5.120000,5.120000,16600,JVA
2015-04-10,5.180000,5.190000,4.920000,4.960000,4.960000,61900,JVA
2015-04-13,4.960000,5.070000,4.920000,5.010000,5.010000,29400,JVA
2015-04-14,5.040000,5.060000,5.000000,5.030000,5.030000,16000,JVA
2015-04-15,5.020000,5.070000,5.000000,5.050000,5.050000,14600,JVA
2015-04-16,5.050000,5.070000,4.970000,4.980000,4.980000,19200,JVA
2015-04-17,4.950000,5.040000,4.940000,4.960000,4.960000,14200,JVA
2015-04-20,5.000000,5.000000,4.820000,4.900000,4.900000,28500,JVA
2015-04-21,4.870000,4.960000,4.870000,4.920000,4.920000,15400,JVA
2015-04-22,4.950000,5.000000,4.900000,4.900000,4.900000,11100,JVA
2015-04-23,4.920000,4.990000,4.920000,4.960000,4.960000,6200,JVA
2015-04-24,4.990000,5.100000,4.700000,4.880000,4.880000,58600,JVA
2015-04-27,4.880000,4.940000,4.750000,4.830000,4.830000,24300,JVA
2015-04-28,4.830000,4.830000,4.800000,4.820000,4.820000,13700,JVA
2015-04-29,4.820000,4.960000,4.820000,4.850000,4.850000,16700,JVA
2015-04-30,4.900000,4.950000,4.820000,4.860000,4.860000,14900,JVA
2015-05-01,4.870000,4.920000,4.830000,4.830000,4.830000,17700,JVA
2015-05-04,4.810000,4.940000,4.760000,4.770000,4.770000,32800,JVA
2015-05-05,4.750000,4.880000,4.750000,4.770000,4.770000,18400,JVA
2015-05-06,4.750000,4.860000,4.710000,4.770000,4.770000,19400,JVA
2015-05-07,4.780000,4.780000,4.700000,4.740000,4.740000,15200,JVA
2015-05-08,4.740000,4.830000,4.730000,4.740000,4.740000,23700,JVA
2015-05-11,4.740000,4.790000,4.700000,4.740000,4.740000,15700,JVA
2015-05-12,4.700000,4.800000,4.700000,4.800000,4.800000,10000,JVA
2015-05-13,4.830000,4.870000,4.740000,4.790000,4.790000,11000,JVA
2015-05-14,4.850000,4.880000,4.790000,4.800000,4.800000,10300,JVA
2015-05-15,4.820000,4.880000,4.750000,4.840000,4.840000,12400,JVA
2015-05-18,4.850000,4.890000,4.760000,4.890000,4.890000,32400,JVA
2015-05-19,4.900000,4.900000,4.860000,4.900000,4.900000,38100,JVA
2015-05-20,4.920000,4.920000,4.800000,4.860000,4.860000,30300,JVA
2015-05-21,4.840000,4.860000,4.800000,4.840000,4.840000,12400,JVA
2015-05-22,4.840000,4.870000,4.760000,4.820000,4.820000,12900,JVA
2015-05-26,4.850000,4.920000,4.830000,4.890000,4.890000,26500,JVA
2015-05-27,4.890000,4.940000,4.880000,4.880000,4.880000,13300,JVA
2015-05-28,4.920000,4.950000,4.870000,4.920000,4.920000,13100,JVA
2015-05-29,4.910000,4.920000,4.820000,4.840000,4.840000,9000,JVA
2015-06-01,4.810000,4.850000,4.790000,4.830000,4.830000,32600,JVA
2015-06-02,4.790000,4.850000,4.790000,4.820000,4.820000,14300,JVA
2015-06-03,4.800000,5.000000,4.780000,4.980000,4.980000,72200,JVA
2015-06-04,4.970000,5.100000,4.910000,5.030000,5.030000,55400,JVA
2015-06-05,5.070000,5.080000,5.030000,5.050000,5.050000,17500,JVA
2015-06-08,5.010000,5.080000,4.960000,5.070000,5.070000,29100,JVA
2015-06-09,5.080000,5.180000,5.010000,5.120000,5.120000,54600,JVA
2015-06-10,5.100000,5.250000,5.100000,5.110000,5.110000,60000,JVA
2015-06-11,4.950000,5.250000,4.800000,5.100000,5.100000,179300,JVA
2015-06-12,5.060000,5.150000,4.860000,5.150000,5.150000,78200,JVA
2015-06-15,5.080000,5.200000,5.080000,5.190000,5.190000,39300,JVA
2015-06-16,5.220000,5.230000,5.150000,5.230000,5.230000,59700,JVA
2015-06-17,5.190000,5.240000,5.180000,5.230000,5.230000,24200,JVA
2015-06-18,5.200000,5.500000,5.190000,5.470000,5.470000,83300,JVA
2015-06-19,5.500000,5.500000,5.380000,5.420000,5.420000,12700,JVA
2015-06-22,5.450000,5.480000,5.320000,5.460000,5.460000,35500,JVA
2015-06-23,5.420000,5.420000,5.330000,5.360000,5.360000,29600,JVA
2015-06-24,5.380000,5.440000,5.290000,5.340000,5.340000,28600,JVA
2015-06-25,5.320000,5.320000,5.120000,5.140000,5.140000,93300,JVA
2015-06-26,5.360000,5.360000,5.080000,5.200000,5.200000,20100,JVA
2015-06-29,5.100000,5.150000,5.020000,5.050000,5.050000,58600,JVA
2015-06-30,5.020000,5.280000,4.980000,4.980000,4.980000,105400,JVA
2015-07-01,5.000000,5.140000,4.980000,5.010000,5.010000,36200,JVA
2015-07-02,5.000000,5.030000,4.950000,4.960000,4.960000,24200,JVA
2015-07-06,4.950000,4.950000,4.800000,4.890000,4.890000,37600,JVA
2015-07-07,4.910000,5.000000,4.800000,4.960000,4.960000,39200,JVA
2015-07-08,4.950000,5.060000,4.870000,4.980000,4.980000,49900,JVA
2015-07-09,5.010000,5.090000,4.960000,4.980000,4.980000,19800,JVA
2015-07-10,5.030000,5.090000,5.010000,5.020000,5.020000,29200,JVA
2015-07-13,5.030000,5.150000,5.010000,5.030000,5.030000,13700,JVA
2015-07-14,5.040000,5.050000,5.020000,5.020000,5.020000,5000,JVA
2015-07-15,5.090000,5.090000,5.010000,5.010000,5.010000,19200,JVA
2015-07-16,5.010000,5.070000,5.010000,5.060000,5.060000,25000,JVA
2015-07-17,5.070000,5.070000,5.020000,5.020000,5.020000,14100,JVA
2015-07-20,5.010000,5.030000,4.850000,4.930000,4.930000,73200,JVA
2015-07-21,4.900000,5.020000,4.900000,4.920000,4.920000,39000,JVA
2015-07-22,4.920000,5.000000,4.890000,4.920000,4.920000,27200,JVA
2015-07-23,4.920000,4.920000,4.850000,4.890000,4.890000,19900,JVA
2015-07-24,4.920000,4.960000,4.850000,4.880000,4.880000,7500,JVA
2015-07-27,4.880000,4.950000,4.800000,4.940000,4.940000,54000,JVA
2015-07-28,4.900000,4.900000,4.810000,4.810000,4.810000,20600,JVA
2015-07-29,4.800000,5.000000,4.800000,4.970000,4.970000,26600,JVA
2015-07-30,4.970000,5.010000,4.900000,4.960000,4.960000,12000,JVA
2015-07-31,5.010000,5.070000,5.000000,5.030000,5.030000,17100,JVA
2015-08-03,5.060000,5.070000,5.020000,5.020000,5.020000,9400,JVA
2015-08-04,5.010000,5.070000,4.950000,4.990000,4.990000,12300,JVA
2015-08-05,5.040000,5.040000,4.950000,4.990000,4.990000,22200,JVA
2015-08-06,4.960000,5.050000,4.910000,4.950000,4.950000,18500,JVA
2015-08-07,4.860000,4.970000,4.820000,4.830000,4.830000,11800,JVA
2015-08-10,4.990000,4.990000,4.730000,4.750000,4.750000,45300,JVA
2015-08-11,4.760000,4.920000,4.700000,4.730000,4.730000,16800,JVA
2015-08-12,4.690000,4.730000,4.670000,4.700000,4.700000,5300,JVA
2015-08-13,4.860000,4.860000,4.700000,4.720000,4.720000,14400,JVA
2015-08-14,4.800000,4.810000,4.750000,4.770000,4.770000,3000,JVA
2015-08-17,4.770000,4.770000,4.730000,4.730000,4.730000,3400,JVA
2015-08-18,4.750000,4.800000,4.700000,4.720000,4.720000,13100,JVA
2015-08-19,4.770000,4.820000,4.690000,4.740000,4.740000,20900,JVA
2015-08-20,4.700000,4.800000,4.650000,4.680000,4.680000,24800,JVA
2015-08-21,4.630000,4.740000,4.530000,4.570000,4.570000,29900,JVA
2015-08-24,4.500000,4.520000,4.480000,4.480000,4.480000,42100,JVA
2015-08-25,4.490000,4.520000,4.350000,4.350000,4.350000,20500,JVA
2015-08-26,4.470000,4.470000,4.360000,4.370000,4.370000,9500,JVA
2015-08-27,4.480000,4.680000,4.480000,4.580000,4.580000,19700,JVA
2015-08-28,4.570000,4.770000,4.570000,4.630000,4.630000,13700,JVA
2015-08-31,4.670000,4.740000,4.630000,4.650000,4.650000,9400,JVA
2015-09-01,4.540000,4.680000,4.540000,4.610000,4.610000,13700,JVA
2015-09-02,4.610000,4.780000,4.600000,4.700000,4.700000,22100,JVA
2015-09-03,4.680000,4.710000,4.610000,4.650000,4.650000,12800,JVA
2015-09-04,4.580000,4.810000,4.530000,4.530000,4.530000,15100,JVA
2015-09-08,4.710000,4.940000,4.630000,4.890000,4.890000,21700,JVA
2015-09-09,4.830000,4.920000,4.750000,4.750000,4.750000,7100,JVA
2015-09-10,4.660000,4.930000,4.620000,4.660000,4.660000,15000,JVA
2015-09-11,4.550000,4.780000,4.500000,4.670000,4.670000,39400,JVA
2015-09-14,4.620000,4.830000,4.570000,4.580000,4.580000,33700,JVA
2015-09-15,4.580000,4.750000,4.160000,4.380000,4.380000,83300,JVA
2015-09-16,4.330000,4.430000,4.090000,4.330000,4.330000,50400,JVA
2015-09-17,4.330000,4.400000,4.250000,4.260000,4.260000,15700,JVA
2015-09-18,4.260000,4.380000,4.250000,4.300000,4.300000,22200,JVA
2015-09-21,4.360000,4.360000,4.250000,4.270000,4.270000,12700,JVA
2015-09-22,4.250000,4.260000,4.100000,4.180000,4.180000,14100,JVA
2015-09-23,4.190000,4.240000,4.060000,4.100000,4.100000,19000,JVA
2015-09-24,4.120000,4.250000,4.080000,4.110000,4.110000,29700,JVA
2015-09-25,4.120000,4.240000,4.100000,4.160000,4.160000,24500,JVA
2015-09-28,4.100000,4.150000,3.900000,3.900000,3.900000,34800,JVA
2015-09-29,4.000000,4.140000,3.930000,3.940000,3.940000,39700,JVA
2015-09-30,4.000000,4.000000,3.800000,3.910000,3.910000,51800,JVA
2015-10-01,3.900000,4.070000,3.900000,3.940000,3.940000,33600,JVA
2015-10-02,3.740000,3.970000,3.740000,3.950000,3.950000,58800,JVA
2015-10-05,3.930000,4.220000,3.930000,4.170000,4.170000,45200,JVA
2015-10-06,4.180000,4.420000,4.050000,4.220000,4.220000,190900,JVA
2015-10-07,4.270000,4.270000,4.100000,4.110000,4.110000,41400,JVA
2015-10-08,4.150000,4.150000,4.020000,4.050000,4.050000,43100,JVA
2015-10-09,4.060000,4.330000,4.030000,4.130000,4.130000,51200,JVA
2015-10-12,4.180000,4.390000,4.100000,4.100000,4.100000,14800,JVA
2015-10-13,4.120000,4.220000,4.010000,4.050000,4.050000,25400,JVA
2015-10-14,4.080000,4.300000,4.060000,4.160000,4.160000,25900,JVA
2015-10-15,4.120000,4.330000,4.120000,4.220000,4.220000,17600,JVA
2015-10-16,4.240000,4.380000,4.140000,4.290000,4.290000,29100,JVA
2015-10-19,4.290000,4.310000,4.200000,4.300000,4.300000,7900,JVA
2015-10-20,4.280000,4.280000,4.110000,4.210000,4.210000,20900,JVA
2015-10-21,4.210000,4.270000,4.110000,4.180000,4.180000,15200,JVA
2015-10-22,4.220000,4.220000,4.100000,4.120000,4.120000,11200,JVA
2015-10-23,4.120000,4.300000,4.120000,4.120000,4.120000,12800,JVA
2015-10-26,4.080000,4.180000,4.080000,4.120000,4.120000,8900,JVA
2015-10-27,4.110000,4.140000,4.000000,4.060000,4.060000,12800,JVA
2015-10-28,4.070000,4.180000,4.050000,4.160000,4.160000,27300,JVA
2015-10-29,4.140000,4.220000,4.090000,4.200000,4.200000,8400,JVA
2015-10-30,4.230000,4.270000,4.180000,4.250000,4.250000,6100,JVA
2015-11-02,4.300000,4.300000,4.120000,4.210000,4.210000,9200,JVA
2015-11-03,4.170000,4.300000,4.130000,4.220000,4.220000,12700,JVA
2015-11-04,4.150000,4.300000,4.150000,4.270000,4.270000,14900,JVA
2015-11-05,4.220000,4.280000,4.190000,4.230000,4.230000,7000,JVA
2015-11-06,4.300000,4.300000,4.100000,4.160000,4.160000,7300,JVA
2015-11-09,4.110000,4.170000,4.110000,4.150000,4.150000,7000,JVA
2015-11-10,4.080000,4.140000,4.070000,4.140000,4.140000,15400,JVA
2015-11-11,4.100000,4.200000,4.060000,4.100000,4.100000,10700,JVA
2015-11-12,4.260000,4.260000,4.100000,4.190000,4.190000,28400,JVA
2015-11-13,4.150000,4.150000,4.100000,4.130000,4.130000,3100,JVA
2015-11-16,4.150000,4.210000,4.070000,4.170000,4.170000,11900,JVA
2015-11-17,4.090000,4.130000,4.050000,4.120000,4.120000,23200,JVA
2015-11-18,4.060000,4.120000,4.060000,4.080000,4.080000,9200,JVA
2015-11-19,4.110000,4.250000,4.110000,4.210000,4.210000,24400,JVA
2015-11-20,4.250000,4.270000,4.140000,4.190000,4.190000,24400,JVA
2015-11-23,4.190000,4.210000,4.160000,4.200000,4.200000,6800,JVA
2015-11-24,4.210000,4.210000,4.150000,4.200000,4.200000,15300,JVA
2015-11-25,4.210000,4.330000,4.150000,4.270000,4.270000,22900,JVA
2015-11-27,4.290000,4.290000,4.220000,4.250000,4.250000,1800,JVA
2015-11-30,4.230000,4.300000,4.150000,4.300000,4.300000,15500,JVA
2015-12-01,4.240000,4.320000,4.180000,4.180000,4.180000,5800,JVA
2015-12-02,4.170000,4.300000,4.060000,4.200000,4.200000,13900,JVA
2015-12-03,4.180000,4.180000,4.110000,4.110000,4.110000,5000,JVA
2015-12-04,4.150000,4.210000,4.080000,4.200000,4.200000,10900,JVA
2015-12-07,4.350000,4.900000,4.200000,4.430000,4.430000,242000,JVA
2015-12-08,4.370000,4.580000,4.160000,4.290000,4.290000,63200,JVA
2015-12-09,4.200000,4.290000,4.160000,4.260000,4.260000,11300,JVA
2015-12-10,4.260000,4.260000,4.120000,4.210000,4.210000,17000,JVA
2015-12-11,4.120000,4.220000,4.120000,4.140000,4.140000,35200,JVA
2015-12-14,4.160000,4.170000,4.030000,4.170000,4.170000,24300,JVA
2015-12-15,4.130000,4.200000,4.050000,4.160000,4.160000,21900,JVA
2015-12-16,4.140000,4.190000,4.010000,4.030000,4.030000,61800,JVA
2015-12-17,4.070000,4.100000,4.000000,4.050000,4.050000,35200,JVA
2015-12-18,4.030000,4.090000,3.900000,4.020000,4.020000,63400,JVA
2015-12-21,4.020000,4.020000,3.750000,3.790000,3.790000,72000,JVA
2015-12-22,3.750000,3.930000,3.750000,3.830000,3.830000,25900,JVA
2015-12-23,3.830000,4.000000,3.810000,3.950000,3.950000,19200,JVA
2015-12-24,3.920000,3.960000,3.900000,3.900000,3.900000,14000,JVA
2015-12-28,3.890000,3.890000,3.800000,3.800000,3.800000,16900,JVA
2015-12-29,3.780000,3.920000,3.750000,3.880000,3.880000,32400,JVA
2015-12-30,3.910000,3.950000,3.770000,3.850000,3.850000,44500,JVA
2015-12-31,3.770000,3.950000,3.730000,3.850000,3.850000,64400,JVA
2016-01-04,3.810000,3.810000,3.500000,3.540000,3.540000,77900,JVA
2016-01-05,3.590000,3.610000,3.550000,3.550000,3.550000,15300,JVA
2016-01-06,3.540000,3.540000,3.400000,3.470000,3.470000,24300,JVA
2016-01-07,3.450000,3.450000,3.320000,3.360000,3.360000,35600,JVA
2016-01-08,3.410000,3.510000,3.410000,3.440000,3.440000,15000,JVA
2016-01-11,3.490000,3.500000,3.340000,3.400000,3.400000,16100,JVA
2016-01-12,3.390000,3.670000,3.360000,3.360000,3.360000,32200,JVA
2016-01-13,3.400000,3.460000,3.260000,3.290000,3.290000,40900,JVA
2016-01-14,3.270000,3.350000,3.270000,3.310000,3.310000,25100,JVA
2016-01-15,3.250000,3.340000,3.230000,3.240000,3.240000,33900,JVA
2016-01-19,3.340000,3.340000,3.240000,3.300000,3.300000,9500,JVA
2016-01-20,3.240000,3.330000,3.000000,3.330000,3.330000,43900,JVA
2016-01-21,3.320000,3.320000,3.010000,3.320000,3.320000,4100,JVA
2016-01-22,3.380000,3.430000,3.350000,3.370000,3.370000,8400,JVA
2016-01-25,3.460000,3.460000,3.330000,3.430000,3.430000,6700,JVA
2016-01-26,3.580000,3.830000,3.520000,3.670000,3.670000,79100,JVA
2016-01-27,3.590000,3.790000,3.590000,3.590000,3.590000,14600,JVA
2016-01-28,3.570000,3.570000,3.410000,3.550000,3.550000,35500,JVA
2016-01-29,3.550000,3.550000,3.370000,3.370000,3.370000,7300,JVA
2016-02-01,3.400000,3.490000,3.390000,3.400000,3.400000,10300,JVA
2016-02-02,3.390000,3.410000,3.360000,3.370000,3.370000,9200,JVA
2016-02-03,3.370000,3.390000,3.360000,3.370000,3.370000,15200,JVA
2016-02-04,3.390000,3.530000,3.360000,3.480000,3.480000,14900,JVA
2016-02-05,3.540000,3.540000,3.330000,3.340000,3.340000,8800,JVA
2016-02-08,3.530000,3.530000,3.370000,3.410000,3.410000,7000,JVA
2016-02-09,3.450000,3.450000,3.280000,3.390000,3.390000,7000,JVA
2016-02-10,3.420000,3.420000,3.250000,3.260000,3.260000,18800,JVA
2016-02-11,3.270000,3.370000,3.220000,3.300000,3.300000,6000,JVA
2016-02-12,3.300000,3.330000,3.250000,3.260000,3.260000,10300,JVA
2016-02-16,3.400000,3.400000,3.360000,3.370000,3.370000,4700,JVA
2016-02-17,3.360000,3.380000,3.170000,3.180000,3.180000,55800,JVA
2016-02-18,3.180000,3.200000,3.120000,3.140000,3.140000,24600,JVA
2016-02-19,3.100000,3.250000,3.100000,3.110000,3.110000,7100,JVA
2016-02-22,3.090000,3.290000,3.050000,3.200000,3.200000,71800,JVA
2016-02-23,3.200000,3.270000,3.130000,3.150000,3.150000,40200,JVA
2016-02-24,3.150000,3.210000,3.080000,3.140000,3.140000,34900,JVA
2016-02-25,3.140000,3.220000,3.140000,3.200000,3.200000,31800,JVA
2016-02-26,3.250000,3.400000,3.220000,3.340000,3.340000,75500,JVA
2016-02-29,3.300000,3.440000,3.270000,3.270000,3.270000,77500,JVA
2016-03-01,3.310000,3.450000,3.280000,3.420000,3.420000,19200,JVA
2016-03-02,3.440000,3.480000,3.390000,3.460000,3.460000,32300,JVA
2016-03-03,3.450000,3.740000,3.450000,3.670000,3.670000,83900,JVA
2016-03-04,3.730000,3.880000,3.630000,3.690000,3.690000,58500,JVA
2016-03-07,3.680000,3.860000,3.360000,3.370000,3.370000,81600,JVA
2016-03-08,3.440000,3.510000,3.370000,3.390000,3.390000,46800,JVA
2016-03-09,3.550000,3.750000,3.420000,3.600000,3.600000,43500,JVA
2016-03-10,3.630000,3.700000,3.490000,3.530000,3.530000,15200,JVA
2016-03-11,3.580000,3.770000,3.480000,3.650000,3.650000,20200,JVA
2016-03-14,3.700000,3.700000,3.520000,3.630000,3.630000,29600,JVA
2016-03-15,3.650000,3.720000,3.520000,3.640000,3.640000,19000,JVA
2016-03-16,3.600000,3.760000,3.600000,3.700000,3.700000,13300,JVA
2016-03-17,3.790000,3.790000,3.690000,3.780000,3.780000,31800,JVA
2016-03-18,3.800000,4.000000,3.750000,4.000000,4.000000,83100,JVA
2016-03-21,3.960000,3.990000,3.870000,3.910000,3.910000,44800,JVA
2016-03-22,3.850000,4.000000,3.770000,3.980000,3.980000,62700,JVA
2016-03-23,4.000000,4.000000,3.540000,3.920000,3.920000,27300,JVA
2016-03-24,3.980000,4.000000,3.870000,3.930000,3.930000,10300,JVA
2016-03-28,3.960000,4.000000,3.900000,3.960000,3.960000,18300,JVA
2016-03-29,3.920000,4.000000,3.850000,3.850000,3.850000,45200,JVA
2016-03-30,3.910000,3.960000,3.910000,3.940000,3.940000,15400,JVA
2016-03-31,3.880000,3.990000,3.880000,3.900000,3.900000,43200,JVA
2016-04-01,3.860000,3.980000,3.860000,3.910000,3.910000,16800,JVA
2016-04-04,3.940000,4.000000,3.930000,3.980000,3.980000,42400,JVA
2016-04-05,3.930000,4.000000,3.910000,3.970000,3.970000,45700,JVA
2016-04-06,4.000000,4.180000,3.990000,4.130000,4.130000,35400,JVA
2016-04-07,4.150000,4.220000,4.060000,4.160000,4.160000,27100,JVA
2016-04-08,4.160000,4.280000,3.950000,4.270000,4.270000,18300,JVA
2016-04-11,4.300000,4.330000,4.070000,4.310000,4.310000,34500,JVA
2016-04-12,4.350000,4.420000,4.350000,4.370000,4.370000,7700,JVA
2016-04-13,4.440000,4.480000,4.330000,4.430000,4.430000,18700,JVA
2016-04-14,4.430000,4.490000,4.430000,4.480000,4.480000,30300,JVA
2016-04-15,4.460000,4.470000,4.260000,4.260000,4.260000,36300,JVA
2016-04-18,4.300000,4.420000,4.300000,4.310000,4.310000,14900,JVA
2016-04-19,4.350000,4.460000,4.350000,4.360000,4.360000,7800,JVA
2016-04-20,4.320000,4.390000,4.220000,4.230000,4.230000,12100,JVA
2016-04-21,4.260000,4.260000,4.110000,4.120000,4.120000,13900,JVA
2016-04-22,4.070000,4.260000,4.020000,4.170000,4.170000,21200,JVA
2016-04-25,4.170000,4.200000,4.010000,4.030000,4.030000,16100,JVA
2016-04-26,4.020000,4.120000,3.750000,3.770000,3.770000,64900,JVA
2016-04-27,3.810000,3.990000,3.770000,3.840000,3.840000,14200,JVA
2016-04-28,3.800000,4.000000,3.800000,3.840000,3.840000,18400,JVA
2016-04-29,3.950000,3.950000,3.690000,3.710000,3.710000,13400,JVA
2016-05-02,3.690000,3.930000,3.550000,3.810000,3.810000,31500,JVA
2016-05-03,3.850000,3.920000,3.710000,3.860000,3.860000,16500,JVA
2016-05-04,3.820000,3.870000,3.720000,3.720000,3.720000,6800,JVA
2016-05-05,3.760000,3.800000,3.590000,3.600000,3.600000,28900,JVA
2016-05-06,3.610000,3.750000,3.610000,3.710000,3.710000,12600,JVA
2016-05-09,3.680000,3.780000,3.680000,3.770000,3.770000,14000,JVA
2016-05-10,3.800000,3.890000,3.760000,3.880000,3.880000,5400,JVA
2016-05-11,3.860000,3.940000,3.810000,3.830000,3.830000,8700,JVA
2016-05-12,3.880000,3.940000,3.820000,3.890000,3.890000,15800,JVA
2016-05-13,3.900000,3.910000,3.840000,3.880000,3.880000,6100,JVA
2016-05-16,3.830000,3.830000,3.590000,3.720000,3.720000,15000,JVA
2016-05-17,3.670000,3.780000,3.670000,3.700000,3.700000,11800,JVA
2016-05-18,3.700000,3.720000,3.650000,3.720000,3.720000,8500,JVA
2016-05-19,3.660000,3.700000,3.510000,3.520000,3.520000,18600,JVA
2016-05-20,3.690000,3.690000,3.510000,3.540000,3.540000,6800,JVA
2016-05-23,3.580000,3.630000,3.560000,3.570000,3.570000,10900,JVA
2016-05-24,3.590000,3.620000,3.500000,3.580000,3.580000,7100,JVA
2016-05-25,3.570000,3.640000,3.560000,3.570000,3.570000,5300,JVA
2016-05-26,3.610000,3.650000,3.590000,3.650000,3.650000,8100,JVA
2016-05-27,3.600000,3.700000,3.590000,3.700000,3.700000,2800,JVA
2016-05-31,3.660000,3.730000,3.660000,3.710000,3.710000,12200,JVA
2016-06-01,3.670000,3.750000,3.660000,3.730000,3.730000,8200,JVA
2016-06-02,3.690000,3.810000,3.660000,3.770000,3.770000,25800,JVA
2016-06-03,4.110000,6.150000,4.110000,4.460000,4.460000,6929500,JVA
2016-06-06,4.500000,4.870000,4.300000,4.840000,4.840000,750800,JVA
2016-06-07,4.790000,4.950000,4.550000,4.850000,4.850000,335100,JVA
2016-06-08,4.810000,4.950000,4.550000,4.900000,4.900000,100500,JVA
2016-06-09,5.000000,5.370000,4.950000,5.280000,5.280000,385400,JVA
2016-06-10,5.280000,5.280000,4.850000,5.000000,5.000000,171100,JVA
2016-06-13,4.950000,5.140000,4.850000,4.930000,4.930000,59100,JVA
2016-06-14,4.960000,4.970000,4.840000,4.940000,4.940000,29800,JVA
2016-06-15,5.010000,5.010000,4.880000,5.000000,5.000000,66100,JVA
2016-06-16,4.970000,5.130000,4.960000,5.100000,5.100000,40100,JVA
2016-06-17,5.150000,5.180000,5.030000,5.090000,5.090000,35200,JVA
2016-06-20,5.200000,5.400000,5.010000,5.260000,5.260000,148400,JVA
2016-06-21,5.310000,5.360000,5.110000,5.150000,5.150000,101200,JVA
2016-06-22,5.090000,5.330000,5.030000,5.230000,5.230000,70800,JVA
2016-06-23,5.280000,5.390000,5.080000,5.320000,5.320000,39600,JVA
2016-06-24,5.040000,5.190000,4.980000,4.980000,4.980000,93500,JVA
2016-06-27,4.940000,5.000000,4.760000,4.980000,4.980000,79100,JVA
2016-06-28,5.000000,5.270000,4.950000,5.220000,5.220000,53000,JVA
2016-06-29,5.320000,5.700000,5.230000,5.580000,5.580000,398400,JVA
2016-06-30,5.670000,5.760000,5.600000,5.650000,5.650000,114400,JVA
2016-07-01,5.780000,5.800000,5.570000,5.690000,5.690000,79700,JVA
2016-07-05,5.620000,5.720000,5.570000,5.700000,5.700000,64000,JVA
2016-07-06,5.500000,5.670000,5.300000,5.530000,5.530000,63300,JVA
2016-07-07,5.590000,5.640000,5.460000,5.480000,5.480000,35000,JVA
2016-07-08,5.500000,5.790000,5.490000,5.740000,5.740000,74100,JVA
2016-07-11,5.800000,5.980000,5.770000,5.930000,5.930000,75200,JVA
2016-07-12,5.890000,5.890000,5.760000,5.850000,5.850000,41400,JVA
2016-07-13,5.730000,5.880000,5.490000,5.830000,5.830000,80100,JVA
2016-07-14,5.930000,6.130000,5.900000,6.060000,6.060000,128100,JVA
2016-07-15,6.150000,6.150000,6.000000,6.040000,6.040000,42200,JVA
2016-07-18,5.990000,6.040000,5.800000,5.850000,5.850000,84100,JVA
2016-07-19,5.850000,5.940000,5.850000,5.920000,5.920000,25500,JVA
2016-07-20,5.870000,5.930000,5.870000,5.910000,5.910000,25100,JVA
2016-07-21,5.890000,5.930000,5.750000,5.840000,5.840000,26700,JVA
2016-07-22,5.850000,6.030000,5.810000,6.000000,6.000000,30700,JVA
2016-07-25,5.930000,6.000000,5.880000,5.940000,5.940000,27500,JVA
2016-07-26,5.770000,5.950000,5.770000,5.830000,5.830000,22300,JVA
2016-07-27,5.780000,5.790000,5.570000,5.740000,5.740000,37600,JVA
2016-07-28,5.680000,5.790000,5.610000,5.640000,5.640000,13100,JVA
2016-07-29,5.610000,5.790000,5.490000,5.740000,5.740000,15900,JVA
2016-08-01,5.740000,5.800000,5.600000,5.800000,5.800000,37900,JVA
2016-08-02,5.800000,5.800000,5.560000,5.750000,5.750000,24500,JVA
2016-08-03,5.690000,5.980000,5.600000,5.950000,5.950000,28400,JVA
2016-08-04,5.980000,5.980000,5.800000,5.810000,5.810000,13600,JVA
2016-08-05,5.890000,5.890000,5.600000,5.770000,5.770000,24100,JVA
2016-08-08,5.720000,5.780000,5.720000,5.770000,5.770000,7100,JVA
2016-08-09,5.700000,5.800000,5.680000,5.700000,5.700000,21000,JVA
2016-08-10,5.730000,5.790000,5.620000,5.700000,5.700000,16600,JVA
2016-08-11,5.700000,5.700000,5.640000,5.680000,5.680000,13800,JVA
2016-08-12,5.730000,5.810000,5.620000,5.710000,5.710000,8900,JVA
2016-08-15,5.710000,5.760000,5.330000,5.390000,5.390000,84200,JVA
2016-08-16,5.400000,5.510000,5.360000,5.390000,5.390000,21400,JVA
2016-08-17,5.370000,5.420000,5.310000,5.410000,5.410000,22200,JVA
2016-08-18,5.490000,5.540000,5.430000,5.490000,5.490000,11900,JVA
2016-08-19,5.530000,5.580000,5.490000,5.520000,5.520000,9300,JVA
2016-08-22,5.610000,5.800000,5.610000,5.800000,5.800000,35600,JVA
2016-08-23,5.790000,5.980000,5.730000,5.940000,5.940000,41700,JVA
2016-08-24,5.880000,5.960000,5.700000,5.750000,5.750000,24600,JVA
2016-08-25,5.780000,5.820000,5.730000,5.780000,5.780000,6600,JVA
2016-08-26,5.800000,5.950000,5.650000,5.860000,5.860000,69400,JVA
2016-08-29,5.900000,5.940000,5.850000,5.930000,5.930000,18700,JVA
2016-08-30,5.920000,5.930000,5.570000,5.630000,5.630000,59000,JVA
2016-08-31,5.630000,5.810000,5.450000,5.730000,5.730000,100300,JVA
2016-09-01,5.780000,5.850000,5.630000,5.680000,5.680000,67800,JVA
2016-09-02,5.660000,5.750000,5.580000,5.650000,5.650000,79300,JVA
2016-09-06,5.700000,6.000000,5.660000,5.940000,5.940000,65600,JVA
2016-09-07,5.970000,6.000000,5.850000,5.860000,5.860000,69000,JVA
2016-09-08,5.860000,5.970000,5.790000,5.860000,5.860000,60400,JVA
2016-09-09,5.780000,5.890000,5.510000,5.550000,5.550000,64700,JVA
2016-09-12,5.300000,5.860000,5.280000,5.650000,5.650000,36600,JVA
2016-09-13,5.520000,5.760000,5.470000,5.600000,5.600000,19600,JVA
2016-09-14,5.860000,5.860000,5.150000,5.430000,5.430000,60800,JVA
2016-09-15,5.360000,5.360000,5.010000,5.220000,5.220000,86900,JVA
2016-09-16,5.200000,5.430000,5.150000,5.310000,5.310000,54300,JVA
2016-09-19,5.230000,5.450000,5.230000,5.410000,5.410000,79200,JVA
2016-09-20,5.370000,5.430000,5.320000,5.370000,5.370000,36600,JVA
2016-09-21,5.490000,5.510000,5.410000,5.410000,5.410000,56800,JVA
2016-09-22,5.470000,5.590000,5.390000,5.520000,5.520000,25100,JVA
2016-09-23,5.540000,5.710000,5.430000,5.580000,5.580000,31400,JVA
2016-09-26,5.510000,5.590000,5.320000,5.490000,5.490000,30200,JVA
2016-09-27,5.440000,5.540000,5.380000,5.480000,5.480000,25300,JVA
2016-09-28,5.450000,5.520000,5.450000,5.470000,5.470000,18800,JVA
2016-09-29,5.480000,5.580000,5.420000,5.430000,5.430000,21200,JVA
2016-09-30,5.500000,5.640000,5.450000,5.560000,5.560000,31400,JVA
2016-10-03,5.560000,5.710000,5.550000,5.630000,5.630000,48400,JVA
2016-10-04,5.550000,5.660000,5.550000,5.600000,5.600000,15500,JVA
2016-10-05,5.600000,5.660000,5.490000,5.600000,5.600000,26300,JVA
2016-10-06,5.560000,5.670000,5.560000,5.630000,5.630000,19100,JVA
2016-10-07,5.640000,5.640000,5.530000,5.540000,5.540000,14200,JVA
2016-10-10,5.600000,5.650000,5.510000,5.570000,5.570000,13600,JVA
2016-10-11,5.570000,5.650000,5.520000,5.600000,5.600000,18600,JVA
2016-10-12,5.600000,5.750000,5.520000,5.630000,5.630000,29200,JVA
2016-10-13,5.640000,5.760000,5.540000,5.610000,5.610000,50800,JVA
2016-10-14,5.650000,5.770000,5.650000,5.730000,5.730000,23200,JVA
2016-10-17,5.720000,5.780000,5.700000,5.710000,5.710000,21400,JVA
2016-10-18,5.800000,5.800000,5.500000,5.730000,5.730000,42700,JVA
2016-10-19,5.750000,5.750000,5.510000,5.650000,5.650000,23600,JVA
2016-10-20,5.650000,5.670000,5.500000,5.570000,5.570000,30400,JVA
2016-10-21,5.520000,5.650000,5.510000,5.590000,5.590000,12300,JVA
2016-10-24,5.580000,5.580000,5.440000,5.540000,5.540000,30500,JVA
2016-10-25,5.570000,5.570000,5.440000,5.450000,5.450000,7300,JVA
2016-10-26,5.470000,5.470000,5.400000,5.420000,5.420000,15100,JVA
2016-10-27,5.460000,5.460000,5.300000,5.420000,5.420000,25900,JVA
2016-10-28,5.430000,5.430000,5.160000,5.320000,5.320000,16900,JVA
2016-10-31,5.370000,5.370000,5.150000,5.180000,5.180000,30500,JVA
2016-11-01,5.210000,5.240000,5.070000,5.070000,5.070000,26100,JVA
2016-11-02,5.080000,5.100000,4.680000,4.890000,4.890000,76300,JVA
2016-11-03,4.940000,5.140000,4.800000,4.920000,4.920000,75800,JVA
2016-11-04,4.890000,4.960000,4.830000,4.870000,4.870000,30700,JVA
2016-11-07,4.650000,5.100000,4.650000,4.970000,4.970000,91900,JVA
2016-11-08,4.990000,5.160000,4.680000,5.100000,5.100000,31400,JVA
2016-11-09,5.000000,5.070000,4.900000,5.000000,5.000000,30300,JVA
2016-11-10,4.990000,5.000000,4.800000,4.800000,4.800000,25500,JVA
2016-11-11,4.880000,5.040000,4.820000,4.950000,4.950000,39400,JVA
2016-11-14,4.950000,5.260000,4.950000,5.050000,5.050000,61900,JVA
2016-11-15,5.090000,5.230000,5.030000,5.040000,5.040000,11400,JVA
2016-11-16,5.050000,5.180000,5.020000,5.160000,5.160000,12200,JVA
2016-11-17,5.150000,5.220000,5.070000,5.140000,5.140000,11800,JVA
2016-11-18,5.120000,5.120000,4.950000,5.110000,5.110000,18500,JVA
2016-11-21,5.090000,5.460000,5.000000,5.380000,5.380000,93100,JVA
2016-11-22,5.370000,5.680000,5.340000,5.430000,5.430000,138800,JVA
2016-11-23,5.390000,5.590000,5.160000,5.180000,5.180000,62300,JVA
2016-11-25,5.210000,5.220000,5.010000,5.100000,5.100000,16500,JVA
2016-11-28,5.140000,5.200000,4.920000,4.940000,4.940000,39800,JVA
2016-11-29,4.990000,5.040000,4.950000,5.000000,5.000000,22600,JVA
2016-11-30,5.030000,5.110000,4.840000,4.960000,4.960000,14000,JVA
2016-12-01,4.950000,5.030000,4.870000,4.930000,4.930000,17700,JVA
2016-12-02,4.950000,4.950000,4.840000,4.910000,4.910000,16500,JVA
2016-12-05,4.890000,5.040000,4.890000,4.990000,4.990000,9900,JVA
2016-12-06,5.000000,5.040000,4.990000,5.020000,5.020000,6300,JVA
2016-12-07,4.930000,5.040000,4.700000,4.890000,4.890000,70100,JVA
2016-12-08,4.920000,4.960000,4.760000,4.810000,4.810000,31500,JVA
2016-12-09,4.830000,4.940000,4.820000,4.900000,4.900000,11800,JVA
2016-12-12,4.910000,5.020000,4.750000,4.940000,4.940000,10100,JVA
2016-12-13,4.980000,4.980000,4.780000,4.890000,4.890000,19700,JVA
2016-12-14,4.760000,4.900000,4.640000,4.710000,4.710000,32700,JVA
2016-12-15,4.710000,4.910000,4.700000,4.700000,4.700000,72300,JVA
2016-12-16,4.890000,4.890000,4.700000,4.750000,4.750000,32400,JVA
2016-12-19,4.730000,4.780000,4.570000,4.650000,4.650000,29100,JVA
2016-12-20,4.640000,4.750000,4.600000,4.660000,4.660000,22700,JVA
2016-12-21,4.750000,4.750000,4.600000,4.600000,4.600000,18900,JVA
2016-12-22,4.600000,4.650000,4.550000,4.570000,4.570000,34800,JVA
2016-12-23,4.600000,4.640000,4.510000,4.540000,4.540000,22500,JVA
2016-12-27,4.520000,4.540000,4.350000,4.410000,4.410000,44800,JVA
2016-12-28,4.440000,4.670000,4.360000,4.430000,4.430000,28200,JVA
2016-12-29,4.470000,4.680000,4.440000,4.460000,4.460000,18600,JVA
2016-12-30,4.440000,4.700000,4.360000,4.650000,4.650000,36100,JVA
2017-01-03,4.700000,4.700000,4.570000,4.620000,4.620000,20600,JVA
2017-01-04,4.610000,4.660000,4.530000,4.560000,4.560000,22600,JVA
2017-01-05,4.590000,4.720000,4.350000,4.540000,4.540000,55300,JVA
2017-01-06,4.580000,4.690000,4.380000,4.660000,4.660000,68400,JVA
2017-01-09,4.650000,4.790000,4.600000,4.790000,4.790000,36000,JVA
2017-01-10,4.790000,4.870000,4.690000,4.700000,4.700000,21100,JVA
2017-01-11,4.700000,4.790000,4.600000,4.750000,4.750000,25900,JVA
2017-01-12,4.780000,4.900000,4.710000,4.780000,4.780000,19100,JVA
2017-01-13,4.790000,4.830000,4.770000,4.770000,4.770000,7600,JVA
2017-01-17,4.790000,4.870000,4.730000,4.730000,4.730000,19700,JVA
2017-01-18,4.720000,4.720000,4.550000,4.600000,4.600000,39800,JVA
2017-01-19,4.610000,4.620000,4.530000,4.530000,4.530000,7200,JVA
2017-01-20,4.580000,4.730000,4.550000,4.650000,4.650000,23100,JVA
2017-01-23,4.650000,4.870000,4.650000,4.780000,4.780000,40500,JVA
2017-01-24,4.710000,4.850000,4.610000,4.800000,4.800000,23400,JVA
2017-01-25,4.730000,4.850000,4.650000,4.700000,4.700000,8700,JVA
2017-01-26,4.790000,4.850000,4.700000,4.840000,4.840000,35900,JVA
2017-01-27,4.850000,4.940000,4.630000,4.770000,4.770000,69700,JVA
2017-01-30,4.690000,4.740000,4.610000,4.620000,4.620000,21600,JVA
2017-01-31,4.620000,4.630000,4.550000,4.550000,4.550000,12700,JVA
2017-02-01,4.550000,4.600000,4.530000,4.530000,4.530000,20200,JVA
2017-02-02,4.530000,4.550000,4.380000,4.400000,4.400000,30200,JVA
2017-02-03,4.370000,4.660000,4.370000,4.460000,4.460000,64200,JVA
2017-02-06,4.490000,4.540000,4.490000,4.490000,4.490000,9700,JVA
2017-02-07,4.470000,4.490000,4.440000,4.460000,4.460000,9000,JVA
2017-02-08,4.420000,4.450000,4.320000,4.330000,4.330000,62500,JVA
2017-02-09,4.320000,4.490000,4.320000,4.370000,4.370000,22900,JVA
2017-02-10,4.340000,4.500000,4.340000,4.470000,4.470000,19900,JVA
2017-02-13,4.490000,4.520000,4.370000,4.500000,4.500000,27700,JVA
2017-02-14,4.540000,4.670000,4.380000,4.510000,4.510000,65300,JVA
2017-02-15,4.520000,4.650000,4.480000,4.560000,4.560000,16600,JVA
2017-02-16,4.590000,4.650000,4.510000,4.570000,4.570000,11000,JVA
2017-02-17,4.510000,4.510000,4.450000,4.460000,4.460000,12100,JVA
2017-02-21,4.500000,4.630000,4.500000,4.620000,4.620000,33300,JVA
2017-02-22,4.620000,4.640000,4.600000,4.620000,4.620000,11500,JVA
2017-02-23,4.620000,4.640000,4.600000,4.640000,4.640000,14500,JVA
2017-02-24,4.660000,4.940000,4.660000,4.910000,4.910000,66900,JVA
2017-02-27,4.880000,4.910000,4.750000,4.890000,4.890000,14200,JVA
2017-02-28,4.850000,5.000000,4.850000,5.000000,5.000000,35700,JVA
2017-03-01,5.070000,5.090000,4.910000,4.970000,4.970000,22100,JVA
2017-03-02,5.010000,5.010000,4.610000,4.740000,4.740000,76500,JVA
2017-03-03,4.780000,4.930000,4.770000,4.830000,4.830000,48400,JVA
2017-03-06,4.850000,4.980000,4.620000,4.930000,4.930000,66700,JVA
2017-03-07,4.970000,4.970000,4.810000,4.860000,4.860000,17000,JVA
2017-03-08,4.830000,4.930000,4.730000,4.850000,4.850000,46900,JVA
2017-03-09,4.890000,4.890000,4.710000,4.720000,4.720000,12600,JVA
2017-03-10,4.750000,4.750000,4.600000,4.700000,4.700000,15800,JVA
2017-03-13,4.680000,4.820000,4.620000,4.680000,4.680000,17800,JVA
2017-03-14,4.650000,4.780000,4.650000,4.660000,4.660000,20500,JVA
2017-03-15,4.670000,4.730000,4.660000,4.710000,4.710000,18500,JVA
2017-03-16,4.720000,4.910000,4.710000,4.750000,4.750000,25600,JVA
2017-03-17,4.630000,4.780000,4.630000,4.700000,4.700000,14000,JVA
2017-03-20,4.730000,4.730000,4.600000,4.620000,4.620000,17700,JVA
2017-03-21,4.640000,4.810000,4.630000,4.750000,4.750000,21000,JVA
2017-03-22,4.790000,4.790000,4.650000,4.760000,4.760000,14300,JVA
2017-03-23,4.720000,4.720000,4.630000,4.640000,4.640000,26300,JVA
2017-03-24,4.630000,4.790000,4.520000,4.630000,4.630000,53300,JVA
2017-03-27,4.610000,4.610000,4.520000,4.570000,4.570000,17900,JVA
2017-03-28,4.590000,4.750000,4.510000,4.620000,4.620000,35900,JVA
2017-03-29,4.690000,4.690000,4.640000,4.680000,4.680000,14000,JVA
2017-03-30,4.690000,4.690000,4.590000,4.590000,4.590000,11500,JVA
2017-03-31,4.600000,4.680000,4.540000,4.650000,4.650000,17600,JVA
2017-04-03,4.650000,4.740000,4.500000,4.620000,4.620000,56600,JVA
2017-04-04,4.640000,4.730000,4.580000,4.580000,4.580000,9200,JVA
2017-04-05,4.660000,4.660000,4.470000,4.600000,4.600000,35600,JVA
2017-04-06,4.600000,4.640000,4.560000,4.600000,4.600000,12900,JVA
2017-04-07,4.550000,4.580000,4.530000,4.560000,4.560000,9900,JVA
2017-04-10,4.550000,4.810000,4.550000,4.740000,4.740000,50800,JVA
2017-04-11,4.700000,4.780000,4.630000,4.670000,4.670000,8200,JVA
2017-04-12,4.760000,4.760000,4.620000,4.660000,4.660000,9600,JVA
2017-04-13,4.650000,4.710000,4.630000,4.630000,4.630000,8000,JVA
2017-04-17,4.630000,4.670000,4.580000,4.670000,4.670000,8800,JVA
2017-04-18,4.630000,4.640000,4.550000,4.600000,4.600000,6700,JVA
2017-04-19,4.640000,4.670000,4.630000,4.670000,4.670000,4800,JVA
2017-04-20,4.640000,4.670000,4.640000,4.660000,4.660000,8300,JVA
2017-04-21,4.660000,4.780000,4.600000,4.760000,4.760000,23100,JVA
2017-04-24,4.730000,4.830000,4.690000,4.770000,4.770000,15600,JVA
2017-04-25,4.760000,4.890000,4.760000,4.840000,4.840000,20500,JVA
2017-04-26,4.870000,4.990000,4.700000,4.950000,4.950000,32800,JVA
2017-04-27,4.900000,4.970000,4.890000,4.930000,4.930000,11800,JVA
2017-04-28,4.970000,4.980000,4.810000,4.920000,4.920000,7900,JVA
2017-05-01,4.900000,4.990000,4.820000,4.830000,4.830000,6800,JVA
2017-05-02,4.850000,4.880000,4.800000,4.820000,4.820000,14100,JVA
2017-05-03,4.810000,4.920000,4.650000,4.650000,4.650000,8500,JVA
2017-05-04,4.770000,4.770000,4.650000,4.680000,4.680000,17400,JVA
2017-05-05,4.680000,4.810000,4.680000,4.720000,4.720000,23500,JVA
2017-05-08,4.750000,4.830000,4.750000,4.770000,4.770000,41200,JVA
2017-05-09,4.820000,4.900000,4.760000,4.810000,4.810000,20100,JVA
2017-05-10,4.830000,4.860000,4.810000,4.850000,4.850000,7200,JVA
2017-05-11,4.870000,4.900000,4.870000,4.890000,4.890000,8000,JVA
2017-05-12,4.900000,4.970000,4.900000,4.920000,4.920000,21700,JVA
2017-05-15,4.940000,4.970000,4.870000,4.970000,4.970000,6400,JVA
2017-05-16,4.910000,4.970000,4.830000,4.860000,4.860000,13300,JVA
2017-05-17,4.860000,4.860000,4.750000,4.830000,4.830000,23900,JVA
2017-05-18,4.790000,4.840000,4.760000,4.820000,4.820000,2900,JVA
2017-05-19,4.830000,4.830000,4.700000,4.720000,4.720000,14300,JVA
2017-05-22,4.650000,4.890000,4.610000,4.860000,4.860000,24100,JVA
2017-05-23,4.850000,4.870000,4.740000,4.840000,4.840000,5600,JVA
2017-05-24,4.860000,4.860000,4.800000,4.850000,4.850000,6000,JVA
2017-05-25,4.840000,4.900000,4.730000,4.750000,4.750000,7700,JVA
2017-05-26,4.810000,4.880000,4.790000,4.880000,4.880000,3000,JVA
2017-05-30,4.800000,4.860000,4.800000,4.840000,4.840000,2300,JVA
2017-05-31,4.810000,4.900000,4.810000,4.870000,4.870000,10900,JVA
2017-06-01,4.840000,4.870000,4.790000,4.830000,4.830000,10700,JVA
2017-06-02,4.820000,4.860000,4.770000,4.830000,4.830000,8000,JVA
2017-06-05,4.790000,4.820000,4.650000,4.700000,4.700000,26300,JVA
2017-06-06,4.660000,4.720000,4.660000,4.710000,4.710000,13000,JVA
2017-06-07,4.710000,4.720000,4.630000,4.630000,4.630000,6400,JVA
2017-06-08,4.610000,4.730000,4.610000,4.700000,4.700000,34600,JVA
2017-06-09,4.670000,4.730000,4.610000,4.720000,4.720000,13500,JVA
2017-06-12,4.670000,4.730000,4.610000,4.690000,4.690000,25200,JVA
2017-06-13,4.620000,4.620000,4.340000,4.460000,4.460000,88300,JVA
2017-06-14,4.410000,4.440000,4.350000,4.350000,4.350000,9900,JVA
2017-06-15,4.400000,4.430000,4.350000,4.390000,4.390000,26100,JVA
2017-06-16,4.360000,4.500000,4.320000,4.370000,4.370000,31900,JVA
2017-06-19,4.390000,4.390000,4.300000,4.300000,4.300000,27300,JVA
2017-06-20,4.390000,4.420000,4.310000,4.370000,4.370000,13900,JVA
2017-06-21,4.400000,4.420000,4.350000,4.350000,4.350000,4900,JVA
2017-06-22,4.330000,4.440000,4.310000,4.360000,4.360000,13600,JVA
2017-06-23,4.410000,4.410000,4.260000,4.370000,4.370000,21400,JVA
2017-06-26,4.380000,4.390000,4.300000,4.330000,4.330000,32200,JVA
2017-06-27,4.380000,4.390000,4.300000,4.310000,4.310000,10000,JVA
2017-06-28,4.340000,4.550000,4.340000,4.390000,4.390000,48100,JVA
2017-06-29,4.440000,4.470000,4.360000,4.420000,4.420000,5200,JVA
2017-06-30,4.440000,4.470000,4.390000,4.450000,4.450000,17800,JVA
2017-07-03,4.430000,4.480000,4.430000,4.480000,4.480000,800,JVA
2017-07-05,4.440000,4.480000,4.420000,4.450000,4.450000,13900,JVA
2017-07-06,4.410000,4.440000,4.360000,4.440000,4.440000,24600,JVA
2017-07-07,4.400000,4.480000,4.380000,4.400000,4.400000,4900,JVA
2017-07-10,4.410000,4.470000,4.350000,4.380000,4.380000,6400,JVA
2017-07-11,4.350000,4.470000,4.340000,4.390000,4.390000,10300,JVA
2017-07-12,4.390000,4.530000,4.390000,4.460000,4.460000,18700,JVA
2017-07-13,4.500000,4.500000,4.360000,4.420000,4.420000,16700,JVA
2017-07-14,4.380000,4.440000,4.360000,4.420000,4.420000,11000,JVA
2017-07-17,4.380000,4.530000,4.380000,4.420000,4.420000,52500,JVA
2017-07-18,4.350000,4.500000,4.330000,4.330000,4.330000,48300,JVA
2017-07-19,4.360000,4.440000,4.340000,4.370000,4.370000,16500,JVA
2017-07-20,4.390000,4.390000,4.310000,4.310000,4.310000,14600,JVA
2017-07-21,4.300000,4.320000,4.200000,4.250000,4.250000,36800,JVA
2017-07-24,4.280000,4.380000,4.180000,4.190000,4.190000,18200,JVA
2017-07-25,4.180000,4.360000,4.180000,4.260000,4.260000,16500,JVA
2017-07-26,4.290000,4.380000,4.150000,4.290000,4.290000,12600,JVA
2017-07-27,4.280000,4.280000,4.190000,4.220000,4.220000,12700,JVA
2017-07-28,4.260000,4.260000,4.150000,4.200000,4.200000,22600,JVA
2017-07-31,4.190000,4.310000,4.150000,4.160000,4.160000,40900,JVA
2017-08-01,4.170000,4.290000,4.150000,4.250000,4.250000,8100,JVA
2017-08-02,4.230000,4.300000,4.150000,4.200000,4.200000,4300,JVA
2017-08-03,4.210000,4.210000,4.110000,4.140000,4.140000,35100,JVA
2017-08-04,4.130000,4.240000,4.040000,4.070000,4.070000,21000,JVA
2017-08-07,4.110000,4.230000,4.070000,4.200000,4.200000,24400,JVA
2017-08-08,4.230000,4.240000,4.150000,4.190000,4.190000,7800,JVA
2017-08-09,4.160000,4.230000,4.020000,4.170000,4.170000,7100,JVA
2017-08-10,4.250000,4.250000,4.050000,4.090000,4.090000,3800,JVA
2017-08-11,4.050000,4.180000,3.900000,4.010000,4.010000,26900,JVA
2017-08-14,3.990000,4.100000,3.990000,4.090000,4.090000,8200,JVA
2017-08-15,4.070000,4.080000,3.910000,3.910000,3.910000,24300,JVA
2017-08-16,3.950000,4.020000,3.940000,3.990000,3.990000,8400,JVA
2017-08-17,4.030000,4.050000,3.990000,4.030000,4.030000,12400,JVA
2017-08-18,4.040000,4.110000,4.000000,4.080000,4.080000,10300,JVA
2017-08-21,4.050000,4.050000,3.760000,3.940000,3.940000,16800,JVA
2017-08-22,3.910000,4.110000,3.850000,3.910000,3.910000,18300,JVA
2017-08-23,3.900000,4.040000,3.880000,3.900000,3.900000,10300,JVA
2017-08-24,3.880000,4.010000,3.880000,3.910000,3.910000,7400,JVA
2017-08-25,3.940000,4.020000,3.890000,3.890000,3.890000,5400,JVA
2017-08-28,3.900000,3.950000,3.850000,3.850000,3.850000,14000,JVA
2017-08-29,3.860000,3.950000,3.820000,3.820000,3.820000,7300,JVA
2017-08-30,3.940000,3.980000,3.800000,3.840000,3.840000,22700,JVA
2017-08-31,3.850000,4.000000,3.810000,3.810000,3.810000,7500,JVA
2017-09-01,3.850000,3.920000,3.820000,3.920000,3.920000,3900,JVA
2017-09-05,3.880000,3.920000,3.840000,3.850000,3.850000,2300,JVA
2017-09-06,3.900000,3.940000,3.860000,3.870000,3.870000,12000,JVA
2017-09-07,3.890000,3.930000,3.850000,3.910000,3.910000,5800,JVA
2017-09-08,3.940000,3.960000,3.900000,3.900000,3.900000,3700,JVA
2017-09-11,3.920000,3.960000,3.920000,3.930000,3.930000,8800,JVA
2017-09-12,3.910000,3.980000,3.910000,3.950000,3.950000,5300,JVA
2017-09-13,3.950000,4.390000,3.880000,4.330000,4.330000,53800,JVA
2017-09-14,4.260000,4.350000,4.180000,4.310000,4.310000,18500,JVA
