Date,Open,High,Low,Close,Adj Close,Volume,MAR
2012-09-14,40.959999,41.840000,40.689999,41.599998,38.801052,3430400,MAR
2012-09-17,41.259998,41.459999,40.700001,41.160000,38.390659,3247700,MAR
2012-09-18,41.180000,41.279999,40.900002,41.070000,38.306713,1646100,MAR
2012-09-19,41.029999,41.290001,40.860001,40.900002,38.148151,3550300,MAR
2012-09-20,40.380001,40.799999,39.750000,40.750000,38.008244,4018800,MAR
2012-09-21,40.959999,41.000000,40.389999,40.430000,37.709778,3370700,MAR
2012-09-24,40.330002,40.599998,40.000000,40.220001,37.513908,2245100,MAR
2012-09-25,39.779999,40.410000,39.119999,39.139999,36.506565,3505300,MAR
2012-09-26,39.110001,39.279999,38.759998,39.009998,36.385315,2477000,MAR
2012-09-27,39.230000,39.720001,38.950001,39.580002,36.916965,2298600,MAR
2012-09-28,39.349998,39.470001,39.000000,39.099998,36.469257,3023700,MAR
2012-10-01,39.320000,39.639999,38.889999,38.970001,36.348011,3254700,MAR
2012-10-02,39.160000,39.259998,38.500000,38.630001,36.030876,3500700,MAR
2012-10-03,38.860001,39.080002,38.500000,39.000000,36.375984,4667300,MAR
2012-10-04,39.880001,40.299999,38.660000,38.939999,36.320023,6841600,MAR
2012-10-05,38.590000,39.150002,38.000000,38.290001,35.713757,5090500,MAR
2012-10-08,38.200001,39.090000,38.060001,38.730000,36.124149,5050400,MAR
2012-10-09,38.700001,38.840000,38.299999,38.450001,35.862991,3116300,MAR
2012-10-10,38.459999,38.759998,38.160000,38.380001,35.797703,2911600,MAR
2012-10-11,37.730000,38.290001,37.660000,38.169998,35.601833,3491500,MAR
2012-10-12,38.220001,38.639999,37.950001,38.160000,35.592506,2319200,MAR
2012-10-15,38.250000,38.650002,38.150002,38.529999,35.937614,1928500,MAR
2012-10-16,38.810001,38.970001,38.650002,38.889999,36.273388,1485300,MAR
2012-10-17,39.000000,39.000000,38.560001,38.790001,36.180115,1998800,MAR
2012-10-18,38.790001,39.110001,38.580002,38.889999,36.273388,1954600,MAR
2012-10-19,38.669998,38.669998,37.330002,37.529999,35.004890,3505000,MAR
2012-10-22,37.529999,37.990002,37.130001,37.939999,35.387306,2271900,MAR
2012-10-23,37.270000,37.330002,36.840000,36.889999,34.407959,2215500,MAR
2012-10-24,37.070000,37.150002,36.290001,36.439999,33.988232,3704200,MAR
2012-10-25,36.750000,37.049999,36.090000,36.470001,34.016209,4003600,MAR
2012-10-26,36.400002,37.259998,36.330002,36.820000,34.342667,5715400,MAR
2012-10-31,36.779999,36.950001,36.230000,36.480000,34.025543,3793600,MAR
2012-11-01,36.639999,37.150002,36.520000,36.959999,34.473251,2507400,MAR
2012-11-02,37.230000,37.470001,36.669998,36.689999,34.221401,4070100,MAR
2012-11-05,36.520000,36.720001,36.330002,36.639999,34.174782,1859000,MAR
2012-11-06,36.730000,36.880001,36.500000,36.770000,34.296036,2267800,MAR
2012-11-07,36.410000,36.669998,35.849998,36.009998,33.587162,2809700,MAR
2012-11-08,35.980000,36.029999,35.279999,35.279999,32.906277,3327300,MAR
2012-11-09,35.160000,36.000000,35.110001,35.540001,33.148792,3759700,MAR
2012-11-12,35.650002,35.669998,35.270000,35.310001,32.934265,1980100,MAR
2012-11-13,35.130001,35.470001,35.060001,35.130001,32.766376,3253900,MAR
2012-11-14,35.279999,35.310001,34.259998,34.380001,32.066826,2788700,MAR
2012-11-15,34.380001,34.599998,33.930000,34.110001,31.815004,3195600,MAR
2012-11-16,34.209999,34.950001,34.099998,34.430000,32.113461,3369500,MAR
2012-11-19,34.930000,35.590000,34.860001,35.450001,33.064838,4265300,MAR
2012-11-20,35.380001,35.490002,34.730000,34.880001,32.652935,2710300,MAR
2012-11-21,34.900002,35.160000,34.750000,34.820000,32.596764,1227700,MAR
2012-11-23,35.040001,35.270000,34.880001,35.240002,32.989948,583400,MAR
2012-11-26,34.970001,35.029999,34.630001,34.709999,32.493782,2639900,MAR
2012-11-27,34.560001,35.070000,34.509998,34.639999,32.428257,2987700,MAR
2012-11-28,34.470001,35.270000,34.209999,35.209999,32.961864,2701400,MAR
2012-11-29,35.490002,36.700001,35.349998,36.630001,34.291203,5356600,MAR
2012-11-30,36.560001,36.560001,36.130001,36.290001,33.972912,3632700,MAR
2012-12-03,36.230000,36.689999,35.869999,35.889999,33.598450,1718000,MAR
2012-12-04,35.810001,35.860001,35.490002,35.529999,33.261429,2285300,MAR
2012-12-05,35.610001,35.750000,35.110001,35.270000,33.018024,2013300,MAR
2012-12-06,35.320000,35.779999,35.189999,35.459999,33.195900,1544300,MAR
2012-12-07,35.720001,35.720001,35.279999,35.430000,33.167816,1282800,MAR
2012-12-10,35.349998,35.700001,35.259998,35.590000,33.317604,1135900,MAR
2012-12-11,35.750000,35.919998,35.560001,35.790001,33.504833,1868500,MAR
2012-12-12,35.990002,36.189999,35.540001,35.919998,33.626522,2259100,MAR
2012-12-13,35.900002,36.000000,35.570000,35.619999,33.345680,1601200,MAR
2012-12-14,35.470001,36.330002,35.470001,36.110001,33.804398,2328200,MAR
2012-12-17,36.209999,36.860001,36.110001,36.840000,34.487789,2489800,MAR
2012-12-18,36.959999,37.470001,36.810001,37.419998,35.030758,3001600,MAR
2012-12-19,37.389999,37.520000,37.130001,37.220001,34.843533,2375500,MAR
2012-12-20,37.189999,37.860001,37.119999,37.680000,35.274155,3433300,MAR
2012-12-21,37.090000,37.450001,36.990002,37.400002,35.012032,3346200,MAR
2012-12-24,37.320000,37.369999,37.000000,37.119999,34.749916,562200,MAR
2012-12-26,37.150002,37.189999,36.689999,36.709999,34.366093,1516100,MAR
2012-12-27,36.730000,36.970001,36.290001,36.880001,34.525230,1731400,MAR
2012-12-28,36.490002,37.040001,36.419998,36.480000,34.150772,1662700,MAR
2012-12-31,36.310001,37.290001,36.240002,37.270000,34.890327,1946100,MAR
2013-01-02,38.320000,39.410000,38.139999,38.790001,36.313286,3964900,MAR
2013-01-03,38.860001,39.340000,38.730000,39.099998,36.603489,2810800,MAR
2013-01-04,39.230000,39.430000,38.980000,39.230000,36.725185,2285300,MAR
2013-01-07,38.939999,39.200001,38.790001,39.009998,36.519230,1817200,MAR
2013-01-08,38.930000,39.049999,38.750000,38.900002,36.416260,1716000,MAR
2013-01-09,38.980000,39.060001,38.730000,38.900002,36.416260,1456600,MAR
2013-01-10,39.189999,39.290001,38.849998,39.020000,36.528599,1521500,MAR
2013-01-11,38.980000,39.099998,38.759998,38.880001,36.397537,863200,MAR
2013-01-14,38.910000,39.150002,38.619999,38.730000,36.257114,1227700,MAR
2013-01-15,38.580002,39.240002,38.549999,39.160000,36.659664,1830000,MAR
2013-01-16,38.959999,39.090000,38.700001,38.830002,36.350727,1182200,MAR
2013-01-17,38.950001,39.529999,38.900002,39.279999,36.771988,2481100,MAR
2013-01-18,39.380001,39.400002,38.970001,39.270000,36.762638,1523100,MAR
2013-01-22,39.200001,39.299999,38.740002,39.240002,36.734550,2173200,MAR
2013-01-23,39.200001,39.290001,38.910000,39.150002,36.650295,2010600,MAR
2013-01-24,39.200001,39.380001,38.830002,38.970001,36.481792,2456800,MAR
2013-01-25,39.160000,39.650002,39.049999,39.560001,37.034111,2912200,MAR
2013-01-28,39.509998,40.119999,39.400002,40.099998,37.539635,4130800,MAR
2013-01-29,39.990002,40.250000,39.770000,40.209999,37.642620,2281300,MAR
2013-01-30,40.130001,40.380001,40.070000,40.139999,37.577087,2246600,MAR
2013-01-31,40.230000,40.230000,39.790001,39.980000,37.427299,2593200,MAR
2013-02-01,40.340000,40.580002,40.090000,40.290001,37.717510,1852600,MAR
2013-02-04,39.990002,40.150002,39.669998,39.770000,37.230713,1830900,MAR
2013-02-05,40.020000,40.169998,39.849998,39.950001,37.399220,1836600,MAR
2013-02-06,39.889999,40.740002,39.810001,40.660000,38.063889,2508900,MAR
2013-02-07,40.549999,40.660000,39.990002,40.470001,37.886017,2087800,MAR
2013-02-08,40.529999,41.049999,40.480000,40.970001,38.354088,1965500,MAR
2013-02-11,40.970001,41.230000,40.759998,41.220001,38.588127,1182200,MAR
2013-02-12,41.189999,41.520000,40.889999,41.389999,38.747269,1637200,MAR
2013-02-13,41.580002,41.610001,41.160000,41.180000,38.550686,1461000,MAR
2013-02-14,40.919998,41.209999,40.779999,41.160000,38.531960,1381300,MAR
2013-02-15,41.189999,41.730000,41.130001,41.230000,38.597492,3495800,MAR
2013-02-19,41.150002,41.150002,40.630001,40.830002,38.223038,4131200,MAR
2013-02-20,39.869999,41.000000,39.520000,39.720001,37.183903,3722300,MAR
2013-02-21,39.610001,39.619999,39.049999,39.160000,36.659664,3558500,MAR
2013-02-22,39.330002,39.490002,39.040001,39.490002,36.968586,1832600,MAR
2013-02-25,39.700001,39.970001,38.599998,38.599998,36.135422,3347800,MAR
2013-02-26,38.709999,38.919998,38.349998,38.529999,36.069881,2620200,MAR
2013-02-27,38.500000,39.430000,38.500000,39.299999,36.915272,1638100,MAR
2013-02-28,39.340000,39.799999,39.240002,39.450001,37.056171,2701000,MAR
2013-03-01,39.279999,39.700001,39.060001,39.570000,37.168888,1580600,MAR
2013-03-04,39.500000,39.619999,38.930000,39.200001,36.821331,3377400,MAR
2013-03-05,39.419998,39.810001,39.340000,39.459999,37.065563,2484200,MAR
2013-03-06,39.619999,39.709999,39.299999,39.380001,36.990406,2254500,MAR
2013-03-07,39.490002,39.540001,39.230000,39.360001,36.971634,1950700,MAR
2013-03-08,39.680000,40.520000,39.529999,40.290001,37.845196,4826500,MAR
2013-03-11,40.310001,40.430000,39.930000,40.240002,37.798237,3276000,MAR
2013-03-12,40.310001,40.560001,39.820000,39.980000,37.554012,2374200,MAR
2013-03-13,40.049999,40.400002,39.959999,40.180000,37.741863,2199400,MAR
2013-03-14,40.259998,40.560001,40.130001,40.419998,37.967308,1593700,MAR
2013-03-15,40.250000,40.450001,40.020000,40.349998,37.901554,2691200,MAR
2013-03-18,39.790001,40.150002,39.610001,39.900002,37.478867,2087000,MAR
2013-03-19,40.000000,40.070000,39.240002,39.549999,37.150101,2858500,MAR
2013-03-20,39.830002,40.220001,39.750000,40.020000,37.591579,1473900,MAR
2013-03-21,39.759998,39.970001,39.500000,39.619999,37.215855,1431900,MAR
2013-03-22,39.700001,39.889999,39.650002,39.849998,37.431896,1294500,MAR
2013-03-25,40.000000,40.119999,39.590000,39.759998,37.347355,1931700,MAR
2013-03-26,39.930000,41.560001,39.790001,41.290001,38.784512,5147100,MAR
2013-03-27,41.040001,41.700001,40.919998,41.619999,39.094490,2543600,MAR
2013-03-28,41.689999,42.270000,41.570000,42.230000,39.667480,2391500,MAR
2013-04-01,42.119999,42.250000,41.599998,41.630001,39.103886,1777700,MAR
2013-04-02,41.860001,41.919998,41.310001,41.459999,38.944199,1691500,MAR
2013-04-03,41.520000,41.660000,40.849998,41.000000,38.512112,2291500,MAR
2013-04-04,40.980000,41.330002,40.880001,41.299999,38.793911,1549400,MAR
2013-04-05,40.590000,40.689999,40.200001,40.660000,38.192738,1775100,MAR
2013-04-08,40.549999,41.299999,40.500000,41.299999,38.793911,944100,MAR
2013-04-09,41.549999,41.869999,41.389999,41.599998,39.075706,1744900,MAR
2013-04-10,41.730000,42.150002,41.580002,41.990002,39.442055,1877000,MAR
2013-04-11,42.189999,42.369999,42.080002,42.209999,39.648685,1702600,MAR
2013-04-12,42.070000,42.590000,41.980000,42.590000,40.005634,1123100,MAR
2013-04-15,42.200001,42.240002,40.549999,40.709999,38.239712,4070100,MAR
2013-04-16,41.200001,41.750000,41.119999,41.750000,39.216606,2480000,MAR
2013-04-17,41.419998,41.560001,40.830002,41.130001,38.634228,1635200,MAR
2013-04-18,41.240002,41.389999,40.549999,40.810001,38.333637,1993900,MAR
2013-04-19,40.910000,41.430000,40.709999,41.340000,38.831486,1267800,MAR
2013-04-22,41.380001,41.560001,41.029999,41.330002,38.822094,1456000,MAR
2013-04-23,41.509998,41.939999,41.490002,41.869999,39.329315,1744400,MAR
2013-04-24,41.980000,42.060001,41.389999,41.430000,38.916019,1729800,MAR
2013-04-25,41.720001,41.919998,41.590000,41.639999,39.113274,2066600,MAR
2013-04-26,41.529999,42.000000,41.480000,41.570000,39.047516,2228700,MAR
2013-04-29,41.500000,41.669998,41.209999,41.619999,39.094490,1661400,MAR
2013-04-30,41.799999,43.130001,41.799999,43.060001,40.447121,3683900,MAR
2013-05-01,42.459999,42.910000,42.290001,42.480000,39.902313,2508200,MAR
2013-05-02,42.570000,42.959999,41.450001,42.840000,40.240467,3229800,MAR
2013-05-03,43.250000,43.560001,42.869999,43.009998,40.400146,2589500,MAR
2013-05-06,43.000000,43.270000,42.939999,43.110001,40.494080,1826300,MAR
2013-05-07,43.209999,43.709999,43.209999,43.540001,40.897987,1217300,MAR
2013-05-08,43.340000,43.700001,43.220001,43.490002,40.851013,1657900,MAR
2013-05-09,43.509998,43.639999,43.130001,43.230000,40.606796,1710100,MAR
2013-05-10,43.349998,43.970001,43.240002,43.970001,41.301899,1762100,MAR
2013-05-13,43.919998,43.930000,43.599998,43.630001,40.982525,1438300,MAR
2013-05-14,43.650002,44.000000,43.610001,43.959999,41.292500,1986200,MAR
2013-05-15,43.910000,44.450001,43.740002,43.970001,41.301899,3448500,MAR
2013-05-16,43.860001,43.939999,43.130001,43.189999,40.569221,1089600,MAR
2013-05-17,43.320000,43.840000,43.320000,43.730000,41.076450,1786800,MAR
2013-05-20,43.689999,43.840000,43.310001,43.360001,40.728909,1355400,MAR
2013-05-21,43.369999,43.709999,43.220001,43.480000,40.841633,1282700,MAR
2013-05-22,43.340000,43.820000,42.549999,42.770000,40.332409,1622900,MAR
2013-05-23,42.349998,43.160000,42.320000,42.580002,40.153240,1889000,MAR
2013-05-24,42.380001,42.860001,42.139999,42.770000,40.332409,1442900,MAR
2013-05-28,43.250000,43.549999,43.080002,43.230000,40.766186,1394300,MAR
2013-05-29,42.910000,43.080002,42.259998,42.330002,39.917484,1546500,MAR
2013-05-30,42.480000,42.910000,42.380001,42.520000,40.096649,1521300,MAR
2013-05-31,42.419998,42.840000,42.009998,42.009998,39.615723,2352200,MAR
2013-06-03,42.349998,42.389999,41.540001,42.200001,39.794899,2129300,MAR
2013-06-04,42.130001,42.230000,40.400002,40.410000,38.106915,4192200,MAR
2013-06-05,40.240002,40.880001,40.090000,40.389999,38.088047,3339900,MAR
2013-06-06,40.330002,41.020000,40.090000,41.009998,38.672714,1936400,MAR
2013-06-07,41.240002,41.700001,41.099998,41.660000,39.285664,2058800,MAR
2013-06-10,41.700001,41.889999,41.380001,41.480000,39.115921,2003800,MAR
2013-06-11,41.009998,41.230000,40.590000,40.840000,38.512398,1778700,MAR
2013-06-12,41.130001,41.410000,40.279999,40.590000,38.276649,2219800,MAR
2013-06-13,40.540001,41.180000,40.259998,41.090000,38.748161,1751000,MAR
2013-06-14,41.080002,41.540001,40.590000,40.770000,38.446396,1352700,MAR
2013-06-17,41.020000,41.119999,40.529999,40.660000,38.342663,2472600,MAR
2013-06-18,40.660000,41.099998,40.570000,40.820000,38.493542,2055200,MAR
2013-06-19,40.779999,41.070000,40.410000,40.419998,38.116329,2794200,MAR
2013-06-20,39.980000,40.000000,38.980000,39.049999,36.824417,2795600,MAR
2013-06-21,39.349998,39.540001,38.169998,38.930000,36.711254,4642400,MAR
2013-06-24,38.500000,39.139999,38.230000,38.709999,36.503799,2635400,MAR
2013-06-25,39.279999,39.419998,38.889999,39.349998,37.107315,2193900,MAR
2013-06-26,39.700001,39.840000,39.419998,39.450001,37.201614,2481300,MAR
2013-06-27,39.730000,40.410000,39.630001,40.250000,37.956028,2152600,MAR
2013-06-28,40.139999,40.709999,39.959999,40.369999,38.069195,2708600,MAR
2013-07-01,40.669998,40.860001,40.290001,40.320000,38.022034,1602300,MAR
2013-07-02,40.380001,40.669998,40.139999,40.230000,37.937160,1953100,MAR
2013-07-03,40.009998,40.450001,39.820000,40.299999,38.003178,831700,MAR
2013-07-05,40.720001,41.430000,40.580002,41.400002,39.040478,1527300,MAR
2013-07-08,41.610001,42.110001,41.590000,41.720001,39.342243,1807100,MAR
2013-07-09,41.959999,42.040001,41.450001,41.740002,39.361111,2054300,MAR
2013-07-10,41.750000,41.970001,41.470001,41.930000,39.540283,1299500,MAR
2013-07-11,42.520000,42.689999,42.119999,42.180000,39.776024,1952300,MAR
2013-07-12,42.200001,42.320000,41.700001,41.730000,39.351681,2183300,MAR
2013-07-15,41.740002,41.959999,41.560001,41.580002,39.210228,1977400,MAR
2013-07-16,41.660000,41.799999,41.380001,41.490002,39.125362,1655800,MAR
2013-07-17,41.650002,41.700001,41.040001,41.340000,38.983906,1792500,MAR
2013-07-18,41.549999,42.259998,41.360001,42.009998,39.615723,1540400,MAR
2013-07-19,41.950001,42.000000,41.080002,41.619999,39.247952,1702700,MAR
2013-07-22,41.529999,41.689999,41.320000,41.470001,39.106495,1163600,MAR
2013-07-23,41.549999,41.639999,40.889999,40.950001,38.616131,1402500,MAR
2013-07-24,41.049999,41.070000,40.160000,40.369999,38.069195,3310100,MAR
2013-07-25,40.369999,41.049999,40.299999,40.860001,38.531258,2768400,MAR
2013-07-26,40.660000,41.310001,40.509998,41.259998,38.908459,1236100,MAR
2013-07-29,41.080002,41.500000,40.869999,40.959999,38.625572,1633200,MAR
2013-07-30,41.209999,41.500000,41.110001,41.389999,39.031052,1422000,MAR
2013-07-31,41.480000,42.009998,41.250000,41.570000,39.200798,2936700,MAR
2013-08-01,40.939999,41.980000,40.900002,41.580002,39.210228,6797100,MAR
2013-08-02,41.549999,43.000000,41.410000,42.419998,40.002346,5179400,MAR
2013-08-05,42.240002,42.500000,41.950001,42.169998,39.766594,2662700,MAR
2013-08-06,42.160000,42.380001,41.630001,41.680000,39.304527,1773900,MAR
2013-08-07,41.619999,41.630001,40.970001,40.970001,38.634995,2323200,MAR
2013-08-08,41.189999,41.660000,40.900002,41.490002,39.125362,1383200,MAR
2013-08-09,41.400002,41.480000,40.910000,40.939999,38.606693,1511500,MAR
2013-08-12,40.610001,41.000000,40.509998,40.730000,38.408669,1681500,MAR
2013-08-13,40.759998,40.810001,40.189999,40.570000,38.257793,1370400,MAR
2013-08-14,40.450001,41.689999,40.340000,41.080002,38.738728,3434000,MAR
2013-08-15,40.980000,41.509998,40.759998,40.889999,38.559544,2947400,MAR
2013-08-16,40.820000,40.840000,40.360001,40.400002,38.097477,2164900,MAR
2013-08-19,40.400002,40.549999,40.200001,40.250000,37.956028,2239400,MAR
2013-08-20,40.160000,40.369999,39.970001,40.049999,37.927605,2089000,MAR
2013-08-21,39.970001,40.290001,39.580002,39.889999,37.776093,2182700,MAR
2013-08-22,39.959999,41.610001,39.799999,41.320000,39.130318,2515600,MAR
2013-08-23,41.439999,41.580002,40.910000,41.160000,38.978794,2936100,MAR
2013-08-26,41.160000,41.610001,40.950001,41.230000,39.045078,1551600,MAR
2013-08-27,40.759998,40.830002,40.330002,40.419998,38.278000,2372500,MAR
2013-08-28,40.349998,40.369999,39.849998,40.150002,38.022320,2514900,MAR
2013-08-29,40.000000,40.709999,39.950001,40.250000,38.117020,1638200,MAR
2013-08-30,40.240002,40.450001,39.880001,39.990002,37.870792,1671500,MAR
2013-09-03,40.369999,40.740002,40.240002,40.299999,38.164360,1860900,MAR
2013-09-04,40.220001,41.160000,40.169998,40.930000,38.760983,1735500,MAR
2013-09-05,40.900002,41.220001,40.610001,40.770000,38.609459,1908300,MAR
2013-09-06,40.790001,40.930000,40.279999,40.619999,38.467411,1944600,MAR
2013-09-09,40.740002,41.250000,40.740002,41.060001,38.884094,1592500,MAR
2013-09-10,41.240002,41.689999,41.240002,41.610001,39.404945,1460700,MAR
2013-09-11,42.090000,43.290001,42.000000,42.959999,40.683399,3687500,MAR
2013-09-12,42.990002,43.110001,42.320000,42.590000,40.333015,1930100,MAR
2013-09-13,42.560001,42.939999,42.470001,42.860001,40.588711,1497400,MAR
2013-09-16,43.310001,43.520000,43.020000,43.119999,40.834919,1412600,MAR
2013-09-17,43.110001,43.500000,43.080002,43.349998,41.052738,1696400,MAR
2013-09-18,43.270000,43.939999,42.880001,43.820000,41.497829,1922300,MAR
2013-09-19,43.810001,43.990002,43.529999,43.580002,41.270554,1811600,MAR
2013-09-20,43.480000,43.509998,43.029999,43.169998,40.882282,3263900,MAR
2013-09-23,43.169998,43.279999,42.709999,43.000000,40.721279,1807700,MAR
2013-09-24,43.000000,43.410000,42.849998,43.060001,40.778114,2737300,MAR
2013-09-25,43.049999,43.150002,42.599998,42.810001,40.541355,1785600,MAR
2013-09-26,42.779999,43.110001,42.400002,42.910000,40.636055,2099000,MAR
2013-09-27,42.619999,42.770000,42.000000,42.349998,40.105732,2404500,MAR
2013-09-30,41.959999,42.160000,41.669998,42.060001,39.831093,2357300,MAR
2013-10-01,42.020000,42.549999,41.990002,42.540001,40.285667,1974300,MAR
2013-10-02,42.299999,42.490002,41.820000,42.470001,40.219368,1881900,MAR
2013-10-03,42.310001,42.419998,41.750000,42.279999,40.039440,2337800,MAR
2013-10-04,42.270000,42.669998,42.070000,42.599998,40.342480,1382300,MAR
2013-10-07,42.200001,42.330002,41.950001,41.959999,39.736401,1353100,MAR
2013-10-08,42.000000,42.070000,41.419998,41.529999,39.329185,2391400,MAR
2013-10-09,41.650002,41.779999,41.259998,41.279999,39.092434,2861600,MAR
2013-10-10,41.759998,42.119999,41.389999,41.980000,39.755341,2666500,MAR
2013-10-11,42.020000,42.540001,41.860001,42.299999,40.058380,2032000,MAR
2013-10-14,42.000000,42.110001,41.759998,42.040001,39.812164,1964500,MAR
2013-10-15,41.970001,42.540001,41.770000,42.290001,40.048912,3091900,MAR
2013-10-16,42.590000,43.029999,42.549999,42.970001,40.692875,2916800,MAR
2013-10-17,42.889999,43.340000,42.619999,43.310001,41.014866,1637500,MAR
2013-10-18,43.500000,43.910000,43.279999,43.500000,41.194794,2801500,MAR
2013-10-21,42.299999,43.990002,42.299999,43.980000,41.649349,1417200,MAR
2013-10-22,44.110001,44.230000,43.439999,43.889999,41.564125,2266500,MAR
2013-10-23,43.380001,43.830002,43.340000,43.590000,41.280018,1855700,MAR
2013-10-24,44.049999,44.680000,43.919998,44.610001,42.245964,2425800,MAR
2013-10-25,44.750000,44.750000,44.250000,44.490002,42.132324,1388900,MAR
2013-10-28,44.049999,44.369999,43.770000,44.099998,41.762989,2474400,MAR
2013-10-29,44.369999,44.630001,44.060001,44.610001,42.245964,2246900,MAR
2013-10-30,44.590000,44.720001,44.009998,44.200001,41.857697,1826800,MAR
2013-10-31,44.650002,45.910000,44.090000,45.080002,42.691059,4457600,MAR
2013-11-01,45.220001,45.770000,45.130001,45.709999,43.287666,2621600,MAR
2013-11-04,45.590000,46.020000,45.360001,45.990002,43.552834,2560600,MAR
2013-11-05,45.570000,45.970001,45.439999,45.849998,43.420258,2084100,MAR
2013-11-06,45.950001,46.520000,45.930000,46.340000,43.884285,2871400,MAR
2013-11-07,46.419998,46.419998,45.389999,45.430000,43.022514,2366200,MAR
2013-11-08,45.410000,46.119999,45.369999,46.119999,43.675953,2028800,MAR
2013-11-11,45.970001,46.490002,45.669998,46.099998,43.657009,2405900,MAR
2013-11-12,47.029999,47.160000,46.279999,46.430000,43.969528,3261000,MAR
2013-11-13,46.290001,46.709999,46.169998,46.680000,44.206268,2638000,MAR
2013-11-14,46.599998,46.980000,46.459999,46.939999,44.452488,2266200,MAR
2013-11-15,46.950001,47.580002,46.950001,47.020000,44.528252,15553500,MAR
2013-11-18,47.070000,47.299999,46.779999,46.980000,44.490372,2949300,MAR
2013-11-19,46.840000,46.889999,46.020000,46.330002,44.034153,2397900,MAR
2013-11-20,46.520000,46.750000,46.029999,46.259998,43.967617,1947000,MAR
2013-11-21,46.490002,47.130001,46.270000,46.910000,44.585419,1939800,MAR
2013-11-22,47.029999,47.169998,46.810001,46.919998,44.594921,2379300,MAR
2013-11-25,46.830002,47.049999,46.529999,46.630001,44.319283,1986000,MAR
2013-11-26,46.459999,47.340000,46.459999,47.180000,44.842041,2135500,MAR
2013-11-27,47.200001,47.299999,46.880001,46.930000,44.604420,1612000,MAR
2013-11-29,47.119999,47.169998,46.860001,47.020000,44.689964,1346100,MAR
2013-12-02,47.000000,47.020000,46.369999,46.500000,44.195736,2137600,MAR
2013-12-03,46.080002,46.500000,45.849998,46.020000,43.739517,3432600,MAR
2013-12-04,45.439999,46.180000,45.250000,45.910000,43.634972,2119800,MAR
2013-12-05,45.919998,46.070000,45.570000,45.619999,43.359333,1914300,MAR
2013-12-06,46.639999,46.700001,45.959999,46.230000,43.939110,1943200,MAR
2013-12-09,46.459999,46.889999,46.419998,46.560001,44.252750,1537800,MAR
2013-12-10,46.599998,46.730000,46.450001,46.570000,44.262264,1852700,MAR
2013-12-11,46.500000,46.560001,45.849998,46.009998,43.730015,2470600,MAR
2013-12-12,45.919998,46.340000,45.830002,46.020000,43.739517,1867700,MAR
2013-12-13,46.349998,46.689999,46.000000,46.570000,44.262264,1956900,MAR
2013-12-16,46.730000,47.450001,46.610001,47.090000,44.756496,2616600,MAR
2013-12-17,46.950001,47.150002,46.419998,46.840000,44.518883,1782500,MAR
2013-12-18,46.880001,47.900002,46.520000,47.869999,45.497845,1944700,MAR
2013-12-19,47.599998,47.869999,47.310001,47.720001,45.355282,1550200,MAR
2013-12-20,47.970001,48.320000,47.869999,48.150002,45.763969,3679100,MAR
2013-12-23,48.090000,48.820000,48.060001,48.279999,45.887524,1088000,MAR
2013-12-24,48.049999,48.689999,48.049999,48.669998,46.258202,692500,MAR
2013-12-26,49.709999,49.840000,48.590000,48.910000,46.486309,1137800,MAR
2013-12-27,48.990002,49.020000,48.680000,48.779999,46.362743,875000,MAR
2013-12-30,49.080002,49.119999,48.599998,49.009998,46.581348,1200100,MAR
2013-12-31,49.000000,49.439999,49.000000,49.349998,46.904495,1484100,MAR
2014-01-02,49.029999,49.259998,48.570000,48.959999,46.533829,2127000,MAR
2014-01-03,49.000000,49.169998,48.639999,48.650002,46.239193,1248200,MAR
2014-01-06,48.830002,48.900002,48.250000,48.450001,46.049103,2163000,MAR
2014-01-07,48.650002,49.130001,48.480000,48.660000,46.248692,1766300,MAR
2014-01-08,48.759998,49.189999,48.730000,49.130001,46.695412,2036900,MAR
2014-01-09,49.130001,49.209999,48.810001,48.990002,46.562340,1263900,MAR
2014-01-10,49.139999,49.290001,48.740002,49.279999,46.837963,924500,MAR
2014-01-13,49.630001,49.630001,48.590000,48.750000,46.334232,2818300,MAR
2014-01-14,48.779999,49.430000,48.570000,49.340000,46.895004,1806500,MAR
2014-01-15,49.360001,49.889999,48.849998,49.820000,47.351215,1942900,MAR
2014-01-16,49.889999,50.599998,49.529999,50.570000,48.064049,4603200,MAR
2014-01-17,50.320000,50.860001,50.220001,50.619999,48.111572,3094600,MAR
2014-01-21,51.439999,51.500000,50.759998,50.790001,48.273148,3179000,MAR
2014-01-22,51.009998,51.529999,50.799999,51.169998,48.634315,3421800,MAR
2014-01-23,50.610001,51.160000,50.320000,50.580002,48.073551,2394000,MAR
2014-01-24,50.369999,50.490002,49.750000,49.759998,47.294182,3320300,MAR
2014-01-27,49.750000,50.680000,48.919998,49.049999,46.619370,3031400,MAR
2014-01-28,49.119999,49.970001,49.000000,49.700001,47.237160,1837400,MAR
2014-01-29,49.470001,49.650002,48.790001,48.860001,46.438786,2277900,MAR
2014-01-30,49.180000,49.490002,49.020000,49.310001,46.866493,1424900,MAR
2014-01-31,48.509998,49.689999,48.509998,49.299999,46.856983,2054300,MAR
2014-02-03,49.450001,49.520000,47.349998,47.470001,45.117664,3840900,MAR
2014-02-04,47.500000,48.169998,47.349998,47.980000,45.602394,2472400,MAR
2014-02-05,47.939999,48.000000,47.209999,47.889999,45.516850,2099800,MAR
2014-02-06,47.599998,48.959999,47.599998,48.759998,46.343739,2017600,MAR
2014-02-07,49.020000,49.349998,48.730000,49.240002,46.799961,1695000,MAR
2014-02-10,49.070000,49.610001,49.070000,49.360001,46.914005,1144200,MAR
2014-02-11,49.349998,50.000000,49.279999,49.689999,47.227654,1948900,MAR
2014-02-12,49.880001,50.169998,49.549999,49.650002,47.189640,1911700,MAR
2014-02-13,49.360001,50.200001,49.020000,50.110001,47.626842,2135900,MAR
2014-02-14,49.910000,51.580002,49.910000,51.520000,48.966976,3112500,MAR
2014-02-18,51.520000,51.740002,51.070000,51.380001,48.833912,2559800,MAR
2014-02-19,50.590000,51.980000,50.580002,51.540001,48.985977,3159200,MAR
2014-02-20,50.570000,51.840000,50.520000,51.790001,49.223602,3579300,MAR
2014-02-21,51.910000,52.720001,51.580002,52.509998,49.907906,3231300,MAR
2014-02-24,52.520000,53.970001,52.520000,53.470001,50.820343,3118300,MAR
2014-02-25,53.310001,53.919998,53.310001,53.860001,51.191013,1945400,MAR
2014-02-26,53.889999,54.240002,53.230000,53.439999,50.952644,2618300,MAR
2014-02-27,53.220001,53.880001,53.220001,53.860001,51.353100,2088800,MAR
2014-02-28,53.900002,54.410000,53.610001,54.230000,51.705875,2271500,MAR
2014-03-03,53.849998,53.919998,52.990002,53.290001,50.809628,3223800,MAR
2014-03-04,53.709999,54.009998,53.490002,53.830002,51.324493,2841100,MAR
2014-03-05,53.730000,53.939999,53.310001,53.889999,51.381706,2315100,MAR
2014-03-06,53.900002,54.799999,53.900002,54.599998,52.058659,2334700,MAR
2014-03-07,54.650002,55.029999,54.540001,54.790001,52.239815,2638300,MAR
2014-03-10,54.520000,54.910000,53.880001,54.189999,51.667736,1638100,MAR
2014-03-11,54.310001,54.759998,53.860001,54.040001,51.524723,1456700,MAR
2014-03-12,53.669998,54.070000,53.400002,54.029999,51.515179,1145000,MAR
2014-03-13,54.230000,54.290001,53.400002,53.709999,51.210079,1908800,MAR
2014-03-14,53.570000,54.279999,53.540001,53.880001,51.372177,2100500,MAR
2014-03-17,54.330002,54.619999,53.830002,54.080002,51.562866,1942100,MAR
2014-03-18,54.060001,54.520000,54.009998,54.419998,51.887039,1753400,MAR
2014-03-19,54.330002,54.630001,53.840000,54.230000,51.705875,1339800,MAR
2014-03-20,53.970001,54.450001,53.689999,54.000000,51.486580,1509600,MAR
2014-03-21,54.799999,55.250000,54.500000,55.250000,52.678402,5579100,MAR
2014-03-24,55.410000,55.810001,54.770000,55.150002,52.583054,3414800,MAR
2014-03-25,55.240002,55.529999,55.139999,55.480000,52.897690,2996700,MAR
2014-03-26,55.700001,56.150002,55.380001,55.580002,52.993042,5368000,MAR
2014-03-27,55.580002,55.580002,54.570000,54.759998,52.211212,4149200,MAR
2014-03-28,54.759998,55.660000,54.759998,55.439999,52.859558,3410500,MAR
2014-03-31,55.849998,56.200001,55.619999,56.020000,53.412560,2800000,MAR
2014-04-01,56.430000,56.990002,56.320000,56.930000,54.280205,2196100,MAR
2014-04-02,56.869999,56.990002,56.520000,56.919998,54.270676,2592800,MAR
2014-04-03,57.110001,57.150002,56.360001,56.590000,53.956032,2287600,MAR
2014-04-04,57.020000,57.139999,55.740002,55.799999,53.202805,3727100,MAR
2014-04-07,55.650002,56.189999,55.299999,55.799999,53.202805,3518500,MAR
2014-04-08,55.950001,56.130001,55.400002,55.930000,53.326759,4702900,MAR
2014-04-09,56.240002,56.930000,56.070000,56.669998,54.032307,2631800,MAR
2014-04-10,57.250000,57.250000,55.209999,55.320000,52.745144,3540900,MAR
2014-04-11,55.150002,55.869999,55.000000,55.299999,52.726067,2862100,MAR
2014-04-14,55.740002,55.869999,55.119999,55.419998,52.840485,2055500,MAR
2014-04-15,55.490002,56.130001,55.000000,56.099998,53.488842,2576300,MAR
2014-04-16,56.730000,56.730000,55.810001,56.200001,53.584179,2002400,MAR
2014-04-17,56.560001,56.580002,56.119999,56.250000,53.631859,1311700,MAR
2014-04-21,56.369999,56.520000,55.990002,56.240002,53.622318,1150000,MAR
2014-04-22,56.169998,57.119999,56.169998,57.049999,54.394623,1418500,MAR
2014-04-23,56.959999,57.380001,56.709999,57.209999,54.547169,1663000,MAR
2014-04-24,57.500000,57.849998,57.290001,57.630001,54.947628,2398400,MAR
2014-04-25,57.570000,57.650002,57.060001,57.230000,54.566235,2814100,MAR
2014-04-28,57.180000,57.320000,55.150002,55.970001,53.364895,3803200,MAR
2014-04-29,56.200001,56.680000,55.830002,56.619999,53.984631,2933200,MAR
2014-04-30,57.279999,58.380001,57.000000,57.930000,55.233665,4419400,MAR
2014-05-01,57.869999,58.570000,57.840000,58.549999,55.824795,3077800,MAR
2014-05-02,58.299999,59.310001,58.200001,59.090000,56.339668,3612200,MAR
2014-05-05,59.020000,59.029999,58.270000,58.880001,56.139439,2025800,MAR
2014-05-06,58.880001,58.900002,57.970001,58.000000,55.300400,2756000,MAR
2014-05-07,57.320000,58.119999,57.240002,58.110001,55.405293,3219800,MAR
2014-05-08,58.169998,58.669998,57.610001,57.889999,55.195530,1925600,MAR
2014-05-09,58.209999,58.299999,57.509998,58.169998,55.462486,2412400,MAR
2014-05-12,58.529999,59.540001,58.500000,59.220001,56.463623,1546200,MAR
2014-05-13,59.180000,59.389999,58.790001,58.869999,56.129910,1862900,MAR
2014-05-14,58.880001,58.970001,58.430000,58.580002,55.853413,1101600,MAR
2014-05-15,58.529999,58.529999,57.349998,57.930000,55.233665,1504400,MAR
2014-05-16,57.939999,58.360001,57.730000,58.349998,55.634106,1529400,MAR
2014-05-19,58.169998,58.689999,58.000000,58.610001,55.882011,1247400,MAR
2014-05-20,58.389999,58.959999,58.340000,58.889999,56.148975,2163800,MAR
2014-05-21,58.380001,58.919998,58.340000,58.759998,56.215946,2394500,MAR
2014-05-22,58.680000,59.240002,58.619999,58.759998,56.215946,2293000,MAR
2014-05-23,58.980000,59.330002,58.820000,59.259998,56.694294,1619200,MAR
2014-05-27,59.570000,59.750000,59.349998,59.450001,56.876076,1897800,MAR
2014-05-28,59.439999,59.570000,59.200001,59.439999,56.866505,1708700,MAR
2014-05-29,59.630001,60.720001,59.400002,60.680000,58.052822,2784300,MAR
2014-05-30,60.880001,61.730000,60.750000,61.619999,58.952122,3821600,MAR
2014-06-02,61.709999,61.860001,61.049999,61.540001,58.875584,3493200,MAR
2014-06-03,61.500000,61.529999,61.150002,61.490002,58.827751,2427200,MAR
2014-06-04,61.349998,61.759998,61.220001,61.720001,59.047802,1874900,MAR
2014-06-05,61.950001,62.360001,61.570000,62.310001,59.612251,1644600,MAR
2014-06-06,62.320000,62.860001,62.279999,62.849998,60.128868,1525700,MAR
2014-06-09,62.570000,63.139999,62.500000,62.820000,60.100166,1568600,MAR
2014-06-10,62.740002,62.840000,62.430000,62.700001,59.985359,1972300,MAR
2014-06-11,61.720001,61.980000,61.450001,61.770000,59.095627,2622200,MAR
2014-06-12,61.830002,61.930000,61.220001,61.450001,58.789486,1702900,MAR
2014-06-13,61.500000,61.639999,61.000000,61.380001,58.722511,1340800,MAR
2014-06-16,61.320000,61.799999,61.320000,61.619999,58.952122,1239000,MAR
2014-06-17,61.509998,62.570000,61.360001,62.450001,59.746185,1369500,MAR
2014-06-18,62.529999,63.270000,62.500000,63.119999,60.387177,1791200,MAR
2014-06-19,62.310001,63.369999,62.310001,63.369999,60.626358,1411500,MAR
2014-06-20,63.509998,64.099998,63.270000,63.560001,60.808128,4750000,MAR
2014-06-23,63.369999,63.849998,63.330002,63.790001,61.028175,1390200,MAR
2014-06-24,63.549999,64.089996,63.119999,63.580002,60.827263,2818900,MAR
2014-06-25,63.549999,63.630001,63.220001,63.430000,60.683758,2966400,MAR
2014-06-26,63.689999,64.089996,63.290001,63.990002,61.219513,2031700,MAR
2014-06-27,63.889999,64.250000,63.720001,63.980000,61.209946,2345500,MAR
2014-06-30,64.019997,64.309998,63.790001,64.099998,61.324749,1133700,MAR
2014-07-01,64.320000,64.760002,64.180000,64.669998,61.870071,1588400,MAR
2014-07-02,64.800003,65.389999,64.459999,65.360001,62.530205,1815600,MAR
2014-07-03,65.260002,65.730003,65.230003,65.559998,62.721531,963400,MAR
2014-07-07,65.500000,65.879997,65.360001,65.870003,63.018116,1488200,MAR
2014-07-08,65.529999,65.699997,64.730003,64.919998,62.109241,2018600,MAR
2014-07-09,65.260002,65.500000,64.940002,65.419998,62.587601,2219300,MAR
2014-07-10,64.550003,65.809998,64.550003,65.570000,62.731102,2627600,MAR
2014-07-11,65.320000,65.669998,64.980003,65.019997,62.204906,2136300,MAR
2014-07-14,65.410004,65.860001,65.129997,65.320000,62.491924,1998800,MAR
2014-07-15,65.360001,65.580002,64.660004,64.980003,62.166656,2346600,MAR
2014-07-16,65.139999,65.279999,64.620003,64.720001,61.917912,1857300,MAR
2014-07-17,64.489998,64.849998,63.369999,63.380001,60.635925,3033300,MAR
2014-07-18,63.779999,64.989998,63.599998,64.900002,62.090118,1992400,MAR
2014-07-21,64.830002,65.139999,64.540001,64.970001,62.157089,1565200,MAR
2014-07-22,65.370003,66.320000,65.349998,66.110001,63.247719,2189700,MAR
2014-07-23,65.900002,66.510002,65.779999,66.470001,63.592136,1705100,MAR
2014-07-24,66.400002,67.080002,66.129997,66.830002,63.936546,3008300,MAR
2014-07-25,66.720001,67.120003,66.269997,66.370003,63.496468,1424200,MAR
2014-07-28,66.480003,67.070000,66.019997,66.169998,63.305126,2942500,MAR
2014-07-29,66.080002,66.889999,65.650002,65.690002,62.845905,3228200,MAR
2014-07-30,66.220001,66.470001,64.360001,65.410004,62.578037,3930700,MAR
2014-07-31,65.320000,65.339996,64.459999,64.709999,61.908333,3291400,MAR
2014-08-01,64.790001,65.269997,64.320000,64.879997,62.070980,2908500,MAR
2014-08-04,65.040001,66.250000,64.900002,65.989998,63.132919,2675600,MAR
2014-08-05,65.750000,65.900002,64.769997,64.910004,62.099697,2939000,MAR
2014-08-06,64.339996,65.029999,64.180000,64.510002,61.716999,2358500,MAR
2014-08-07,64.860001,65.489998,64.120003,64.239998,61.458694,2545700,MAR
2014-08-08,64.739998,64.970001,64.300003,64.940002,62.128380,1774800,MAR
2014-08-11,65.660004,65.919998,65.000000,65.720001,62.874603,1536000,MAR
2014-08-12,65.690002,66.010002,65.370003,65.570000,62.731102,1586000,MAR
2014-08-13,65.820000,66.660004,65.199997,66.550003,63.668694,1623100,MAR
2014-08-14,66.750000,67.349998,66.550003,67.260002,64.347939,1685600,MAR
2014-08-15,67.660004,67.690002,67.029999,67.370003,64.453171,2529100,MAR
2014-08-18,67.870003,67.949997,67.339996,67.660004,64.730629,1750700,MAR
2014-08-19,67.629997,68.269997,67.570000,68.129997,65.373520,1956700,MAR
2014-08-20,68.000000,68.639999,67.870003,68.540001,65.766922,1377100,MAR
2014-08-21,68.570000,68.739998,68.330002,68.440002,65.670967,1204600,MAR
2014-08-22,68.279999,68.559998,68.160004,68.449997,65.680565,1084200,MAR
2014-08-25,68.639999,68.940002,68.570000,68.760002,65.978027,1415400,MAR
2014-08-26,68.980003,69.070000,68.449997,68.989998,66.198715,1147400,MAR
2014-08-27,69.040001,69.209999,68.779999,68.879997,66.093163,1421400,MAR
2014-08-28,68.779999,69.120003,68.169998,68.989998,66.198715,1382300,MAR
2014-08-29,69.330002,69.489998,68.849998,69.400002,66.592133,1393100,MAR
2014-09-02,69.680000,69.690002,68.800003,69.430000,66.620926,1833700,MAR
2014-09-03,69.599998,70.199997,69.440002,70.000000,67.167854,2911500,MAR
2014-09-04,70.440002,70.980003,70.330002,70.519997,67.666817,2832400,MAR
2014-09-05,70.209999,70.830002,70.209999,70.830002,67.964264,2367300,MAR
2014-09-08,70.860001,71.330002,70.650002,71.070000,68.194550,2313100,MAR
2014-09-09,71.000000,71.300003,70.720001,70.779999,67.916298,1571300,MAR
2014-09-10,70.900002,71.040001,70.500000,70.790001,67.925888,1789300,MAR
2014-09-11,70.820000,71.529999,70.510002,71.400002,68.511208,2869100,MAR
2014-09-12,71.139999,71.230003,70.220001,70.620003,67.762764,1640500,MAR
2014-09-15,70.540001,70.910004,70.449997,70.709999,67.849121,1412900,MAR
2014-09-16,70.500000,71.230003,70.330002,71.139999,68.261726,2199600,MAR
2014-09-17,71.279999,72.089996,71.209999,71.730003,68.827866,1476700,MAR
2014-09-18,72.190002,72.470001,71.760002,72.449997,69.518730,1677300,MAR
2014-09-19,72.980003,73.279999,72.040001,72.190002,69.269241,3799000,MAR
2014-09-22,72.320000,72.320000,71.279999,71.610001,68.712708,1961100,MAR
2014-09-23,71.489998,71.800003,70.900002,70.919998,68.050629,1889200,MAR
2014-09-24,70.900002,71.480003,70.779999,71.389999,68.501617,1213800,MAR
2014-09-25,71.370003,71.669998,70.459999,70.519997,67.666817,1508100,MAR
2014-09-26,70.849998,71.070000,70.519997,70.720001,67.858734,3139700,MAR
2014-09-29,70.269997,70.690002,69.970001,70.440002,67.590057,1664600,MAR
2014-09-30,70.230003,70.629997,69.900002,69.900002,67.071892,1989100,MAR
2014-10-01,69.559998,69.580002,67.339996,67.940002,65.191193,4252100,MAR
2014-10-02,67.980003,68.160004,65.480003,66.800003,64.097328,4099800,MAR
2014-10-03,67.160004,68.269997,67.040001,68.099998,65.344727,3763600,MAR
2014-10-06,68.089996,68.389999,67.089996,67.330002,64.605873,2673400,MAR
2014-10-07,66.660004,67.410004,65.980003,66.000000,63.329681,3238200,MAR
2014-10-08,65.870003,66.339996,65.339996,66.169998,63.492805,5241600,MAR
2014-10-09,65.589996,66.190002,64.529999,64.580002,61.967129,3565600,MAR
2014-10-10,64.400002,64.739998,63.119999,63.549999,60.978813,4100400,MAR
2014-10-13,63.549999,63.660000,61.630001,61.709999,59.213264,6500400,MAR
2014-10-14,62.110001,63.880001,62.060001,62.549999,60.019276,5234700,MAR
2014-10-15,61.919998,63.900002,59.610001,62.200001,59.683434,6844700,MAR
2014-10-16,60.720001,63.549999,60.660000,62.790001,60.249561,2919200,MAR
2014-10-17,63.630001,65.339996,63.230000,65.010002,62.379749,3110300,MAR
2014-10-20,64.940002,67.629997,64.900002,67.019997,64.308403,3737000,MAR
2014-10-21,67.580002,68.699997,67.300003,68.419998,65.651787,2820800,MAR
2014-10-22,69.410004,69.629997,68.220001,68.419998,65.651787,2353800,MAR
2014-10-23,69.000000,70.000000,68.339996,68.430000,65.661385,3434800,MAR
2014-10-24,68.400002,69.349998,68.040001,69.290001,66.486572,2363900,MAR
2014-10-27,69.300003,70.400002,69.010002,70.260002,67.417328,2317400,MAR
2014-10-28,69.849998,72.209999,69.230003,71.949997,69.038956,4551100,MAR
2014-10-29,74.000000,75.190002,72.089996,74.029999,71.034782,4337100,MAR
2014-10-30,73.510002,76.309998,73.500000,76.000000,72.925087,3342900,MAR
2014-10-31,77.989998,77.989998,75.209999,75.750000,72.685219,3577300,MAR
2014-11-03,75.910004,76.150002,74.949997,75.800003,72.733192,2427500,MAR
2014-11-04,75.400002,75.589996,74.320000,74.570000,71.552956,3395500,MAR
2014-11-05,75.190002,75.199997,73.940002,74.900002,71.869614,3106700,MAR
2014-11-06,75.070000,75.339996,74.440002,75.250000,72.205437,2331700,MAR
2014-11-07,75.330002,75.550003,74.959999,75.500000,72.445320,1803200,MAR
2014-11-10,75.519997,76.669998,75.330002,76.559998,73.462433,1434600,MAR
2014-11-11,76.800003,77.279999,76.559998,77.139999,74.018974,1463000,MAR
2014-11-12,76.580002,77.500000,76.379997,77.300003,74.172516,1319200,MAR
2014-11-13,77.379997,78.250000,77.330002,78.089996,74.930527,1443300,MAR
2014-11-14,78.089996,78.389999,77.709999,77.959999,74.805794,1456700,MAR
2014-11-17,77.099998,77.739998,76.769997,77.169998,74.047768,2517600,MAR
2014-11-18,76.889999,77.220001,76.510002,76.940002,74.018898,2442900,MAR
2014-11-19,76.980003,77.349998,76.320000,76.379997,73.480171,1783400,MAR
2014-11-20,76.370003,76.410004,75.339996,75.889999,73.008743,2324700,MAR
2014-11-21,76.809998,77.050003,75.910004,75.980003,73.095345,2211300,MAR
2014-11-24,76.470001,77.230003,76.470001,76.970001,74.047768,2092500,MAR
2014-11-25,77.019997,77.300003,76.440002,77.040001,74.115105,4748000,MAR
2014-11-26,76.820000,77.650002,76.769997,77.480003,74.538406,1010900,MAR
2014-11-28,78.330002,79.209999,78.150002,78.790001,75.798653,981200,MAR
2014-12-01,78.500000,78.790001,77.370003,77.449997,74.509529,1903100,MAR
2014-12-02,77.730003,78.190002,77.400002,77.449997,74.509529,2659900,MAR
2014-12-03,77.500000,78.489998,77.199997,78.139999,75.173332,1400200,MAR
2014-12-04,78.000000,79.000000,77.449997,77.940002,74.980919,1499100,MAR
2014-12-05,78.059998,79.190002,77.970001,78.989998,75.991058,1598700,MAR
2014-12-08,79.010002,79.250000,78.500000,78.989998,75.991058,1459600,MAR
2014-12-09,78.080002,78.519997,77.500000,78.370003,75.394608,1669400,MAR
2014-12-10,78.300003,78.459999,77.330002,77.480003,74.538406,1655200,MAR
2014-12-11,78.580002,78.779999,77.250000,77.620003,74.673080,1427900,MAR
2014-12-12,77.070000,77.919998,76.709999,76.760002,73.845726,1568600,MAR
2014-12-15,77.500000,78.290001,76.269997,77.570000,74.624969,2640100,MAR
2014-12-16,77.839996,77.930000,76.220001,76.279999,73.383957,3311600,MAR
2014-12-17,76.290001,77.080002,75.620003,76.739998,73.826485,2353700,MAR
2014-12-18,77.639999,77.879997,76.910004,77.349998,74.413338,2353400,MAR
2014-12-19,77.330002,77.970001,76.980003,77.430000,74.490295,4492400,MAR
2014-12-22,77.410004,78.610001,77.349998,78.459999,75.481186,1257100,MAR
2014-12-23,78.750000,79.029999,78.339996,78.540001,75.558167,1577000,MAR
2014-12-24,78.089996,78.570000,77.860001,78.349998,75.375359,736900,MAR
2014-12-26,78.669998,78.989998,78.519997,78.690002,75.702454,891500,MAR
2014-12-29,78.720001,79.250000,78.160004,79.080002,76.077644,1115100,MAR
2014-12-30,78.720001,79.220001,78.050003,78.300003,75.327263,1184600,MAR
2014-12-31,78.669998,79.250000,77.980003,78.029999,75.067505,1422000,MAR
2015-01-02,78.339996,78.559998,76.709999,77.750000,74.798141,1277300,MAR
2015-01-05,77.639999,77.739998,75.320000,75.620003,72.749016,2034800,MAR
2015-01-06,75.470001,75.599998,73.910004,74.669998,71.835068,2551500,MAR
2015-01-07,75.480003,76.570000,74.989998,76.379997,73.480171,1979400,MAR
2015-01-08,76.800003,79.029999,76.379997,78.910004,75.914116,2396100,MAR
2015-01-09,78.790001,79.089996,77.989998,78.730003,75.740929,2350900,MAR
2015-01-12,78.879997,79.000000,77.629997,77.910004,74.952080,1715400,MAR
2015-01-13,78.839996,79.610001,77.169998,77.419998,74.480667,2504700,MAR
2015-01-14,76.220001,77.019997,75.470001,76.570000,73.662941,1902300,MAR
2015-01-15,76.690002,77.730003,76.010002,76.099998,73.210793,1787300,MAR
2015-01-16,76.000000,76.190002,75.279999,75.889999,73.008743,3146500,MAR
2015-01-20,76.709999,76.919998,75.510002,76.320000,73.422440,1614600,MAR
2015-01-21,75.970001,77.089996,75.940002,76.260002,73.364723,1658100,MAR
2015-01-22,76.680000,78.730003,76.360001,78.480003,75.500435,2106200,MAR
2015-01-23,78.660004,78.849998,77.930000,78.510002,75.529282,1621400,MAR
2015-01-26,78.650002,79.449997,78.489998,79.419998,76.404732,1373200,MAR
2015-01-27,78.690002,79.330002,78.169998,78.610001,75.625496,1274300,MAR
2015-01-28,78.470001,78.629997,76.809998,76.900002,73.980431,2304500,MAR
2015-01-29,76.800003,77.459999,76.019997,77.110001,74.182449,2247000,MAR
2015-01-30,76.449997,76.540001,74.430000,74.500000,71.671532,3178100,MAR
2015-02-02,74.279999,74.980003,73.379997,74.800003,71.960144,3253500,MAR
2015-02-03,74.980003,76.730003,74.709999,76.629997,73.720657,2756400,MAR
2015-02-04,75.830002,76.889999,75.459999,75.940002,73.056870,2261600,MAR
2015-02-05,75.910004,76.300003,75.290001,75.699997,72.825974,2541300,MAR
2015-02-06,75.779999,76.260002,73.610001,74.220001,71.402168,3395700,MAR
2015-02-09,73.320000,73.910004,72.769997,73.389999,70.603676,2465800,MAR
2015-02-10,74.379997,77.440002,74.379997,77.230003,74.297890,3532400,MAR
2015-02-11,77.129997,77.650002,76.470001,77.019997,74.095848,1938600,MAR
2015-02-12,77.570000,79.230003,77.129997,79.019997,76.019920,2179300,MAR
2015-02-13,79.089996,79.459999,78.519997,79.400002,76.385490,1786000,MAR
2015-02-17,79.440002,81.320000,78.760002,81.290001,78.203743,3033000,MAR
2015-02-18,80.220001,81.620003,80.040001,81.449997,78.357658,3362200,MAR
2015-02-19,83.779999,84.769997,81.849998,83.099998,79.945015,3927400,MAR
2015-02-20,83.180000,83.180000,82.050003,83.000000,79.848816,1786700,MAR
2015-02-23,82.750000,83.000000,82.339996,82.949997,79.800713,1837600,MAR
2015-02-24,82.730003,82.959999,82.050003,82.250000,79.127296,1360600,MAR
2015-02-25,82.220001,82.839996,82.000000,82.360001,79.426247,1344300,MAR
2015-02-26,82.160004,83.269997,82.160004,83.220001,80.255630,1430100,MAR
2015-02-27,83.309998,83.620003,82.699997,83.099998,80.139900,2035100,MAR
2015-03-02,83.349998,84.870003,83.120003,84.830002,81.808289,2349700,MAR
2015-03-03,84.790001,84.930000,83.519997,83.910004,80.921051,1567600,MAR
2015-03-04,83.550003,83.699997,82.779999,83.150002,80.188118,1096200,MAR
2015-03-05,83.290001,83.720001,82.790001,82.900002,79.947014,1189200,MAR
2015-03-06,82.510002,82.900002,81.320000,81.519997,78.616180,1667100,MAR
2015-03-09,81.440002,82.540001,81.370003,82.480003,79.542000,1913500,MAR
2015-03-10,81.769997,81.769997,80.809998,81.260002,78.365448,1912100,MAR
2015-03-11,80.989998,81.860001,80.910004,81.070000,78.182205,1284200,MAR
2015-03-12,81.629997,83.000000,81.629997,82.800003,79.850578,1599100,MAR
2015-03-13,82.519997,82.889999,81.519997,82.080002,79.156227,1374600,MAR
2015-03-16,82.610001,83.720001,82.360001,83.489998,80.516006,1163900,MAR
2015-03-17,83.400002,83.400002,82.250000,82.440002,79.503418,1370900,MAR
2015-03-18,82.269997,83.470001,81.519997,83.230003,80.265274,1674400,MAR
2015-03-19,83.330002,84.419998,83.070000,84.309998,81.306786,1486600,MAR
2015-03-20,85.000000,85.000000,83.669998,84.040001,81.046417,3230400,MAR
2015-03-23,84.059998,84.980003,83.720001,84.269997,81.268211,2046700,MAR
2015-03-24,83.970001,84.019997,82.209999,82.250000,79.320175,2108700,MAR
2015-03-25,81.860001,81.980003,79.779999,79.790001,76.947807,3328900,MAR
2015-03-26,79.230003,81.070000,78.580002,80.580002,77.709663,3163900,MAR
2015-03-27,80.459999,81.400002,80.290001,80.820000,77.941116,1774100,MAR
2015-03-30,81.320000,81.809998,81.160004,81.500000,78.596886,1082900,MAR
2015-03-31,81.290001,81.720001,80.169998,80.320000,77.458923,1920400,MAR
2015-04-01,80.419998,80.419998,79.120003,80.330002,77.468582,1360800,MAR
2015-04-02,80.309998,80.930000,79.949997,80.150002,77.294975,1143000,MAR
2015-04-06,79.430000,80.559998,79.040001,80.279999,77.420341,1798300,MAR
2015-04-07,80.099998,80.239998,79.129997,79.150002,76.330597,2416200,MAR
2015-04-08,79.470001,80.860001,79.339996,80.190002,77.333549,2202800,MAR
2015-04-09,80.010002,80.580002,79.410004,80.220001,77.362480,1095900,MAR
2015-04-10,80.349998,80.669998,80.059998,80.320000,77.458923,851000,MAR
2015-04-13,80.190002,80.779999,79.839996,80.209999,77.352837,1027100,MAR
2015-04-14,79.860001,80.220001,79.029999,79.260002,76.436691,1652700,MAR
2015-04-15,79.430000,79.959999,78.849998,78.959999,76.147354,1381300,MAR
2015-04-16,78.550003,79.290001,78.400002,78.510002,75.713409,1711200,MAR
2015-04-17,77.919998,78.320000,77.150002,77.639999,74.874382,2927700,MAR
2015-04-20,77.989998,79.930000,77.720001,79.769997,76.928505,3587600,MAR
2015-04-21,80.089996,80.750000,79.529999,80.470001,77.603584,2344300,MAR
2015-04-22,81.050003,81.199997,80.120003,80.790001,77.912170,1572000,MAR
2015-04-23,80.459999,81.930000,80.230003,81.349998,78.452232,1236700,MAR
2015-04-24,81.589996,81.989998,81.099998,81.839996,78.924774,1131800,MAR
2015-04-27,81.779999,83.070000,81.279999,81.370003,78.471519,2220700,MAR
2015-04-28,81.209999,81.820000,80.089996,81.320000,78.423317,1803700,MAR
2015-04-29,82.419998,84.330002,82.059998,83.870003,80.882469,5530200,MAR
2015-04-30,82.300003,82.709999,79.180000,80.050003,77.198547,5499500,MAR
2015-05-01,80.650002,81.830002,80.389999,80.970001,78.085762,1877700,MAR
2015-05-04,81.010002,81.279999,80.059998,80.510002,77.642159,1678300,MAR
2015-05-05,80.279999,80.309998,78.180000,78.209999,75.424072,2694100,MAR
2015-05-06,78.349998,79.419998,77.910004,78.820000,76.012352,2273600,MAR
2015-05-07,78.779999,79.459999,78.330002,78.480003,75.684456,2587000,MAR
2015-05-08,79.400002,80.870003,79.239998,80.300003,77.439644,1865600,MAR
2015-05-11,80.150002,80.440002,79.589996,79.720001,76.880295,1852800,MAR
2015-05-12,79.150002,79.750000,78.610001,79.160004,76.340240,1247200,MAR
2015-05-13,78.940002,79.809998,78.510002,78.680000,75.877350,1647200,MAR
2015-05-14,79.370003,80.690002,79.220001,80.580002,77.709663,1847400,MAR
2015-05-15,80.930000,81.500000,80.300003,80.900002,78.018272,1965800,MAR
2015-05-18,80.650002,81.550003,80.650002,81.230003,78.336517,1416300,MAR
2015-05-19,81.180000,81.519997,80.680000,80.900002,78.018272,1553500,MAR
2015-05-20,80.919998,81.529999,79.750000,80.660004,78.027946,1246600,MAR
2015-05-21,80.360001,80.820000,80.029999,80.470001,77.844124,1330400,MAR
2015-05-22,80.389999,80.760002,79.570000,80.150002,77.534576,934900,MAR
2015-05-26,80.139999,80.230003,78.519997,78.709999,76.141563,1209200,MAR
2015-05-27,79.019997,79.680000,78.779999,79.199997,76.615578,1530600,MAR
2015-05-28,79.120003,79.209999,78.339996,79.029999,76.451126,1308400,MAR
2015-05-29,79.320000,79.470001,77.820000,77.989998,75.445076,2526700,MAR
2015-06-01,78.199997,78.750000,77.360001,77.970001,75.425735,1928200,MAR
2015-06-02,77.739998,78.680000,77.599998,78.430000,75.870712,1378000,MAR
2015-06-03,78.870003,79.879997,78.559998,79.379997,76.789711,1677800,MAR
2015-06-04,78.849998,79.410004,78.320000,78.480003,75.919067,1515000,MAR
2015-06-05,78.239998,78.669998,77.800003,78.379997,75.822342,837900,MAR
2015-06-08,78.070000,78.209999,76.889999,76.959999,74.448669,2038200,MAR
2015-06-09,76.839996,77.489998,76.580002,77.320000,74.796928,1205500,MAR
2015-06-10,77.470001,78.129997,77.230003,77.230003,74.709869,1344500,MAR
2015-06-11,77.410004,77.519997,76.629997,77.269997,74.748550,2253900,MAR
2015-06-12,76.949997,77.360001,76.400002,76.629997,74.129448,2104500,MAR
2015-06-15,76.050003,77.190002,75.860001,77.019997,74.506714,1754400,MAR
2015-06-16,76.709999,77.250000,76.570000,76.730003,74.226181,1463700,MAR
2015-06-17,76.750000,77.110001,76.019997,77.019997,74.506714,1546400,MAR
2015-06-18,77.370003,78.500000,77.360001,78.150002,75.599846,1506700,MAR
2015-06-19,78.129997,78.269997,77.589996,77.639999,75.106483,1810700,MAR
2015-06-22,78.000000,78.389999,77.800003,77.910004,75.367683,1312300,MAR
2015-06-23,77.800003,77.989998,77.320000,77.589996,75.058113,1212300,MAR
2015-06-24,77.570000,77.610001,76.239998,76.370003,73.877922,2098400,MAR
2015-06-25,76.440002,76.860001,76.099998,76.169998,73.684448,1335100,MAR
2015-06-26,76.540001,76.790001,75.879997,76.019997,73.539360,3597100,MAR
2015-06-29,75.239998,75.500000,73.769997,73.830002,71.420815,2025800,MAR
2015-06-30,74.459999,75.089996,73.949997,74.389999,71.962540,1828800,MAR
2015-07-01,75.220001,75.419998,74.570000,74.989998,72.542961,1854600,MAR
2015-07-02,75.059998,75.279999,74.500000,74.800003,72.359169,1226500,MAR
2015-07-06,74.059998,74.769997,73.839996,74.309998,71.885147,1700100,MAR
2015-07-07,74.309998,75.519997,73.360001,75.440002,72.978279,2767900,MAR
2015-07-08,74.680000,74.949997,73.900002,73.959999,71.546570,2016200,MAR
2015-07-09,75.220001,75.660004,74.169998,74.180000,71.759392,1598800,MAR
2015-07-10,75.230003,76.190002,74.589996,75.970001,73.490982,1416800,MAR
2015-07-13,76.760002,77.379997,76.519997,76.980003,74.468025,1756000,MAR
2015-07-14,76.599998,77.660004,76.599998,77.260002,74.738899,1214100,MAR
2015-07-15,77.139999,78.019997,76.900002,77.360001,74.835625,1637200,MAR
2015-07-16,77.669998,78.760002,77.669998,78.250000,75.696587,1756500,MAR
2015-07-17,77.000000,78.279999,77.000000,77.699997,75.164513,1715700,MAR
2015-07-20,77.739998,78.260002,77.680000,77.830002,75.290291,1276000,MAR
2015-07-21,78.110001,78.110001,76.389999,76.599998,74.100426,2271100,MAR
2015-07-22,76.540001,77.169998,76.239998,76.930000,74.419655,1601900,MAR
2015-07-23,76.919998,76.919998,74.040001,74.620003,72.185043,3260600,MAR
2015-07-24,74.800003,74.809998,73.309998,74.019997,71.604599,2747300,MAR
2015-07-27,73.540001,74.400002,72.919998,73.900002,71.488533,2378000,MAR
2015-07-28,74.190002,75.639999,74.029999,74.589996,72.156013,2632500,MAR
2015-07-29,74.800003,77.370003,74.779999,77.000000,74.487366,3417900,MAR
2015-07-30,76.000000,76.129997,72.150002,72.639999,70.269646,6515300,MAR
2015-07-31,73.849998,73.879997,71.889999,72.610001,70.240631,3438900,MAR
2015-08-03,72.160004,72.910004,71.940002,72.570000,70.201927,2314200,MAR
2015-08-04,72.599998,72.599998,71.879997,72.220001,69.863350,1862100,MAR
2015-08-05,73.080002,73.400002,70.440002,70.699997,68.392952,4158500,MAR
2015-08-06,70.970001,71.080002,70.070000,70.930000,68.615448,3782400,MAR
2015-08-07,70.930000,71.470001,70.070000,71.370003,69.041092,2691800,MAR
2015-08-10,72.150002,72.709999,71.860001,72.550003,70.182579,1788300,MAR
2015-08-11,72.029999,72.500000,71.680000,72.139999,69.785957,1920400,MAR
2015-08-12,71.129997,72.400002,70.260002,72.269997,69.911705,2758000,MAR
2015-08-13,71.809998,72.750000,71.610001,72.300003,69.940735,1533100,MAR
2015-08-14,72.250000,72.400002,71.440002,71.849998,69.505432,1352000,MAR
2015-08-17,71.599998,73.230003,71.440002,72.940002,70.559860,1294400,MAR
2015-08-18,72.910004,72.910004,72.230003,72.379997,70.258942,1073500,MAR
2015-08-19,71.959999,72.540001,71.419998,71.910004,69.802719,1959000,MAR
2015-08-20,71.250000,71.250000,69.919998,70.000000,67.948677,2792600,MAR
2015-08-21,69.250000,70.320000,68.870003,69.330002,67.298317,4293500,MAR
2015-08-24,65.220001,68.989998,63.950001,66.690002,64.735695,5148700,MAR
2015-08-25,68.660004,68.980003,66.489998,66.559998,64.609482,4220800,MAR
2015-08-26,68.260002,69.989998,67.360001,69.919998,67.871033,4370200,MAR
2015-08-27,70.449997,71.129997,69.699997,71.110001,69.026154,2250600,MAR
2015-08-28,70.720001,71.620003,70.629997,71.580002,69.482376,1532900,MAR
2015-08-31,71.160004,71.169998,70.339996,70.660004,68.589333,2022300,MAR
2015-09-01,68.680000,69.610001,68.660004,69.089996,67.065338,3175700,MAR
2015-09-02,70.320000,71.209999,69.809998,70.919998,68.841713,2373300,MAR
2015-09-03,71.089996,72.160004,70.669998,71.070000,68.987335,1615400,MAR
2015-09-04,69.970001,70.949997,69.800003,70.019997,67.968094,1533300,MAR
2015-09-08,71.330002,72.480003,70.690002,72.419998,70.297768,2292700,MAR
2015-09-09,72.699997,73.160004,71.029999,71.190002,69.103813,1768200,MAR
2015-09-10,71.099998,72.459999,70.870003,72.269997,70.152168,1605900,MAR
2015-09-11,71.720001,73.029999,71.610001,73.010002,70.870483,1560100,MAR
2015-09-14,72.940002,73.220001,72.360001,72.989998,70.851059,1706800,MAR
2015-09-15,73.070000,73.070000,70.870003,72.239998,70.123039,3177500,MAR
2015-09-16,72.519997,72.910004,72.029999,72.790001,70.656921,1895100,MAR
2015-09-17,72.870003,73.339996,72.010002,72.160004,70.045387,2208100,MAR
2015-09-18,70.860001,70.860001,69.059998,69.680000,67.638062,7963800,MAR
2015-09-21,70.199997,70.800003,69.790001,70.220001,68.162239,1980400,MAR
2015-09-22,68.839996,69.330002,67.580002,68.050003,66.055832,3303200,MAR
2015-09-23,68.379997,68.449997,67.570000,67.720001,65.735497,1374400,MAR
2015-09-24,68.980003,68.980003,67.779999,68.199997,66.201439,2969700,MAR
2015-09-25,68.589996,69.519997,68.040001,68.500000,66.492638,2276400,MAR
2015-09-28,67.730003,67.970001,66.040001,66.169998,64.230911,2552200,MAR
2015-09-29,66.190002,66.629997,65.309998,65.440002,63.522301,3576100,MAR
2015-09-30,66.110001,68.370003,65.760002,68.199997,66.201439,3575900,MAR
2015-10-01,68.389999,70.160004,68.250000,70.110001,68.055458,3393900,MAR
2015-10-02,69.099998,71.489998,68.839996,71.459999,69.365906,2748900,MAR
2015-10-05,71.809998,72.910004,70.599998,72.760002,70.627800,2101400,MAR
2015-10-06,72.349998,72.959999,71.760002,71.910004,69.802719,2546000,MAR
2015-10-07,72.050003,74.190002,72.010002,74.169998,71.996483,2406400,MAR
2015-10-08,73.900002,76.900002,73.809998,76.559998,74.316429,3493700,MAR
2015-10-09,76.650002,77.000000,75.599998,76.470001,74.229095,2007400,MAR
2015-10-12,76.510002,76.900002,75.980003,76.410004,74.170845,1516400,MAR
2015-10-13,75.370003,76.400002,74.800003,75.279999,73.073959,2917300,MAR
2015-10-14,75.199997,75.589996,73.980003,74.169998,71.996483,2326200,MAR
2015-10-15,74.750000,75.000000,73.180000,74.839996,72.646843,1858000,MAR
2015-10-16,74.699997,74.699997,73.480003,73.830002,71.666443,2774300,MAR
2015-10-19,73.620003,74.459999,73.089996,73.379997,71.229622,2426600,MAR
2015-10-20,74.349998,75.389999,74.160004,74.889999,72.695381,1772200,MAR
2015-10-21,74.849998,75.500000,73.779999,73.849998,71.685860,1541100,MAR
2015-10-22,74.519997,77.330002,74.330002,76.870003,74.617363,3517100,MAR
2015-10-23,75.940002,76.190002,74.400002,75.300003,73.093361,4880400,MAR
2015-10-26,75.339996,77.000000,74.879997,76.610001,74.364967,2077200,MAR
2015-10-27,76.599998,79.029999,76.180000,77.989998,75.704529,4555700,MAR
2015-10-28,79.559998,79.879997,75.290001,76.889999,74.636772,5232900,MAR
2015-10-29,74.410004,77.160004,73.830002,76.980003,74.724144,3884700,MAR
2015-10-30,77.330002,77.879997,76.650002,76.779999,74.529999,2561100,MAR
2015-11-02,77.000000,77.900002,76.739998,77.459999,75.190079,1614200,MAR
2015-11-03,77.260002,77.559998,75.919998,76.709999,74.462044,1930500,MAR
2015-11-04,76.839996,77.089996,76.279999,77.019997,74.762955,1352500,MAR
2015-11-05,77.059998,77.449997,76.099998,76.720001,74.471756,1215700,MAR
2015-11-06,76.760002,77.339996,76.150002,76.680000,74.432930,1395400,MAR
2015-11-09,76.540001,76.669998,74.440002,75.760002,73.539894,1237500,MAR
2015-11-10,75.720001,76.639999,75.440002,76.519997,74.277611,1024700,MAR
2015-11-11,76.699997,76.830002,75.389999,75.459999,73.248672,1261500,MAR
2015-11-12,75.500000,75.500000,74.449997,74.519997,72.336220,1284900,MAR
2015-11-13,74.129997,74.480003,72.690002,72.739998,70.608398,1643100,MAR
2015-11-16,71.580002,74.529999,70.430000,73.720001,71.559677,13437000,MAR
2015-11-17,74.370003,74.449997,72.550003,72.769997,70.877869,7677800,MAR
2015-11-18,72.769997,73.440002,70.800003,72.230003,70.351906,5285100,MAR
2015-11-19,72.400002,72.690002,71.580002,72.570000,70.683067,3243300,MAR
2015-11-20,72.980003,73.040001,71.900002,72.309998,70.429832,2331200,MAR
2015-11-23,72.309998,73.099998,72.199997,72.400002,70.517494,2274900,MAR
2015-11-24,71.099998,71.680000,69.930000,70.980003,69.134415,4296200,MAR
2015-11-25,71.250000,72.080002,71.050003,71.839996,69.972046,2248100,MAR
2015-11-27,71.650002,71.919998,71.370003,71.480003,69.621414,642500,MAR
2015-11-30,71.379997,71.400002,69.889999,70.910004,69.066231,3183400,MAR
2015-12-01,71.510002,72.379997,71.070000,72.260002,70.381134,2562200,MAR
2015-12-02,72.080002,72.680000,71.519997,71.690002,69.825951,2827300,MAR
2015-12-03,71.750000,71.879997,68.550003,68.779999,66.991615,3219100,MAR
2015-12-04,70.489998,71.089996,69.239998,71.040001,69.192848,3475200,MAR
2015-12-07,70.750000,71.000000,69.150002,69.500000,67.692902,3073400,MAR
2015-12-08,69.279999,69.910004,68.480003,69.580002,67.770813,2449000,MAR
2015-12-09,69.080002,70.019997,67.570000,68.019997,66.251373,2904900,MAR
2015-12-10,68.730003,68.910004,67.870003,68.230003,66.455917,1954800,MAR
2015-12-11,67.120003,67.830002,66.709999,66.849998,65.111801,2137800,MAR
2015-12-14,66.779999,67.209999,65.550003,66.430000,64.702713,3154500,MAR
2015-12-15,67.070000,67.160004,66.019997,66.620003,64.887787,3123600,MAR
2015-12-16,67.160004,68.099998,65.930000,67.160004,65.413750,3480300,MAR
2015-12-17,67.360001,67.830002,66.010002,66.029999,64.313110,2410500,MAR
2015-12-18,65.889999,66.540001,64.639999,65.110001,63.417042,4835500,MAR
2015-12-21,65.370003,65.919998,64.989998,65.169998,63.475475,2204900,MAR
2015-12-22,65.760002,68.910004,65.260002,68.489998,66.709145,5675900,MAR
2015-12-23,68.309998,69.000000,67.919998,68.849998,67.059799,2263000,MAR
2015-12-24,68.860001,69.300003,68.550003,68.769997,66.981873,789900,MAR
2015-12-28,68.000000,68.959999,68.000000,68.849998,67.059799,1454200,MAR
2015-12-29,69.089996,69.279999,68.370003,68.750000,66.962395,1910400,MAR
2015-12-30,68.839996,68.959999,67.860001,68.019997,66.251373,1512000,MAR
2015-12-31,67.989998,68.209999,67.040001,67.040001,65.296860,1941000,MAR
2016-01-04,65.930000,66.199997,64.970001,65.379997,63.680023,3899500,MAR
2016-01-05,65.480003,66.029999,65.230003,65.589996,63.884556,2699100,MAR
2016-01-06,64.470001,64.680000,62.529999,63.619999,61.965778,4167100,MAR
2016-01-07,62.270000,63.130001,61.680000,61.820000,60.212582,6444900,MAR
2016-01-08,62.360001,63.810001,62.009998,62.650002,61.021008,4510300,MAR
2016-01-11,63.150002,63.500000,62.119999,63.160000,61.517742,4568600,MAR
2016-01-12,63.220001,64.500000,63.169998,64.320000,62.647579,4915300,MAR
2016-01-13,63.830002,64.029999,60.130001,60.270000,58.702888,5475500,MAR
2016-01-14,60.209999,62.119999,58.919998,60.740002,59.160675,7445800,MAR
2016-01-15,59.020000,60.150002,58.330002,59.549999,58.001610,8374900,MAR
2016-01-19,60.439999,60.500000,57.619999,58.380001,56.862034,5212800,MAR
2016-01-20,57.630001,60.599998,56.430000,59.810001,58.254848,8220000,MAR
2016-01-21,59.750000,62.560001,59.150002,61.650002,60.047012,6139900,MAR
2016-01-22,62.580002,63.610001,61.610001,62.459999,60.835941,4769700,MAR
2016-01-25,62.400002,62.400002,60.000000,60.119999,58.556789,3231000,MAR
2016-01-26,60.709999,62.060001,60.279999,61.939999,60.329468,3255400,MAR
2016-01-27,61.810001,62.450001,60.009998,60.639999,59.063271,4022700,MAR
2016-01-28,61.270000,61.639999,58.799999,59.209999,57.670448,4650600,MAR
2016-01-29,59.889999,61.310001,59.369999,61.279999,59.686630,3171000,MAR
2016-02-01,60.320000,61.900002,60.009998,61.419998,59.822983,3495700,MAR
2016-02-02,60.400002,60.759998,58.990002,59.070000,57.534088,3929000,MAR
2016-02-03,59.160000,59.730000,57.689999,59.389999,57.845768,3559900,MAR
2016-02-04,59.279999,60.900002,58.889999,60.709999,59.131443,4327700,MAR
2016-02-05,60.680000,60.709999,59.130001,60.009998,58.449646,3703700,MAR
2016-02-08,59.590000,59.799999,57.889999,59.439999,57.894470,5116000,MAR
2016-02-09,59.000000,61.630001,59.000000,60.770000,59.189888,5188000,MAR
2016-02-10,61.630001,62.840000,61.180000,61.380001,59.784031,3575500,MAR
2016-02-11,60.500000,62.180000,60.099998,61.590000,59.988564,4797600,MAR
2016-02-12,62.060001,63.889999,61.630001,63.799999,62.141102,3711600,MAR
2016-02-16,64.269997,65.550003,63.980000,65.059998,63.368343,5517600,MAR
2016-02-17,65.739998,67.879997,65.650002,66.680000,64.946220,4907300,MAR
2016-02-18,64.099998,65.680000,64.000000,64.940002,63.251461,7969300,MAR
2016-02-19,64.500000,65.809998,64.250000,65.709999,64.001442,3596800,MAR
2016-02-22,66.209999,67.529999,66.180000,66.790001,65.053368,5341400,MAR
2016-02-23,66.510002,66.860001,66.050003,66.269997,64.789375,3016300,MAR
2016-02-24,65.639999,67.260002,65.029999,67.029999,65.532410,3740700,MAR
2016-02-25,67.559998,68.330002,66.779999,68.300003,66.774048,4231900,MAR
2016-02-26,68.970001,69.000000,67.800003,68.150002,66.627388,2961100,MAR
2016-02-29,68.330002,68.849998,67.680000,68.150002,66.627388,4900600,MAR
2016-03-01,68.330002,69.180000,68.279999,68.930000,67.389954,3416000,MAR
2016-03-02,68.570000,69.000000,68.139999,68.830002,67.292198,2733000,MAR
2016-03-03,68.570000,69.010002,68.059998,68.680000,67.145546,2341000,MAR
2016-03-04,68.800003,69.279999,68.400002,68.980003,67.438843,1828900,MAR
2016-03-07,68.510002,69.540001,68.349998,69.540001,67.986336,2741900,MAR
2016-03-08,68.900002,69.449997,68.180000,68.410004,66.881577,4362100,MAR
2016-03-09,68.739998,68.769997,68.089996,68.589996,67.057549,2283900,MAR
2016-03-10,68.739998,69.150002,66.720001,67.959999,66.441628,2281300,MAR
2016-03-11,68.970001,69.169998,68.400002,68.889999,67.350853,1878100,MAR
2016-03-14,71.050003,71.300003,69.940002,70.930000,69.345284,8951400,MAR
2016-03-15,70.059998,71.029999,70.010002,70.410004,68.836891,4007400,MAR
2016-03-16,69.980003,71.690002,69.849998,71.239998,69.648346,3383000,MAR
2016-03-17,70.980003,71.820000,70.540001,71.800003,70.195839,4546600,MAR
2016-03-18,72.610001,73.889999,72.250000,73.160004,71.525459,13530700,MAR
2016-03-21,72.559998,72.849998,71.820000,72.300003,70.684662,13663900,MAR
2016-03-22,70.889999,71.279999,69.989998,70.919998,69.335495,7183000,MAR
2016-03-23,70.550003,70.830002,69.190002,69.599998,68.044991,7108000,MAR
2016-03-24,69.019997,69.720001,68.370003,68.639999,67.106430,5624400,MAR
2016-03-28,70.099998,71.839996,70.000000,71.339996,69.746101,6831100,MAR
2016-03-29,70.980003,71.449997,70.660004,70.699997,69.120407,4708900,MAR
2016-03-30,71.400002,71.769997,70.430000,71.550003,69.951424,2362700,MAR
2016-03-31,71.589996,71.820000,71.019997,71.180000,69.589691,4621000,MAR
2016-04-01,67.480003,68.070000,66.500000,67.129997,65.630180,18178900,MAR
2016-04-04,67.129997,67.360001,66.160004,66.360001,64.877388,5528200,MAR
2016-04-05,65.879997,66.089996,65.260002,65.839996,64.369003,5785500,MAR
2016-04-06,66.070000,66.309998,65.440002,66.139999,64.662292,3507400,MAR
2016-04-07,65.889999,66.029999,65.110001,65.529999,64.065918,4227000,MAR
2016-04-08,66.000000,66.629997,65.739998,66.570000,65.082687,9372000,MAR
2016-04-11,66.750000,68.070000,66.660004,67.120003,65.620392,6513900,MAR
2016-04-12,67.129997,67.580002,66.900002,67.339996,65.835480,3384500,MAR
2016-04-13,67.879997,67.989998,67.379997,67.629997,66.118996,3471600,MAR
2016-04-14,67.650002,68.150002,67.260002,67.839996,66.324303,4323000,MAR
2016-04-15,67.889999,68.580002,67.769997,67.919998,66.402527,4420200,MAR
2016-04-18,67.790001,67.809998,66.680000,67.540001,66.031021,4991900,MAR
2016-04-19,67.620003,68.830002,67.379997,67.809998,66.294983,5440700,MAR
2016-04-20,67.190002,68.400002,66.870003,67.860001,66.343864,5106300,MAR
2016-04-21,67.730003,69.250000,67.730003,68.230003,66.705605,4476900,MAR
2016-04-22,68.230003,68.320000,65.559998,66.540001,65.053368,5375700,MAR
2016-04-25,66.750000,67.080002,66.410004,66.980003,65.483528,3443800,MAR
2016-04-26,67.400002,67.510002,66.500000,67.000000,65.503075,4445600,MAR
2016-04-27,67.050003,68.910004,67.010002,68.680000,67.145546,6220500,MAR
2016-04-28,67.629997,70.750000,67.559998,69.239998,67.693039,7220900,MAR
2016-04-29,68.980003,70.430000,68.639999,70.089996,68.524040,6485400,MAR
2016-05-02,70.330002,70.470001,69.540001,70.040001,68.475159,4575600,MAR
2016-05-03,69.650002,70.389999,69.129997,70.099998,68.533806,4670900,MAR
2016-05-04,69.459999,69.820000,68.769997,69.230003,67.683258,4332500,MAR
2016-05-05,69.449997,69.830002,69.040001,69.269997,67.722359,3058300,MAR
2016-05-06,69.010002,69.480003,68.349998,69.220001,67.673492,1872200,MAR
2016-05-09,69.400002,69.540001,68.690002,69.129997,67.585480,2320700,MAR
2016-05-10,69.190002,70.459999,68.650002,70.459999,68.885773,6235900,MAR
2016-05-11,70.320000,70.320000,68.750000,68.919998,67.380180,2660400,MAR
2016-05-12,69.339996,69.489998,67.440002,67.970001,66.451401,2574500,MAR
2016-05-13,67.709999,68.449997,66.309998,66.879997,65.385757,3812200,MAR
2016-05-16,66.879997,68.160004,66.639999,67.709999,66.197227,2647800,MAR
2016-05-17,67.709999,68.410004,67.010002,67.260002,65.757271,2726000,MAR
2016-05-18,67.000000,67.269997,65.120003,65.709999,64.529724,4548700,MAR
2016-05-19,65.139999,65.250000,64.110001,64.970001,63.803013,3533000,MAR
2016-05-20,64.779999,65.370003,64.699997,64.980003,63.812836,3008200,MAR
2016-05-23,65.019997,65.120003,64.489998,64.860001,63.694981,1998400,MAR
2016-05-24,65.169998,65.610001,64.870003,65.370003,64.195831,2271600,MAR
2016-05-25,65.370003,66.339996,65.160004,66.199997,65.010910,2750500,MAR
2016-05-26,66.180000,66.190002,65.370003,65.559998,64.382416,1979600,MAR
2016-05-27,65.760002,66.339996,65.580002,66.309998,65.118942,1619200,MAR
2016-05-31,66.339996,66.690002,65.910004,66.040001,64.853790,2373600,MAR
2016-06-01,66.220001,67.290001,65.669998,67.150002,65.943863,3899400,MAR
2016-06-02,66.790001,68.809998,66.629997,68.519997,67.289238,3879500,MAR
2016-06-03,67.879997,68.400002,67.000000,68.029999,66.808044,2901800,MAR
2016-06-06,68.040001,68.250000,67.540001,67.849998,66.631279,1827900,MAR
2016-06-07,68.070000,68.150002,67.209999,67.309998,66.100975,2302800,MAR
2016-06-08,67.480003,67.879997,66.320000,67.559998,66.346489,3493400,MAR
2016-06-09,67.139999,67.419998,66.669998,67.220001,66.012604,2551800,MAR
2016-06-10,66.419998,66.690002,66.070000,66.489998,65.295715,2553100,MAR
2016-06-13,66.349998,67.000000,65.940002,65.959999,64.775238,2872600,MAR
2016-06-14,65.610001,65.989998,64.970001,65.379997,64.205643,3358800,MAR
2016-06-15,65.459999,66.730003,65.410004,65.720001,64.539543,2933800,MAR
2016-06-16,65.480003,65.739998,64.330002,65.589996,64.411873,2741000,MAR
2016-06-17,65.580002,66.589996,65.510002,66.470001,65.276070,3229500,MAR
2016-06-20,67.160004,68.459999,67.059998,67.839996,66.621452,3091000,MAR
2016-06-21,67.730003,67.830002,67.129997,67.709999,66.493790,2429200,MAR
2016-06-22,67.889999,68.419998,67.419998,67.750000,66.533081,3592200,MAR
2016-06-23,68.389999,68.989998,68.040001,68.949997,67.711517,2472600,MAR
2016-06-24,66.360001,67.339996,63.840000,63.910000,62.762054,6184400,MAR
2016-06-27,63.310001,63.820000,60.869999,61.209999,60.110550,6495400,MAR
2016-06-28,62.169998,62.730000,61.650002,62.590000,61.465759,4016500,MAR
2016-06-29,63.189999,65.339996,63.169998,64.900002,63.734280,4199900,MAR
2016-06-30,65.680000,66.750000,64.879997,66.459999,65.266243,4328900,MAR
2016-07-01,66.389999,67.900002,66.089996,67.790001,66.572365,3341000,MAR
2016-07-05,67.839996,67.949997,66.760002,67.089996,65.884933,3093800,MAR
2016-07-06,66.699997,67.949997,66.309998,67.849998,66.631279,2899300,MAR
2016-07-07,67.980003,68.709999,67.400002,68.360001,67.132118,2918500,MAR
2016-07-08,68.989998,70.040001,68.839996,69.849998,68.595352,3686900,MAR
2016-07-11,69.849998,70.269997,69.620003,70.120003,68.860512,3282900,MAR
2016-07-12,70.470001,71.500000,70.449997,71.260002,69.980034,3908700,MAR
2016-07-13,71.529999,71.550003,69.580002,70.120003,68.860512,3413800,MAR
2016-07-14,70.900002,71.000000,70.339996,70.449997,69.184586,2274400,MAR
2016-07-15,70.419998,70.559998,69.279999,70.199997,68.939072,1837900,MAR
2016-07-18,70.190002,70.760002,69.989998,70.389999,69.125656,2061700,MAR
2016-07-19,69.900002,70.169998,69.389999,70.150002,68.889961,3060100,MAR
2016-07-20,70.209999,70.430000,69.739998,69.870003,68.615005,1916200,MAR
2016-07-21,69.620003,70.470001,69.459999,70.379997,69.115837,2579300,MAR
2016-07-22,70.300003,71.120003,70.050003,70.989998,69.714882,1838200,MAR
2016-07-25,70.919998,71.349998,70.660004,71.209999,69.930923,2789700,MAR
2016-07-26,71.110001,71.720001,70.699997,71.669998,70.382660,2531000,MAR
2016-07-27,71.050003,71.180000,69.720001,70.540001,69.272972,4006700,MAR
2016-07-28,69.519997,71.639999,69.000000,71.529999,70.245186,3653200,MAR
2016-07-29,71.320000,71.849998,70.889999,71.699997,70.412125,2408300,MAR
2016-08-01,71.489998,71.739998,70.730003,71.190002,69.911301,2235700,MAR
2016-08-02,71.190002,71.209999,69.680000,70.589996,69.322060,2514800,MAR
2016-08-03,70.440002,71.400002,70.150002,71.309998,70.029121,2888900,MAR
2016-08-04,71.290001,72.239998,70.610001,72.209999,70.912956,1974400,MAR
2016-08-05,72.690002,73.139999,72.309998,72.709999,71.403992,1846300,MAR
2016-08-08,72.989998,73.230003,72.309998,72.540001,71.237045,3782600,MAR
2016-08-09,72.629997,72.980003,71.739998,71.849998,70.559433,2639700,MAR
2016-08-10,72.029999,72.529999,71.519997,71.860001,70.569260,2342200,MAR
2016-08-11,71.980003,72.349998,71.639999,72.099998,70.804939,1350000,MAR
2016-08-12,71.400002,72.550003,71.300003,71.940002,70.647812,1784700,MAR
2016-08-15,72.089996,73.139999,72.019997,72.879997,71.570923,2030400,MAR
2016-08-16,72.940002,73.110001,72.419998,72.779999,71.472733,2439400,MAR
2016-08-17,72.930000,73.070000,72.279999,73.010002,71.698593,1712400,MAR
2016-08-18,72.949997,73.260002,72.309998,72.959999,71.649506,1063100,MAR
2016-08-19,72.629997,73.989998,72.339996,73.970001,72.641357,2353200,MAR
2016-08-22,73.660004,73.910004,72.620003,73.010002,71.698593,4737900,MAR
2016-08-23,73.430000,73.440002,72.980003,73.129997,71.816437,1735200,MAR
2016-08-24,72.970001,73.269997,72.330002,72.480003,71.178116,1459900,MAR
2016-08-25,72.449997,73.110001,72.300003,73.029999,71.718231,3013800,MAR
2016-08-26,73.309998,73.589996,72.550003,72.800003,71.492371,2270300,MAR
2016-08-29,72.879997,73.820000,72.879997,73.080002,71.767349,1953600,MAR
2016-08-30,73.239998,73.250000,72.190002,72.330002,71.030815,2326700,MAR
2016-08-31,72.180000,72.500000,71.320000,71.330002,70.048775,2337300,MAR
2016-09-01,71.400002,71.949997,70.879997,71.129997,69.852364,3145100,MAR
2016-09-02,71.389999,71.769997,70.550003,70.959999,69.685417,2568500,MAR
2016-09-06,70.919998,71.099998,69.959999,70.089996,68.831039,2265400,MAR
2016-09-07,70.449997,70.599998,70.010002,70.400002,69.135483,1781600,MAR
2016-09-08,70.510002,70.510002,69.879997,70.029999,68.772133,1880000,MAR
2016-09-09,70.019997,70.150002,67.050003,67.160004,65.953682,3883000,MAR
2016-09-12,66.690002,68.959999,66.540001,68.820000,67.583855,3153100,MAR
2016-09-13,68.209999,69.050003,67.860001,68.410004,67.181236,4196000,MAR
2016-09-14,68.209999,69.160004,67.440002,68.489998,67.259789,4322800,MAR
2016-09-15,68.510002,69.500000,68.129997,69.290001,68.045418,3281500,MAR
2016-09-16,69.070000,69.120003,68.120003,68.690002,67.456200,3270900,MAR
2016-09-19,68.989998,69.379997,67.949997,68.339996,67.112480,1794900,MAR
2016-09-20,68.910004,70.989998,68.660004,69.940002,68.683754,11410300,MAR
2016-09-21,69.800003,70.339996,69.239998,70.139999,69.176880,15921400,MAR
2016-09-22,70.540001,70.730003,69.510002,69.750000,68.792229,17562100,MAR
2016-09-23,69.360001,69.440002,68.099998,68.440002,67.500221,11920800,MAR
2016-09-26,69.199997,69.230003,67.010002,67.150002,66.227936,5063800,MAR
2016-09-27,67.199997,67.919998,66.959999,67.050003,66.129311,4869100,MAR
2016-09-28,67.040001,67.440002,66.699997,67.379997,66.454781,4599000,MAR
2016-09-29,67.209999,68.089996,66.980003,67.099998,66.178612,3181800,MAR
2016-09-30,67.400002,67.739998,66.949997,67.330002,66.405464,6088200,MAR
2016-10-03,67.339996,67.779999,67.290001,67.449997,66.523811,2599000,MAR
2016-10-04,67.330002,67.440002,66.879997,67.110001,66.188484,2748400,MAR
2016-10-05,67.209999,67.690002,67.120003,67.470001,66.543549,2556200,MAR
2016-10-06,67.349998,67.639999,66.839996,67.510002,66.582993,2264900,MAR
2016-10-07,67.489998,67.849998,66.739998,67.139999,66.218071,2879700,MAR
2016-10-10,67.550003,68.059998,67.370003,67.389999,66.464638,1979200,MAR
2016-10-11,67.120003,67.459999,66.160004,66.610001,65.695351,6718100,MAR
2016-10-12,66.599998,67.070000,66.430000,66.910004,65.991234,2186100,MAR
2016-10-13,66.339996,67.339996,66.059998,67.269997,66.346283,3456400,MAR
2016-10-14,67.430000,67.870003,67.010002,67.449997,66.523811,2654800,MAR
2016-10-17,67.349998,67.760002,66.839996,66.919998,66.001091,1631300,MAR
2016-10-18,67.720001,68.070000,67.230003,67.830002,66.898598,2932900,MAR
2016-10-19,67.949997,68.250000,67.739998,67.959999,67.026802,1631700,MAR
2016-10-20,67.750000,67.849998,66.790001,67.400002,66.474503,2068000,MAR
2016-10-21,67.059998,67.510002,66.589996,67.139999,66.218071,1855400,MAR
2016-10-24,67.750000,68.470001,67.360001,67.379997,66.454781,2610300,MAR
2016-10-25,67.360001,67.510002,67.000000,67.209999,66.287102,2038200,MAR
2016-10-26,66.480003,66.989998,65.910004,66.690002,65.774254,3820800,MAR
2016-10-27,66.699997,66.959999,66.209999,66.919998,66.001091,2306900,MAR
2016-10-28,66.980003,67.879997,66.690002,67.440002,66.513954,1993000,MAR
2016-10-31,67.720001,68.959999,67.720001,68.699997,67.756653,2697800,MAR
2016-11-01,68.680000,69.000000,67.739998,68.320000,67.381866,3147200,MAR
2016-11-02,68.400002,69.269997,68.029999,68.400002,67.460777,2920100,MAR
2016-11-03,68.580002,69.400002,68.400002,69.239998,68.289230,3203700,MAR
2016-11-04,68.680000,70.599998,68.680000,69.610001,68.654160,4147500,MAR
2016-11-07,70.660004,71.180000,70.279999,71.099998,70.123695,3578100,MAR
2016-11-08,70.000000,73.639999,69.040001,73.019997,72.017326,7748300,MAR
2016-11-09,71.160004,74.279999,71.000000,74.080002,73.062775,5023400,MAR
2016-11-10,74.519997,75.089996,73.220001,73.419998,72.411842,5273800,MAR
2016-11-11,73.150002,73.860001,72.750000,73.389999,72.382248,2986500,MAR
2016-11-14,73.500000,77.809998,73.459999,77.239998,76.179375,7127100,MAR
2016-11-15,77.000000,77.849998,76.739998,77.709999,76.642921,3863400,MAR
2016-11-16,77.389999,78.180000,77.279999,77.570000,76.504852,2746900,MAR
2016-11-17,77.510002,78.029999,77.230003,77.470001,76.406219,2294400,MAR
2016-11-18,77.419998,77.639999,77.040001,77.139999,76.080757,1647300,MAR
2016-11-21,77.040001,77.820000,76.879997,77.290001,76.526306,2605600,MAR
2016-11-22,77.379997,77.980003,77.160004,77.849998,77.080780,2706100,MAR
2016-11-23,77.599998,78.120003,77.330002,78.080002,77.308510,1817800,MAR
2016-11-25,78.099998,78.900002,77.260002,78.519997,77.744148,1059600,MAR
2016-11-28,77.550003,78.519997,77.029999,78.070000,77.298599,3418700,MAR
2016-11-29,78.089996,79.580002,78.089996,79.110001,78.328323,3428000,MAR
2016-11-30,79.070000,79.389999,78.029999,78.779999,78.001587,3540300,MAR
2016-12-01,78.470001,80.290001,78.470001,79.820000,79.031303,4127100,MAR
2016-12-02,79.180000,80.269997,78.790001,79.199997,78.417427,2769300,MAR
2016-12-05,80.510002,81.250000,80.040001,81.000000,80.199646,3508000,MAR
2016-12-06,81.000000,82.099998,80.669998,82.080002,81.268982,2907300,MAR
2016-12-07,82.120003,84.269997,81.860001,83.919998,83.090797,3964700,MAR
2016-12-08,84.080002,84.589996,83.150002,83.489998,82.665047,4059400,MAR
2016-12-09,83.980003,83.980003,83.070000,83.550003,82.724457,2386200,MAR
2016-12-12,83.430000,83.980003,82.760002,83.910004,83.080894,2086100,MAR
2016-12-13,84.000000,84.959999,83.870003,84.400002,83.566055,2501800,MAR
2016-12-14,84.550003,85.050003,83.760002,83.940002,83.110603,2012000,MAR
2016-12-15,84.430000,85.349998,83.919998,84.330002,83.496750,3305200,MAR
2016-12-16,84.889999,86.150002,84.300003,86.050003,85.199753,9952100,MAR
2016-12-19,85.750000,86.000000,84.709999,84.860001,84.021507,3139200,MAR
2016-12-20,85.269997,85.769997,84.809998,85.099998,84.259140,2637600,MAR
2016-12-21,85.070000,85.449997,84.750000,84.849998,84.011604,1818200,MAR
2016-12-22,84.970001,85.000000,83.330002,83.730003,82.902687,2575100,MAR
2016-12-23,83.730003,84.169998,83.599998,84.089996,83.259109,2316900,MAR
2016-12-27,84.500000,84.690002,83.949997,84.139999,83.308632,1374200,MAR
2016-12-28,84.410004,84.500000,83.309998,83.360001,82.536331,1557700,MAR
2016-12-29,83.570000,83.739998,83.110001,83.320000,82.496727,1590400,MAR
2016-12-30,83.480003,83.610001,82.540001,82.680000,81.863052,2403000,MAR
2017-01-03,83.349998,83.849998,81.709999,82.500000,81.684837,3277100,MAR
2017-01-04,82.739998,83.400002,82.250000,82.339996,81.526405,4016200,MAR
2017-01-05,82.070000,83.070000,81.660004,81.779999,80.971939,2828200,MAR
2017-01-06,81.790001,83.019997,81.330002,82.300003,81.486809,2306200,MAR
2017-01-09,82.050003,82.699997,81.599998,82.250000,81.437294,2643000,MAR
2017-01-10,82.089996,82.419998,81.660004,81.930000,81.120461,2168000,MAR
2017-01-11,82.279999,83.419998,81.800003,82.839996,82.021469,2887300,MAR
2017-01-12,82.690002,82.760002,81.040001,81.889999,81.080849,2281600,MAR
2017-01-13,81.930000,82.650002,81.930000,82.639999,81.823441,1671400,MAR
2017-01-17,82.570000,82.900002,82.209999,82.379997,81.566010,2112600,MAR
2017-01-18,82.410004,83.099998,82.070000,83.000000,82.179886,1467300,MAR
2017-01-19,83.720001,85.290001,83.720001,84.529999,83.694771,3465000,MAR
2017-01-20,84.870003,85.760002,84.160004,84.379997,83.546249,2449800,MAR
2017-01-23,84.150002,84.529999,83.820000,84.370003,83.536354,1452000,MAR
2017-01-24,84.349998,84.970001,84.019997,84.510002,83.674965,1455600,MAR
2017-01-25,84.790001,85.699997,84.239998,85.610001,84.764099,2094600,MAR
2017-01-26,85.790001,86.239998,85.540001,85.839996,84.991821,2148200,MAR
2017-01-27,85.970001,86.320000,85.529999,86.080002,85.229462,1692300,MAR
2017-01-30,85.830002,85.830002,84.589996,85.260002,84.417557,2251100,MAR
2017-01-31,85.239998,85.239998,84.360001,84.599998,83.764076,2462000,MAR
2017-02-01,84.489998,85.209999,84.269997,84.639999,83.803680,2241700,MAR
2017-02-02,84.400002,84.809998,83.809998,84.500000,83.665070,1803800,MAR
2017-02-03,84.769997,85.519997,84.769997,85.449997,84.605682,1386600,MAR
2017-02-06,85.459999,85.730003,85.199997,85.650002,84.803711,1224300,MAR
2017-02-07,85.559998,86.339996,85.550003,85.809998,84.962112,1547700,MAR
2017-02-08,85.720001,86.480003,85.370003,86.360001,85.506691,1869500,MAR
2017-02-09,86.860001,86.970001,86.260002,86.790001,85.932434,2460800,MAR
2017-02-10,86.989998,86.989998,86.440002,86.449997,85.595795,1866600,MAR
2017-02-13,86.839996,87.419998,86.589996,87.379997,86.516617,1504200,MAR
2017-02-14,87.309998,87.910004,87.059998,87.889999,87.021568,2366700,MAR
2017-02-15,87.570000,89.459999,87.269997,89.459999,88.576050,3447100,MAR
2017-02-16,89.099998,91.070000,88.500000,89.440002,88.556259,3415900,MAR
2017-02-17,89.279999,89.660004,87.239998,89.360001,88.477051,5275200,MAR
2017-02-21,88.540001,88.879997,87.739998,87.989998,87.120583,3637100,MAR
2017-02-22,87.699997,88.029999,87.610001,87.680000,87.110649,1986600,MAR
2017-02-23,87.820000,87.989998,86.959999,87.000000,86.435066,2013400,MAR
2017-02-24,87.029999,87.589996,86.800003,87.080002,86.514542,2521700,MAR
2017-02-27,86.970001,87.650002,86.750000,87.449997,86.882141,1885100,MAR
2017-02-28,87.309998,87.750000,86.889999,86.989998,86.425133,2587200,MAR
2017-03-01,87.500000,88.930000,87.379997,88.489998,87.915390,2589500,MAR
2017-03-02,88.199997,88.220001,87.220001,87.519997,86.951683,2968500,MAR
2017-03-03,87.339996,87.690002,86.419998,86.790001,86.226433,2061600,MAR
2017-03-06,86.580002,87.029999,86.059998,86.720001,86.156883,2107000,MAR
2017-03-07,86.660004,86.839996,85.930000,86.150002,85.590584,1909100,MAR
2017-03-08,85.949997,86.709999,85.629997,86.389999,85.829025,2709200,MAR
2017-03-09,86.440002,87.110001,86.050003,86.309998,85.749550,1906300,MAR
2017-03-10,86.980003,87.019997,86.029999,86.620003,86.057541,2187400,MAR
2017-03-13,86.589996,87.080002,86.419998,87.029999,86.464867,2236200,MAR
2017-03-14,86.860001,86.860001,86.250000,86.269997,85.709801,2058900,MAR
2017-03-15,86.680000,88.089996,86.669998,87.820000,87.249741,2012100,MAR
2017-03-16,87.820000,88.500000,87.349998,88.059998,87.488182,1846400,MAR
2017-03-17,88.389999,88.489998,87.889999,88.330002,87.756432,3015200,MAR
2017-03-20,88.339996,89.230003,88.309998,88.680000,88.104156,2198100,MAR
2017-03-21,90.019997,91.570000,88.669998,89.099998,88.521423,5486100,MAR
2017-03-22,89.269997,92.260002,89.050003,92.139999,91.541687,4540100,MAR
2017-03-23,92.139999,93.690002,92.080002,93.139999,92.535194,4658400,MAR
2017-03-24,93.500000,93.860001,93.250000,93.500000,92.892860,2274900,MAR
2017-03-27,92.989998,93.529999,92.449997,93.169998,92.564995,2151700,MAR
2017-03-28,93.169998,94.989998,93.000000,94.489998,93.876427,2256900,MAR
2017-03-29,94.010002,94.699997,93.860001,94.589996,93.975777,1663200,MAR
2017-03-30,94.400002,95.419998,94.400002,94.639999,94.025459,2078600,MAR
2017-03-31,94.599998,94.980003,93.989998,94.180000,93.568443,2269700,MAR
2017-04-03,94.279999,94.529999,92.080002,92.750000,92.147728,3635600,MAR
2017-04-04,92.669998,92.989998,91.930000,92.470001,91.869553,3097500,MAR
2017-04-05,92.800003,93.220001,91.550003,91.959999,91.362862,2686500,MAR
2017-04-06,91.900002,92.150002,91.070000,91.769997,91.174095,2516000,MAR
2017-04-07,91.730003,91.730003,90.250000,91.209999,90.617729,2954500,MAR
2017-04-10,91.040001,91.720001,90.660004,91.059998,90.468697,2152900,MAR
2017-04-11,91.160004,91.589996,90.790001,91.400002,90.806503,2732300,MAR
2017-04-12,91.980003,92.000000,90.879997,91.750000,91.154221,3416300,MAR
2017-04-13,91.699997,92.120003,91.320000,91.550003,90.955521,2244900,MAR
2017-04-17,91.910004,91.980003,91.599998,91.949997,91.352921,1284000,MAR
2017-04-18,91.589996,92.250000,90.000000,92.019997,91.422470,3102400,MAR
2017-04-19,92.089996,92.419998,91.180000,91.489998,90.895905,2025800,MAR
2017-04-20,91.959999,92.980003,90.669998,92.769997,92.167595,2792900,MAR
2017-04-21,92.769997,92.949997,92.239998,92.470001,91.869553,2521400,MAR
2017-04-24,93.650002,93.900002,93.150002,93.519997,92.912727,2085000,MAR
2017-04-25,93.989998,94.769997,93.750000,94.570000,93.955910,1637800,MAR
2017-04-26,94.559998,96.820000,94.360001,96.300003,95.674675,3614500,MAR
2017-04-27,96.320000,96.430000,95.419998,95.739998,95.118309,3655300,MAR
2017-04-28,95.910004,96.019997,93.699997,94.419998,93.806877,2859800,MAR
2017-05-01,94.720001,96.059998,94.459999,95.580002,94.959358,1676100,MAR
2017-05-02,95.919998,97.169998,95.739998,97.099998,96.469482,2483000,MAR
2017-05-03,97.199997,97.309998,96.559998,96.989998,96.360191,2387200,MAR
2017-05-04,97.190002,97.379997,96.669998,96.879997,96.250908,2571100,MAR
2017-05-05,97.220001,97.220001,96.739998,97.050003,96.419815,3038500,MAR
2017-05-08,97.089996,97.550003,95.889999,96.370003,95.744225,3955100,MAR
2017-05-09,101.199997,103.220001,99.349998,102.500000,101.834419,6721600,MAR
2017-05-10,102.339996,103.430000,101.709999,103.239998,102.569611,2610900,MAR
2017-05-11,103.080002,103.620003,102.570000,102.820000,102.152344,1622600,MAR
2017-05-12,102.769997,103.099998,102.050003,102.449997,101.784737,1958000,MAR
2017-05-15,102.400002,104.339996,102.250000,104.059998,103.384285,2416700,MAR
2017-05-16,104.510002,104.519997,103.430000,103.989998,103.314743,2406100,MAR
2017-05-17,103.070000,103.099998,102.059998,102.110001,101.769905,1943900,MAR
2017-05-18,102.129997,103.709999,101.739998,102.529999,102.188507,3512100,MAR
2017-05-19,102.570000,103.250000,102.370003,102.820000,102.477539,1976500,MAR
2017-05-22,102.930000,104.330002,102.690002,104.220001,103.872879,2016300,MAR
2017-05-23,104.120003,105.529999,103.879997,105.489998,105.138649,2867500,MAR
2017-05-24,105.949997,106.099998,105.510002,105.879997,105.527351,1655600,MAR
2017-05-25,106.000000,107.449997,106.000000,106.529999,106.175186,5163000,MAR
2017-05-26,106.690002,107.500000,106.550003,106.900002,106.543953,1793700,MAR
2017-05-30,106.650002,107.239998,106.410004,106.739998,106.384483,2129100,MAR
2017-05-31,107.010002,107.680000,106.389999,107.650002,107.291458,3013600,MAR
2017-06-01,108.000000,108.989998,107.650002,108.680000,108.318024,1778300,MAR
2017-06-02,108.889999,110.510002,108.760002,110.059998,109.693428,2886800,MAR
2017-06-05,110.099998,110.349998,107.800003,108.190002,107.829659,2194100,MAR
2017-06-06,107.320000,107.510002,104.919998,104.989998,104.640312,4531600,MAR
2017-06-07,105.500000,105.610001,103.120003,105.120003,104.769882,4503600,MAR
2017-06-08,104.559998,105.169998,102.400002,105.080002,104.730019,3320800,MAR
2017-06-09,104.980003,105.459999,101.860001,102.419998,102.078873,3629500,MAR
2017-06-12,101.790001,102.489998,100.769997,102.070000,101.730042,5035400,MAR
2017-06-13,102.550003,103.889999,102.250000,103.879997,103.534012,2978400,MAR
2017-06-14,104.379997,104.910004,102.860001,103.910004,103.563919,2316100,MAR
2017-06-15,103.349998,104.820000,102.540001,104.739998,104.391144,1559900,MAR
2017-06-16,104.410004,105.309998,103.970001,104.500000,104.151947,3960300,MAR
2017-06-19,105.010002,106.309998,104.639999,105.930000,105.577187,1636900,MAR
2017-06-20,105.430000,105.879997,104.160004,104.190002,103.842979,1641500,MAR
2017-06-21,104.320000,104.750000,103.669998,104.129997,103.783180,1441300,MAR
2017-06-22,104.089996,104.400002,103.389999,103.889999,103.543976,1516800,MAR
2017-06-23,103.809998,104.449997,103.320000,104.059998,103.713409,6252400,MAR
2017-06-26,104.070000,105.150002,103.510002,103.930000,103.583847,2114500,MAR
2017-06-27,103.529999,103.559998,100.889999,101.029999,100.693504,2719000,MAR
2017-06-28,101.000000,102.510002,100.470001,101.980003,101.640343,2059200,MAR
2017-06-29,102.160004,102.339996,99.080002,100.209999,99.876236,3052400,MAR
2017-06-30,101.180000,101.220001,100.279999,100.309998,99.975899,2837400,MAR
2017-07-03,100.610001,101.000000,99.919998,100.110001,99.776573,1230600,MAR
2017-07-05,100.300003,101.559998,100.050003,101.169998,100.833038,2290900,MAR
2017-07-06,100.449997,100.750000,99.379997,99.650002,99.318100,1975500,MAR
2017-07-07,99.699997,100.739998,99.430000,100.349998,100.015770,2469800,MAR
2017-07-10,100.230003,100.889999,99.559998,100.709999,100.374573,1523900,MAR
2017-07-11,100.330002,100.949997,99.830002,100.730003,100.394508,1793200,MAR
2017-07-12,101.650002,102.050003,100.680000,100.800003,100.464272,1776900,MAR
2017-07-13,101.000000,101.239998,100.459999,100.699997,100.364601,1396400,MAR
2017-07-14,100.809998,101.370003,100.169998,100.989998,100.653633,1323900,MAR
2017-07-17,100.889999,101.949997,100.610001,101.349998,101.012436,1232300,MAR
2017-07-18,100.980003,102.309998,100.639999,102.000000,101.660271,1367400,MAR
2017-07-19,101.879997,102.610001,101.449997,102.239998,101.899475,1056900,MAR
2017-07-20,102.190002,102.930000,101.910004,102.400002,102.058945,1622400,MAR
2017-07-21,102.050003,103.059998,102.019997,102.849998,102.507439,1363600,MAR
2017-07-24,103.029999,103.120003,102.610001,102.709999,102.367905,1506800,MAR
2017-07-25,103.150002,103.320000,102.639999,103.059998,102.716743,1526800,MAR
2017-07-26,103.389999,104.839996,102.470001,103.040001,102.696808,2606200,MAR
2017-07-27,103.480003,104.410004,102.980003,104.059998,103.713409,2066400,MAR
2017-07-28,103.639999,104.610001,103.269997,103.339996,102.995804,2005200,MAR
2017-07-31,103.750000,104.970001,103.570000,104.190002,103.842979,1262800,MAR
2017-08-01,104.800003,105.550003,104.610001,105.129997,104.779846,1299600,MAR
2017-08-02,104.379997,104.739998,102.050003,103.489998,103.145309,2182000,MAR
2017-08-03,103.620003,105.190002,103.449997,103.660004,103.314751,2250600,MAR
2017-08-04,104.070000,105.050003,103.650002,105.019997,104.670212,3068900,MAR
2017-08-07,107.000000,107.629997,105.699997,106.169998,105.816383,4861600,MAR
2017-08-08,100.949997,104.760002,100.529999,103.949997,103.603775,4618000,MAR
2017-08-09,103.099998,103.199997,101.209999,101.349998,101.012436,2779100,MAR
2017-08-10,100.959999,101.000000,99.199997,99.519997,99.188530,3912800,MAR
2017-08-11,99.500000,100.160004,98.860001,99.400002,99.068932,2154700,MAR
2017-08-14,100.190002,100.449997,99.669998,100.070000,99.736702,2578200,MAR
2017-08-15,100.320000,101.040001,99.930000,100.400002,100.065605,1603400,MAR
2017-08-16,100.599998,100.849998,99.690002,100.300003,99.965942,1906900,MAR
2017-08-17,100.180000,100.180000,97.800003,97.839996,97.514122,2579500,MAR
2017-08-18,97.800003,98.739998,96.900002,98.029999,97.703499,1581300,MAR
2017-08-21,98.160004,99.209999,97.989998,99.080002,98.750000,1494600,MAR
2017-08-22,99.209999,102.410004,98.860001,102.000000,102.000000,2592700,MAR
2017-08-23,101.150002,101.699997,100.269997,100.430000,100.430000,2749800,MAR
2017-08-24,100.559998,101.029999,99.580002,99.949997,99.949997,1365000,MAR
2017-08-25,100.790001,100.970001,100.150002,100.660004,100.660004,1346400,MAR
2017-08-28,100.989998,100.989998,100.239998,100.709999,100.709999,1389300,MAR
2017-08-29,99.910004,100.540001,99.580002,100.230003,100.230003,1286200,MAR
2017-08-30,100.760002,103.750000,100.559998,103.639999,103.639999,1954400,MAR
2017-08-31,103.709999,104.349998,102.809998,103.580002,103.580002,1837300,MAR
2017-09-01,104.019997,104.250000,103.419998,103.800003,103.800003,1258000,MAR
2017-09-05,103.669998,103.820000,101.110001,102.279999,102.279999,1856800,MAR
2017-09-06,102.680000,102.860001,101.220001,101.800003,101.800003,1263400,MAR
2017-09-07,102.129997,102.239998,101.209999,101.760002,101.760002,1661400,MAR
2017-09-08,101.730003,104.440002,101.610001,103.430000,103.430000,1875100,MAR
2017-09-11,103.820000,106.199997,103.820000,104.629997,104.629997,2974900,MAR
2017-09-12,104.660004,105.480003,104.290001,105.080002,105.080002,1269200,MAR
2017-09-13,105.000000,106.919998,104.709999,106.769997,106.769997,1821700,MAR
2017-09-14,106.339996,106.959999,105.650002,106.389999,106.389999,3517500,MAR
