Date,Open,High,Low,Close,Adj Close,Volume,NKE
2012-09-14,24.730000,24.775000,23.972500,24.160000,22.569332,22890400,NKE
2012-09-17,24.080000,24.514999,24.020000,24.492500,22.879942,9379200,NKE
2012-09-18,24.424999,24.562500,24.267500,24.430000,22.821562,13601200,NKE
2012-09-19,25.057501,25.125000,24.400000,24.415001,22.807547,18669600,NKE
2012-09-20,24.600000,24.600000,24.094999,24.180000,22.588017,12850400,NKE
2012-09-21,24.385000,24.385000,24.049999,24.129999,22.541306,13657600,NKE
2012-09-24,23.900000,24.087500,23.500000,23.830000,22.261059,11824800,NKE
2012-09-25,23.797501,24.087500,23.750000,23.770000,22.205011,15992400,NKE
2012-09-26,23.740000,24.052500,23.582500,23.872499,22.300758,11866000,NKE
2012-09-27,23.950001,24.160000,23.662500,24.000000,22.419865,19398000,NKE
2012-09-28,23.264999,24.045000,23.197500,23.727501,22.165306,27354400,NKE
2012-10-01,23.727501,24.049999,23.655001,23.887501,22.314774,11072800,NKE
2012-10-02,24.014999,24.049999,23.645000,23.737499,22.174652,11305600,NKE
2012-10-03,23.727501,23.885000,23.405001,23.450001,21.906076,14771200,NKE
2012-10-04,23.582500,23.990000,23.500000,23.972500,22.394180,13058400,NKE
2012-10-05,24.035000,24.132500,23.715000,23.805000,22.237701,9247200,NKE
2012-10-08,23.752501,23.947500,23.687500,23.747499,22.183989,5638000,NKE
2012-10-09,23.727501,23.922501,23.600000,23.620001,22.064888,9778800,NKE
2012-10-10,23.715000,23.865000,23.537500,23.555000,22.004169,7208800,NKE
2012-10-11,23.655001,23.867500,23.632500,23.725000,22.162971,7937600,NKE
2012-10-12,23.760000,23.865000,23.582500,23.605000,22.050875,6537200,NKE
2012-10-15,23.667500,23.955000,23.594999,23.902500,22.328787,7527600,NKE
2012-10-16,24.070000,24.402500,24.035000,24.309999,22.709457,10012000,NKE
2012-10-17,24.227501,24.500000,24.227501,24.392500,22.786524,7126000,NKE
2012-10-18,24.424999,24.517500,24.254999,24.392500,22.786524,7797600,NKE
2012-10-19,24.385000,24.525000,24.025000,24.112499,22.524961,9341200,NKE
2012-10-22,23.855000,24.087500,23.455000,23.620001,22.064888,8992800,NKE
2012-10-23,23.459999,23.562500,23.187500,23.205000,21.677210,9384400,NKE
2012-10-24,23.434999,23.452499,23.115000,23.222500,21.693558,9947600,NKE
2012-10-25,23.262501,23.375000,22.782499,22.827499,21.324564,10019600,NKE
2012-10-26,22.770000,22.837500,22.580000,22.787500,21.287197,12444000,NKE
2012-10-31,22.762501,22.947500,22.695000,22.844999,21.340908,9128800,NKE
2012-11-01,22.975000,23.900000,22.975000,23.837500,22.268066,14254800,NKE
2012-11-02,23.924999,24.184999,23.622499,23.635000,22.078897,7264400,NKE
2012-11-05,23.637501,23.870001,23.587500,23.815001,22.247049,5872800,NKE
2012-11-06,23.812500,24.032499,23.687500,24.032499,22.450222,7824800,NKE
2012-11-07,23.930000,23.969999,23.655001,23.662500,22.104588,7655200,NKE
2012-11-08,23.612499,23.650000,22.965000,22.965000,21.453016,10450400,NKE
2012-11-09,22.922501,23.250000,22.920000,23.077499,21.558104,7748800,NKE
2012-11-12,23.125000,23.299999,22.995001,23.072500,21.553429,5979200,NKE
2012-11-13,22.792500,23.165001,22.757500,22.867500,21.361929,7246000,NKE
2012-11-14,22.990000,22.990000,22.412500,22.650000,21.158751,13019200,NKE
2012-11-15,22.572500,22.805000,22.517500,22.707500,21.212461,7764400,NKE
2012-11-16,22.959999,23.187500,22.850000,23.147499,21.623495,11989200,NKE
2012-11-19,23.372499,24.084999,23.365000,24.080000,22.494600,10462400,NKE
2012-11-20,24.080000,24.129999,23.817499,23.902500,22.328787,9103200,NKE
2012-11-21,23.889999,23.957500,23.740000,23.900000,22.326450,7363600,NKE
2012-11-23,24.000000,24.190001,23.969999,24.187500,22.595020,3352400,NKE
2012-11-26,23.870001,24.420000,23.844999,24.415001,22.807547,12052800,NKE
2012-11-27,24.012501,24.500000,24.012501,24.252501,22.655741,8537200,NKE
2012-11-28,24.150000,24.790001,24.150000,24.782499,23.150846,8613600,NKE
2012-11-29,24.895000,25.082500,24.700001,24.742500,23.113483,9744000,NKE
2012-11-30,24.615000,24.629999,24.227501,24.370001,22.765509,12670000,NKE
2012-12-03,24.415001,24.727501,24.272499,24.389999,22.784184,8688000,NKE
2012-12-04,24.407499,24.594999,24.307501,24.417500,22.809877,7028400,NKE
2012-12-05,24.480000,24.520000,24.152500,24.420000,22.812214,6764400,NKE
2012-12-06,24.367500,24.670000,24.307501,24.605000,23.084291,9092000,NKE
2012-12-07,24.727501,24.747499,24.432501,24.647499,23.124163,7418000,NKE
2012-12-10,24.667500,24.827499,24.495001,24.520000,23.004541,7276800,NKE
2012-12-11,24.500000,24.875000,24.459999,24.852501,23.316496,9234400,NKE
2012-12-12,24.850000,25.000000,24.650000,24.799999,23.267242,10656000,NKE
2012-12-13,24.772499,24.892500,24.260000,24.332500,22.828636,7445200,NKE
2012-12-14,24.282499,24.472500,24.212500,24.227501,22.730125,8662000,NKE
2012-12-17,24.302500,24.522499,24.200001,24.497499,22.983435,8369600,NKE
2012-12-18,24.517500,24.745001,24.432501,24.730000,23.201565,7871600,NKE
2012-12-19,24.730000,24.799999,24.442499,24.445000,22.934181,7879200,NKE
2012-12-20,24.530001,24.762501,24.302500,24.750000,23.220329,12000000,NKE
2012-12-21,25.625000,26.370001,25.290001,26.275000,24.651079,27894800,NKE
2012-12-24,26.139999,26.557501,26.090000,26.400000,24.768351,11999200,NKE
2012-12-26,26.025000,26.250000,25.594999,25.665001,24.078779,8090400,NKE
2012-12-27,25.610001,25.969999,25.465000,25.879999,24.280489,7850400,NKE
2012-12-28,25.725000,25.860001,25.495001,25.495001,23.919285,6432400,NKE
2012-12-31,25.415001,25.820000,25.295000,25.799999,24.205435,6807400,NKE
2013-01-02,26.200001,26.240000,25.700001,25.920000,24.318016,7512800,NKE
2013-01-03,25.975000,26.299999,25.889999,26.184999,24.566639,7232200,NKE
2013-01-04,26.250000,26.520000,26.235001,26.440001,24.805880,6794000,NKE
2013-01-07,26.395000,26.540001,26.264999,26.480000,24.843407,6489400,NKE
2013-01-08,26.360001,26.469999,26.094999,26.200001,24.580715,6714200,NKE
2013-01-09,26.285000,26.370001,26.155001,26.225000,24.604168,5530400,NKE
2013-01-10,26.315001,26.440001,26.084999,26.275000,24.651079,7705600,NKE
2013-01-11,26.330000,26.709999,26.155001,26.549999,24.909081,9791000,NKE
2013-01-14,26.594999,26.740000,26.504999,26.594999,24.951302,5591800,NKE
2013-01-15,26.520000,26.875000,26.445000,26.820000,25.162395,6507200,NKE
2013-01-16,26.760000,27.000000,26.620001,26.865000,25.204613,5300200,NKE
2013-01-17,26.895000,26.985001,26.655001,26.740000,25.087336,4864800,NKE
2013-01-18,26.735001,26.785000,26.490000,26.645000,24.998211,6145400,NKE
2013-01-22,26.709999,26.754999,26.525000,26.740000,25.087336,6207600,NKE
2013-01-23,26.570000,26.680000,26.405001,26.545000,24.904392,6779200,NKE
2013-01-24,26.594999,26.940001,26.580000,26.930000,25.265596,6819800,NKE
2013-01-25,27.065001,27.785000,26.995001,27.775000,26.058369,12542800,NKE
2013-01-28,27.700001,27.760000,27.160000,27.250000,25.565817,8038200,NKE
2013-01-29,27.195000,27.230000,26.940001,26.959999,25.293741,7214800,NKE
2013-01-30,26.985001,27.080000,26.780001,26.805000,25.148319,6343000,NKE
2013-01-31,26.809999,27.139999,26.719999,27.025000,25.354721,9143800,NKE
2013-02-01,27.230000,27.360001,26.799999,26.850000,25.190544,6773400,NKE
2013-02-04,26.795000,27.129999,26.750000,26.830000,25.171776,5075800,NKE
2013-02-05,26.969999,27.155001,26.930000,26.945000,25.279667,4527200,NKE
2013-02-06,26.840000,27.184999,26.750000,27.080000,25.406322,5297000,NKE
2013-02-07,27.115000,27.360001,27.035000,27.340000,25.650259,5573000,NKE
2013-02-08,27.285000,27.594999,27.240000,27.295000,25.608036,5100800,NKE
2013-02-11,27.639999,27.950001,27.365000,27.610001,25.903570,8916600,NKE
2013-02-12,27.450001,27.605000,27.395000,27.545000,25.842585,3866600,NKE
2013-02-13,27.514999,27.684999,27.205000,27.280001,25.593962,6053800,NKE
2013-02-14,27.285000,27.495001,27.160000,27.309999,25.622110,6164200,NKE
2013-02-15,27.344999,27.570000,27.260000,27.475000,25.776915,7056200,NKE
2013-02-19,27.445000,27.580000,27.145000,27.235001,25.551744,8511200,NKE
2013-02-20,27.200001,27.330000,26.995001,27.010000,25.340651,7587200,NKE
2013-02-21,27.415001,27.520000,27.059999,27.270000,25.584585,9355800,NKE
2013-02-22,27.299999,27.440001,27.000000,27.235001,25.551744,5855000,NKE
2013-02-25,27.270000,27.495001,27.020000,27.020000,25.350039,8566000,NKE
2013-02-26,27.205000,27.370001,26.969999,27.135000,25.457922,6085200,NKE
2013-02-27,27.080000,27.260000,26.980000,27.170000,25.490763,6269200,NKE
2013-02-28,27.129999,27.360001,27.000000,27.230000,25.646160,6713600,NKE
2013-03-01,27.209999,27.415001,27.090000,27.410000,25.815695,8053400,NKE
2013-03-04,27.275000,27.450001,27.205000,27.365000,25.773315,5291800,NKE
2013-03-05,27.450001,27.500000,27.260000,27.450001,25.853371,8098000,NKE
2013-03-06,27.480000,27.805000,27.350000,27.650000,26.041735,5812000,NKE
2013-03-07,27.700001,27.825001,27.570000,27.610001,26.004063,5685200,NKE
2013-03-08,27.559999,27.615000,27.250000,27.344999,25.754475,8013000,NKE
2013-03-11,27.285000,27.320000,27.080000,27.264999,25.679129,6754800,NKE
2013-03-12,26.850000,27.084999,26.635000,26.745001,25.189373,12341600,NKE
2013-03-13,26.805000,27.495001,26.799999,27.424999,25.829821,8185400,NKE
2013-03-14,27.420000,27.450001,27.170000,27.344999,25.754475,6910800,NKE
2013-03-15,27.334999,27.424999,27.145000,27.389999,25.796856,8121000,NKE
2013-03-18,27.215000,27.330000,27.040001,27.080000,25.504889,5079400,NKE
2013-03-19,27.145000,27.219999,26.770000,26.915001,25.349489,6628400,NKE
2013-03-20,27.035000,27.440001,27.030001,27.415001,25.820406,7941800,NKE
2013-03-21,27.230000,27.360001,26.764999,26.799999,25.241180,15896200,NKE
2013-03-22,29.000000,30.125000,28.934999,29.764999,28.033714,38657400,NKE
2013-03-25,29.695000,29.990000,29.514999,29.780001,28.047844,13317400,NKE
2013-03-26,29.674999,29.815001,29.450001,29.735001,28.005459,8948600,NKE
2013-03-27,29.510000,29.650000,29.070000,29.225000,27.525124,10445000,NKE
2013-03-28,29.480000,29.655001,29.225000,29.504999,27.788841,7612400,NKE
2013-04-01,29.500000,29.594999,28.990000,29.129999,27.435650,6969800,NKE
2013-04-02,29.184999,29.695000,29.180000,29.450001,27.737040,9330600,NKE
2013-04-03,29.600000,29.764999,29.280001,29.455000,27.741751,7626600,NKE
2013-04-04,29.395000,29.750000,29.370001,29.670000,27.944241,4999400,NKE
2013-04-05,29.290001,29.520000,29.165001,29.485001,27.770004,6189800,NKE
2013-04-08,29.445000,29.975000,29.410000,29.975000,28.231503,8013200,NKE
2013-04-09,29.910000,30.065001,29.645000,29.945000,28.203239,6675000,NKE
2013-04-10,29.959999,30.275000,29.959999,30.145000,28.391615,5951000,NKE
2013-04-11,30.184999,30.690001,30.155001,30.600000,28.820148,8789400,NKE
2013-04-12,30.535000,30.615000,30.215000,30.290001,28.528181,5538800,NKE
2013-04-15,30.230000,30.465000,29.834999,29.834999,28.099640,6662600,NKE
2013-04-16,30.014999,30.264999,29.834999,30.250000,28.490505,5960600,NKE
2013-04-17,30.084999,30.655001,30.004999,30.450001,28.678877,10434800,NKE
2013-04-18,30.485001,30.600000,29.850000,30.090000,28.339811,6016400,NKE
2013-04-19,30.290001,30.520000,30.135000,30.459999,28.688290,6768400,NKE
2013-04-22,30.545000,30.745001,30.315001,30.680000,28.895493,5968600,NKE
2013-04-23,30.809999,30.965000,30.620001,30.840000,29.046188,6119600,NKE
2013-04-24,30.924999,31.000000,30.700001,30.764999,28.975554,4168000,NKE
2013-04-25,30.809999,31.245001,30.785000,31.035000,29.229847,4367600,NKE
2013-04-26,31.080000,31.235001,30.790001,30.945000,29.145081,4825600,NKE
2013-04-29,31.000000,31.405001,30.809999,31.315001,29.493563,5841600,NKE
2013-04-30,31.365000,31.885000,31.330000,31.799999,29.950348,10094800,NKE
2013-05-01,31.780001,32.145000,31.600000,31.680000,29.837328,7924400,NKE
2013-05-02,31.750000,31.785000,31.475000,31.660000,29.818491,5605400,NKE
2013-05-03,31.840000,32.480000,31.840000,32.275002,30.397724,6950800,NKE
2013-05-06,32.200001,32.275002,31.889999,31.980000,30.119883,4750200,NKE
2013-05-07,32.095001,32.185001,31.905001,31.955000,30.096334,6298000,NKE
2013-05-08,31.850000,32.055000,31.834999,31.950001,30.091625,6259000,NKE
2013-05-09,31.950001,32.264999,31.825001,31.870001,30.016277,4433800,NKE
2013-05-10,31.930000,32.395000,31.834999,32.380001,30.496614,6645600,NKE
2013-05-13,32.255001,32.400002,32.160000,32.325001,30.444815,3780600,NKE
2013-05-14,32.264999,32.990002,32.264999,32.955002,31.038168,8277200,NKE
2013-05-15,32.889999,33.000000,32.724998,32.915001,31.000498,5286200,NKE
2013-05-16,32.880001,33.035000,32.080002,32.220001,30.345924,7688600,NKE
2013-05-17,32.235001,32.720001,32.200001,32.660000,30.760324,6219200,NKE
2013-05-20,32.634998,32.750000,32.525002,32.665001,30.765039,5461800,NKE
2013-05-21,32.669998,32.724998,32.490002,32.615002,30.717947,6465400,NKE
2013-05-22,32.619999,32.785000,32.044998,32.224998,30.350630,8295200,NKE
2013-05-23,31.990000,32.075001,31.545000,31.665001,29.823204,8626400,NKE
2013-05-24,31.334999,31.434999,30.780001,31.395000,29.568907,7517400,NKE
2013-05-28,31.785000,32.055000,31.520000,31.639999,29.799654,7784000,NKE
2013-05-29,31.455000,31.584999,31.200001,31.465000,29.634832,5521200,NKE
2013-05-30,31.475000,31.650000,31.195000,31.205000,29.488361,5955200,NKE
2013-05-31,31.100000,31.570000,30.830000,30.830000,29.133987,7460400,NKE
2013-06-03,30.799999,31.540001,30.555000,31.514999,29.781309,10141200,NKE
2013-06-04,31.625000,31.785000,31.155001,31.389999,29.663183,6785400,NKE
2013-06-05,31.299999,31.469999,30.799999,30.875000,29.176514,6205400,NKE
2013-06-06,30.870001,31.090000,30.605000,31.080000,29.370241,4761400,NKE
2013-06-07,31.240000,31.545000,31.125000,31.375000,29.649008,5332000,NKE
2013-06-10,31.455000,31.740000,31.370001,31.520000,29.786030,5479000,NKE
2013-06-11,31.150000,31.469999,30.985001,31.075001,29.365513,5540400,NKE
2013-06-12,31.285000,31.285000,30.674999,30.705000,29.015865,5442600,NKE
2013-06-13,30.650000,30.959999,30.514999,30.879999,29.181240,7832600,NKE
2013-06-14,30.815001,31.200001,30.805000,30.945000,29.242662,5222400,NKE
2013-06-17,31.190001,31.360001,30.910000,30.969999,29.266291,7512800,NKE
2013-06-18,30.920000,31.125000,30.809999,31.075001,29.365513,9068800,NKE
2013-06-19,31.070000,31.170000,30.865000,30.875000,29.176514,9223600,NKE
2013-06-20,30.665001,30.815001,30.320000,30.389999,28.718197,9824200,NKE
2013-06-21,30.410000,30.690001,30.035000,30.285000,28.618969,10089200,NKE
2013-06-24,30.080000,30.254999,29.555000,29.975000,28.326025,9489400,NKE
2013-06-25,30.209999,30.495001,29.975000,30.195000,28.533922,10896400,NKE
2013-06-26,30.430000,31.059999,30.395000,30.924999,29.223761,11376800,NKE
2013-06-27,31.434999,31.625000,31.065001,31.160000,29.445835,12282800,NKE
2013-06-28,30.969999,32.035000,30.090000,31.840000,30.088430,26803800,NKE
2013-07-01,31.969999,32.294998,31.100000,31.165001,29.450560,14398800,NKE
2013-07-02,30.965000,31.540001,30.950001,31.309999,29.587582,7402400,NKE
2013-07-03,31.120001,31.469999,31.049999,31.430000,29.700985,3375600,NKE
2013-07-05,31.580000,31.915001,31.575001,31.820000,30.069529,5157800,NKE
2013-07-08,32.000000,32.330002,31.740000,31.860001,30.107328,6981600,NKE
2013-07-09,32.000000,32.139999,31.700001,31.965000,30.206554,6989200,NKE
2013-07-10,31.955000,31.955000,31.660000,31.799999,30.050629,5101800,NKE
2013-07-11,32.099998,32.220001,31.719999,31.860001,30.107328,7146000,NKE
2013-07-12,31.815001,31.915001,31.745001,31.834999,30.083706,4424000,NKE
2013-07-15,31.730000,31.825001,31.625000,31.674999,29.932505,5761800,NKE
2013-07-16,31.570000,31.735001,31.235001,31.350000,29.625383,6858200,NKE
2013-07-17,31.299999,31.834999,31.285000,31.665001,29.923056,6247600,NKE
2013-07-18,31.620001,31.889999,31.450001,31.660000,29.918333,4486800,NKE
2013-07-19,31.625000,31.795000,31.540001,31.674999,29.932505,5919400,NKE
2013-07-22,31.555000,31.785000,31.420000,31.645000,29.904156,5581600,NKE
2013-07-23,31.760000,31.790001,31.570000,31.594999,29.856909,4289600,NKE
2013-07-24,31.594999,31.715000,31.285000,31.315001,29.592308,4705400,NKE
2013-07-25,31.375000,31.445000,31.100000,31.245001,29.526163,8911400,NKE
2013-07-26,31.025000,31.299999,31.014999,31.264999,29.545057,5517800,NKE
2013-07-29,31.125000,31.395000,31.125000,31.355000,29.630110,5075600,NKE
2013-07-30,31.325001,31.549999,31.320000,31.424999,29.696257,6399600,NKE
2013-07-31,31.559999,31.750000,31.385000,31.459999,29.729330,8461800,NKE
2013-08-01,31.620001,33.055000,31.620001,32.985001,31.170443,15813200,NKE
2013-08-02,32.994999,33.305000,32.705002,33.150002,31.326361,7499800,NKE
2013-08-05,33.099998,33.270000,33.080002,33.200001,31.373617,4213000,NKE
2013-08-06,33.154999,33.424999,32.939999,33.270000,31.439770,6244000,NKE
2013-08-07,33.070000,33.119999,32.805000,32.814999,31.009790,5888800,NKE
2013-08-08,33.029999,33.224998,32.889999,33.025002,31.208241,5057400,NKE
2013-08-09,32.959999,33.369999,32.919998,33.154999,31.331091,5644800,NKE
2013-08-12,33.044998,33.299999,33.025002,33.255001,31.425596,4401800,NKE
2013-08-13,33.305000,33.375000,32.845001,32.904999,31.094845,4299400,NKE
2013-08-14,32.764999,32.830002,32.115002,32.174999,30.404999,5961800,NKE
2013-08-15,31.889999,32.000000,31.580000,31.745001,29.998657,6227000,NKE
2013-08-16,31.719999,32.154999,31.670000,31.825001,30.074253,5261200,NKE
2013-08-19,31.850000,32.555000,31.750000,32.355000,30.575098,7749600,NKE
2013-08-20,32.275002,32.855000,32.154999,32.314999,30.537298,7668400,NKE
2013-08-21,32.285000,32.494999,32.020000,32.064999,30.301052,4770400,NKE
2013-08-22,32.049999,32.584999,31.950001,32.430000,30.645967,5056000,NKE
2013-08-23,32.584999,32.610001,31.950001,32.105000,30.338848,8044600,NKE
2013-08-26,32.099998,32.264999,31.959999,31.959999,30.201828,5472400,NKE
2013-08-27,31.629999,31.870001,31.395000,31.405001,29.677361,4870800,NKE
2013-08-28,31.360001,31.850000,31.325001,31.684999,29.941956,6044000,NKE
2013-08-29,31.495001,31.930000,31.440001,31.740000,30.093657,4600000,NKE
2013-08-30,31.855000,31.895000,31.299999,31.410000,29.780769,5851000,NKE
2013-09-03,31.805000,32.450001,31.750000,32.145000,30.477648,8214000,NKE
2013-09-04,32.165001,32.740002,32.150002,32.564999,30.875858,7101400,NKE
2013-09-05,32.500000,32.790001,32.345001,32.689999,30.994373,5271600,NKE
2013-09-06,32.700001,32.775002,32.084999,32.490002,30.804756,4632600,NKE
2013-09-09,32.529999,32.794998,32.465000,32.700001,31.003866,4147800,NKE
2013-09-10,33.349998,33.490002,32.980000,33.410000,31.677036,13380000,NKE
2013-09-11,33.490002,33.910000,33.410000,33.794998,32.042065,9112400,NKE
2013-09-12,33.980000,34.450001,33.900002,34.040001,32.274361,8249800,NKE
2013-09-13,33.950001,34.070000,33.595001,33.955002,32.193768,6584600,NKE
2013-09-16,34.375000,34.410000,33.955002,34.095001,32.326511,5337600,NKE
2013-09-17,34.090000,34.334999,33.990002,34.160000,32.388138,7752400,NKE
2013-09-18,33.985001,34.924999,33.965000,34.740002,32.938053,8548000,NKE
2013-09-19,34.884998,35.279999,34.404999,34.750000,32.947529,14627600,NKE
2013-09-20,34.599998,34.750000,34.049999,34.685001,32.885899,37157000,NKE
2013-09-23,34.555000,34.775002,34.020000,34.490002,32.701019,11022000,NKE
2013-09-24,34.720001,34.860001,34.595001,34.715000,32.914352,7432800,NKE
2013-09-25,34.715000,34.764999,34.369999,34.459999,32.672569,7883200,NKE
2013-09-26,34.615002,35.244999,34.575001,35.169998,33.345745,13765000,NKE
2013-09-27,37.410000,37.625000,36.674999,36.820000,34.910152,31182000,NKE
2013-09-30,36.150002,36.584999,36.080002,36.320000,34.436085,14796400,NKE
2013-10-01,36.520000,36.625000,36.009998,36.209999,34.331799,10444400,NKE
2013-10-02,36.020000,36.130001,35.794998,35.945000,34.080544,8751600,NKE
2013-10-03,35.945000,36.250000,35.529999,35.820000,33.962029,7144600,NKE
2013-10-04,35.884998,36.174999,35.660000,36.070000,34.199070,7168200,NKE
2013-10-07,35.705002,35.985001,35.650002,35.669998,33.819809,5172800,NKE
2013-10-08,35.730000,36.314999,35.090000,35.139999,33.317295,7514200,NKE
2013-10-09,35.259998,35.735001,34.980000,35.445000,33.606468,9282200,NKE
2013-10-10,36.075001,36.724998,35.970001,36.720001,34.815338,11104800,NKE
2013-10-11,36.735001,36.865002,36.439999,36.730000,34.824825,10792200,NKE
2013-10-14,36.474998,37.084999,36.389999,37.029999,35.109261,6199800,NKE
2013-10-15,36.950001,37.185001,36.705002,36.855000,34.943344,7951200,NKE
2013-10-16,37.044998,37.310001,36.860001,37.259998,35.327328,8751600,NKE
2013-10-17,37.174999,37.325001,37.040001,37.270000,35.336815,9384400,NKE
2013-10-18,37.275002,37.994999,37.134998,37.965000,35.995773,9830800,NKE
2013-10-21,37.945000,38.185001,37.750000,38.044998,36.071609,9992600,NKE
2013-10-22,38.055000,38.244999,37.759998,37.980000,36.009983,6818800,NKE
2013-10-23,37.770000,37.970001,37.555000,37.779999,35.820366,4762000,NKE
2013-10-24,37.805000,37.889999,37.619999,37.755001,35.796661,5626400,NKE
2013-10-25,37.779999,38.180000,37.674999,37.849998,35.886734,6889000,NKE
2013-10-28,37.875000,37.990002,37.685001,37.755001,35.796661,6136800,NKE
2013-10-29,37.889999,38.090000,37.770000,37.955002,35.986294,4201000,NKE
2013-10-30,38.305000,38.445000,37.974998,38.064999,36.090580,6314200,NKE
2013-10-31,38.020000,38.134998,37.570000,37.880001,35.915180,8184400,NKE
2013-11-01,37.900002,38.215000,37.825001,38.029999,36.057396,4221600,NKE
2013-11-04,38.165001,38.270000,37.814999,38.185001,36.204357,3609200,NKE
2013-11-05,38.020000,38.660000,37.939999,38.599998,36.597832,6320400,NKE
2013-11-06,38.830002,38.830002,38.075001,38.380001,36.389244,3945400,NKE
2013-11-07,38.599998,38.650002,37.830002,37.849998,35.886734,6250800,NKE
2013-11-08,37.794998,38.570000,37.790001,38.560001,36.559914,5821600,NKE
2013-11-11,38.650002,38.680000,38.360001,38.580002,36.578865,3523200,NKE
2013-11-12,38.500000,38.630001,38.200001,38.435001,36.441391,4327400,NKE
2013-11-13,38.270000,38.945000,38.230000,38.924999,36.905975,4802200,NKE
2013-11-14,39.115002,39.404999,38.945000,39.320000,37.280483,4764200,NKE
2013-11-15,39.195000,39.639999,39.125000,39.610001,37.555447,5774000,NKE
2013-11-18,39.700001,39.700001,39.165001,39.290001,37.252045,5693200,NKE
2013-11-19,39.205002,39.314999,38.775002,38.904999,36.887012,6443200,NKE
2013-11-20,39.000000,39.299999,38.865002,38.919998,36.901234,5893000,NKE
2013-11-21,38.910000,39.110001,38.705002,39.044998,37.019749,4669400,NKE
2013-11-22,39.230000,39.490002,38.990002,39.435001,37.389515,7035600,NKE
2013-11-25,39.529999,39.805000,39.439999,39.564999,37.512783,4583400,NKE
2013-11-26,39.884998,39.935001,39.580002,39.799999,37.735588,7360400,NKE
2013-11-27,39.845001,39.915001,39.544998,39.665001,37.607594,3734200,NKE
2013-11-29,39.790001,39.880001,39.540001,39.570000,37.517521,3475200,NKE
2013-12-02,39.735001,40.070000,39.459999,39.544998,37.493816,6467800,NKE
2013-12-03,39.445000,39.744999,39.299999,39.564999,37.512783,5129200,NKE
2013-12-04,39.450001,39.590000,39.130001,39.410000,37.365822,4833200,NKE
2013-12-05,39.494999,39.669998,39.314999,39.474998,37.427444,5493400,NKE
2013-12-06,39.810001,39.945000,39.630001,39.930000,37.858845,3894000,NKE
2013-12-09,39.965000,40.130001,39.834999,39.889999,37.820919,4299200,NKE
2013-12-10,39.674999,39.830002,39.555000,39.610001,37.555447,5393800,NKE
2013-12-11,39.459999,39.509998,38.365002,38.419998,36.427158,13311600,NKE
2013-12-12,38.459999,38.459999,37.709999,38.115002,36.251225,10826000,NKE
2013-12-13,38.174999,38.395000,38.119999,38.200001,36.332062,7562200,NKE
2013-12-16,38.455002,38.549999,38.139999,38.220001,36.351082,9731000,NKE
2013-12-17,38.470001,38.625000,38.200001,38.380001,36.503258,13980600,NKE
2013-12-18,38.500000,39.290001,38.474998,39.275002,37.354500,10814400,NKE
2013-12-19,39.285000,39.375000,38.880001,39.130001,37.216591,10294600,NKE
2013-12-20,38.720001,38.849998,38.320000,38.669998,36.779072,20442600,NKE
2013-12-23,38.544998,38.720001,38.345001,38.555000,36.669701,9376800,NKE
2013-12-24,38.610001,38.900002,38.605000,38.830002,36.931252,2782600,NKE
2013-12-26,38.869999,39.230000,38.849998,39.095001,37.183292,4609800,NKE
2013-12-27,39.375000,39.505001,39.014999,39.080002,37.169033,4640800,NKE
2013-12-30,38.959999,39.445000,38.959999,39.369999,37.444843,4289000,NKE
2013-12-31,39.384998,39.474998,39.174999,39.320000,37.397285,4106200,NKE
2014-01-02,39.075001,39.415001,38.965000,39.119999,37.207073,5318600,NKE
2014-01-03,39.075001,39.314999,38.980000,39.014999,37.107212,5597000,NKE
2014-01-06,39.235001,39.299999,38.705002,38.715000,36.821877,6045800,NKE
2014-01-07,38.855000,39.000000,38.705002,38.744999,36.850410,6769000,NKE
2014-01-08,38.750000,38.974998,38.465000,38.544998,36.660179,6897800,NKE
2014-01-09,38.709999,38.730000,38.380001,38.544998,36.660179,6263200,NKE
2014-01-10,38.500000,38.674999,38.349998,38.459999,36.579350,5108000,NKE
2014-01-13,38.415001,38.459999,37.500000,37.590000,35.751884,8262400,NKE
2014-01-14,37.549999,37.669998,37.325001,37.584999,35.747128,7808400,NKE
2014-01-15,37.625000,37.865002,37.570000,37.715000,35.870770,5852400,NKE
2014-01-16,37.615002,37.689999,37.174999,37.395000,35.566429,4848000,NKE
2014-01-17,37.299999,37.369999,36.689999,36.695000,34.900654,9851800,NKE
2014-01-21,37.070000,37.299999,36.705002,36.875000,35.071846,13147000,NKE
2014-01-22,36.980000,37.029999,36.750000,36.750000,34.952957,7424000,NKE
2014-01-23,36.505001,36.590000,36.009998,36.365002,34.586788,9505200,NKE
2014-01-24,36.145000,36.330002,35.820000,35.825001,34.073196,9212000,NKE
2014-01-27,35.955002,36.130001,35.860001,35.950001,34.192081,11411600,NKE
2014-01-28,36.145000,36.575001,36.075001,36.355000,34.577282,9069200,NKE
2014-01-29,36.154999,36.285000,35.755001,35.884998,34.130260,10488800,NKE
2014-01-30,36.224998,37.099998,36.189999,36.970001,35.162209,10438400,NKE
2014-01-31,36.494999,36.654999,36.180000,36.424999,34.643856,8652000,NKE
2014-02-03,36.380001,36.395000,35.389999,35.439999,33.707024,9516000,NKE
2014-02-04,35.480000,35.619999,35.169998,35.255001,33.531071,7004200,NKE
2014-02-05,35.235001,35.430000,34.924999,35.299999,33.573856,7366800,NKE
2014-02-06,35.375000,36.134998,35.250000,35.755001,34.006622,7358600,NKE
2014-02-07,35.955002,36.424999,35.875000,36.345001,34.567768,6747200,NKE
2014-02-10,36.365002,36.494999,36.060001,36.334999,34.558254,6430400,NKE
2014-02-11,36.325001,37.075001,36.224998,36.990002,35.181232,8739400,NKE
2014-02-12,37.154999,37.404999,36.919998,37.055000,35.243053,6396200,NKE
2014-02-13,36.915001,37.480000,36.869999,37.435001,35.604469,6161400,NKE
2014-02-14,37.435001,37.590000,37.099998,37.535000,35.699577,6204800,NKE
2014-02-18,37.570000,37.735001,37.450001,37.605000,35.766159,5935600,NKE
2014-02-19,37.305000,37.775002,37.305000,37.410000,35.580692,5401400,NKE
2014-02-20,37.494999,37.875000,37.430000,37.790001,35.942108,5581600,NKE
2014-02-21,37.695000,38.330002,37.680000,38.240002,36.370106,8728600,NKE
2014-02-24,38.294998,39.070000,38.244999,38.919998,37.016857,11072200,NKE
2014-02-25,38.865002,39.259998,38.785000,39.055000,37.145248,6844000,NKE
2014-02-26,39.154999,39.529999,39.154999,39.209999,37.292671,7917400,NKE
2014-02-27,39.000000,39.195000,38.740002,39.009998,37.216354,6599200,NKE
2014-02-28,38.950001,39.355000,38.805000,39.150002,37.349918,6875200,NKE
2014-03-03,38.814999,38.994999,38.275002,38.695000,36.915833,6069200,NKE
2014-03-04,39.285000,39.525002,39.180000,39.310001,37.502556,5661200,NKE
2014-03-05,39.259998,39.299999,38.680000,38.709999,36.930145,6733200,NKE
2014-03-06,38.900002,39.195000,38.680000,39.110001,37.311752,5536400,NKE
2014-03-07,39.549999,40.044998,39.540001,39.730000,37.903248,8930800,NKE
2014-03-10,39.584999,39.680000,39.224998,39.490002,37.674282,5344400,NKE
2014-03-11,39.525002,39.810001,39.285000,39.400002,37.588413,4906600,NKE
2014-03-12,39.049999,39.500000,39.014999,39.485001,37.669518,4296800,NKE
2014-03-13,39.625000,39.865002,39.165001,39.264999,37.459625,8400400,NKE
2014-03-14,39.145000,39.500000,38.904999,39.160000,37.359451,6086000,NKE
2014-03-17,39.435001,39.570000,39.259998,39.490002,37.674282,8577600,NKE
2014-03-18,39.590000,40.040001,39.525002,39.820000,37.989101,8245400,NKE
2014-03-19,39.674999,39.980000,39.279999,39.575001,37.755379,5970400,NKE
2014-03-20,39.474998,39.634998,38.884998,39.634998,37.812611,12440600,NKE
2014-03-21,38.549999,38.654999,37.500000,37.605000,35.875954,31767000,NKE
2014-03-24,37.740002,37.915001,37.285000,37.430000,35.709000,9999000,NKE
2014-03-25,37.674999,37.755001,36.794998,36.825001,35.131821,10527000,NKE
2014-03-26,37.090000,37.250000,36.610001,36.610001,34.926708,8537600,NKE
2014-03-27,36.654999,37.049999,36.505001,36.660000,34.974400,8158600,NKE
2014-03-28,36.790001,37.060001,36.639999,36.770000,35.079346,5987000,NKE
2014-03-31,37.000000,37.095001,36.724998,36.930000,35.231991,6356600,NKE
2014-04-01,37.009998,37.389999,37.009998,37.195000,35.484806,7399400,NKE
2014-04-02,37.355000,37.500000,37.160000,37.270000,35.556351,7614600,NKE
2014-04-03,37.279999,37.590000,36.910000,36.994999,35.293999,8255000,NKE
2014-04-04,37.185001,37.250000,36.259998,36.419998,34.745434,9720200,NKE
2014-04-07,36.404999,36.470001,35.299999,35.415001,33.786648,13853800,NKE
2014-04-08,36.110001,36.555000,35.950001,36.459999,34.783596,12659600,NKE
2014-04-09,36.630001,36.799999,36.264999,36.779999,35.088886,7078400,NKE
2014-04-10,36.884998,37.084999,36.125000,36.224998,34.559402,8376600,NKE
2014-04-11,36.000000,36.334999,35.610001,35.625000,33.986992,8698000,NKE
2014-04-14,35.849998,36.230000,35.650002,36.189999,34.526009,7264800,NKE
2014-04-15,36.189999,36.435001,35.865002,36.139999,34.478306,7777400,NKE
2014-04-16,36.419998,36.590000,36.250000,36.549999,34.869457,4611200,NKE
2014-04-17,36.669998,37.215000,36.645000,37.014999,35.313080,9041600,NKE
2014-04-21,36.955002,37.029999,36.660000,36.950001,35.251068,6811800,NKE
2014-04-22,36.855000,37.349998,36.855000,37.174999,35.465717,5122200,NKE
2014-04-23,37.270000,37.430000,37.005001,37.049999,35.346474,4719400,NKE
2014-04-24,37.009998,37.185001,36.549999,36.695000,35.007797,6784600,NKE
2014-04-25,36.544998,36.849998,36.255001,36.349998,34.678654,6481200,NKE
2014-04-28,36.680000,36.845001,35.549999,35.834999,34.187332,11446800,NKE
2014-04-29,35.860001,36.360001,35.825001,36.240002,34.573711,6236000,NKE
2014-04-30,36.165001,36.529999,36.044998,36.474998,34.797913,6173800,NKE
2014-05-01,36.404999,36.689999,36.294998,36.459999,34.783596,4818200,NKE
2014-05-02,36.465000,36.764999,36.419998,36.494999,34.816990,4048000,NKE
2014-05-05,36.334999,36.715000,36.130001,36.645000,34.960091,4655600,NKE
2014-05-06,36.494999,36.584999,36.105000,36.125000,34.464001,4585200,NKE
2014-05-07,36.355000,36.415001,35.764999,36.090000,34.430611,5605400,NKE
2014-05-08,36.139999,36.674999,36.125000,36.525002,34.845608,7965200,NKE
2014-05-09,36.435001,36.790001,36.345001,36.724998,35.036407,4817000,NKE
2014-05-12,36.810001,37.330002,36.685001,37.314999,35.599285,6636400,NKE
2014-05-13,37.334999,37.500000,37.264999,37.294998,35.580208,4530200,NKE
2014-05-14,37.240002,37.325001,36.750000,36.790001,35.098423,6281200,NKE
2014-05-15,36.705002,36.810001,36.185001,36.470001,34.793140,6039800,NKE
2014-05-16,36.480000,36.974998,36.415001,36.970001,35.270149,5376800,NKE
2014-05-19,37.009998,37.275002,36.865002,37.244999,35.532501,4682200,NKE
2014-05-20,37.020000,37.049999,36.555000,36.630001,34.945786,5921400,NKE
2014-05-21,36.689999,37.130001,36.630001,37.105000,35.398933,4671800,NKE
2014-05-22,37.209999,37.465000,37.000000,37.439999,35.718544,4866400,NKE
2014-05-23,37.564999,38.160000,37.480000,37.924999,36.181244,7335200,NKE
2014-05-27,38.220001,38.424999,38.110001,38.305000,36.543766,6698000,NKE
2014-05-28,38.264999,38.305000,37.959999,38.134998,36.381573,4730000,NKE
2014-05-29,38.099998,38.320000,37.994999,38.189999,36.549057,3987600,NKE
2014-05-30,38.200001,38.465000,38.150002,38.455002,36.802677,5192400,NKE
2014-06-02,38.494999,38.494999,38.150002,38.360001,36.711761,3809600,NKE
2014-06-03,38.209999,38.305000,37.740002,37.775002,36.151894,6793400,NKE
2014-06-04,37.720001,38.180000,37.709999,38.064999,36.429436,7356800,NKE
2014-06-05,38.154999,38.270000,37.660000,37.935001,36.305019,7326400,NKE
2014-06-06,38.080002,38.435001,38.075001,38.115002,36.477287,6637600,NKE
2014-06-09,38.049999,38.455002,38.049999,38.334999,36.687832,5028600,NKE
2014-06-10,38.169998,38.459999,38.119999,38.154999,36.515564,5150200,NKE
2014-06-11,37.834999,37.900002,37.450001,37.570000,35.955700,9250000,NKE
2014-06-12,37.595001,37.720001,37.290001,37.384998,35.778645,6330600,NKE
2014-06-13,37.369999,37.465000,36.570000,37.310001,35.706871,7712200,NKE
2014-06-16,37.404999,37.650002,37.200001,37.275002,35.673382,6531400,NKE
2014-06-17,37.384998,37.580002,37.125000,37.544998,35.931770,6122200,NKE
2014-06-18,37.619999,38.180000,37.360001,38.105000,36.467720,9852200,NKE
2014-06-19,38.215000,38.224998,37.605000,37.820000,36.194950,4977600,NKE
2014-06-20,38.044998,38.064999,37.525002,37.549999,35.936558,11385600,NKE
2014-06-23,37.549999,37.805000,37.200001,37.724998,36.104031,9069200,NKE
2014-06-24,37.695000,37.985001,37.465000,37.490002,35.879139,7617000,NKE
2014-06-25,37.514999,38.270000,37.514999,38.235001,36.592129,7172200,NKE
2014-06-26,38.285000,38.455002,37.834999,38.430000,36.778755,10522600,NKE
2014-06-27,39.264999,39.575001,38.840000,38.840000,37.171127,18138400,NKE
2014-06-30,38.755001,38.865002,38.544998,38.775002,37.108929,8535800,NKE
2014-07-01,38.865002,39.270000,38.865002,39.000000,37.324261,7129200,NKE
2014-07-02,39.029999,39.205002,38.845001,38.895000,37.223782,5577200,NKE
2014-07-03,38.764999,39.310001,38.500000,39.224998,37.539589,4568600,NKE
2014-07-07,39.000000,39.415001,38.970001,39.325001,37.635296,5464800,NKE
2014-07-08,39.154999,39.205002,38.535000,38.834999,37.166348,8044400,NKE
2014-07-09,38.889999,39.384998,38.845001,39.345001,37.654430,7028800,NKE
2014-07-10,38.634998,38.904999,38.395000,38.750000,37.084999,6357000,NKE
2014-07-11,38.639999,38.794998,38.380001,38.645000,36.984509,5758000,NKE
2014-07-14,38.974998,39.095001,38.794998,38.974998,37.300331,5503400,NKE
2014-07-15,38.759998,39.105000,38.740002,39.014999,37.338615,6506000,NKE
2014-07-16,38.924999,39.115002,38.384998,38.459999,36.807453,7449600,NKE
2014-07-17,38.215000,38.485001,38.150002,38.264999,36.620842,7461600,NKE
2014-07-18,38.424999,38.855000,38.334999,38.759998,37.094570,6065200,NKE
2014-07-21,38.415001,38.650002,38.349998,38.410000,36.759609,4209400,NKE
2014-07-22,38.555000,38.820000,38.500000,38.520000,36.864887,5036000,NKE
2014-07-23,38.630001,38.724998,38.415001,38.685001,37.022797,4092200,NKE
2014-07-24,38.970001,39.384998,38.930000,39.299999,37.611366,8030200,NKE
2014-07-25,39.169998,39.389999,38.805000,38.860001,37.190277,4540400,NKE
2014-07-28,38.965000,39.299999,38.759998,39.200001,37.515671,4065200,NKE
2014-07-29,39.209999,39.430000,39.049999,39.049999,37.372112,4669600,NKE
2014-07-30,39.195000,39.970001,39.139999,39.805000,38.094669,9048200,NKE
2014-07-31,39.330002,39.509998,38.490002,38.564999,36.907940,7796800,NKE
2014-08-01,38.270000,38.625000,38.195000,38.389999,36.740467,5825800,NKE
2014-08-04,38.439999,38.705002,38.145000,38.580002,36.922306,4839400,NKE
2014-08-05,38.380001,38.820000,38.264999,38.459999,36.807453,4866200,NKE
2014-08-06,38.255001,38.619999,38.224998,38.570000,36.912735,5074400,NKE
2014-08-07,38.849998,38.865002,37.990002,38.174999,36.534706,6737400,NKE
2014-08-08,38.154999,38.549999,37.950001,38.529999,36.874451,6714800,NKE
2014-08-11,38.740002,38.750000,38.490002,38.529999,36.874451,7828600,NKE
2014-08-12,38.500000,38.720001,38.244999,38.365002,36.716545,9142000,NKE
2014-08-13,38.540001,38.895000,38.270000,38.625000,36.965382,6400400,NKE
2014-08-14,38.759998,38.904999,38.480000,38.650002,36.989292,3935000,NKE
2014-08-15,38.860001,39.000000,38.244999,38.564999,36.907940,4490000,NKE
2014-08-18,38.865002,39.345001,38.785000,39.275002,37.587444,5697400,NKE
2014-08-19,39.355000,39.544998,39.174999,39.255001,37.568298,4424000,NKE
2014-08-20,39.095001,39.540001,39.095001,39.455002,37.759716,3965800,NKE
2014-08-21,39.520000,39.700001,39.325001,39.470001,37.774063,4001800,NKE
2014-08-22,39.625000,39.865002,39.459999,39.645000,37.941551,5807400,NKE
2014-08-25,39.799999,40.150002,39.750000,40.005001,38.286087,5074400,NKE
2014-08-26,40.014999,40.049999,39.709999,39.740002,38.032467,5216400,NKE
2014-08-27,39.994999,39.994999,39.709999,39.860001,38.147305,3679400,NKE
2014-08-28,39.509998,39.610001,39.330002,39.410000,37.830532,5169200,NKE
2014-08-29,39.424999,39.470001,39.134998,39.275002,37.700943,6423000,NKE
2014-09-02,39.174999,39.759998,39.174999,39.639999,38.051308,8164200,NKE
2014-09-03,39.895000,39.939999,39.270000,39.410000,37.830532,4409600,NKE
2014-09-04,39.599998,40.110001,39.590000,39.959999,38.358486,6022800,NKE
2014-09-05,39.770000,41.055000,39.674999,41.020000,39.376011,12380600,NKE
2014-09-08,40.959999,41.395000,40.544998,41.200001,39.548798,11728200,NKE
2014-09-09,41.134998,41.270000,40.755001,40.919998,39.280014,8119000,NKE
2014-09-10,40.865002,41.305000,40.750000,41.235001,39.582394,6742400,NKE
2014-09-11,41.080002,41.294998,40.770000,40.910000,39.270416,7460400,NKE
2014-09-12,40.985001,41.000000,40.705002,40.919998,39.280014,5926200,NKE
2014-09-15,41.049999,41.090000,40.505001,40.805000,39.169621,6729000,NKE
2014-09-16,40.615002,40.770000,40.415001,40.599998,38.972836,9393200,NKE
2014-09-17,40.775002,40.915001,40.500000,40.755001,39.121632,7443200,NKE
2014-09-18,40.924999,41.000000,40.625000,40.985001,39.342407,6393400,NKE
2014-09-19,41.320000,41.369999,40.665001,40.904999,39.265610,19704400,NKE
2014-09-22,40.840000,40.935001,40.099998,40.355000,38.737663,8138400,NKE
2014-09-23,40.259998,40.290001,39.945000,40.060001,38.454483,6046800,NKE
2014-09-24,40.070000,40.435001,39.959999,40.419998,38.800056,6754000,NKE
2014-09-25,40.340000,40.340000,39.634998,39.875000,38.276897,14138400,NKE
2014-09-26,43.990002,44.994999,43.650002,44.750000,42.956509,35090400,NKE
2014-09-29,44.134998,45.049999,44.134998,44.560001,42.774136,14834400,NKE
2014-09-30,44.345001,45.145000,44.200001,44.599998,42.812527,11583400,NKE
2014-10-01,44.455002,44.500000,43.755001,43.849998,42.092590,9471600,NKE
2014-10-02,43.834999,44.755001,43.439999,44.650002,42.860523,8739200,NKE
2014-10-03,44.880001,45.224998,44.584999,45.145000,43.335686,8790000,NKE
2014-10-06,45.145000,45.250000,44.279999,44.610001,42.822124,7031200,NKE
2014-10-07,44.299999,44.595001,44.014999,44.035000,42.270180,5486400,NKE
2014-10-08,44.055000,44.580002,43.764999,44.415001,42.634941,7481200,NKE
2014-10-09,44.224998,44.494999,43.549999,43.615002,41.867004,7462200,NKE
2014-10-10,43.720001,44.099998,43.505001,43.595001,41.847805,9048200,NKE
2014-10-13,43.480000,43.560001,42.619999,42.695000,40.983875,8005200,NKE
2014-10-14,42.889999,42.955002,42.419998,42.544998,40.839886,9853400,NKE
2014-10-15,42.560001,43.549999,42.049999,42.590000,40.883076,17571600,NKE
2014-10-16,42.095001,43.625000,41.924999,43.520000,41.775810,13644000,NKE
2014-10-17,43.895000,44.174999,43.465000,43.590000,41.843010,11396800,NKE
2014-10-20,43.400002,44.465000,43.384998,44.450001,42.668537,6743400,NKE
2014-10-21,44.650002,45.349998,44.509998,45.320000,43.503674,6459600,NKE
2014-10-22,45.325001,45.764999,44.904999,44.930000,43.129307,7087800,NKE
2014-10-23,45.064999,45.660000,44.974998,45.185001,43.374084,6191800,NKE
2014-10-24,44.974998,45.494999,44.955002,45.450001,43.628464,4931000,NKE
2014-10-27,45.455002,45.889999,45.215000,45.820000,43.983631,5819400,NKE
2014-10-28,45.764999,46.224998,45.654999,46.224998,44.372402,6358400,NKE
2014-10-29,46.080002,46.270000,45.709999,45.974998,44.132420,4998600,NKE
2014-10-30,45.884998,46.500000,45.775002,46.500000,44.636383,4585200,NKE
2014-10-31,47.064999,47.070000,46.334999,46.485001,44.621975,6463600,NKE
2014-11-03,46.674999,46.740002,46.435001,46.724998,44.852360,4862800,NKE
2014-11-04,46.529999,47.009998,46.310001,46.974998,45.092342,4441400,NKE
2014-11-05,47.419998,47.419998,46.855000,47.340000,45.442711,6513800,NKE
2014-11-06,47.424999,47.544998,47.270000,47.299999,45.404316,5482000,NKE
2014-11-07,47.375000,47.375000,46.770000,46.889999,45.010754,4909800,NKE
2014-11-10,47.020000,47.535000,47.020000,47.480000,45.577103,5898200,NKE
2014-11-11,47.599998,47.650002,47.290001,47.439999,45.538708,4563200,NKE
2014-11-12,47.224998,47.959999,47.115002,47.904999,45.985069,5018400,NKE
2014-11-13,48.090000,48.275002,47.779999,48.060001,46.133854,5417400,NKE
2014-11-14,47.895000,47.939999,47.505001,47.750000,45.836277,6406800,NKE
2014-11-17,47.685001,48.095001,47.520000,48.029999,46.105061,5931000,NKE
2014-11-18,47.994999,48.424999,47.880001,48.235001,46.301849,4803400,NKE
2014-11-19,48.250000,48.549999,48.174999,48.474998,46.532215,4586000,NKE
2014-11-20,48.310001,48.849998,48.154999,48.650002,46.700211,4822400,NKE
2014-11-21,49.345001,49.480000,48.330002,48.709999,46.757805,7016400,NKE
2014-11-24,48.895000,49.250000,48.869999,48.974998,47.012184,5081600,NKE
2014-11-25,49.150002,49.250000,48.634998,48.645000,46.695415,6177200,NKE
2014-11-26,48.650002,48.939999,48.549999,48.900002,46.940193,3948800,NKE
2014-11-28,49.169998,49.880001,49.115002,49.645000,47.655331,3609400,NKE
2014-12-01,49.330002,49.695000,48.830002,48.845001,46.887394,5139200,NKE
2014-12-02,49.029999,49.360001,48.845001,49.020000,47.055386,4384000,NKE
2014-12-03,49.080002,49.299999,48.759998,49.250000,47.276161,3792000,NKE
2014-12-04,49.250000,49.695000,49.029999,49.525002,47.540150,4128200,NKE
2014-12-05,49.630001,49.750000,49.415001,49.665001,47.674534,3408200,NKE
2014-12-08,49.525002,49.525002,48.650002,48.860001,46.901794,5155200,NKE
2014-12-09,48.529999,48.700001,47.990002,48.514999,46.570625,5989000,NKE
2014-12-10,48.240002,49.119999,48.230000,48.830002,46.872997,6457800,NKE
2014-12-11,48.740002,49.299999,48.419998,48.465000,46.656395,8723600,NKE
2014-12-12,48.325001,48.945000,48.084999,48.084999,46.290577,8243800,NKE
2014-12-15,48.215000,48.465000,47.389999,47.715000,45.934383,10152600,NKE
2014-12-16,47.674999,47.709999,46.485001,46.605000,44.865807,14614400,NKE
2014-12-17,46.865002,47.380001,46.450001,47.250000,45.486740,11205200,NKE
2014-12-18,48.134998,48.540001,47.529999,48.540001,46.728592,18960800,NKE
2014-12-19,47.750000,48.139999,46.415001,47.419998,45.650394,27002000,NKE
2014-12-22,47.564999,47.965000,47.509998,47.965000,46.175053,7662200,NKE
2014-12-23,48.000000,48.255001,47.794998,47.985001,46.194302,5241800,NKE
2014-12-24,48.200001,48.674999,48.044998,48.145000,46.348339,2439600,NKE
2014-12-26,48.255001,48.605000,48.125000,48.415001,46.608261,3144400,NKE
2014-12-29,48.305000,48.825001,48.305000,48.650002,46.834488,4017800,NKE
2014-12-30,48.439999,48.650002,48.310001,48.439999,46.632320,4146800,NKE
2014-12-31,48.485001,48.805000,48.020000,48.075001,46.280949,2348700,NKE
2015-01-02,48.275002,48.474998,47.055000,47.514999,45.741844,2492900,NKE
2015-01-05,47.255001,47.275002,46.564999,46.750000,45.005394,3444600,NKE
2015-01-06,46.945000,47.075001,46.035000,46.474998,44.740658,3788000,NKE
2015-01-07,46.805000,47.650002,46.549999,47.435001,45.664837,3628000,NKE
2015-01-08,47.830002,48.549999,47.810001,48.529999,46.718967,2989100,NKE
2015-01-09,48.465000,48.494999,47.799999,47.994999,46.203930,2332700,NKE
2015-01-12,47.955002,48.259998,47.615002,47.930000,46.141361,2806500,NKE
2015-01-13,48.169998,48.724998,47.314999,47.505001,45.732216,3091100,NKE
2015-01-14,46.689999,47.185001,46.455002,46.855000,45.106483,3375200,NKE
2015-01-15,47.314999,47.340000,46.285000,46.404999,44.673264,2117500,NKE
2015-01-16,46.384998,46.564999,46.014999,46.494999,44.759907,4385000,NKE
2015-01-20,46.720001,46.945000,46.310001,46.805000,45.058350,4367000,NKE
2015-01-21,46.555000,47.064999,46.505001,46.755001,45.010208,2927000,NKE
2015-01-22,47.174999,48.055000,46.779999,47.924999,46.136547,3476200,NKE
2015-01-23,48.070000,48.375000,47.825001,48.080002,46.285763,3374700,NKE
2015-01-26,48.000000,48.235001,47.775002,48.174999,46.377213,2479000,NKE
2015-01-27,47.650002,47.724998,47.060001,47.250000,45.486740,3348400,NKE
2015-01-28,47.500000,47.660000,46.625000,46.654999,44.913937,3201300,NKE
2015-01-29,46.834999,47.435001,46.584999,47.435001,45.664837,3401200,NKE
2015-01-30,46.959999,47.180000,46.049999,46.125000,44.403725,4053200,NKE
2015-02-02,46.340000,46.345001,45.384998,45.959999,44.244877,4028300,NKE
2015-02-03,46.115002,46.695000,46.014999,46.674999,44.933189,3960900,NKE
2015-02-04,46.384998,46.634998,46.134998,46.270000,44.543316,3593700,NKE
2015-02-05,46.439999,46.794998,46.279999,46.669998,44.928371,2877200,NKE
2015-02-06,46.700001,46.735001,45.770000,45.895000,44.182301,3643100,NKE
2015-02-09,45.750000,45.849998,45.345001,45.584999,43.883869,3669700,NKE
2015-02-10,45.869999,46.549999,45.610001,46.375000,44.644390,3847300,NKE
2015-02-11,46.244999,46.375000,45.474998,45.654999,43.951260,4270500,NKE
2015-02-12,45.730000,46.330002,45.400002,46.000000,44.283386,5927900,NKE
2015-02-13,46.009998,46.285000,45.950001,46.020000,44.302643,3847800,NKE
2015-02-17,45.869999,46.450001,45.860001,45.930000,44.216000,3685500,NKE
2015-02-18,45.770000,46.884998,45.715000,46.810001,45.063164,3831600,NKE
2015-02-19,46.740002,47.130001,46.740002,46.849998,45.101662,3302600,NKE
2015-02-20,46.805000,47.645000,46.674999,47.465000,45.693714,3699000,NKE
2015-02-23,47.459999,47.615002,47.139999,47.505001,45.732216,2311100,NKE
2015-02-24,47.375000,47.770000,47.375000,47.709999,45.929569,2619600,NKE
2015-02-25,47.709999,48.599998,47.709999,48.410000,46.603451,3526800,NKE
2015-02-26,48.330002,48.665001,48.325001,48.494999,46.956871,2967500,NKE
2015-02-27,48.474998,48.705002,48.314999,48.560001,47.019810,3559300,NKE
2015-03-02,48.445000,49.430000,48.375000,49.375000,47.808964,5512500,NKE
2015-03-03,49.220001,49.235001,48.560001,48.985001,47.431328,3519200,NKE
2015-03-04,48.834999,48.935001,48.480000,48.759998,47.213463,2413800,NKE
2015-03-05,48.980000,49.340000,48.895000,49.230000,47.668552,3316800,NKE
2015-03-06,49.230000,49.345001,48.299999,48.455002,46.918137,3587300,NKE
2015-03-09,48.544998,48.910000,48.470001,48.715000,47.169895,2969400,NKE
2015-03-10,48.209999,48.485001,48.125000,48.255001,46.724480,3529300,NKE
2015-03-11,48.189999,48.540001,47.590000,47.669998,46.158035,3742100,NKE
2015-03-12,47.750000,48.549999,47.689999,48.520000,46.981075,2904900,NKE
2015-03-13,48.520000,48.740002,47.650002,47.904999,46.385582,3698100,NKE
2015-03-16,48.099998,48.400002,47.965000,48.220001,46.690582,4248500,NKE
2015-03-17,48.070000,48.389999,47.755001,48.270000,46.739006,3180300,NKE
2015-03-18,48.270000,48.935001,47.805000,48.755001,47.208622,4419900,NKE
2015-03-19,48.904999,49.310001,48.605000,49.160000,47.600777,6768000,NKE
2015-03-20,51.314999,51.895000,50.625000,50.990002,49.372738,14889900,NKE
2015-03-23,50.775002,51.299999,50.599998,50.730000,49.120987,4881900,NKE
2015-03-24,50.525002,50.830002,50.299999,50.325001,48.728828,3799400,NKE
2015-03-25,50.500000,50.590000,49.470001,49.494999,47.925148,4066700,NKE
2015-03-26,49.169998,50.044998,48.834999,49.665001,48.089760,4739900,NKE
2015-03-27,49.560001,50.090000,49.560001,49.939999,48.356037,2180900,NKE
2015-03-30,50.615002,50.775002,50.270000,50.445000,48.845016,2717700,NKE
2015-03-31,50.439999,50.919998,50.145000,50.165001,48.573898,3154600,NKE
2015-04-01,50.000000,50.139999,49.169998,49.775002,48.196274,3292900,NKE
2015-04-02,50.020000,50.160000,49.695000,49.830002,48.249527,1920200,NKE
2015-04-06,49.375000,50.314999,49.275002,49.865002,48.283417,2513700,NKE
2015-04-07,49.865002,50.130001,49.735001,49.805000,48.225319,1996800,NKE
2015-04-08,50.000000,50.485001,49.860001,50.419998,48.820812,3261200,NKE
2015-04-09,50.500000,50.845001,50.299999,50.360001,48.762722,2650500,NKE
2015-04-10,50.459999,50.540001,49.965000,49.985001,48.399612,2959100,NKE
2015-04-13,49.985001,50.029999,49.529999,49.634998,48.060711,3656900,NKE
2015-04-14,49.529999,49.904999,49.349998,49.764999,48.186584,2381900,NKE
2015-04-15,50.314999,50.365002,49.865002,49.915001,48.331833,5716200,NKE
2015-04-16,49.744999,50.084999,49.700001,49.950001,48.365719,2052000,NKE
2015-04-17,49.584999,49.685001,49.070000,49.275002,47.712132,3024800,NKE
2015-04-20,49.540001,50.169998,49.509998,49.994999,48.409294,3100500,NKE
2015-04-21,50.380001,50.424999,49.860001,50.145000,48.554535,5125200,NKE
2015-04-22,50.150002,50.195000,49.645000,50.075001,48.486759,1952900,NKE
2015-04-23,49.889999,50.799999,49.724998,50.555000,48.951527,2334100,NKE
2015-04-24,50.230000,50.639999,50.105000,50.474998,48.874077,2167000,NKE
2015-04-27,50.634998,51.000000,50.384998,50.470001,48.869232,2579200,NKE
2015-04-28,50.400002,50.400002,49.595001,49.930000,48.346359,3015800,NKE
2015-04-29,49.764999,50.244999,49.630001,50.084999,48.496437,2697600,NKE
2015-04-30,49.875000,50.255001,49.230000,49.419998,47.852531,3248500,NKE
2015-05-01,49.939999,50.410000,49.705002,50.389999,48.791767,3341700,NKE
2015-05-04,50.500000,50.599998,50.240002,50.415001,48.815971,2278900,NKE
2015-05-05,50.215000,50.435001,50.130001,50.209999,48.617481,2552200,NKE
2015-05-06,50.134998,50.500000,49.840000,50.110001,48.520649,2698300,NKE
2015-05-07,50.224998,50.794998,50.009998,50.724998,49.116135,2763100,NKE
2015-05-08,51.145000,51.650002,51.145000,51.220001,49.595444,2767400,NKE
2015-05-11,51.209999,51.610001,51.044998,51.395000,49.764885,2669900,NKE
2015-05-12,50.990002,51.345001,50.799999,51.185001,49.561550,2338200,NKE
2015-05-13,51.345001,51.365002,50.895000,51.080002,49.459885,2254100,NKE
2015-05-14,51.470001,51.755001,51.154999,51.720001,50.079582,2716700,NKE
2015-05-15,51.825001,52.514999,51.685001,52.490002,50.825157,3932600,NKE
2015-05-18,52.555000,52.750000,52.209999,52.375000,50.713806,2521400,NKE
2015-05-19,52.310001,52.590000,52.174999,52.320000,50.660545,2985600,NKE
2015-05-20,52.459999,52.575001,52.105000,52.305000,50.646023,2699600,NKE
2015-05-21,52.435001,52.599998,52.119999,52.200001,50.544361,2727600,NKE
2015-05-22,52.605000,52.610001,52.020000,52.215000,50.558880,2827400,NKE
2015-05-26,52.215000,52.375000,51.590000,51.709999,50.069901,2845700,NKE
2015-05-27,51.740002,51.959999,51.154999,51.419998,49.789093,4448400,NKE
2015-05-28,51.115002,51.474998,50.755001,51.150002,49.798832,2890800,NKE
2015-05-29,51.150002,51.189999,50.520000,50.834999,49.492153,2772600,NKE
2015-06-01,50.884998,51.145000,50.724998,50.880001,49.535965,4944000,NKE
2015-06-02,50.900002,51.345001,50.750000,51.055000,49.706345,2487200,NKE
2015-06-03,51.145000,51.544998,50.884998,51.255001,49.901062,2383400,NKE
2015-06-04,51.029999,51.650002,50.810001,50.974998,49.628452,2233600,NKE
2015-06-05,50.750000,51.125000,50.564999,51.014999,49.667397,1895900,NKE
2015-06-08,50.799999,50.945000,50.689999,50.720001,49.380192,2067700,NKE
2015-06-09,50.744999,50.965000,50.389999,50.674999,49.336372,1738400,NKE
2015-06-10,50.915001,52.014999,50.830002,51.669998,50.305099,3135200,NKE
2015-06-11,52.544998,52.560001,51.735001,51.939999,50.567966,3089000,NKE
2015-06-12,51.775002,52.049999,51.605000,51.889999,50.519283,2066500,NKE
2015-06-15,51.549999,51.924999,51.365002,51.674999,50.309963,2451000,NKE
2015-06-16,51.740002,52.490002,51.720001,52.279999,50.898979,2517000,NKE
2015-06-17,52.369999,52.584999,52.040001,52.375000,50.991470,2036200,NKE
2015-06-18,52.525002,53.334999,52.505001,53.000000,51.599968,2845300,NKE
2015-06-19,53.014999,53.424999,52.970001,53.264999,51.857964,3642800,NKE
2015-06-22,53.430000,53.724998,53.325001,53.395000,51.984535,2093300,NKE
2015-06-23,53.599998,53.630001,53.410000,53.599998,52.184113,2967100,NKE
2015-06-24,53.599998,53.685001,53.020000,53.110001,51.707062,2528100,NKE
2015-06-25,53.404999,53.404999,52.334999,52.610001,51.220261,5405700,NKE
2015-06-26,54.185001,55.169998,54.185001,54.855000,53.405964,10143800,NKE
2015-06-29,54.634998,54.744999,53.830002,53.834999,52.412907,4502500,NKE
2015-06-30,54.424999,54.439999,53.900002,54.009998,52.583275,3765600,NKE
2015-07-01,54.474998,54.715000,54.294998,54.715000,53.269665,2962000,NKE
2015-07-02,54.955002,55.365002,54.544998,54.935001,53.483856,2950000,NKE
2015-07-06,54.544998,55.255001,54.505001,54.919998,53.469250,2495700,NKE
2015-07-07,55.040001,55.665001,54.529999,55.645000,54.175095,3603500,NKE
2015-07-08,55.110001,55.375000,54.500000,54.634998,53.191776,3366800,NKE
2015-07-09,55.119999,55.459999,54.595001,54.720001,53.274529,3084200,NKE
2015-07-10,55.264999,55.400002,54.500000,55.259998,53.800262,2579600,NKE
2015-07-13,55.619999,56.275002,55.400002,56.205002,54.720306,2523800,NKE
2015-07-14,56.419998,56.529999,55.959999,56.169998,54.686230,2780700,NKE
2015-07-15,56.000000,56.195000,55.845001,55.950001,54.472042,2508200,NKE
2015-07-16,56.380001,56.450001,55.924999,56.169998,54.686230,2167300,NKE
2015-07-17,56.185001,56.490002,55.950001,56.400002,54.910152,2272700,NKE
2015-07-20,56.634998,56.775002,56.410000,56.564999,55.070786,2989100,NKE
2015-07-21,56.490002,56.785000,56.360001,56.494999,55.002636,2313200,NKE
2015-07-22,56.435001,57.110001,56.435001,57.044998,55.538105,2977100,NKE
2015-07-23,57.250000,57.349998,56.904999,57.000000,55.494301,3357100,NKE
2015-07-24,57.090000,57.090000,56.235001,56.494999,55.002636,2983600,NKE
2015-07-27,56.200001,56.459999,55.474998,55.865002,54.389286,3324000,NKE
2015-07-28,56.035000,56.955002,55.924999,56.735001,55.236298,3474100,NKE
2015-07-29,56.790001,57.669998,56.750000,57.459999,55.942146,3419900,NKE
2015-07-30,57.474998,57.700001,56.970001,57.505001,55.985966,2797000,NKE
2015-07-31,57.750000,57.970001,57.415001,57.610001,56.088184,2539300,NKE
2015-08-03,57.755001,58.000000,56.794998,57.415001,55.898338,2496000,NKE
2015-08-04,57.474998,57.965000,57.165001,57.884998,56.355927,2614500,NKE
2015-08-05,58.305000,58.860001,58.174999,58.375000,56.832977,3426500,NKE
2015-08-06,58.500000,58.750000,57.185001,57.560001,56.039509,3105700,NKE
2015-08-07,57.360001,57.480000,56.549999,57.255001,55.742565,2953900,NKE
2015-08-10,57.695000,58.084999,57.424999,57.680000,56.156342,2306600,NKE
2015-08-11,57.070000,57.494999,56.814999,57.230000,55.718220,2540700,NKE
2015-08-12,56.770000,56.875000,55.325001,56.529999,55.036713,7127000,NKE
2015-08-13,56.634998,57.264999,56.474998,56.799999,55.299583,2953900,NKE
2015-08-14,56.794998,57.285000,56.555000,57.180000,55.669544,2342600,NKE
2015-08-17,57.060001,57.564999,56.544998,57.490002,55.971363,1958700,NKE
2015-08-18,57.560001,57.840000,57.294998,57.410000,55.893471,1834700,NKE
2015-08-19,57.000000,58.025002,56.775002,57.480000,55.961620,3108200,NKE
2015-08-20,56.855000,57.224998,56.119999,56.150002,54.666756,3268400,NKE
2015-08-21,55.735001,55.830002,53.419998,53.435001,52.023472,7956400,NKE
2015-08-24,50.130001,53.689999,47.250000,51.935001,50.563099,9941300,NKE
2015-08-25,53.639999,53.654999,51.740002,51.764999,50.397587,6808100,NKE
2015-08-26,53.250000,54.505001,51.990002,54.380001,52.943512,7578000,NKE
2015-08-27,55.185001,56.345001,54.814999,56.310001,54.822529,6808700,NKE
2015-08-28,56.299999,56.500000,55.820000,56.250000,54.764118,3763100,NKE
2015-08-31,56.195000,56.244999,55.615002,55.875000,54.399014,3525500,NKE
2015-09-01,54.490002,54.915001,54.014999,54.314999,52.880230,9385200,NKE
2015-09-02,55.075001,55.389999,54.599998,55.349998,53.887882,8536400,NKE
2015-09-03,55.615002,56.044998,55.205002,55.424999,54.097744,3032500,NKE
2015-09-04,54.610001,55.215000,54.470001,54.845001,53.531628,3563100,NKE
2015-09-08,55.730000,55.935001,55.110001,55.875000,54.536964,2755700,NKE
2015-09-09,56.355000,56.494999,54.805000,54.930000,53.614597,3144400,NKE
2015-09-10,54.830002,55.520000,54.470001,55.189999,53.868362,7363000,NKE
2015-09-11,55.115002,55.919998,54.994999,55.910000,54.571121,5589600,NKE
2015-09-14,55.755001,56.029999,55.570000,55.945000,54.605286,6833200,NKE
2015-09-15,55.950001,57.040001,55.400002,56.919998,55.556934,3843100,NKE
2015-09-16,57.165001,57.955002,56.919998,57.790001,56.406105,4052200,NKE
2015-09-17,57.619999,58.395000,57.279999,57.634998,56.254814,4031300,NKE
2015-09-18,57.075001,57.814999,56.880001,57.525002,56.147457,9240500,NKE
2015-09-21,57.834999,58.544998,57.380001,58.279999,56.884373,4373300,NKE
2015-09-22,57.625000,58.080002,57.189999,57.985001,56.596439,3777700,NKE
2015-09-23,57.985001,58.299999,57.599998,57.715000,56.332901,4527900,NKE
2015-09-24,57.150002,57.575001,56.750000,57.395000,56.020561,7176300,NKE
2015-09-25,61.564999,62.974998,61.349998,62.500000,61.003315,18484100,NKE
2015-09-28,62.250000,62.380001,60.424999,61.070000,59.607552,8225400,NKE
2015-09-29,61.000000,61.044998,59.525002,59.834999,58.402130,7207200,NKE
2015-09-30,60.369999,61.560001,60.369999,61.485001,60.012619,4693200,NKE
2015-10-01,61.580002,61.970001,60.639999,61.915001,60.432323,8994200,NKE
2015-10-02,61.044998,62.605000,60.779999,62.605000,61.105793,9114400,NKE
2015-10-05,62.919998,63.244999,62.044998,62.134998,60.647053,9646400,NKE
2015-10-06,62.134998,62.400002,61.294998,61.595001,60.119991,7665400,NKE
2015-10-07,61.805000,62.224998,60.500000,61.049999,59.588039,10215400,NKE
2015-10-08,61.459999,62.619999,61.334999,62.455002,60.959389,7622600,NKE
2015-10-09,62.279999,62.669998,62.044998,62.470001,60.974033,6940600,NKE
2015-10-12,62.599998,63.549999,62.509998,63.215000,61.701191,5449000,NKE
2015-10-13,63.000000,63.270000,62.794998,62.904999,61.398617,6355400,NKE
2015-10-14,62.994999,63.305000,62.695000,62.919998,61.413258,6509000,NKE
2015-10-15,63.610001,64.584999,63.480000,64.394997,62.852932,10764800,NKE
2015-10-16,64.750000,65.294998,64.434998,65.235001,63.672813,9321600,NKE
2015-10-19,65.855003,66.760002,65.555000,66.605003,65.010017,12587800,NKE
2015-10-20,66.525002,66.680000,65.985001,66.184998,64.600067,8869400,NKE
2015-10-21,66.324997,66.610001,65.915001,66.235001,64.648872,5504000,NKE
2015-10-22,66.434998,66.724998,65.290001,66.205002,64.619598,4647400,NKE
2015-10-23,66.535004,66.599998,64.455002,65.264999,63.702099,5258900,NKE
2015-10-26,65.135002,66.114998,65.135002,65.690002,64.116928,3441400,NKE
2015-10-27,65.500000,65.620003,64.830002,65.410004,63.843639,3075000,NKE
2015-10-28,65.860001,66.025002,64.964996,65.644997,64.072998,3545700,NKE
2015-10-29,65.339996,65.735001,64.980003,65.559998,63.990036,2460800,NKE
2015-10-30,65.775002,65.809998,65.035004,65.514999,63.946110,7230800,NKE
2015-11-02,65.864998,66.000000,64.730003,65.595001,64.024193,6123200,NKE
2015-11-03,65.620003,65.849998,65.339996,65.699997,64.126678,2746000,NKE
2015-11-04,65.695000,65.934998,64.940002,65.180000,63.619137,2581700,NKE
2015-11-05,65.589996,66.220001,65.230003,65.930000,64.351173,5068200,NKE
2015-11-06,65.800003,66.470001,65.680000,65.889999,64.312134,4837600,NKE
2015-11-09,65.625000,65.709999,64.635002,65.239998,63.677692,6181200,NKE
2015-11-10,65.044998,65.345001,64.764999,65.000000,63.443447,5287400,NKE
2015-11-11,65.139999,65.294998,63.639999,63.709999,62.184334,8578000,NKE
2015-11-12,63.500000,64.000000,62.705002,62.990002,61.481579,9388000,NKE
2015-11-13,62.540001,62.610001,60.575001,60.930000,59.470913,16371000,NKE
2015-11-16,60.900002,61.740002,60.669998,61.730000,60.251755,9146400,NKE
2015-11-17,61.525002,61.799999,60.209999,61.290001,59.822296,10581600,NKE
2015-11-18,61.520000,63.014999,61.330002,62.889999,61.383976,10597800,NKE
2015-11-19,63.130001,63.494999,62.689999,62.889999,61.383976,8557600,NKE
2015-11-20,66.035004,66.400002,65.239998,66.324997,64.736717,19064800,NKE
2015-11-23,66.410004,66.500000,65.889999,66.230003,64.643997,7135600,NKE
2015-11-24,65.815002,66.489998,65.629997,66.254997,64.668388,5311600,NKE
2015-11-25,66.540001,67.275002,66.514999,67.065002,65.459007,6989000,NKE
2015-11-27,67.459999,67.650002,66.665001,67.165001,65.556602,4527800,NKE
2015-11-30,66.964996,67.095001,65.820000,66.139999,64.556145,8738800,NKE
2015-12-01,66.059998,66.709999,65.959999,66.654999,65.058815,6857000,NKE
2015-12-02,66.425003,66.610001,66.050003,66.324997,64.736717,7965600,NKE
2015-12-03,66.555000,66.680000,64.500000,64.559998,63.013981,10649800,NKE
2015-12-04,64.900002,66.459999,64.900002,66.165001,64.580551,7410400,NKE
2015-12-07,66.375000,66.449997,65.305000,65.800003,64.379974,6190000,NKE
2015-12-08,65.434998,66.370003,65.214996,65.849998,64.428894,5605800,NKE
2015-12-09,65.379997,65.769997,63.869999,64.419998,63.029751,7442800,NKE
2015-12-10,64.360001,64.820000,64.004997,64.320000,62.931919,5647800,NKE
2015-12-11,63.810001,63.869999,62.834999,63.145000,61.782272,4138000,NKE
2015-12-14,63.314999,64.165001,63.060001,63.930000,62.550327,3968300,NKE
2015-12-15,64.800003,65.000000,64.175003,64.305000,62.917240,6869600,NKE
2015-12-16,64.684998,65.599998,64.410004,65.464996,64.052200,7542200,NKE
2015-12-17,65.849998,65.925003,65.035004,65.110001,63.704865,7400800,NKE
2015-12-18,64.864998,65.264999,64.184998,64.260002,62.873215,6902300,NKE
2015-12-21,64.839996,65.154999,64.305000,64.900002,63.499401,4486300,NKE
2015-12-22,65.739998,65.925003,64.910004,65.925003,64.502274,7163700,NKE
2015-12-23,68.120003,68.195000,63.910000,64.355003,62.966160,28659700,NKE
2015-12-24,64.550003,64.730003,62.150002,63.180000,61.816517,13890800,NKE
2015-12-28,63.209999,63.880001,62.799999,63.810001,62.432919,8704400,NKE
2015-12-29,64.309998,64.480003,64.019997,64.260002,62.873215,6708600,NKE
2015-12-30,64.360001,64.400002,63.169998,63.250000,61.885010,5817900,NKE
2015-12-31,63.150002,63.169998,62.500000,62.500000,61.151192,6454700,NKE
2016-01-04,61.110001,61.910000,60.860001,61.520000,60.192345,11626800,NKE
2016-01-05,61.720001,62.590000,61.720001,62.380001,61.033783,9220600,NKE
2016-01-06,61.299999,62.040001,61.150002,61.490002,60.162991,6551600,NKE
2016-01-07,60.389999,61.259998,59.779999,59.849998,58.558380,10881300,NKE
2016-01-08,60.060001,60.790001,58.660000,58.869999,57.599533,11191300,NKE
2016-01-11,58.970001,60.040001,58.540001,59.549999,58.264854,12815400,NKE
2016-01-12,60.349998,60.820000,59.570000,59.939999,58.646435,8292200,NKE
2016-01-13,60.529999,60.529999,58.669998,58.779999,57.511475,9944300,NKE
2016-01-14,59.000000,59.349998,57.279999,58.509998,57.247303,9989000,NKE
2016-01-15,56.930000,58.139999,56.590000,57.560001,56.317802,12208300,NKE
2016-01-19,58.189999,59.070000,57.669998,58.320000,57.061401,9924300,NKE
2016-01-20,57.250000,59.590000,56.750000,59.040001,57.765865,16234200,NKE
2016-01-21,59.080002,61.160000,59.060001,60.560001,59.253063,16121600,NKE
2016-01-22,61.290001,61.470001,60.590000,60.880001,59.566158,8430100,NKE
2016-01-25,61.090000,61.299999,60.619999,60.700001,59.390034,10383400,NKE
2016-01-26,60.490002,61.369999,60.270000,61.110001,59.791191,7999000,NKE
2016-01-27,60.959999,61.099998,59.200001,59.580002,58.294216,8593700,NKE
2016-01-28,60.320000,61.599998,59.980000,61.200001,59.879250,10207000,NKE
2016-01-29,61.200001,62.160000,61.200001,62.009998,60.671761,10475200,NKE
2016-02-01,61.750000,63.470001,61.700001,63.160000,61.796944,8247800,NKE
2016-02-02,63.020000,63.500000,62.310001,62.549999,61.200111,9458500,NKE
2016-02-03,62.880001,62.900002,61.299999,62.490002,61.141411,7213500,NKE
2016-02-04,62.020000,62.160000,59.990002,60.169998,58.871479,10352200,NKE
2016-02-05,59.759998,59.840000,56.980000,57.169998,55.936214,14415900,NKE
2016-02-08,56.099998,56.209999,53.639999,55.040001,53.852188,21214500,NKE
2016-02-09,54.500000,56.619999,54.279999,55.680000,54.478374,10716900,NKE
2016-02-10,56.540001,58.180000,55.930000,57.410000,56.171036,13376800,NKE
2016-02-11,56.459999,56.910000,55.389999,56.000000,54.791470,13090900,NKE
2016-02-12,57.369999,57.450001,55.500000,56.419998,55.202404,10229500,NKE
2016-02-16,57.570000,58.000000,56.820000,57.790001,56.542835,8058000,NKE
2016-02-17,58.599998,58.599998,57.099998,58.169998,56.914635,10332700,NKE
2016-02-18,58.169998,58.959999,57.980000,58.599998,57.335354,9658600,NKE
2016-02-19,58.500000,59.310001,57.630001,59.310001,58.030041,10080100,NKE
2016-02-22,59.310001,60.480000,59.259998,60.169998,58.871479,11523400,NKE
2016-02-23,60.259998,60.740002,59.889999,60.209999,58.910610,7504600,NKE
2016-02-24,59.740002,60.700001,59.200001,60.400002,59.096516,10390800,NKE
2016-02-25,60.680000,62.380001,60.630001,62.380001,61.033783,8296000,NKE
2016-02-26,62.639999,63.490002,62.470001,62.599998,61.249035,8896100,NKE
2016-02-29,62.459999,62.680000,61.580002,61.590000,60.260830,7720600,NKE
2016-03-01,61.970001,63.099998,61.750000,62.919998,61.562126,7438300,NKE
2016-03-02,62.520000,62.889999,61.500000,62.220001,60.877235,8465800,NKE
2016-03-03,62.049999,62.200001,60.919998,61.470001,60.298477,7875100,NKE
2016-03-04,61.419998,61.540001,60.380001,61.259998,60.092484,7279400,NKE
2016-03-07,61.070000,61.139999,58.790001,59.250000,58.120789,12829600,NKE
2016-03-08,59.029999,60.599998,58.709999,59.810001,58.670116,9307900,NKE
2016-03-09,59.580002,59.619999,57.950001,58.330002,57.218327,12766900,NKE
2016-03-10,58.700001,59.040001,57.970001,58.880001,57.757843,9345000,NKE
2016-03-11,59.130001,60.439999,59.130001,60.080002,58.934971,8834400,NKE
2016-03-14,60.189999,61.330002,60.099998,60.810001,59.651058,7090500,NKE
2016-03-15,60.500000,61.750000,60.360001,61.400002,60.229813,6188800,NKE
2016-03-16,61.470001,62.230000,61.290001,61.860001,60.681046,7018300,NKE
2016-03-17,61.759998,63.380001,61.740002,63.180000,61.975891,9926800,NKE
2016-03-18,63.549999,63.980000,62.849998,62.990002,61.789509,13192900,NKE
2016-03-21,63.549999,65.290001,63.400002,64.720001,63.486542,13635400,NKE
2016-03-22,64.830002,65.440002,64.169998,64.900002,63.663113,18212900,NKE
2016-03-23,61.330002,63.450001,61.150002,62.439999,61.249992,26987000,NKE
2016-03-24,62.060001,62.139999,61.119999,61.650002,60.475052,12231300,NKE
2016-03-28,61.580002,61.980000,61.250000,61.340000,60.170956,7899000,NKE
2016-03-29,61.259998,61.900002,61.250000,61.490002,60.318100,7404100,NKE
2016-03-30,61.770000,62.410000,61.770000,62.040001,60.857616,7859300,NKE
2016-03-31,61.990002,62.639999,61.310001,61.470001,60.298477,8257800,NKE
2016-04-01,61.220001,61.820000,61.150002,61.590000,60.416187,7555300,NKE
2016-04-04,61.730000,61.849998,59.419998,59.970001,58.827068,16523400,NKE
2016-04-05,59.619999,60.169998,59.439999,59.669998,58.532780,7554000,NKE
2016-04-06,59.599998,60.680000,59.189999,60.310001,59.160587,10194900,NKE
2016-04-07,59.790001,60.580002,59.709999,60.299999,59.150776,7092900,NKE
2016-04-08,60.490002,60.560001,59.320000,59.419998,58.287548,8761700,NKE
2016-04-11,59.730000,59.779999,57.820000,57.919998,56.816135,12593400,NKE
2016-04-12,58.000000,58.619999,56.889999,58.549999,57.434132,12408900,NKE
2016-04-13,59.020000,59.950001,58.830002,59.580002,58.444500,10629100,NKE
2016-04-14,59.709999,60.340000,59.439999,59.490002,58.356220,7756900,NKE
2016-04-15,59.020000,59.590000,58.389999,59.500000,58.366028,7653600,NKE
2016-04-18,59.380001,60.000000,59.380001,59.570000,58.434692,6059600,NKE
2016-04-19,59.959999,59.990002,59.330002,59.560001,58.424881,6594400,NKE
2016-04-20,59.430000,60.240002,59.430000,59.619999,58.483738,7177500,NKE
2016-04-21,60.529999,60.529999,59.709999,60.080002,58.934971,7156700,NKE
2016-04-22,60.180000,60.220001,58.970001,59.430000,58.297359,8294300,NKE
2016-04-25,59.340000,59.419998,58.759998,59.209999,58.081551,6117700,NKE
2016-04-26,59.310001,59.970001,59.270000,59.540001,58.405262,5582200,NKE
2016-04-27,59.630001,59.730000,58.630001,59.270000,58.140411,8094600,NKE
2016-04-28,58.950001,59.889999,58.419998,58.540001,57.424320,6028600,NKE
2016-04-29,58.410000,59.090000,58.099998,58.939999,57.816696,8178700,NKE
2016-05-02,59.090000,59.750000,58.990002,59.590000,58.454304,8647800,NKE
2016-05-03,59.240002,59.849998,59.029999,59.520000,58.385643,8061300,NKE
2016-05-04,59.230000,59.959999,58.820000,59.110001,57.983459,8062800,NKE
2016-05-05,58.939999,58.980000,58.000000,58.189999,57.080986,7846000,NKE
2016-05-06,58.160000,58.439999,57.380001,58.430000,57.316418,7308000,NKE
2016-05-09,58.590000,59.189999,58.450001,58.720001,57.600895,5604900,NKE
2016-05-10,58.610001,59.990002,58.610001,59.200001,58.071739,7544700,NKE
2016-05-11,58.500000,58.680000,56.849998,57.009998,55.923473,12823000,NKE
2016-05-12,57.520000,58.340000,57.310001,57.990002,56.884804,8083700,NKE
2016-05-13,57.740002,58.119999,57.279999,57.310001,56.217766,7392600,NKE
2016-05-16,57.270000,57.529999,56.630001,57.139999,56.050999,8045900,NKE
2016-05-17,57.150002,57.380001,56.650002,57.099998,56.011765,7620700,NKE
2016-05-18,56.759998,56.869999,55.669998,56.119999,55.050442,11532800,NKE
2016-05-19,55.820000,57.299999,55.669998,57.040001,55.952911,9376500,NKE
2016-05-20,55.880001,57.060001,55.410000,56.480000,55.403584,13745300,NKE
2016-05-23,56.599998,56.970001,55.950001,55.990002,54.922920,7742800,NKE
2016-05-24,56.049999,56.770000,55.860001,56.590000,55.511482,11098700,NKE
2016-05-25,56.470001,56.689999,55.770000,55.990002,54.922920,9921500,NKE
2016-05-26,56.049999,56.360001,55.599998,55.840000,54.775776,9004600,NKE
2016-05-27,56.169998,56.529999,55.980000,56.189999,55.119110,8525900,NKE
2016-05-31,56.410000,56.470001,55.169998,55.220001,54.167595,14233600,NKE
2016-06-01,53.330002,55.040001,52.919998,54.930000,53.883121,28409300,NKE
2016-06-02,54.220001,54.669998,54.220001,54.529999,53.647003,13876200,NKE
2016-06-03,54.290001,54.570000,53.400002,53.450001,52.584496,17265800,NKE
2016-06-06,53.770000,54.540001,53.689999,54.299999,53.420727,13808300,NKE
2016-06-07,54.160000,54.349998,53.549999,53.549999,52.682873,13334000,NKE
2016-06-08,53.830002,54.340000,53.660000,54.119999,53.243645,12068500,NKE
2016-06-09,54.110001,55.049999,53.880001,54.939999,54.050373,11609800,NKE
2016-06-10,54.639999,55.360001,54.549999,55.110001,54.217617,12183600,NKE
2016-06-13,55.000000,55.639999,54.880001,54.910000,54.020855,8582200,NKE
2016-06-14,54.580002,54.939999,54.080002,54.119999,53.243645,9585600,NKE
2016-06-15,54.240002,55.060001,54.240002,54.310001,53.430573,7498400,NKE
2016-06-16,53.540001,53.639999,52.939999,53.470001,52.604168,14456500,NKE
2016-06-17,53.450001,53.869999,53.160000,53.709999,52.840290,11007100,NKE
2016-06-20,54.230000,55.150002,54.230000,54.360001,53.479763,8429400,NKE
2016-06-21,54.459999,55.090000,54.439999,54.770000,53.883121,8278200,NKE
2016-06-22,55.000000,55.139999,54.529999,54.570000,53.686359,7019600,NKE
2016-06-23,55.110001,55.180000,53.950001,54.119999,53.243645,11219800,NKE
2016-06-24,52.360001,53.360001,52.180000,52.590000,51.738422,18481200,NKE
2016-06-27,52.000000,52.520000,51.480000,51.889999,51.049755,15265700,NKE
2016-06-28,52.040001,53.200001,51.570000,53.090000,52.230328,20837800,NKE
2016-06-29,54.500000,55.139999,52.889999,55.130001,54.237289,36084800,NKE
2016-06-30,55.290001,55.430000,54.599998,55.200001,54.306160,17350500,NKE
2016-07-01,55.070000,55.810001,54.910000,55.610001,54.709522,9285100,NKE
2016-07-05,55.340000,55.910000,55.009998,55.200001,54.306160,10256100,NKE
2016-07-06,54.880001,55.810001,54.820000,55.799999,54.896442,7863400,NKE
2016-07-07,55.799999,55.980000,55.560001,55.919998,55.014500,6934900,NKE
2016-07-08,56.099998,56.820000,56.090000,56.720001,55.801548,8645900,NKE
2016-07-11,56.830002,57.230000,56.709999,56.830002,55.909771,8122500,NKE
2016-07-12,57.090000,58.200001,57.070000,58.060001,57.119846,11164400,NKE
2016-07-13,58.180000,58.439999,57.730000,57.990002,57.050983,9126500,NKE
2016-07-14,58.299999,58.599998,58.150002,58.490002,57.542885,7488400,NKE
2016-07-15,58.590000,58.869999,57.869999,57.869999,56.932922,9225200,NKE
2016-07-18,58.000000,58.160000,57.740002,57.740002,56.805031,6478900,NKE
2016-07-19,57.459999,57.770000,57.150002,57.759998,56.824703,7442700,NKE
2016-07-20,57.990002,58.099998,57.740002,57.759998,56.824703,5872400,NKE
2016-07-21,57.990002,58.029999,56.570000,56.990002,56.067177,8262000,NKE
2016-07-22,56.820000,56.959999,56.430000,56.730000,55.811382,8614700,NKE
2016-07-25,56.869999,57.150002,56.459999,57.139999,56.214745,7256300,NKE
2016-07-26,57.200001,57.869999,56.250000,56.369999,55.457211,8546700,NKE
2016-07-27,56.500000,57.000000,55.470001,55.790001,54.886604,10245800,NKE
2016-07-28,55.590000,55.810001,54.980000,55.450001,54.552116,9574100,NKE
2016-07-29,55.270000,55.660000,55.209999,55.500000,54.601303,6353400,NKE
2016-08-01,55.730000,55.869999,55.299999,55.410000,54.512756,6268400,NKE
2016-08-02,55.230000,55.279999,54.779999,54.919998,54.030689,7145600,NKE
2016-08-03,54.549999,55.189999,54.279999,54.750000,53.863441,9687300,NKE
2016-08-04,54.959999,55.570000,54.650002,54.790001,53.902798,8602000,NKE
2016-08-05,55.320000,56.060001,55.169998,55.849998,54.945633,7512500,NKE
2016-08-08,56.130001,56.389999,55.680000,55.980000,55.073528,6307000,NKE
2016-08-09,56.080002,56.240002,55.689999,55.770000,54.866932,8044400,NKE
2016-08-10,55.950001,56.180000,55.070000,55.130001,54.237289,6881400,NKE
2016-08-11,55.630001,56.889999,55.480000,56.730000,55.811382,9477600,NKE
2016-08-12,56.700001,56.759998,56.130001,56.450001,55.535919,5393400,NKE
2016-08-15,56.650002,57.060001,56.619999,56.770000,55.850739,4836300,NKE
2016-08-16,56.799999,57.040001,56.419998,56.880001,55.958958,4901800,NKE
2016-08-17,56.869999,56.970001,56.540001,56.860001,55.939281,7340500,NKE
2016-08-18,56.990002,57.459999,56.900002,57.209999,56.283615,6043600,NKE
2016-08-19,57.400002,59.139999,57.250000,58.900002,57.946247,15987100,NKE
2016-08-22,58.820000,59.459999,58.650002,58.660000,57.710136,8266000,NKE
2016-08-23,58.799999,59.799999,58.799999,59.619999,58.654587,8222800,NKE
2016-08-24,59.889999,60.330002,59.720001,60.220001,59.244877,11379000,NKE
2016-08-25,60.009998,60.150002,59.029999,59.240002,58.280746,8713900,NKE
2016-08-26,58.570000,59.200001,58.299999,59.000000,58.044624,9994300,NKE
2016-08-29,59.200001,59.250000,58.529999,58.630001,57.680618,5772000,NKE
2016-08-30,58.459999,58.759998,57.849998,58.000000,57.060822,6344600,NKE
2016-08-31,57.860001,58.279999,57.189999,57.639999,56.706646,7723600,NKE
2016-09-01,57.669998,58.549999,57.529999,58.540001,57.752392,8225000,NKE
2016-09-02,58.630001,59.180000,57.990002,58.020000,57.239388,6933100,NKE
2016-09-06,58.250000,58.380001,57.209999,57.410000,56.637589,9771800,NKE
2016-09-07,57.480000,57.779999,57.009998,57.720001,56.943417,7536100,NKE
2016-09-08,56.880001,57.270000,56.110001,56.169998,55.414272,12731400,NKE
2016-09-09,55.880001,56.000000,55.270000,55.330002,54.585579,11310400,NKE
2016-09-12,55.000000,56.119999,54.950001,56.009998,55.256428,7470900,NKE
2016-09-13,55.860001,55.939999,55.119999,55.369999,54.625038,7359400,NKE
2016-09-14,55.160000,55.560001,54.930000,55.130001,54.388268,7621200,NKE
2016-09-15,55.000000,55.540001,54.810001,55.470001,54.723694,6283900,NKE
2016-09-16,55.240002,55.360001,55.049999,55.180000,54.437595,11715400,NKE
2016-09-19,55.380001,55.470001,54.930000,54.950001,54.210690,7631900,NKE
2016-09-20,55.259998,55.439999,54.759998,54.869999,54.131763,8563000,NKE
2016-09-21,55.020000,55.380001,54.610001,55.340000,54.595440,8041700,NKE
2016-09-22,55.470001,55.980000,55.240002,55.410000,54.664497,8052400,NKE
2016-09-23,55.020000,55.709999,54.910000,55.150002,54.407997,8921700,NKE
2016-09-26,54.799999,55.000000,54.080002,54.400002,53.668091,11629600,NKE
2016-09-27,54.250000,55.540001,53.900002,55.340000,54.595440,17945200,NKE
2016-09-28,54.599998,55.000000,52.799999,53.250000,52.533562,33213000,NKE
2016-09-29,52.919998,53.580002,52.119999,52.160000,51.458225,16993900,NKE
2016-09-30,52.570000,53.060001,52.279999,52.650002,51.941631,12940200,NKE
2016-10-03,52.540001,53.000000,52.419998,52.669998,51.961361,7632500,NKE
2016-10-04,52.900002,53.060001,52.080002,52.139999,51.438496,10737400,NKE
2016-10-05,52.150002,52.639999,52.099998,52.119999,51.418762,7244100,NKE
2016-10-06,52.200001,52.330002,51.970001,52.029999,51.329975,9391700,NKE
2016-10-07,52.419998,52.459999,51.680000,51.790001,51.093204,8407100,NKE
2016-10-10,52.130001,52.250000,51.770000,51.790001,51.093204,5440800,NKE
2016-10-11,51.950001,52.250000,51.520000,51.820000,51.122803,9203500,NKE
2016-10-12,52.009998,52.709999,51.799999,52.439999,51.734455,9301300,NKE
2016-10-13,52.119999,52.320000,51.500000,52.029999,51.329975,8425800,NKE
2016-10-14,52.380001,52.500000,51.619999,51.619999,50.925495,7133800,NKE
2016-10-17,51.650002,51.750000,50.959999,51.029999,50.343426,7904000,NKE
2016-10-18,51.299999,51.660000,51.189999,51.220001,50.530872,6716900,NKE
2016-10-19,51.340000,51.840000,51.139999,51.799999,51.103065,6999000,NKE
2016-10-20,51.770000,52.360001,51.689999,51.889999,51.191860,6590500,NKE
2016-10-21,51.740002,51.869999,51.250000,51.770000,51.073475,9161000,NKE
2016-10-24,52.160000,52.290001,51.830002,51.869999,51.172123,7578200,NKE
2016-10-25,50.970001,51.439999,50.709999,51.049999,50.363159,14975300,NKE
2016-10-26,50.950001,52.270000,50.900002,51.970001,51.270782,12401100,NKE
2016-10-27,52.340000,52.340000,51.689999,51.889999,51.191860,7939200,NKE
2016-10-28,52.119999,52.500000,51.790001,52.020000,51.320110,9096700,NKE
2016-10-31,50.880001,51.150002,50.000000,50.180000,49.504864,17931300,NKE
2016-11-01,50.500000,50.509998,49.139999,49.619999,48.952400,14100400,NKE
2016-11-02,49.240002,50.270000,49.009998,49.720001,49.051056,10775900,NKE
2016-11-03,49.980000,50.000000,49.310001,49.730000,49.060917,7678700,NKE
2016-11-04,49.799999,50.450001,49.759998,49.959999,49.287823,9925200,NKE
2016-11-07,50.480000,50.930000,50.279999,50.910000,50.225048,8358700,NKE
2016-11-08,51.099998,51.490002,50.950001,51.080002,50.392757,8107100,NKE
2016-11-09,50.070000,51.270000,49.799999,51.119999,50.432217,9058600,NKE
2016-11-10,51.290001,51.369999,50.330002,50.389999,49.712036,12316100,NKE
2016-11-11,50.220001,50.849998,50.180000,50.770000,50.086926,6300600,NKE
2016-11-14,51.180000,51.189999,50.209999,50.209999,49.534462,7933800,NKE
2016-11-15,50.459999,50.639999,49.750000,50.130001,49.455536,9299800,NKE
2016-11-16,50.000000,50.799999,49.950001,50.680000,49.998138,6654900,NKE
2016-11-17,50.939999,51.669998,50.720001,51.590000,50.895893,7671600,NKE
2016-11-18,51.389999,51.889999,50.959999,51.099998,50.412483,7461600,NKE
2016-11-21,51.000000,51.419998,50.950001,51.279999,50.590061,5357200,NKE
2016-11-22,51.470001,51.750000,51.049999,51.709999,51.014282,5228100,NKE
2016-11-23,51.709999,51.849998,51.200001,51.340000,50.649258,4141600,NKE
2016-11-25,51.680000,51.740002,51.349998,51.520000,50.826836,2736800,NKE
2016-11-28,51.439999,51.439999,50.610001,51.009998,50.323696,8602100,NKE
2016-11-29,51.200001,51.369999,50.570000,50.630001,49.948811,6065700,NKE
2016-11-30,50.520000,50.810001,50.070000,50.070000,49.396347,8198400,NKE
2016-12-01,50.110001,51.250000,50.060001,50.650002,50.148827,7610100,NKE
2016-12-02,50.259998,50.680000,50.110001,50.459999,49.960709,6933300,NKE
2016-12-05,50.799999,52.270000,50.700001,51.849998,51.336952,12031200,NKE
2016-12-06,50.830002,51.099998,50.259998,50.570000,50.069618,12496300,NKE
2016-12-07,50.790001,52.250000,50.599998,52.099998,51.584480,10412600,NKE
2016-12-08,52.150002,52.470001,51.450001,51.549999,51.039917,9260900,NKE
2016-12-09,51.759998,51.970001,51.500000,51.720001,51.208241,5869800,NKE
2016-12-12,51.500000,51.900002,50.939999,51.540001,51.030022,11459500,NKE
2016-12-13,51.830002,53.220001,51.830002,52.299999,51.782501,11442300,NKE
2016-12-14,52.240002,52.340000,51.590000,51.790001,51.277546,8012800,NKE
2016-12-15,52.000000,52.040001,51.090000,51.290001,50.782494,9567500,NKE
2016-12-16,51.599998,51.639999,50.669998,50.919998,50.416149,12847200,NKE
2016-12-19,50.910000,51.360001,50.480000,50.849998,50.346844,9451700,NKE
2016-12-20,51.060001,51.990002,50.750000,51.790001,51.277546,15984100,NKE
2016-12-21,52.900002,53.349998,51.549999,52.299999,51.782501,23236400,NKE
2016-12-22,52.799999,53.000000,52.029999,52.139999,51.624081,11798900,NKE
2016-12-23,51.990002,52.349998,51.669998,51.910000,51.396355,9335800,NKE
2016-12-27,51.799999,52.250000,51.200001,51.290001,50.782494,8175000,NKE
2016-12-28,51.310001,51.500000,50.869999,51.020000,50.515163,6318000,NKE
2016-12-29,51.000000,51.240002,50.880001,51.060001,50.554768,4659600,NKE
2016-12-30,51.099998,51.330002,50.700001,50.830002,50.327049,7384300,NKE
2017-01-03,51.990002,52.500000,51.770000,51.980000,51.465664,13295600,NKE
2017-01-04,52.230000,53.349998,52.090000,53.070000,52.544884,13759500,NKE
2017-01-05,52.919998,53.099998,52.439999,53.060001,52.534981,8682200,NKE
2017-01-06,53.090000,54.090000,52.980000,53.910000,53.376572,12532400,NKE
2017-01-09,53.959999,53.990002,53.220001,53.380001,52.851810,8724800,NKE
2017-01-10,53.549999,53.730000,53.110001,53.110001,52.584484,8041900,NKE
2017-01-11,53.119999,53.290001,52.669998,52.689999,52.168640,8208300,NKE
2017-01-12,52.509998,52.689999,52.160000,52.400002,51.881508,7254100,NKE
2017-01-13,52.590000,52.930000,52.230000,52.919998,52.396366,6694400,NKE
2017-01-17,53.400002,53.950001,53.009998,53.650002,53.119141,9885000,NKE
2017-01-18,53.860001,53.889999,52.860001,53.270000,52.742901,6743100,NKE
2017-01-19,53.840000,53.939999,52.889999,52.930000,52.406269,8239700,NKE
2017-01-20,53.220001,53.349998,52.900002,53.200001,52.673595,7861000,NKE
2017-01-23,53.020000,53.259998,52.720001,53.240002,52.713200,7025700,NKE
2017-01-24,53.020000,53.570000,52.990002,53.450001,52.921120,6321300,NKE
2017-01-25,53.730000,54.119999,53.689999,53.860001,53.327061,6675000,NKE
2017-01-26,54.110001,54.119999,53.360001,53.650002,53.119141,6202000,NKE
2017-01-27,53.680000,54.080002,53.029999,53.189999,52.663692,7275300,NKE
2017-01-30,52.779999,53.220001,52.410000,53.080002,52.554787,9770800,NKE
2017-01-31,51.680000,52.900002,51.630001,52.900002,52.376564,12342900,NKE
2017-02-01,52.980000,53.259998,52.610001,53.020000,52.495373,8810900,NKE
2017-02-02,53.000000,53.009998,52.480000,52.799999,52.277554,7874200,NKE
2017-02-03,52.619999,52.810001,52.250000,52.360001,51.841908,8850400,NKE
2017-02-06,52.090000,52.799999,52.049999,52.799999,52.277554,7355200,NKE
2017-02-07,53.070000,53.279999,52.669998,52.810001,52.287453,6446900,NKE
2017-02-08,52.740002,53.939999,52.700001,53.880001,53.346867,9281100,NKE
2017-02-09,53.880001,55.700001,53.880001,55.310001,54.762718,14343900,NKE
2017-02-10,55.630001,56.470001,55.630001,56.220001,55.663712,14973400,NKE
2017-02-13,56.169998,56.340000,55.750000,56.090000,55.535000,7679800,NKE
2017-02-14,55.919998,56.689999,55.830002,56.450001,55.891438,8859900,NKE
2017-02-15,56.290001,56.759998,56.209999,56.639999,56.079559,6652000,NKE
2017-02-16,56.880001,56.919998,56.099998,56.290001,55.733021,8374200,NKE
2017-02-17,56.119999,56.799999,55.860001,56.750000,56.188465,12638000,NKE
2017-02-21,56.380001,57.450001,56.200001,57.360001,56.792431,10955000,NKE
2017-02-22,57.480000,58.380001,57.360001,58.240002,57.663723,10846400,NKE
2017-02-23,58.110001,58.400002,57.270000,57.389999,56.822136,12316300,NKE
2017-02-24,57.389999,58.419998,57.070000,57.860001,57.287483,9684500,NKE
2017-02-27,57.650002,57.830002,57.349998,57.689999,57.119164,4375700,NKE
2017-02-28,57.369999,57.549999,56.860001,57.160000,56.594410,7951300,NKE
2017-03-01,57.860001,58.029999,57.330002,57.950001,57.376595,8558900,NKE
2017-03-02,57.900002,58.250000,57.650002,57.799999,57.406387,6438400,NKE
2017-03-03,57.799999,57.799999,56.509998,56.700001,56.313877,9181600,NKE
2017-03-06,56.700001,56.930000,56.529999,56.770000,56.383404,6896800,NKE
2017-03-07,56.709999,56.990002,56.020000,56.549999,56.164902,7124400,NKE
2017-03-08,56.939999,56.939999,56.310001,56.509998,56.125172,7604800,NKE
2017-03-09,56.610001,56.660000,56.090000,56.360001,55.976196,6165700,NKE
2017-03-10,56.490002,56.990002,56.259998,56.430000,56.045719,8882400,NKE
2017-03-13,56.430000,56.820000,56.110001,56.669998,56.284081,7235900,NKE
2017-03-14,56.869999,58.009998,56.720001,57.279999,56.889931,9286900,NKE
2017-03-15,57.630001,57.990002,56.750000,57.660000,57.267345,10067500,NKE
2017-03-16,57.430000,57.720001,56.830002,57.599998,57.207748,9895000,NKE
2017-03-17,57.770000,57.889999,57.310001,57.799999,57.406387,10791500,NKE
2017-03-20,58.000000,58.810001,57.959999,58.680000,58.280396,13352500,NKE
2017-03-21,58.779999,59.000000,57.720001,58.009998,57.614956,15269800,NKE
2017-03-22,54.759998,55.000000,53.759998,53.919998,53.552811,37413400,NKE
2017-03-23,54.610001,55.549999,54.520000,55.369999,54.992935,23848300,NKE
2017-03-24,55.290001,56.639999,55.119999,56.360001,55.976196,14438600,NKE
2017-03-27,55.639999,56.250000,55.540001,55.930000,55.549122,8663600,NKE
2017-03-28,55.990002,56.779999,55.790001,56.619999,56.234425,7823900,NKE
2017-03-29,56.410000,57.099998,56.349998,56.680000,56.294014,7456200,NKE
2017-03-30,56.480000,56.599998,55.810001,56.040001,55.658375,7210500,NKE
2017-03-31,56.000000,56.029999,55.650002,55.730000,55.350483,5905600,NKE
2017-04-03,55.740002,55.799999,55.150002,55.560001,55.181644,7088800,NKE
2017-04-04,55.150002,55.299999,54.830002,55.040001,54.665188,8843300,NKE
2017-04-05,54.970001,55.799999,54.500000,54.980000,54.605591,7722100,NKE
2017-04-06,55.070000,55.939999,54.939999,55.139999,54.764503,6692200,NKE
2017-04-07,55.099998,55.240002,54.770000,55.110001,54.734707,6078300,NKE
2017-04-10,55.000000,55.330002,54.720001,54.900002,54.526138,5472700,NKE
2017-04-11,54.950001,55.070000,54.549999,54.919998,54.545998,4348600,NKE
2017-04-12,54.660000,55.619999,54.500000,55.570000,55.191574,8504100,NKE
2017-04-13,55.410000,55.599998,55.259998,55.340000,54.963139,5282100,NKE
2017-04-17,55.320000,56.340000,55.250000,56.240002,55.857014,7688700,NKE
2017-04-18,56.020000,56.419998,55.799999,56.110001,55.727898,5651100,NKE
2017-04-19,56.160000,56.220001,55.740002,55.860001,55.479599,5947700,NKE
2017-04-20,55.959999,56.689999,55.880001,56.400002,56.015926,6867100,NKE
2017-04-21,56.290001,56.380001,55.680000,55.849998,55.469666,6055600,NKE
2017-04-24,56.139999,56.209999,55.470001,55.470001,55.092258,10777700,NKE
2017-04-25,55.529999,55.770000,55.410000,55.450001,55.072395,8971000,NKE
2017-04-26,55.459999,55.840000,55.119999,55.160000,54.784367,10936000,NKE
2017-04-27,55.180000,55.570000,54.910000,55.470001,55.092258,8558000,NKE
2017-04-28,55.430000,55.529999,55.139999,55.410000,55.032665,6437700,NKE
2017-05-01,55.430000,55.450001,54.980000,54.990002,54.615524,4881400,NKE
2017-05-02,55.119999,55.160000,54.790001,55.070000,54.694981,7363600,NKE
2017-05-03,55.169998,55.299999,54.400002,54.529999,54.158657,9474700,NKE
2017-05-04,54.680000,54.830002,54.200001,54.470001,54.099068,6830600,NKE
2017-05-05,54.410000,54.500000,53.560001,53.950001,53.582607,13379900,NKE
2017-05-08,54.180000,54.509998,53.830002,54.299999,53.930225,8728100,NKE
2017-05-09,54.330002,55.080002,54.160000,54.889999,54.516205,6441200,NKE
2017-05-10,54.910000,55.060001,54.509998,54.560001,54.188454,5823000,NKE
2017-05-11,54.520000,54.520000,53.400002,54.240002,53.870632,6499600,NKE
2017-05-12,54.099998,54.389999,53.790001,54.200001,53.830906,5606300,NKE
2017-05-15,54.119999,54.200001,53.680000,53.770000,53.403831,8201700,NKE
2017-05-16,52.369999,53.380001,52.119999,52.779999,52.420574,14562700,NKE
2017-05-17,52.779999,52.869999,51.799999,51.799999,51.447250,18341500,NKE
2017-05-18,51.970001,52.080002,51.299999,51.680000,51.328068,22576500,NKE
2017-05-19,51.000000,52.110001,50.810001,51.770000,51.417450,20047800,NKE
2017-05-22,51.770000,51.959999,51.400002,51.570000,51.218815,13671500,NKE
2017-05-23,51.980000,52.630001,51.880001,52.200001,51.844528,11087300,NKE
2017-05-24,52.250000,52.299999,51.740002,52.009998,51.655819,9383600,NKE
2017-05-25,52.380001,52.590000,52.209999,52.349998,51.993500,7627500,NKE
2017-05-26,52.349998,52.759998,52.230000,52.590000,52.231869,5910800,NKE
2017-05-30,52.759998,53.020000,52.639999,52.919998,52.559616,8039600,NKE
2017-05-31,53.020000,53.279999,52.709999,52.990002,52.629147,8938800,NKE
2017-06-01,53.060001,53.299999,52.209999,52.299999,52.120892,13352100,NKE
2017-06-02,52.700001,53.009998,52.360001,52.980000,52.798561,18511200,NKE
2017-06-05,53.000000,53.230000,52.700001,53.009998,52.828457,5748900,NKE
2017-06-06,52.900002,53.099998,52.430000,52.480000,52.300274,8923000,NKE
2017-06-07,52.790001,53.360001,52.750000,53.230000,53.047707,7438300,NKE
2017-06-08,53.230000,54.139999,53.150002,53.200001,53.017811,7785600,NKE
2017-06-09,53.200001,53.470001,52.799999,53.459999,53.276917,8347400,NKE
2017-06-12,53.509998,54.250000,53.500000,54.029999,53.844967,9180000,NKE
2017-06-13,54.029999,54.660000,53.840000,54.310001,54.124008,8720100,NKE
2017-06-14,54.480000,54.669998,53.950001,54.660000,54.472809,6783900,NKE
2017-06-15,54.000000,54.049999,52.730000,52.900002,52.718838,16041100,NKE
2017-06-16,51.750000,51.840000,50.790001,51.099998,50.924999,25725500,NKE
2017-06-19,51.419998,52.220001,51.400002,52.020000,51.841850,11265300,NKE
2017-06-20,52.049999,52.130001,51.099998,51.560001,51.383427,10676500,NKE
2017-06-21,51.900002,52.689999,51.900002,52.590000,52.409897,13021700,NKE
2017-06-22,52.599998,52.619999,52.090000,52.400002,52.220551,10660700,NKE
2017-06-23,52.150002,52.919998,51.669998,52.849998,52.669006,8522400,NKE
2017-06-26,52.950001,53.570000,52.669998,53.279999,53.097534,7966200,NKE
2017-06-27,53.189999,53.259998,52.639999,52.950001,52.768665,7873100,NKE
2017-06-28,53.169998,53.610001,52.959999,53.360001,53.177261,7527200,NKE
2017-06-29,53.330002,53.630001,52.990002,53.169998,52.987911,14801900,NKE
2017-06-30,56.599998,59.709999,56.500000,59.000000,58.797947,45870400,NKE
2017-07-03,58.369999,59.009998,58.330002,58.650002,58.449146,9910000,NKE
2017-07-05,58.240002,58.290001,57.509998,57.560001,57.362881,16167000,NKE
2017-07-06,57.450001,57.720001,57.000000,57.160000,56.964249,9013200,NKE
2017-07-07,57.400002,58.080002,57.029999,57.980000,57.781437,8145400,NKE
2017-07-10,57.889999,58.810001,57.680000,58.730000,58.528870,8942400,NKE
2017-07-11,58.540001,58.930000,58.040001,58.180000,57.980755,7223000,NKE
2017-07-12,58.310001,58.750000,58.099998,58.220001,58.020618,7243100,NKE
2017-07-13,58.220001,58.580002,57.930000,57.939999,57.741573,8108600,NKE
2017-07-14,57.950001,58.209999,57.639999,58.000000,57.801369,6345300,NKE
2017-07-17,58.000000,58.349998,57.759998,57.790001,57.592091,6885000,NKE
2017-07-18,57.740002,58.080002,57.470001,57.650002,57.452572,4922500,NKE
2017-07-19,57.599998,57.880001,57.389999,57.770000,57.572159,4451100,NKE
2017-07-20,59.119999,59.590000,58.799999,59.099998,58.897602,11915500,NKE
2017-07-21,59.000000,60.000000,58.910000,59.950001,59.744694,11048300,NKE
2017-07-24,59.689999,59.770000,58.759998,58.950001,58.748119,7498900,NKE
2017-07-25,59.320000,59.520000,58.919998,59.389999,59.186611,5157100,NKE
2017-07-26,59.090000,59.130001,58.320000,58.360001,58.160137,5529500,NKE
2017-07-27,58.599998,58.680000,57.990002,58.150002,57.950859,8259900,NKE
2017-07-28,58.150002,58.740002,57.970001,58.669998,58.469074,5112800,NKE
2017-07-31,58.709999,59.119999,58.330002,59.049999,58.847775,6225900,NKE
2017-08-01,59.000000,59.939999,58.900002,59.840000,59.635071,9051700,NKE
2017-08-02,59.549999,59.950001,59.270000,59.790001,59.585243,4468100,NKE
2017-08-03,59.799999,60.529999,59.639999,60.139999,59.934040,5677200,NKE
2017-08-04,60.169998,60.340000,59.630001,59.759998,59.555340,4106000,NKE
2017-08-07,59.820000,60.099998,59.709999,59.790001,59.585243,4066700,NKE
2017-08-08,59.880001,60.119999,59.360001,59.459999,59.256371,5586400,NKE
2017-08-09,59.419998,59.970001,59.259998,59.900002,59.694866,5310900,NKE
2017-08-10,59.680000,59.689999,59.060001,59.070000,58.867706,5585100,NKE
2017-08-11,58.730000,59.270000,58.590000,58.970001,58.768051,4980000,NKE
2017-08-14,59.150002,60.000000,59.130001,59.779999,59.575275,5838300,NKE
2017-08-15,58.939999,59.009998,58.290001,58.560001,58.359455,8913000,NKE
2017-08-16,58.900002,59.049999,58.220001,58.540001,58.339523,5489600,NKE
2017-08-17,58.529999,58.740002,57.419998,57.459999,57.263218,9148600,NKE
2017-08-18,54.849998,55.419998,54.169998,54.950001,54.761818,22905200,NKE
2017-08-21,54.439999,54.439999,53.110001,53.610001,53.426407,14289300,NKE
2017-08-22,53.919998,54.410000,53.790001,54.130001,53.944626,8212800,NKE
2017-08-23,53.919998,54.080002,53.450001,53.610001,53.426407,6409400,NKE
2017-08-24,53.930000,53.970001,53.459999,53.840000,53.655617,5461900,NKE
2017-08-25,54.029999,54.200001,53.540001,53.900002,53.715412,6416600,NKE
2017-08-28,54.070000,54.430000,53.619999,53.730000,53.545994,5269400,NKE
2017-08-29,52.740002,52.880001,52.070000,52.730000,52.549419,12539900,NKE
2017-08-30,52.799999,52.959999,52.250000,52.560001,52.380001,7434500,NKE
2017-08-31,52.599998,52.980000,52.470001,52.810001,52.810001,7728900,NKE
2017-09-01,53.000000,53.450001,52.900002,53.360001,53.360001,5509800,NKE
2017-09-05,53.250000,53.470001,52.880001,53.009998,53.009998,6306500,NKE
2017-09-06,53.119999,53.340000,52.709999,52.759998,52.759998,7407600,NKE
2017-09-07,52.759998,52.849998,52.340000,52.389999,52.389999,6905800,NKE
2017-09-08,52.250000,52.509998,52.110001,52.200001,52.200001,8484000,NKE
2017-09-11,52.380001,53.130001,52.320000,53.029999,53.029999,8649900,NKE
2017-09-12,53.770000,54.090000,53.299999,53.400002,53.400002,7823700,NKE
2017-09-13,53.450001,53.639999,53.040001,53.520000,53.520000,6086000,NKE
2017-09-14,53.540001,53.889999,53.119999,53.730000,53.730000,7497400,NKE
