Date,Open,High,Low,Close,Adj Close,Volume,NOK
2012-09-14,3.010000,3.140000,2.900000,2.980000,2.512078,100446300,NOK
2012-09-17,3.050000,3.090000,2.910000,2.970000,2.503649,48404700,NOK
2012-09-18,2.870000,2.950000,2.830000,2.900000,2.444640,47398300,NOK
2012-09-19,2.870000,2.900000,2.830000,2.890000,2.436210,27038500,NOK
2012-09-20,2.830000,2.870000,2.810000,2.850000,2.402491,28255300,NOK
2012-09-21,2.790000,2.820000,2.670000,2.770000,2.335053,53553200,NOK
2012-09-24,2.700000,2.770000,2.670000,2.740000,2.309764,23505800,NOK
2012-09-25,2.770000,2.780000,2.680000,2.700000,2.276044,30358000,NOK
2012-09-26,2.640000,2.650000,2.530000,2.590000,2.183316,50607100,NOK
2012-09-27,2.650000,2.690000,2.600000,2.670000,2.250755,29255000,NOK
2012-09-28,2.640000,2.670000,2.550000,2.580000,2.174886,60624700,NOK
2012-10-01,2.590000,2.790000,2.590000,2.760000,2.326623,70242400,NOK
2012-10-02,2.780000,2.810000,2.590000,2.620000,2.208606,53093700,NOK
2012-10-03,2.630000,2.670000,2.580000,2.660000,2.242325,30106100,NOK
2012-10-04,2.660000,2.690000,2.600000,2.640000,2.225466,26096200,NOK
2012-10-05,2.700000,2.710000,2.650000,2.680000,2.259185,15780400,NOK
2012-10-08,2.650000,2.680000,2.650000,2.680000,2.259185,10680600,NOK
2012-10-09,2.730000,2.760000,2.670000,2.680000,2.259185,21231000,NOK
2012-10-10,2.630000,2.650000,2.520000,2.600000,2.191746,33201800,NOK
2012-10-11,2.570000,2.600000,2.520000,2.550000,2.149597,29076600,NOK
2012-10-12,2.550000,2.590000,2.530000,2.560000,2.158027,25442000,NOK
2012-10-15,2.600000,2.690000,2.580000,2.680000,2.259185,22022700,NOK
2012-10-16,2.750000,2.850000,2.740000,2.820000,2.377202,48245600,NOK
2012-10-17,2.870000,2.940000,2.810000,2.940000,2.478359,49744900,NOK
2012-10-18,2.820000,2.950000,2.740000,2.800000,2.360342,125718200,NOK
2012-10-19,2.840000,2.850000,2.700000,2.740000,2.309764,42623200,NOK
2012-10-22,2.840000,2.870000,2.760000,2.810000,2.368772,47336300,NOK
2012-10-23,2.620000,2.720000,2.610000,2.680000,2.259185,60021600,NOK
2012-10-24,2.650000,2.670000,2.560000,2.560000,2.158027,27844400,NOK
2012-10-25,2.630000,2.660000,2.610000,2.630000,2.217036,22867000,NOK
2012-10-26,2.600000,2.610000,2.560000,2.560000,2.158027,26625600,NOK
2012-10-31,2.700000,2.720000,2.650000,2.670000,2.250755,24822200,NOK
2012-11-01,2.760000,2.860000,2.740000,2.850000,2.402491,35760200,NOK
2012-11-02,2.810000,2.850000,2.760000,2.800000,2.360342,29246300,NOK
2012-11-05,2.770000,2.830000,2.740000,2.770000,2.335053,21756200,NOK
2012-11-06,2.770000,2.820000,2.750000,2.770000,2.335053,21711600,NOK
2012-11-07,2.690000,2.710000,2.600000,2.640000,2.225466,41941000,NOK
2012-11-08,2.640000,2.680000,2.600000,2.620000,2.208606,23227300,NOK
2012-11-09,2.620000,2.670000,2.610000,2.650000,2.233896,22222700,NOK
2012-11-12,2.720000,2.740000,2.670000,2.710000,2.284474,15221600,NOK
2012-11-13,2.640000,2.700000,2.630000,2.690000,2.267615,20052100,NOK
2012-11-14,2.780000,2.790000,2.630000,2.670000,2.250755,34390700,NOK
2012-11-15,2.710000,2.780000,2.690000,2.720000,2.292904,34720700,NOK
2012-11-16,2.750000,2.800000,2.660000,2.770000,2.335053,33315000,NOK
2012-11-19,2.880000,2.950000,2.860000,2.940000,2.478359,45610300,NOK
2012-11-20,2.970000,3.030000,2.920000,2.950000,2.486789,49847400,NOK
2012-11-21,3.070000,3.400000,3.050000,3.310000,2.790262,147661800,NOK
2012-11-23,3.440000,3.590000,3.380000,3.560000,3.001007,95862700,NOK
2012-11-26,3.540000,3.550000,3.350000,3.360000,2.832411,75027400,NOK
2012-11-27,3.350000,3.360000,3.150000,3.170000,2.672245,72293700,NOK
2012-11-28,3.200000,3.320000,3.170000,3.270000,2.756542,56154900,NOK
2012-11-29,3.390000,3.420000,3.260000,3.320000,2.798691,67252300,NOK
2012-11-30,3.290000,3.340000,3.250000,3.260000,2.748112,34648600,NOK
2012-12-03,3.290000,3.310000,3.240000,3.260000,2.748112,23716900,NOK
2012-12-04,3.310000,3.460000,3.280000,3.440000,2.899849,47247000,NOK
2012-12-05,3.560000,3.900000,3.550000,3.880000,3.270760,144779500,NOK
2012-12-06,3.870000,3.900000,3.660000,3.750000,3.161173,85861600,NOK
2012-12-07,3.850000,3.900000,3.740000,3.850000,3.245471,68348400,NOK
2012-12-10,3.710000,3.730000,3.590000,3.690000,3.110594,65132500,NOK
2012-12-11,3.720000,3.870000,3.720000,3.790000,3.194892,46368800,NOK
2012-12-12,3.830000,3.850000,3.800000,3.830000,3.228611,31642500,NOK
2012-12-13,3.760000,3.840000,3.690000,3.760000,3.169602,55650400,NOK
2012-12-14,3.840000,3.880000,3.790000,3.820000,3.220181,55682800,NOK
2012-12-17,3.840000,4.040000,3.830000,3.950000,3.329768,79283700,NOK
2012-12-18,4.170000,4.270000,4.100000,4.200000,3.540513,97643300,NOK
2012-12-19,4.300000,4.350000,4.140000,4.210000,3.548943,79778000,NOK
2012-12-20,4.190000,4.270000,4.150000,4.180000,3.523654,48289300,NOK
2012-12-21,4.030000,4.090000,3.970000,3.990000,3.363488,65942700,NOK
2012-12-24,4.050000,4.060000,3.930000,4.000000,3.371917,21078400,NOK
2012-12-26,4.040000,4.060000,3.930000,4.050000,3.414067,30315500,NOK
2012-12-27,4.060000,4.070000,3.930000,4.000000,3.371917,39851800,NOK
2012-12-28,3.870000,3.920000,3.800000,3.810000,3.211751,39740200,NOK
2012-12-31,3.810000,3.990000,3.790000,3.950000,3.329768,33022900,NOK
2013-01-02,4.180000,4.200000,4.060000,4.110000,3.464645,54166100,NOK
2013-01-03,4.130000,4.220000,4.080000,4.160000,3.506794,50209000,NOK
2013-01-04,4.200000,4.220000,4.130000,4.180000,3.523654,34043600,NOK
2013-01-07,4.210000,4.290000,4.180000,4.220000,3.557373,37033500,NOK
2013-01-08,4.060000,4.110000,3.980000,4.050000,3.414067,56754700,NOK
2013-01-09,3.910000,3.980000,3.670000,3.750000,3.161173,92931100,NOK
2013-01-10,4.450000,4.500000,4.250000,4.450000,3.751258,279831700,NOK
2013-01-11,4.420000,4.750000,4.410000,4.700000,3.962003,124064700,NOK
2013-01-14,4.650000,4.740000,4.510000,4.620000,3.894565,79814600,NOK
2013-01-15,4.540000,4.700000,4.530000,4.640000,3.911424,51595600,NOK
2013-01-16,4.570000,4.650000,4.540000,4.570000,3.852416,39915600,NOK
2013-01-17,4.610000,4.610000,4.500000,4.530000,3.818696,52572400,NOK
2013-01-18,4.430000,4.490000,4.350000,4.430000,3.734398,56266000,NOK
2013-01-22,4.490000,4.620000,4.480000,4.620000,3.894565,52680500,NOK
2013-01-23,4.710000,4.900000,4.620000,4.640000,3.911424,77342100,NOK
2013-01-24,4.180000,4.440000,4.160000,4.260000,3.591092,156197400,NOK
2013-01-25,4.210000,4.260000,4.100000,4.200000,3.540513,82278900,NOK
2013-01-28,4.180000,4.350000,4.160000,4.250000,3.582662,53682100,NOK
2013-01-29,4.260000,4.300000,4.180000,4.210000,3.548943,37524000,NOK
2013-01-30,4.190000,4.230000,4.060000,4.090000,3.447786,43433100,NOK
2013-01-31,3.940000,4.020000,3.850000,3.920000,3.304479,85477100,NOK
2013-02-01,4.020000,4.120000,3.970000,4.000000,3.371917,40926400,NOK
2013-02-04,3.920000,4.010000,3.810000,3.810000,3.211751,61015600,NOK
2013-02-05,3.860000,3.960000,3.850000,3.950000,3.329768,43223700,NOK
2013-02-06,3.910000,4.150000,3.890000,4.120000,3.473075,72723300,NOK
2013-02-07,4.140000,4.150000,4.020000,4.060000,3.422496,38376600,NOK
2013-02-08,4.110000,4.150000,4.060000,4.070000,3.430926,25105800,NOK
2013-02-11,4.150000,4.170000,4.100000,4.150000,3.498364,26138600,NOK
2013-02-12,4.150000,4.170000,4.100000,4.110000,3.464645,18373900,NOK
2013-02-13,4.090000,4.110000,3.950000,3.980000,3.355058,35762500,NOK
2013-02-14,3.880000,3.990000,3.850000,3.980000,3.355058,30052200,NOK
2013-02-15,4.020000,4.070000,3.960000,3.990000,3.363488,24690300,NOK
2013-02-19,3.960000,3.990000,3.910000,3.930000,3.312909,26789000,NOK
2013-02-20,3.900000,3.920000,3.810000,3.820000,3.220181,53132900,NOK
2013-02-21,3.770000,3.800000,3.680000,3.750000,3.161173,39837500,NOK
2013-02-22,3.810000,3.840000,3.740000,3.780000,3.186462,43821000,NOK
2013-02-25,3.900000,3.910000,3.610000,3.630000,3.060015,49052600,NOK
2013-02-26,3.650000,3.680000,3.540000,3.570000,3.009436,49172500,NOK
2013-02-27,3.620000,3.790000,3.620000,3.770000,3.178032,55260100,NOK
2013-02-28,3.650000,3.720000,3.610000,3.650000,3.076875,55473400,NOK
2013-03-01,3.570000,3.610000,3.540000,3.590000,3.026296,31846300,NOK
2013-03-04,3.480000,3.550000,3.460000,3.470000,2.925138,62764700,NOK
2013-03-05,3.590000,3.610000,3.510000,3.530000,2.975717,31837400,NOK
2013-03-06,3.670000,3.700000,3.570000,3.620000,3.051585,33565700,NOK
2013-03-07,3.700000,3.760000,3.640000,3.690000,3.110594,43781600,NOK
2013-03-08,3.740000,3.750000,3.630000,3.680000,3.102164,33438100,NOK
2013-03-11,3.610000,3.650000,3.560000,3.620000,3.051585,28441100,NOK
2013-03-12,3.650000,3.690000,3.550000,3.580000,3.017866,48966900,NOK
2013-03-13,3.550000,3.550000,3.450000,3.450000,2.908279,47328500,NOK
2013-03-14,3.510000,3.530000,3.460000,3.470000,2.925138,35810100,NOK
2013-03-15,3.440000,3.590000,3.410000,3.430000,2.891419,109213400,NOK
2013-03-18,3.290000,3.420000,3.280000,3.350000,2.823981,56873500,NOK
2013-03-19,3.380000,3.450000,3.350000,3.400000,2.866130,50135400,NOK
2013-03-20,3.420000,3.470000,3.390000,3.450000,2.908279,38049400,NOK
2013-03-21,3.380000,3.480000,3.380000,3.450000,2.908279,41930900,NOK
2013-03-22,3.400000,3.450000,3.310000,3.330000,2.807121,44608800,NOK
2013-03-25,3.290000,3.290000,3.190000,3.260000,2.748112,44264000,NOK
2013-03-26,3.280000,3.330000,3.270000,3.300000,2.781832,20849700,NOK
2013-03-27,3.270000,3.340000,3.270000,3.340000,2.815551,33441600,NOK
2013-03-28,3.290000,3.330000,3.260000,3.280000,2.764972,35469400,NOK
2013-04-01,3.300000,3.320000,3.250000,3.260000,2.748112,17051000,NOK
2013-04-02,3.230000,3.280000,3.210000,3.260000,2.748112,29894500,NOK
2013-04-03,3.290000,3.380000,3.270000,3.370000,2.840840,43190900,NOK
2013-04-04,3.390000,3.400000,3.320000,3.380000,2.849270,36519800,NOK
2013-04-05,3.380000,3.390000,3.320000,3.340000,2.815551,21996400,NOK
2013-04-08,3.310000,3.340000,3.280000,3.290000,2.773402,20091800,NOK
2013-04-09,3.310000,3.390000,3.300000,3.370000,2.840840,17064100,NOK
2013-04-10,3.410000,3.570000,3.400000,3.520000,2.967287,62872600,NOK
2013-04-11,3.520000,3.530000,3.460000,3.480000,2.933568,24780100,NOK
2013-04-12,3.490000,3.510000,3.430000,3.490000,2.941998,18154500,NOK
2013-04-15,3.430000,3.450000,3.330000,3.330000,2.807121,32233700,NOK
2013-04-16,3.460000,3.480000,3.400000,3.440000,2.899849,16832400,NOK
2013-04-17,3.470000,3.630000,3.430000,3.580000,3.017866,54824000,NOK
2013-04-18,3.220000,3.260000,3.110000,3.170000,2.672245,130024600,NOK
2013-04-19,3.090000,3.110000,3.020000,3.070000,2.587947,57174800,NOK
2013-04-22,3.100000,3.210000,3.080000,3.150000,2.655385,44087600,NOK
2013-04-23,3.140000,3.210000,3.130000,3.160000,2.663815,21490600,NOK
2013-04-24,3.160000,3.220000,3.150000,3.200000,2.697534,27872500,NOK
2013-04-25,3.220000,3.350000,3.210000,3.300000,2.781832,35548300,NOK
2013-04-26,3.290000,3.330000,3.250000,3.250000,2.739683,21607700,NOK
2013-04-29,3.300000,3.350000,3.300000,3.320000,2.798691,28091200,NOK
2013-04-30,3.340000,3.400000,3.320000,3.380000,2.849270,22174600,NOK
2013-05-01,3.380000,3.390000,3.340000,3.340000,2.815551,12808200,NOK
2013-05-02,3.290000,3.310000,3.250000,3.260000,2.748112,21301100,NOK
2013-05-03,3.320000,3.350000,3.290000,3.300000,2.781832,21986800,NOK
2013-05-06,3.400000,3.440000,3.370000,3.400000,2.866130,26755000,NOK
2013-05-07,3.550000,3.590000,3.450000,3.500000,2.950428,40445900,NOK
2013-05-08,3.540000,3.600000,3.510000,3.520000,2.967287,25576400,NOK
2013-05-09,3.580000,3.610000,3.530000,3.550000,2.992577,25528900,NOK
2013-05-10,3.650000,3.660000,3.620000,3.660000,3.085304,24115200,NOK
2013-05-13,3.790000,3.920000,3.770000,3.840000,3.237041,56888900,NOK
2013-05-14,3.660000,3.680000,3.580000,3.640000,3.068445,71897200,NOK
2013-05-15,3.690000,3.770000,3.640000,3.750000,3.161173,49193100,NOK
2013-05-16,3.770000,3.790000,3.690000,3.690000,3.110594,36987100,NOK
2013-05-17,3.730000,3.750000,3.700000,3.730000,3.144313,25192400,NOK
2013-05-20,3.780000,3.800000,3.740000,3.760000,3.169602,22870000,NOK
2013-05-21,3.770000,3.790000,3.710000,3.740000,3.152743,22928700,NOK
2013-05-22,3.750000,3.790000,3.610000,3.640000,3.068445,34516500,NOK
2013-05-23,3.570000,3.620000,3.510000,3.600000,3.034725,28709200,NOK
2013-05-24,3.560000,3.680000,3.550000,3.650000,3.076875,23958300,NOK
2013-05-28,3.660000,3.680000,3.570000,3.590000,3.026296,22948700,NOK
2013-05-29,3.570000,3.630000,3.560000,3.610000,3.043155,17183200,NOK
2013-05-30,3.620000,3.620000,3.470000,3.470000,2.925138,33553100,NOK
2013-05-31,3.420000,3.510000,3.390000,3.440000,2.899849,24696900,NOK
2013-06-03,3.440000,3.480000,3.420000,3.480000,2.933568,18438500,NOK
2013-06-04,3.510000,3.550000,3.510000,3.540000,2.984147,19145200,NOK
2013-06-05,3.480000,3.510000,3.420000,3.460000,2.916709,27511000,NOK
2013-06-06,3.450000,3.550000,3.440000,3.530000,2.975717,23224400,NOK
2013-06-07,3.510000,3.550000,3.490000,3.540000,2.984147,18297000,NOK
2013-06-10,3.590000,3.600000,3.550000,3.580000,3.017866,9716600,NOK
2013-06-11,3.510000,3.530000,3.460000,3.470000,2.925138,11799500,NOK
2013-06-12,3.470000,3.510000,3.420000,3.490000,2.941998,16060500,NOK
2013-06-13,3.510000,3.540000,3.460000,3.530000,2.975717,13280400,NOK
2013-06-14,3.680000,3.700000,3.610000,3.620000,3.051585,28451600,NOK
2013-06-17,3.720000,3.760000,3.680000,3.690000,3.110594,19947800,NOK
2013-06-18,3.690000,4.120000,3.670000,3.860000,3.253900,126890100,NOK
2013-06-19,3.820000,3.890000,3.790000,3.850000,3.245471,41372500,NOK
2013-06-20,3.880000,3.980000,3.780000,3.830000,3.228611,60031900,NOK
2013-06-21,3.850000,3.940000,3.820000,3.930000,3.312909,34476800,NOK
2013-06-24,3.820000,3.850000,3.780000,3.800000,3.203322,38509500,NOK
2013-06-25,3.840000,3.860000,3.780000,3.840000,3.237041,22308300,NOK
2013-06-26,3.850000,3.910000,3.820000,3.910000,3.296049,22209200,NOK
2013-06-27,3.910000,3.920000,3.780000,3.810000,3.211751,23058200,NOK
2013-06-28,3.770000,3.780000,3.700000,3.740000,3.152743,18915500,NOK
2013-07-01,3.950000,3.960000,3.810000,3.860000,3.253900,34092900,NOK
2013-07-02,3.890000,3.900000,3.820000,3.830000,3.228611,14540700,NOK
2013-07-03,3.870000,3.980000,3.850000,3.930000,3.312909,18311100,NOK
2013-07-05,4.030000,4.090000,3.980000,4.080000,3.439356,31306100,NOK
2013-07-08,4.090000,4.150000,4.080000,4.130000,3.481505,29976600,NOK
2013-07-09,4.230000,4.290000,4.210000,4.220000,3.557373,36162800,NOK
2013-07-10,4.080000,4.160000,4.050000,4.140000,3.489934,29326800,NOK
2013-07-11,4.230000,4.240000,4.070000,4.210000,3.548943,38411600,NOK
2013-07-12,4.140000,4.170000,4.110000,4.150000,3.498364,21512700,NOK
2013-07-15,4.110000,4.160000,4.080000,4.120000,3.473075,16737800,NOK
2013-07-16,4.050000,4.090000,3.970000,4.000000,3.371917,26251300,NOK
2013-07-17,4.070000,4.080000,4.000000,4.040000,3.405637,30180700,NOK
2013-07-18,3.890000,4.070000,3.880000,4.030000,3.397207,62367900,NOK
2013-07-19,3.990000,4.060000,3.980000,4.020000,3.388777,30134300,NOK
2013-07-22,3.990000,4.020000,3.940000,3.950000,3.329768,19623100,NOK
2013-07-23,4.000000,4.030000,3.980000,3.980000,3.355058,13015800,NOK
2013-07-24,4.020000,4.040000,3.970000,4.010000,3.380347,20279700,NOK
2013-07-25,3.990000,4.070000,3.990000,4.050000,3.414067,15408400,NOK
2013-07-26,4.020000,4.030000,3.990000,4.010000,3.380347,10684300,NOK
2013-07-29,3.990000,4.010000,3.960000,3.970000,3.346628,8948000,NOK
2013-07-30,4.010000,4.020000,3.960000,3.980000,3.355058,9330900,NOK
2013-07-31,3.960000,3.990000,3.920000,3.940000,3.321339,14606300,NOK
2013-08-01,3.980000,4.000000,3.960000,3.970000,3.346628,8332900,NOK
2013-08-02,3.970000,4.000000,3.970000,3.980000,3.355058,9176900,NOK
2013-08-05,4.000000,4.160000,3.990000,4.140000,3.489934,25472700,NOK
2013-08-06,4.130000,4.190000,4.050000,4.060000,3.422496,17487800,NOK
2013-08-07,4.120000,4.130000,4.060000,4.090000,3.447786,11079500,NOK
2013-08-08,4.150000,4.160000,4.120000,4.140000,3.489934,12592300,NOK
2013-08-09,4.170000,4.210000,4.150000,4.170000,3.515224,18987800,NOK
2013-08-12,4.160000,4.220000,4.140000,4.180000,3.523654,13260800,NOK
2013-08-13,4.170000,4.190000,4.120000,4.160000,3.506794,15923500,NOK
2013-08-14,4.160000,4.190000,4.140000,4.180000,3.523654,10244500,NOK
2013-08-15,4.120000,4.140000,4.070000,4.110000,3.464645,13101400,NOK
2013-08-16,4.150000,4.160000,4.090000,4.140000,3.489934,10474800,NOK
2013-08-19,4.120000,4.160000,4.100000,4.130000,3.481505,10313900,NOK
2013-08-20,4.040000,4.090000,4.030000,4.060000,3.422496,16439500,NOK
2013-08-21,3.980000,4.060000,3.960000,4.030000,3.397207,28571700,NOK
2013-08-22,4.060000,4.130000,4.050000,4.120000,3.473075,17800700,NOK
2013-08-23,4.100000,4.190000,4.090000,4.160000,3.506794,22885800,NOK
2013-08-26,4.130000,4.180000,4.120000,4.170000,3.515224,12480200,NOK
2013-08-27,4.020000,4.060000,3.970000,3.990000,3.363488,20289700,NOK
2013-08-28,3.910000,3.990000,3.890000,3.970000,3.346628,19353100,NOK
2013-08-29,3.940000,4.030000,3.940000,4.000000,3.371917,12660600,NOK
2013-08-30,3.910000,3.930000,3.870000,3.900000,3.287620,20593700,NOK
2013-09-03,5.450000,5.580000,4.970000,5.120000,4.316054,565716200,NOK
2013-09-04,5.190000,5.360000,5.170000,5.330000,4.493080,156090700,NOK
2013-09-05,5.470000,5.550000,5.440000,5.490000,4.627956,98676200,NOK
2013-09-06,5.470000,5.490000,5.340000,5.370000,4.526799,56056500,NOK
2013-09-09,5.480000,5.530000,5.460000,5.520000,4.653246,42023200,NOK
2013-09-10,5.570000,5.680000,5.550000,5.660000,4.771263,41367800,NOK
2013-09-11,5.790000,5.950000,5.790000,5.950000,5.015727,77965900,NOK
2013-09-12,6.070000,6.470000,6.040000,6.360000,5.361349,125591900,NOK
2013-09-13,6.440000,6.470000,6.210000,6.410000,5.403498,96979700,NOK
2013-09-16,6.290000,6.390000,6.220000,6.240000,5.260191,57755700,NOK
2013-09-17,6.260000,6.370000,6.220000,6.270000,5.285480,30711200,NOK
2013-09-18,6.510000,6.740000,6.450000,6.710000,5.656392,60606000,NOK
2013-09-19,6.730000,6.780000,6.550000,6.690000,5.639532,53295900,NOK
2013-09-20,6.610000,6.740000,6.520000,6.580000,5.546804,37047700,NOK
2013-09-23,6.560000,6.720000,6.450000,6.670000,5.622673,48904100,NOK
2013-09-24,6.610000,6.650000,6.540000,6.580000,5.546804,29567500,NOK
2013-09-25,6.610000,6.700000,6.590000,6.630000,5.588953,24009300,NOK
2013-09-26,6.600000,6.660000,6.570000,6.640000,5.597383,16098000,NOK
2013-09-27,6.630000,6.700000,6.600000,6.660000,5.614242,18783900,NOK
2013-09-30,6.540000,6.600000,6.500000,6.510000,5.487796,24644000,NOK
2013-10-01,6.660000,6.750000,6.580000,6.620000,5.580523,34945800,NOK
2013-10-02,6.690000,6.690000,6.580000,6.630000,5.588953,43085500,NOK
2013-10-03,6.710000,6.720000,6.570000,6.710000,5.656392,27681400,NOK
2013-10-04,6.680000,6.750000,6.650000,6.730000,5.673251,21369800,NOK
2013-10-07,6.610000,6.700000,6.580000,6.640000,5.597383,31363000,NOK
2013-10-08,6.690000,6.710000,6.530000,6.600000,5.563664,28947700,NOK
2013-10-09,6.500000,6.520000,6.220000,6.490000,5.470936,60526200,NOK
2013-10-10,6.530000,6.620000,6.520000,6.580000,5.546804,30029900,NOK
2013-10-11,6.610000,6.660000,6.560000,6.650000,5.605813,15382200,NOK
2013-10-14,6.600000,6.670000,6.580000,6.620000,5.580523,21166900,NOK
2013-10-15,6.760000,6.960000,6.750000,6.920000,5.833417,43676500,NOK
2013-10-16,7.000000,7.070000,6.920000,7.030000,5.926145,29391300,NOK
2013-10-17,7.140000,7.170000,7.050000,7.120000,6.002013,31248600,NOK
2013-10-18,7.190000,7.200000,7.110000,7.150000,6.027303,22419100,NOK
2013-10-21,7.180000,7.230000,7.130000,7.150000,6.027303,16021500,NOK
2013-10-22,7.200000,7.410000,7.160000,7.350000,6.195898,62574500,NOK
2013-10-23,7.310000,7.370000,7.260000,7.290000,6.145320,31192800,NOK
2013-10-24,7.150000,7.250000,7.080000,7.150000,6.027303,24743300,NOK
2013-10-25,7.060000,7.120000,6.950000,6.970000,5.875566,24661800,NOK
2013-10-28,6.870000,6.890000,6.720000,6.750000,5.690111,34652000,NOK
2013-10-29,7.280000,7.490000,7.250000,7.450000,6.280196,85300800,NOK
2013-10-30,7.710000,7.770000,7.560000,7.620000,6.423503,48364900,NOK
2013-10-31,7.560000,7.690000,7.520000,7.630000,6.431932,30324200,NOK
2013-11-01,7.620000,7.700000,7.570000,7.620000,6.423503,21613400,NOK
2013-11-04,7.760000,7.820000,7.700000,7.750000,6.533090,22038500,NOK
2013-11-05,7.720000,7.780000,7.660000,7.700000,6.490941,21076000,NOK
2013-11-06,7.890000,7.990000,7.870000,7.900000,6.659537,25382100,NOK
2013-11-07,7.860000,7.860000,7.520000,7.540000,6.356064,39464500,NOK
2013-11-08,7.430000,7.720000,7.420000,7.650000,6.448792,25284800,NOK
2013-11-11,7.720000,7.770000,7.690000,7.740000,6.524660,13355200,NOK
2013-11-12,7.600000,7.720000,7.600000,7.710000,6.499371,19830100,NOK
2013-11-13,7.710000,7.940000,7.690000,7.940000,6.693256,24921300,NOK
2013-11-14,7.970000,7.980000,7.860000,7.890000,6.651107,19735800,NOK
2013-11-15,7.980000,8.010000,7.890000,8.000000,6.743835,25754800,NOK
2013-11-18,8.090000,8.130000,8.010000,8.060000,6.794414,30402700,NOK
2013-11-19,7.980000,8.030000,7.750000,7.800000,6.575239,23423900,NOK
2013-11-20,8.000000,8.020000,7.760000,7.940000,6.693256,26201000,NOK
2013-11-21,7.990000,7.990000,7.900000,7.950000,6.701685,25423900,NOK
2013-11-22,8.010000,8.180000,7.960000,8.090000,6.819703,35762400,NOK
2013-11-25,8.040000,8.110000,8.000000,8.100000,6.828133,26917200,NOK
2013-11-26,8.080000,8.100000,7.920000,7.930000,6.684826,24526500,NOK
2013-11-27,8.030000,8.080000,7.960000,8.010000,6.752265,14118300,NOK
2013-11-29,8.100000,8.130000,8.040000,8.060000,6.794414,9326900,NOK
2013-12-02,8.000000,8.030000,7.940000,7.970000,6.718545,13524000,NOK
2013-12-03,7.740000,7.820000,7.690000,7.810000,6.583669,22806900,NOK
2013-12-04,7.710000,7.920000,7.690000,7.900000,6.659537,19142600,NOK
2013-12-05,7.900000,7.920000,7.730000,7.730000,6.516230,16693400,NOK
2013-12-06,7.830000,7.970000,7.830000,7.880000,6.642678,25700300,NOK
2013-12-09,8.080000,8.120000,7.960000,8.000000,6.743835,30854000,NOK
2013-12-10,7.880000,7.950000,7.840000,7.920000,6.676396,17285700,NOK
2013-12-11,7.950000,7.970000,7.710000,7.730000,6.516230,30757800,NOK
2013-12-12,7.780000,7.850000,7.630000,7.710000,6.499371,19123200,NOK
2013-12-13,7.630000,7.650000,7.520000,7.540000,6.356064,22386700,NOK
2013-12-16,7.520000,7.580000,7.420000,7.460000,6.288626,20727300,NOK
2013-12-17,7.370000,7.450000,7.310000,7.360000,6.204328,31954200,NOK
2013-12-18,7.600000,7.710000,7.480000,7.710000,6.499371,41726700,NOK
2013-12-19,7.590000,7.750000,7.580000,7.730000,6.516230,19219300,NOK
2013-12-20,7.740000,7.880000,7.730000,7.810000,6.583669,26094600,NOK
2013-12-23,7.790000,7.860000,7.760000,7.790000,6.566809,12296300,NOK
2013-12-24,7.780000,7.830000,7.730000,7.830000,6.600528,5634900,NOK
2013-12-26,7.830000,7.930000,7.820000,7.890000,6.651107,10384900,NOK
2013-12-27,7.980000,8.080000,7.970000,8.060000,6.794414,14868500,NOK
2013-12-30,7.990000,8.040000,7.950000,7.990000,6.735405,12390200,NOK
2013-12-31,8.020000,8.180000,8.010000,8.110000,6.836562,13173700,NOK
2014-01-02,8.030000,8.040000,7.930000,7.940000,6.693256,22077500,NOK
2014-01-03,8.030000,8.060000,7.950000,8.030000,6.769125,17222200,NOK
2014-01-06,8.040000,8.060000,7.980000,8.020000,6.760695,13436400,NOK
2014-01-07,7.970000,8.070000,7.930000,8.040000,6.777554,25999500,NOK
2014-01-08,7.990000,8.110000,7.970000,8.110000,6.836562,17523600,NOK
2014-01-09,8.140000,8.180000,8.010000,8.050000,6.785985,23252300,NOK
2014-01-10,8.170000,8.200000,8.100000,8.180000,6.895571,16797600,NOK
2014-01-13,8.090000,8.150000,7.940000,7.980000,6.726975,20394100,NOK
2014-01-14,7.930000,7.970000,7.840000,7.940000,6.693256,20121800,NOK
2014-01-15,7.980000,8.020000,7.950000,7.990000,6.735405,8436000,NOK
2014-01-16,7.960000,8.010000,7.870000,7.940000,6.693256,13322500,NOK
2014-01-17,7.870000,7.930000,7.770000,7.790000,6.566809,18977800,NOK
2014-01-21,7.860000,7.870000,7.730000,7.800000,6.575239,10834000,NOK
2014-01-22,7.860000,7.880000,7.630000,7.700000,6.490941,24565800,NOK
2014-01-23,7.240000,7.250000,6.880000,7.030000,5.926145,85686800,NOK
2014-01-24,7.060000,7.090000,6.840000,6.860000,5.782839,31668900,NOK
2014-01-27,6.970000,7.050000,6.810000,6.930000,5.841847,26703100,NOK
2014-01-28,6.980000,7.020000,6.940000,7.000000,5.900856,17117800,NOK
2014-01-29,7.030000,7.150000,6.980000,7.040000,5.934575,27659300,NOK
2014-01-30,7.040000,7.090000,6.970000,7.030000,5.926145,24121200,NOK
2014-01-31,6.910000,7.000000,6.870000,6.920000,5.833417,13533800,NOK
2014-02-03,6.850000,6.850000,6.640000,6.660000,5.614242,17189600,NOK
2014-02-04,6.750000,6.810000,6.720000,6.780000,5.715400,10667100,NOK
2014-02-05,6.790000,6.820000,6.660000,6.690000,5.639532,28118200,NOK
2014-02-06,6.890000,7.050000,6.870000,7.010000,5.909285,18917400,NOK
2014-02-07,7.040000,7.710000,7.020000,7.660000,6.457222,46728700,NOK
2014-02-10,7.420000,7.490000,7.310000,7.380000,6.221188,27303300,NOK
2014-02-11,7.310000,7.420000,7.300000,7.390000,6.229617,17091400,NOK
2014-02-12,7.130000,7.220000,7.120000,7.150000,6.027303,17767400,NOK
2014-02-13,7.130000,7.310000,7.110000,7.200000,6.069451,21624400,NOK
2014-02-14,7.180000,7.300000,7.110000,7.140000,6.018872,18434100,NOK
2014-02-18,7.230000,7.400000,7.220000,7.330000,6.179039,27568800,NOK
2014-02-19,7.370000,7.390000,7.240000,7.270000,6.128460,11852600,NOK
2014-02-20,7.250000,7.330000,7.210000,7.310000,6.162179,16182700,NOK
2014-02-21,7.430000,7.490000,7.370000,7.460000,6.288626,14231800,NOK
2014-02-24,7.490000,7.650000,7.470000,7.620000,6.423503,16049900,NOK
2014-02-25,7.600000,7.730000,7.580000,7.640000,6.440362,19819100,NOK
2014-02-26,7.720000,7.730000,7.550000,7.630000,6.431932,9645500,NOK
2014-02-27,7.610000,7.730000,7.570000,7.690000,6.482512,10291500,NOK
2014-02-28,7.710000,7.810000,7.580000,7.580000,6.389783,21575000,NOK
2014-03-03,7.500000,7.590000,7.450000,7.590000,6.398213,16192200,NOK
2014-03-04,7.650000,7.750000,7.650000,7.700000,6.490941,18824600,NOK
2014-03-05,7.760000,7.850000,7.760000,7.790000,6.566809,15423800,NOK
2014-03-06,7.810000,7.890000,7.800000,7.820000,6.592099,6807900,NOK
2014-03-07,7.970000,8.060000,7.860000,7.950000,6.701685,30969800,NOK
2014-03-10,7.930000,7.980000,7.870000,7.920000,6.676396,24594700,NOK
2014-03-11,7.830000,7.920000,7.790000,7.810000,6.583669,16698000,NOK
2014-03-12,7.730000,7.750000,7.630000,7.750000,6.533090,13347400,NOK
2014-03-13,7.780000,7.810000,7.480000,7.560000,6.372923,17411400,NOK
2014-03-14,7.490000,7.620000,7.470000,7.540000,6.356064,17101000,NOK
2014-03-17,7.610000,7.690000,7.590000,7.600000,6.406643,9186800,NOK
2014-03-18,7.640000,7.730000,7.600000,7.670000,6.465652,13460400,NOK
2014-03-19,7.650000,7.650000,7.470000,7.540000,6.356064,11111800,NOK
2014-03-20,7.400000,7.580000,7.370000,7.440000,6.271766,29095100,NOK
2014-03-21,7.400000,7.420000,7.140000,7.170000,6.044162,32107500,NOK
2014-03-24,7.210000,7.340000,7.080000,7.220000,6.086311,36671900,NOK
2014-03-25,7.290000,7.320000,7.190000,7.310000,6.162179,17867700,NOK
2014-03-26,7.410000,7.460000,7.290000,7.310000,6.162179,17432400,NOK
2014-03-27,7.280000,7.310000,7.210000,7.270000,6.128460,14810200,NOK
2014-03-28,7.340000,7.390000,7.280000,7.340000,6.187469,14101500,NOK
2014-03-31,7.400000,7.440000,7.320000,7.340000,6.187469,18197100,NOK
2014-04-01,7.490000,7.640000,7.450000,7.550000,6.364494,35257900,NOK
2014-04-02,7.630000,7.660000,7.560000,7.630000,6.431932,22512800,NOK
2014-04-03,7.710000,7.740000,7.550000,7.620000,6.423503,14123300,NOK
2014-04-04,7.640000,7.650000,7.280000,7.350000,6.195898,37128800,NOK
2014-04-07,7.340000,7.390000,7.140000,7.220000,6.086311,24756700,NOK
2014-04-08,7.590000,7.780000,7.520000,7.580000,6.389783,67411500,NOK
2014-04-09,7.690000,7.840000,7.620000,7.810000,6.583669,31367600,NOK
2014-04-10,7.810000,7.840000,7.570000,7.640000,6.440362,16290200,NOK
2014-04-11,7.490000,7.590000,7.370000,7.410000,6.246477,16714000,NOK
2014-04-14,7.310000,7.360000,7.250000,7.340000,6.187469,17307600,NOK
2014-04-15,7.280000,7.340000,7.060000,7.150000,6.027303,25696900,NOK
2014-04-16,7.200000,7.330000,7.190000,7.300000,6.153749,21293600,NOK
2014-04-17,7.390000,7.410000,7.330000,7.340000,6.187469,15840300,NOK
2014-04-21,7.350000,7.450000,7.300000,7.430000,6.263337,15390900,NOK
2014-04-22,7.550000,7.550000,7.450000,7.470000,6.297056,16501200,NOK
2014-04-23,7.390000,7.390000,7.270000,7.300000,6.153749,9125400,NOK
2014-04-24,7.290000,7.330000,7.200000,7.300000,6.153749,17567400,NOK
2014-04-25,7.420000,7.440000,7.200000,7.270000,6.128460,12353800,NOK
2014-04-28,7.210000,7.220000,7.000000,7.030000,5.926145,40281100,NOK
2014-04-29,7.360000,7.480000,7.170000,7.430000,6.263337,63479700,NOK
2014-04-30,7.410000,7.540000,7.390000,7.500000,6.322345,25498800,NOK
2014-05-01,7.450000,7.540000,7.430000,7.450000,6.280196,11846300,NOK
2014-05-02,7.360000,7.450000,7.340000,7.350000,6.195898,15419800,NOK
2014-05-05,7.290000,7.350000,7.240000,7.270000,6.128460,9346600,NOK
2014-05-06,7.300000,7.310000,7.210000,7.260000,6.120030,8130100,NOK
2014-05-07,7.280000,7.310000,7.210000,7.290000,6.145320,12053200,NOK
2014-05-08,7.340000,7.400000,7.270000,7.300000,6.153749,19359700,NOK
2014-05-09,7.300000,7.300000,7.170000,7.240000,6.103170,16001700,NOK
2014-05-12,7.300000,7.460000,7.290000,7.440000,6.271766,11478400,NOK
2014-05-13,7.450000,7.480000,7.330000,7.370000,6.212758,16412400,NOK
2014-05-14,7.380000,7.410000,7.270000,7.280000,6.136890,20506100,NOK
2014-05-15,7.290000,7.290000,7.170000,7.260000,6.120030,9864000,NOK
2014-05-16,7.210000,7.260000,7.160000,7.240000,6.103170,9062600,NOK
2014-05-19,7.180000,7.280000,7.180000,7.230000,6.094741,10813900,NOK
2014-05-20,7.340000,7.340000,7.220000,7.250000,6.111600,10645700,NOK
2014-05-21,7.470000,7.630000,7.440000,7.620000,6.423503,31428100,NOK
2014-05-22,7.730000,7.800000,7.690000,7.800000,6.575239,21850800,NOK
2014-05-23,7.790000,7.860000,7.780000,7.840000,6.608959,12725600,NOK
2014-05-27,7.800000,7.880000,7.790000,7.860000,6.625818,12141600,NOK
2014-05-28,7.850000,7.860000,7.800000,7.850000,6.617388,9206600,NOK
2014-05-29,7.810000,7.920000,7.810000,7.920000,6.676396,9377200,NOK
2014-05-30,7.960000,8.150000,7.920000,8.130000,6.853422,23892300,NOK
2014-06-02,7.990000,8.100000,7.990000,8.100000,6.828133,18223700,NOK
2014-06-03,7.970000,8.020000,7.930000,7.980000,6.726975,14501800,NOK
2014-06-04,7.810000,7.930000,7.780000,7.820000,6.592099,19073000,NOK
2014-06-05,7.930000,8.060000,7.900000,8.040000,6.777554,13546700,NOK
2014-06-06,7.980000,8.000000,7.870000,7.880000,6.642678,16336900,NOK
2014-06-09,7.860000,7.920000,7.800000,7.900000,6.659537,10524500,NOK
2014-06-10,7.940000,8.080000,7.930000,8.060000,6.794414,18714100,NOK
2014-06-11,7.990000,8.110000,7.970000,8.050000,6.785985,14061500,NOK
2014-06-12,8.060000,8.150000,7.990000,8.040000,6.777554,20673200,NOK
2014-06-13,8.020000,8.060000,7.980000,8.040000,6.777554,10269800,NOK
2014-06-16,7.970000,8.010000,7.950000,7.980000,6.726975,10390900,NOK
2014-06-17,7.950000,8.080000,7.930000,8.040000,6.777554,14962900,NOK
2014-06-18,8.130000,8.350000,8.100000,8.330000,7.022018,32093900,NOK
2014-06-19,7.870000,7.920000,7.770000,7.810000,7.013935,21876900,NOK
2014-06-20,7.790000,7.820000,7.720000,7.750000,6.960051,9381700,NOK
2014-06-23,7.900000,7.900000,7.840000,7.890000,7.085781,10361500,NOK
2014-06-24,7.770000,7.800000,7.580000,7.590000,6.816360,18741200,NOK
2014-06-25,7.640000,7.740000,7.630000,7.700000,6.915147,13865400,NOK
2014-06-26,7.690000,7.700000,7.600000,7.680000,6.897186,7922800,NOK
2014-06-27,7.610000,7.660000,7.560000,7.610000,6.834321,11745100,NOK
2014-06-30,7.600000,7.630000,7.560000,7.560000,6.789417,7340100,NOK
2014-07-01,7.640000,7.680000,7.600000,7.610000,6.834321,5742200,NOK
2014-07-02,7.650000,7.670000,7.600000,7.610000,6.834321,7665200,NOK
2014-07-03,7.730000,7.780000,7.660000,7.730000,6.942089,6397300,NOK
2014-07-07,7.600000,7.650000,7.580000,7.620000,6.843302,7916400,NOK
2014-07-08,7.430000,7.460000,7.300000,7.400000,6.645726,22043900,NOK
2014-07-09,7.430000,7.540000,7.410000,7.540000,6.771456,11232900,NOK
2014-07-10,7.430000,7.600000,7.410000,7.540000,6.771456,12751300,NOK
2014-07-11,7.480000,7.530000,7.420000,7.470000,6.708591,8127600,NOK
2014-07-14,7.520000,7.550000,7.480000,7.500000,6.735533,6108300,NOK
2014-07-15,7.470000,7.480000,7.370000,7.440000,6.681649,9355400,NOK
2014-07-16,7.500000,7.530000,7.460000,7.510000,6.744514,7397300,NOK
2014-07-17,7.510000,7.520000,7.360000,7.380000,6.627765,9598500,NOK
2014-07-18,7.610000,7.630000,7.530000,7.630000,6.852283,25264900,NOK
2014-07-21,7.640000,7.680000,7.590000,7.630000,6.852283,16708200,NOK
2014-07-22,7.650000,7.760000,7.620000,7.720000,6.933108,19906400,NOK
2014-07-23,7.660000,7.710000,7.630000,7.680000,6.897186,14903500,NOK
2014-07-24,8.280000,8.350000,8.130000,8.320000,7.471951,63892600,NOK
2014-07-25,8.210000,8.260000,8.160000,8.240000,7.400106,15948100,NOK
2014-07-28,8.210000,8.230000,8.100000,8.190000,7.355202,15782400,NOK
2014-07-29,8.190000,8.230000,8.130000,8.180000,7.346222,20177900,NOK
2014-07-30,8.140000,8.230000,8.110000,8.140000,7.310299,9526400,NOK
2014-07-31,7.990000,8.010000,7.850000,7.930000,7.121704,25109000,NOK
2014-08-01,7.920000,7.940000,7.750000,7.800000,7.004954,19051000,NOK
2014-08-04,7.880000,7.930000,7.800000,7.850000,7.049858,29640500,NOK
2014-08-05,7.990000,8.020000,7.780000,7.830000,7.031897,37857800,NOK
2014-08-06,7.750000,7.800000,7.710000,7.740000,6.951070,13811600,NOK
2014-08-07,7.800000,7.810000,7.630000,7.690000,6.906167,19841300,NOK
2014-08-08,7.660000,7.680000,7.600000,7.650000,6.870244,10790100,NOK
2014-08-11,7.750000,7.770000,7.690000,7.720000,6.933108,18212500,NOK
2014-08-12,7.730000,7.750000,7.650000,7.720000,6.933108,8173100,NOK
2014-08-13,7.720000,7.740000,7.690000,7.740000,6.951070,4847500,NOK
2014-08-14,7.780000,7.810000,7.760000,7.800000,7.004954,20372500,NOK
2014-08-15,7.800000,7.840000,7.710000,7.750000,6.960051,12936800,NOK
2014-08-18,7.800000,7.820000,7.780000,7.820000,7.022916,12791800,NOK
2014-08-19,7.870000,8.020000,7.850000,8.020000,7.202530,54482400,NOK
2014-08-20,8.100000,8.250000,8.090000,8.130000,7.301318,43178100,NOK
2014-08-21,8.260000,8.320000,8.210000,8.250000,7.409087,27013200,NOK
2014-08-22,8.190000,8.220000,8.140000,8.180000,7.346222,13364900,NOK
2014-08-25,8.220000,8.270000,8.200000,8.260000,7.418068,25538900,NOK
2014-08-26,8.200000,8.260000,8.190000,8.220000,7.382145,15103300,NOK
2014-08-27,8.110000,8.180000,8.100000,8.140000,7.310299,6594500,NOK
2014-08-28,7.990000,8.160000,7.970000,8.130000,7.301318,13815200,NOK
2014-08-29,8.360000,8.400000,8.230000,8.370000,7.516855,17134300,NOK
2014-09-02,8.300000,8.370000,8.280000,8.340000,7.489913,11996600,NOK
2014-09-03,8.480000,8.490000,8.360000,8.390000,7.534817,18270600,NOK
2014-09-04,8.400000,8.470000,8.290000,8.310000,7.462971,17794600,NOK
2014-09-05,8.350000,8.370000,8.270000,8.320000,7.471951,12355400,NOK
2014-09-08,8.440000,8.520000,8.410000,8.490000,7.624623,25747600,NOK
2014-09-09,8.380000,8.380000,8.240000,8.270000,7.427048,17633200,NOK
2014-09-10,8.330000,8.370000,8.270000,8.360000,7.507874,11574900,NOK
2014-09-11,8.380000,8.430000,8.350000,8.430000,7.570739,8397000,NOK
2014-09-12,8.450000,8.460000,8.350000,8.370000,7.516855,10751900,NOK
2014-09-15,8.530000,8.630000,8.520000,8.560000,7.687489,41539500,NOK
2014-09-16,8.490000,8.590000,8.430000,8.570000,7.696469,12172800,NOK
2014-09-17,8.570000,8.610000,8.500000,8.540000,7.669527,21019800,NOK
2014-09-18,8.590000,8.680000,8.550000,8.630000,7.750353,17273800,NOK
2014-09-19,8.710000,8.730000,8.570000,8.640000,7.759335,33471700,NOK
2014-09-22,8.660000,8.680000,8.550000,8.610000,7.732391,21366000,NOK
2014-09-23,8.510000,8.580000,8.460000,8.510000,7.642585,12277500,NOK
2014-09-24,8.540000,8.670000,8.510000,8.660000,7.777296,10520800,NOK
2014-09-25,8.630000,8.660000,8.510000,8.560000,7.687489,13306600,NOK
2014-09-26,8.570000,8.610000,8.510000,8.610000,7.732391,10697300,NOK
2014-09-29,8.500000,8.570000,8.470000,8.550000,7.678508,8171400,NOK
2014-09-30,8.490000,8.520000,8.420000,8.460000,7.597681,8485100,NOK
2014-10-01,8.330000,8.330000,8.170000,8.200000,7.364182,15726600,NOK
2014-10-02,8.320000,8.370000,8.100000,8.290000,7.445009,18793200,NOK
2014-10-03,8.180000,8.320000,8.150000,8.290000,7.445009,8948700,NOK
2014-10-06,8.560000,8.580000,8.450000,8.510000,7.642585,19087000,NOK
2014-10-07,8.330000,8.360000,8.160000,8.170000,7.337241,15568400,NOK
2014-10-08,8.110000,8.290000,8.050000,8.270000,7.427048,16739500,NOK
2014-10-09,8.270000,8.310000,8.040000,8.050000,7.229473,16608900,NOK
2014-10-10,8.090000,8.100000,7.890000,7.900000,7.094762,17268600,NOK
2014-10-13,8.090000,8.100000,7.900000,7.900000,7.094762,15489800,NOK
2014-10-14,8.010000,8.060000,7.870000,7.960000,7.148645,25358000,NOK
2014-10-15,7.720000,7.890000,7.610000,7.770000,6.978013,30148400,NOK
2014-10-16,7.600000,7.880000,7.580000,7.800000,7.004954,20798400,NOK
2014-10-17,7.910000,8.000000,7.890000,7.940000,7.130684,10423400,NOK
2014-10-20,7.830000,7.910000,7.810000,7.890000,7.085781,9410100,NOK
2014-10-21,7.980000,8.190000,7.970000,8.170000,7.337241,12318800,NOK
2014-10-22,8.210000,8.230000,7.900000,7.930000,7.121704,42934400,NOK
2014-10-23,8.350000,8.500000,8.280000,8.400000,7.543797,75787400,NOK
2014-10-24,8.440000,8.440000,8.260000,8.340000,7.489913,14947100,NOK
2014-10-27,8.290000,8.390000,8.200000,8.370000,7.516855,17195400,NOK
2014-10-28,8.390000,8.450000,8.360000,8.430000,7.570739,32892700,NOK
2014-10-29,8.340000,8.350000,8.200000,8.220000,7.382145,23607700,NOK
2014-10-30,8.260000,8.290000,8.230000,8.230000,7.391125,22943700,NOK
2014-10-31,8.320000,8.330000,8.250000,8.270000,7.427048,32661800,NOK
2014-11-03,8.380000,8.440000,8.350000,8.360000,7.507874,20727700,NOK
2014-11-04,8.220000,8.230000,8.080000,8.120000,7.292337,14700700,NOK
2014-11-05,8.230000,8.240000,8.160000,8.170000,7.337241,8821200,NOK
2014-11-06,8.180000,8.240000,8.130000,8.130000,7.301318,8361400,NOK
2014-11-07,8.000000,8.070000,7.920000,8.010000,7.193550,13495100,NOK
2014-11-10,8.050000,8.130000,8.010000,8.120000,7.292337,7287100,NOK
2014-11-11,8.120000,8.170000,8.100000,8.170000,7.337241,5477500,NOK
2014-11-12,8.060000,8.110000,8.020000,8.050000,7.229473,8711900,NOK
2014-11-13,8.180000,8.270000,8.140000,8.260000,7.418068,15178800,NOK
2014-11-14,7.950000,7.980000,7.760000,7.860000,7.058839,38723200,NOK
2014-11-17,7.680000,7.710000,7.630000,7.670000,6.888205,23331900,NOK
2014-11-18,7.890000,8.010000,7.880000,7.930000,7.121704,27581300,NOK
2014-11-19,7.870000,7.880000,7.730000,7.740000,6.951070,10847000,NOK
2014-11-20,7.860000,7.910000,7.770000,7.780000,6.986993,7364300,NOK
2014-11-21,7.990000,8.080000,7.950000,7.970000,7.157627,19199500,NOK
2014-11-24,8.080000,8.180000,8.070000,8.120000,7.292337,18855500,NOK
2014-11-25,8.110000,8.180000,8.110000,8.120000,7.292337,15559400,NOK
2014-11-26,8.220000,8.230000,8.190000,8.190000,7.355202,7638900,NOK
2014-11-28,8.240000,8.310000,8.210000,8.240000,7.400106,6818900,NOK
2014-12-01,8.340000,8.340000,8.260000,8.280000,7.436028,10933900,NOK
2014-12-02,8.340000,8.350000,8.230000,8.290000,7.445009,17353400,NOK
2014-12-03,8.170000,8.240000,8.120000,8.220000,7.382145,24702200,NOK
2014-12-04,8.150000,8.200000,8.080000,8.140000,7.310299,8797200,NOK
2014-12-05,8.170000,8.320000,8.170000,8.290000,7.445009,16942300,NOK
2014-12-08,8.320000,8.370000,8.200000,8.230000,7.391125,23391400,NOK
2014-12-09,8.090000,8.150000,8.040000,8.130000,7.301318,9793100,NOK
2014-12-10,8.200000,8.240000,8.020000,8.060000,7.238453,13409000,NOK
2014-12-11,8.110000,8.130000,8.000000,8.020000,7.202530,15089700,NOK
2014-12-12,8.060000,8.070000,7.860000,7.870000,7.067820,14086500,NOK
2014-12-15,7.910000,7.930000,7.690000,7.740000,6.951070,14770400,NOK
2014-12-16,7.640000,7.880000,7.610000,7.730000,6.942089,20673900,NOK
2014-12-17,7.700000,7.920000,7.700000,7.860000,7.058839,17209700,NOK
2014-12-18,7.950000,8.070000,7.880000,8.040000,7.220491,13472900,NOK
2014-12-19,7.850000,7.980000,7.850000,7.910000,7.103742,14030600,NOK
2014-12-22,7.910000,7.980000,7.900000,7.960000,7.148645,7607600,NOK
2014-12-23,8.010000,8.110000,8.000000,8.080000,7.256414,9369900,NOK
2014-12-24,8.050000,8.140000,8.050000,8.090000,7.265395,2962100,NOK
2014-12-26,8.100000,8.200000,8.090000,8.170000,7.337241,3080700,NOK
2014-12-29,8.070000,8.090000,8.020000,8.040000,7.220491,4197300,NOK
2014-12-30,8.000000,8.030000,7.950000,7.950000,7.139665,9102400,NOK
2014-12-31,7.940000,8.000000,7.850000,7.860000,7.058839,4354700,NOK
2015-01-02,7.970000,8.030000,7.930000,8.010000,7.193550,7918100,NOK
2015-01-05,7.740000,7.750000,7.590000,7.660000,6.879224,13274100,NOK
2015-01-06,7.590000,7.640000,7.460000,7.540000,6.771456,12899300,NOK
2015-01-07,7.540000,7.600000,7.500000,7.560000,6.789417,11571800,NOK
2015-01-08,7.540000,7.660000,7.530000,7.600000,6.825340,11394800,NOK
2015-01-09,7.570000,7.580000,7.490000,7.550000,6.780437,8253200,NOK
2015-01-12,7.570000,7.570000,7.470000,7.520000,6.753494,5043700,NOK
2015-01-13,7.570000,7.620000,7.400000,7.460000,6.699610,9635800,NOK
2015-01-14,7.650000,7.710000,7.550000,7.700000,6.915147,22680800,NOK
2015-01-15,7.470000,7.510000,7.410000,7.430000,6.672668,13794100,NOK
2015-01-16,7.450000,7.570000,7.410000,7.560000,6.789417,8478500,NOK
2015-01-20,7.680000,7.700000,7.570000,7.670000,6.888205,11703200,NOK
2015-01-21,7.650000,7.740000,7.610000,7.710000,6.924129,7095400,NOK
2015-01-22,7.810000,7.920000,7.780000,7.870000,7.067820,13248200,NOK
2015-01-23,7.990000,8.050000,7.890000,7.900000,7.094762,10211400,NOK
2015-01-26,7.950000,8.020000,7.910000,8.000000,7.184569,20090600,NOK
2015-01-27,8.020000,8.050000,7.940000,8.010000,7.193550,12502600,NOK
2015-01-28,8.120000,8.130000,7.880000,7.890000,7.085781,28758900,NOK
2015-01-29,7.870000,7.880000,7.640000,7.750000,6.960051,25483200,NOK
2015-01-30,7.720000,7.750000,7.600000,7.600000,6.825340,15509400,NOK
2015-02-02,7.580000,7.620000,7.490000,7.600000,6.825340,14713800,NOK
2015-02-03,7.780000,7.880000,7.730000,7.870000,7.067820,10884700,NOK
2015-02-04,7.740000,7.790000,7.690000,7.690000,6.906167,8460000,NOK
2015-02-05,7.760000,7.850000,7.750000,7.820000,7.022916,7253700,NOK
2015-02-06,7.820000,7.820000,7.630000,7.650000,6.870244,9400800,NOK
2015-02-09,7.510000,7.570000,7.500000,7.540000,6.771456,10208500,NOK
2015-02-10,7.750000,7.780000,7.710000,7.770000,6.978013,11278800,NOK
2015-02-11,7.780000,7.870000,7.750000,7.840000,7.040878,12543000,NOK
2015-02-12,7.940000,8.000000,7.910000,7.970000,7.157627,8423400,NOK
2015-02-13,8.010000,8.060000,7.980000,8.020000,7.202530,9556500,NOK
2015-02-17,7.980000,8.090000,7.950000,8.040000,7.220491,10239500,NOK
2015-02-18,8.040000,8.070000,7.980000,8.030000,7.211511,8856600,NOK
2015-02-19,8.050000,8.090000,8.020000,8.030000,7.211511,10335000,NOK
2015-02-20,7.960000,8.080000,7.930000,8.070000,7.247433,11976500,NOK
2015-02-23,7.960000,8.000000,7.930000,7.970000,7.157627,10335300,NOK
2015-02-24,7.950000,8.010000,7.920000,8.010000,7.193550,4678200,NOK
2015-02-25,8.010000,8.060000,8.010000,8.020000,7.202530,5702200,NOK
2015-02-26,8.020000,8.050000,7.970000,8.010000,7.193550,8367300,NOK
2015-02-27,7.960000,8.050000,7.910000,8.010000,7.193550,6413900,NOK
2015-03-02,8.010000,8.090000,8.010000,8.080000,7.256414,5811000,NOK
2015-03-03,8.090000,8.140000,8.000000,8.060000,7.238453,12508100,NOK
2015-03-04,8.000000,8.080000,7.950000,8.050000,7.229473,11309600,NOK
2015-03-05,8.050000,8.070000,8.010000,8.060000,7.238453,19748900,NOK
2015-03-06,7.950000,7.970000,7.810000,7.830000,7.031897,18332800,NOK
2015-03-09,7.850000,7.890000,7.800000,7.860000,7.058839,26485600,NOK
2015-03-10,7.740000,7.760000,7.620000,7.630000,6.852283,25361800,NOK
2015-03-11,7.650000,7.780000,7.630000,7.730000,6.942089,21384200,NOK
2015-03-12,7.690000,7.740000,7.640000,7.720000,6.933108,36966900,NOK
2015-03-13,7.670000,7.700000,7.620000,7.700000,6.915147,35419300,NOK
2015-03-16,7.680000,7.810000,7.670000,7.780000,6.986993,33374800,NOK
2015-03-17,7.700000,7.750000,7.650000,7.670000,6.888205,44015200,NOK
2015-03-18,7.660000,7.930000,7.660000,7.890000,7.085781,35285500,NOK
2015-03-19,7.760000,7.830000,7.750000,7.780000,6.986993,52579500,NOK
2015-03-20,7.840000,7.950000,7.810000,7.860000,7.058839,53649100,NOK
2015-03-23,7.890000,7.930000,7.840000,7.880000,7.076800,9068900,NOK
2015-03-24,7.960000,8.010000,7.910000,7.950000,7.139665,16058000,NOK
2015-03-25,8.020000,8.030000,7.860000,7.860000,7.058839,12626200,NOK
2015-03-26,7.670000,7.680000,7.600000,7.640000,6.861263,15758100,NOK
2015-03-27,7.700000,7.730000,7.670000,7.700000,6.915147,9046200,NOK
2015-03-30,7.690000,7.750000,7.650000,7.730000,6.942089,17730000,NOK
2015-03-31,7.630000,7.710000,7.580000,7.580000,6.807379,28576300,NOK
2015-04-01,7.570000,7.610000,7.500000,7.550000,6.780437,11910300,NOK
2015-04-02,7.650000,7.700000,7.630000,7.650000,6.870244,8233000,NOK
2015-04-06,7.670000,7.860000,7.650000,7.800000,7.004954,14339000,NOK
2015-04-07,7.710000,7.770000,7.700000,7.740000,6.951070,12223800,NOK
2015-04-08,7.740000,7.770000,7.700000,7.740000,6.951070,15093700,NOK
2015-04-09,7.680000,7.760000,7.620000,7.730000,6.942089,49841500,NOK
2015-04-10,7.720000,8.100000,7.690000,8.060000,7.238453,37090000,NOK
2015-04-13,8.180000,8.370000,8.040000,8.300000,7.453990,74468600,NOK
2015-04-14,8.060000,8.070000,7.870000,7.960000,7.148645,80132100,NOK
2015-04-15,7.960000,8.010000,7.620000,7.840000,7.040878,120783300,NOK
2015-04-16,7.840000,7.850000,7.720000,7.770000,6.978013,53359800,NOK
2015-04-17,7.720000,7.750000,7.590000,7.620000,6.843302,89883400,NOK
2015-04-20,7.580000,7.660000,7.570000,7.610000,6.834321,36071300,NOK
2015-04-21,7.840000,7.890000,7.790000,7.840000,7.040878,43060500,NOK
2015-04-22,7.980000,8.020000,7.920000,8.000000,7.184569,31755100,NOK
2015-04-23,7.830000,7.920000,7.800000,7.850000,7.049858,19785400,NOK
2015-04-24,7.840000,7.850000,7.690000,7.760000,6.969032,19508300,NOK
2015-04-27,7.720000,7.730000,7.620000,7.650000,6.870244,25312100,NOK
2015-04-28,7.650000,7.680000,7.600000,7.670000,6.888205,26102400,NOK
2015-04-29,7.540000,7.590000,7.460000,7.490000,6.726552,38665300,NOK
2015-04-30,7.490000,7.490000,6.530000,6.580000,5.909308,82617900,NOK
2015-05-01,6.660000,6.660000,6.460000,6.500000,5.837462,36115300,NOK
2015-05-04,6.620000,6.620000,6.520000,6.540000,5.873385,34622400,NOK
2015-05-05,6.420000,6.440000,6.300000,6.380000,5.872465,32912200,NOK
2015-05-06,6.580000,6.590000,6.380000,6.480000,5.964509,52050800,NOK
2015-05-07,6.660000,6.810000,6.600000,6.720000,6.185417,53082300,NOK
2015-05-08,6.890000,6.990000,6.860000,6.930000,6.378711,45295900,NOK
2015-05-11,6.980000,7.040000,6.860000,6.890000,6.341893,14493000,NOK
2015-05-12,6.880000,6.890000,6.820000,6.820000,6.277462,11255800,NOK
2015-05-13,6.970000,6.980000,6.840000,6.870000,6.323484,15929500,NOK
2015-05-14,6.920000,7.000000,6.860000,6.980000,6.424734,14197500,NOK
2015-05-15,6.870000,6.930000,6.840000,6.900000,6.351098,11277400,NOK
2015-05-18,6.830000,7.030000,6.800000,6.960000,6.406324,24206400,NOK
2015-05-19,6.980000,7.020000,6.950000,6.980000,6.424734,12223000,NOK
2015-05-20,7.050000,7.180000,7.020000,7.130000,6.562801,21113600,NOK
2015-05-21,7.250000,7.430000,7.240000,7.340000,6.756095,24714700,NOK
2015-05-22,7.250000,7.270000,7.220000,7.220000,6.645641,10207300,NOK
2015-05-26,7.190000,7.210000,7.100000,7.180000,6.608823,15818700,NOK
2015-05-27,7.270000,7.380000,7.240000,7.350000,6.765299,12093600,NOK
2015-05-28,7.300000,7.390000,7.290000,7.380000,6.792913,9784600,NOK
2015-05-29,7.390000,7.410000,7.240000,7.290000,6.710073,10807700,NOK
2015-06-01,7.330000,7.340000,7.220000,7.260000,6.682459,8845000,NOK
2015-06-02,7.380000,7.380000,7.300000,7.330000,6.746891,14415800,NOK
2015-06-03,7.390000,7.410000,7.320000,7.360000,6.774505,10603200,NOK
2015-06-04,7.380000,7.480000,7.330000,7.340000,6.756095,15822100,NOK
2015-06-05,7.160000,7.200000,7.100000,7.120000,6.553596,11084300,NOK
2015-06-08,7.110000,7.150000,7.070000,7.150000,6.581210,8814800,NOK
2015-06-09,7.120000,7.200000,7.100000,7.150000,6.581210,8081200,NOK
2015-06-10,7.220000,7.270000,7.180000,7.240000,6.664051,7871100,NOK
2015-06-11,7.230000,7.260000,7.170000,7.220000,6.645641,8409200,NOK
2015-06-12,7.110000,7.200000,7.100000,7.130000,6.562801,7031700,NOK
2015-06-15,6.970000,7.030000,6.940000,7.010000,6.452347,13343500,NOK
2015-06-16,7.140000,7.200000,7.090000,7.140000,6.572005,9220900,NOK
2015-06-17,7.080000,7.160000,7.060000,7.120000,6.553596,8226300,NOK
2015-06-18,7.090000,7.390000,7.080000,7.270000,6.691664,22507900,NOK
2015-06-19,7.280000,7.310000,7.160000,7.190000,6.618028,6107000,NOK
2015-06-22,7.340000,7.380000,7.280000,7.300000,6.719277,9284900,NOK
2015-06-23,7.340000,7.350000,7.290000,7.330000,6.746891,9503300,NOK
2015-06-24,7.250000,7.300000,7.220000,7.230000,6.654846,6416900,NOK
2015-06-25,7.190000,7.240000,7.130000,7.240000,6.664051,14437200,NOK
2015-06-26,7.240000,7.260000,7.180000,7.230000,6.654846,16374500,NOK
2015-06-29,6.930000,6.980000,6.880000,6.910000,6.360302,15557100,NOK
2015-06-30,6.910000,6.920000,6.740000,6.850000,6.305075,20651700,NOK
2015-07-01,6.970000,6.980000,6.810000,6.840000,6.295871,12222600,NOK
2015-07-02,6.840000,6.840000,6.720000,6.730000,6.194622,9363400,NOK
2015-07-06,6.510000,6.660000,6.450000,6.480000,5.964509,16717700,NOK
2015-07-07,6.410000,6.550000,6.260000,6.530000,6.010531,29292100,NOK
2015-07-08,6.380000,6.430000,6.310000,6.320000,5.817237,16885700,NOK
2015-07-09,6.530000,6.550000,6.450000,6.450000,5.936895,17691000,NOK
2015-07-10,6.810000,6.810000,6.640000,6.700000,6.167008,19590900,NOK
2015-07-13,6.710000,6.770000,6.690000,6.710000,6.176212,14859400,NOK
2015-07-14,6.670000,6.740000,6.650000,6.730000,6.194622,19793400,NOK
2015-07-15,6.710000,6.730000,6.620000,6.650000,6.120986,10421600,NOK
2015-07-16,6.740000,6.770000,6.640000,6.680000,6.148599,12208400,NOK
2015-07-17,6.840000,6.850000,6.760000,6.790000,6.249848,13523500,NOK
2015-07-20,6.830000,6.840000,6.780000,6.780000,6.240644,9736300,NOK
2015-07-21,6.750000,6.790000,6.720000,6.750000,6.213030,9144200,NOK
2015-07-22,6.710000,6.730000,6.660000,6.690000,6.157804,8298400,NOK
2015-07-23,6.720000,6.760000,6.700000,6.720000,6.185417,11293900,NOK
2015-07-24,6.870000,6.870000,6.710000,6.740000,6.203826,9621800,NOK
2015-07-27,6.710000,6.740000,6.650000,6.660000,6.130190,6793900,NOK
2015-07-28,6.620000,6.640000,6.550000,6.620000,6.093372,12040500,NOK
2015-07-29,6.570000,6.640000,6.530000,6.590000,6.065759,11361700,NOK
2015-07-30,6.820000,7.050000,6.810000,7.030000,6.470756,24935000,NOK
2015-07-31,7.020000,7.100000,7.000000,7.050000,6.489165,12749200,NOK
2015-08-03,7.000000,7.030000,6.910000,6.930000,6.378711,9507800,NOK
2015-08-04,6.930000,6.960000,6.840000,6.870000,6.323484,8041900,NOK
2015-08-05,6.890000,6.930000,6.850000,6.850000,6.305075,6832200,NOK
2015-08-06,6.890000,6.900000,6.800000,6.810000,6.268258,9326700,NOK
2015-08-07,6.770000,6.780000,6.710000,6.780000,6.240644,7238300,NOK
2015-08-10,6.770000,6.890000,6.770000,6.870000,6.323484,4840600,NOK
2015-08-11,6.720000,6.730000,6.580000,6.640000,6.111781,10639100,NOK
2015-08-12,6.570000,6.670000,6.510000,6.640000,6.111781,12271500,NOK
2015-08-13,6.660000,6.720000,6.640000,6.640000,6.111781,7850900,NOK
2015-08-14,6.620000,6.640000,6.570000,6.610000,6.084168,5260400,NOK
2015-08-17,6.540000,6.630000,6.510000,6.610000,6.084168,5755100,NOK
2015-08-18,6.640000,6.650000,6.580000,6.600000,6.074963,5545400,NOK
2015-08-19,6.500000,6.520000,6.400000,6.460000,5.946100,10512300,NOK
2015-08-20,6.400000,6.420000,6.230000,6.230000,5.734397,8707000,NOK
2015-08-21,6.280000,6.330000,6.110000,6.140000,5.651556,14495500,NOK
2015-08-24,5.840000,5.880000,5.710000,5.870000,5.403035,28244600,NOK
2015-08-25,6.250000,6.300000,6.040000,6.050000,5.568716,22792000,NOK
2015-08-26,6.370000,6.370000,6.090000,6.250000,5.752806,24241100,NOK
2015-08-27,6.320000,6.350000,6.240000,6.320000,5.817237,12284100,NOK
2015-08-28,6.260000,6.370000,6.250000,6.320000,5.817237,7936500,NOK
2015-08-31,6.270000,6.280000,6.180000,6.240000,5.743601,10220000,NOK
2015-09-01,6.110000,6.180000,6.060000,6.110000,5.623943,12230900,NOK
2015-09-02,6.220000,6.240000,6.130000,6.220000,5.725193,10791700,NOK
2015-09-03,6.280000,6.360000,6.250000,6.280000,5.780419,8746300,NOK
2015-09-04,6.220000,6.230000,6.140000,6.160000,5.669965,6751800,NOK
2015-09-08,6.340000,6.380000,6.290000,6.370000,5.863259,7257800,NOK
2015-09-09,6.540000,6.580000,6.420000,6.430000,5.918487,16485100,NOK
2015-09-10,6.520000,6.580000,6.500000,6.550000,6.028941,9497900,NOK
2015-09-11,6.530000,6.550000,6.450000,6.510000,5.992123,10213400,NOK
2015-09-14,6.630000,6.640000,6.590000,6.620000,6.093372,10565500,NOK
2015-09-15,6.610000,6.640000,6.570000,6.600000,6.074963,6569800,NOK
2015-09-16,6.700000,6.760000,6.670000,6.720000,6.185417,8640100,NOK
2015-09-17,6.700000,6.830000,6.680000,6.740000,6.203826,13101200,NOK
2015-09-18,6.740000,6.740000,6.580000,6.600000,6.074963,12735900,NOK
2015-09-21,6.650000,6.680000,6.600000,6.620000,6.093372,7472000,NOK
2015-09-22,6.510000,6.550000,6.460000,6.520000,6.001327,7393800,NOK
2015-09-23,6.660000,6.700000,6.600000,6.650000,6.120986,9777300,NOK
2015-09-24,6.610000,6.660000,6.540000,6.660000,6.130190,8849500,NOK
2015-09-25,6.610000,6.650000,6.530000,6.570000,6.047350,20040200,NOK
2015-09-28,6.540000,6.540000,6.450000,6.460000,5.946100,9704800,NOK
2015-09-29,6.490000,6.640000,6.480000,6.580000,6.056554,9825600,NOK
2015-09-30,6.800000,6.830000,6.740000,6.780000,6.240644,15369600,NOK
2015-10-01,6.730000,6.740000,6.600000,6.680000,6.148599,9587900,NOK
2015-10-02,6.730000,6.920000,6.710000,6.910000,6.360302,15404200,NOK
2015-10-05,6.900000,6.980000,6.890000,6.930000,6.378711,8805000,NOK
2015-10-06,6.960000,7.020000,6.920000,6.980000,6.424734,17520000,NOK
2015-10-07,6.990000,7.040000,6.920000,7.040000,6.479961,11190400,NOK
2015-10-08,6.960000,7.060000,6.910000,7.040000,6.479961,9771500,NOK
2015-10-09,6.970000,7.010000,6.900000,6.980000,6.424734,12424800,NOK
2015-10-12,6.920000,6.960000,6.890000,6.910000,6.360302,4488200,NOK
2015-10-13,6.930000,6.940000,6.800000,6.800000,6.259053,11157000,NOK
2015-10-14,6.910000,6.920000,6.850000,6.910000,6.360302,13135300,NOK
2015-10-15,6.930000,7.090000,6.920000,7.070000,6.507574,12314800,NOK
2015-10-16,6.980000,7.020000,6.930000,7.020000,6.461552,5592200,NOK
2015-10-19,6.990000,7.020000,6.960000,7.010000,6.452347,6097200,NOK
2015-10-20,6.910000,6.960000,6.900000,6.960000,6.406324,7374700,NOK
2015-10-21,6.990000,7.010000,6.920000,6.940000,6.387916,6375800,NOK
2015-10-22,6.980000,7.030000,6.960000,7.000000,6.443142,7563500,NOK
2015-10-23,6.800000,6.880000,6.770000,6.810000,6.268258,9766100,NOK
2015-10-26,6.710000,6.750000,6.660000,6.720000,6.185417,7397800,NOK
2015-10-27,6.660000,6.680000,6.530000,6.580000,6.056554,8278600,NOK
2015-10-28,6.560000,6.720000,6.540000,6.640000,6.111781,8806800,NOK
2015-10-29,6.640000,7.350000,6.640000,7.320000,6.737687,58321500,NOK
2015-10-30,7.430000,7.470000,7.410000,7.420000,6.829731,18362700,NOK
2015-11-02,7.450000,7.470000,7.410000,7.440000,6.848140,7286400,NOK
2015-11-03,7.470000,7.600000,7.440000,7.580000,6.977003,18664900,NOK
2015-11-04,7.620000,7.630000,7.550000,7.550000,6.949390,20200100,NOK
2015-11-05,7.570000,7.590000,7.480000,7.510000,6.912571,7609600,NOK
2015-11-06,7.470000,7.520000,7.390000,7.510000,6.912571,7611900,NOK
2015-11-09,7.450000,7.470000,7.400000,7.430000,6.838935,7454200,NOK
2015-11-10,7.210000,7.250000,7.180000,7.220000,6.645641,7509900,NOK
2015-11-11,7.330000,7.390000,7.300000,7.310000,6.728482,4944900,NOK
2015-11-12,7.330000,7.370000,7.270000,7.280000,6.700869,11217300,NOK
2015-11-13,7.170000,7.170000,7.090000,7.140000,6.572005,8651100,NOK
2015-11-16,7.160000,7.300000,7.140000,7.280000,6.700869,7790300,NOK
2015-11-17,7.220000,7.290000,7.200000,7.250000,6.673255,10813300,NOK
2015-11-18,7.250000,7.330000,7.220000,7.310000,6.728482,9857500,NOK
2015-11-19,7.260000,7.330000,7.250000,7.270000,6.691664,5179300,NOK
2015-11-20,7.360000,7.400000,7.350000,7.390000,6.802117,5860700,NOK
2015-11-23,7.320000,7.400000,7.300000,7.320000,6.737687,7680700,NOK
2015-11-24,7.240000,7.300000,7.210000,7.260000,6.682459,5811200,NOK
2015-11-25,7.240000,7.300000,7.220000,7.250000,6.673255,3997600,NOK
2015-11-27,7.190000,7.200000,7.170000,7.190000,6.618028,1425600,NOK
2015-11-30,7.200000,7.230000,7.170000,7.210000,6.636437,5117500,NOK
2015-12-01,7.390000,7.410000,7.340000,7.410000,6.820527,10120100,NOK
2015-12-02,7.400000,7.480000,7.400000,7.440000,6.848140,10742900,NOK
2015-12-03,7.450000,7.470000,7.330000,7.350000,6.765299,11130400,NOK
2015-12-04,7.290000,7.430000,7.280000,7.410000,6.820527,10173100,NOK
2015-12-07,7.380000,7.410000,7.340000,7.380000,6.792913,7528300,NOK
2015-12-08,7.240000,7.290000,7.170000,7.280000,6.700869,10214300,NOK
2015-12-09,7.140000,7.160000,6.990000,7.070000,6.507574,12686800,NOK
2015-12-10,7.010000,7.080000,6.980000,7.020000,6.461552,8916300,NOK
2015-12-11,6.920000,6.950000,6.880000,6.900000,6.351098,8896100,NOK
2015-12-14,6.920000,6.970000,6.840000,6.950000,6.397120,12387600,NOK
2015-12-15,6.920000,7.010000,6.910000,6.960000,6.406324,8103000,NOK
2015-12-16,7.090000,7.130000,7.020000,7.110000,6.544392,13030200,NOK
2015-12-17,7.040000,7.060000,6.940000,6.950000,6.397120,9419800,NOK
2015-12-18,6.870000,6.890000,6.790000,6.840000,6.295871,13718600,NOK
2015-12-21,7.120000,7.150000,7.050000,7.090000,6.525983,15142800,NOK
2015-12-22,7.180000,7.240000,7.120000,7.220000,6.645641,10771100,NOK
2015-12-23,7.140000,7.180000,7.120000,7.140000,6.572005,6413000,NOK
2015-12-24,7.150000,7.160000,7.100000,7.130000,6.562801,2462400,NOK
2015-12-28,7.140000,7.150000,7.060000,7.080000,6.516778,5545700,NOK
2015-12-29,7.180000,7.230000,7.160000,7.210000,6.636437,8123300,NOK
2015-12-30,7.230000,7.230000,7.120000,7.120000,6.553596,7337700,NOK
2015-12-31,7.110000,7.110000,6.990000,7.020000,6.461552,8572500,NOK
2016-01-04,7.130000,7.190000,7.020000,7.180000,6.608823,13237000,NOK
2016-01-05,7.130000,7.210000,7.070000,7.150000,6.581210,12266600,NOK
2016-01-06,6.980000,7.130000,6.980000,7.080000,6.516778,13954400,NOK
2016-01-07,7.020000,7.200000,7.020000,7.140000,6.572005,20079700,NOK
2016-01-08,7.390000,7.430000,7.310000,7.330000,6.746891,33961400,NOK
2016-01-11,7.500000,7.550000,7.370000,7.420000,6.829731,32264300,NOK
2016-01-12,7.450000,7.500000,7.390000,7.460000,6.866549,16690600,NOK
2016-01-13,7.470000,7.500000,7.260000,7.280000,6.700869,15172900,NOK
2016-01-14,7.270000,7.420000,7.220000,7.380000,6.792913,18241300,NOK
2016-01-15,7.180000,7.260000,7.080000,7.160000,6.590415,17789300,NOK
2016-01-19,7.180000,7.230000,7.110000,7.190000,6.618028,15240400,NOK
2016-01-20,7.110000,7.150000,6.930000,7.090000,6.525983,21060600,NOK
2016-01-21,6.980000,7.150000,6.890000,7.090000,6.525983,23463300,NOK
2016-01-22,7.200000,7.310000,7.180000,7.260000,6.682459,14340200,NOK
2016-01-25,7.150000,7.220000,7.120000,7.160000,6.590415,12732000,NOK
2016-01-26,7.190000,7.300000,7.190000,7.280000,6.700869,9109000,NOK
2016-01-27,7.140000,7.300000,7.110000,7.180000,6.608823,16205600,NOK
2016-01-28,7.150000,7.160000,7.020000,7.100000,6.535187,17393400,NOK
2016-01-29,7.050000,7.220000,7.040000,7.200000,6.627233,19596900,NOK
2016-02-01,6.380000,6.380000,6.300000,6.340000,5.835647,55605600,NOK
2016-02-02,6.330000,6.340000,6.210000,6.260000,5.762011,35920200,NOK
2016-02-03,6.360000,6.400000,6.280000,6.390000,5.881669,27099400,NOK
2016-02-04,6.250000,6.360000,6.240000,6.240000,5.743601,14114400,NOK
2016-02-05,6.160000,6.190000,5.930000,5.960000,5.485876,25551800,NOK
2016-02-08,5.870000,5.880000,5.780000,5.840000,5.375422,14680200,NOK
2016-02-09,5.830000,5.940000,5.810000,5.880000,5.412240,14949100,NOK
2016-02-10,5.920000,5.960000,5.810000,5.820000,5.357013,15662200,NOK
2016-02-11,5.820000,6.010000,5.780000,5.880000,5.412240,23490300,NOK
2016-02-12,5.860000,5.870000,5.780000,5.860000,5.393831,20890200,NOK
2016-02-16,5.890000,5.940000,5.860000,5.930000,5.458262,6997700,NOK
2016-02-17,6.050000,6.130000,6.010000,6.110000,5.623943,12827700,NOK
2016-02-18,6.160000,6.190000,6.130000,6.140000,5.651556,9840800,NOK
2016-02-19,6.050000,6.050000,5.920000,6.000000,5.522694,25908400,NOK
2016-02-22,6.050000,6.200000,6.040000,6.190000,5.697579,18309500,NOK
2016-02-23,6.160000,6.170000,6.060000,6.080000,5.596330,10990600,NOK
2016-02-24,5.970000,6.130000,5.940000,6.100000,5.614739,9928000,NOK
2016-02-25,6.100000,6.220000,6.090000,6.200000,5.706783,8115700,NOK
2016-02-26,6.140000,6.150000,6.050000,6.090000,5.605534,8092500,NOK
2016-02-29,6.040000,6.090000,5.980000,6.030000,5.550307,24579400,NOK
2016-03-01,6.100000,6.160000,6.070000,6.140000,5.651556,10348500,NOK
2016-03-02,6.090000,6.160000,6.080000,6.150000,5.660761,8130000,NOK
2016-03-03,6.060000,6.080000,6.010000,6.080000,5.596330,10135100,NOK
2016-03-04,6.140000,6.190000,6.110000,6.150000,5.660761,9634300,NOK
2016-03-07,6.080000,6.150000,6.070000,6.150000,5.660761,6128000,NOK
2016-03-08,5.960000,5.980000,5.890000,5.910000,5.439853,12327600,NOK
2016-03-09,5.890000,5.950000,5.860000,5.920000,5.449058,8857400,NOK
2016-03-10,5.970000,6.030000,5.880000,5.940000,5.467467,16461200,NOK
2016-03-11,6.040000,6.040000,5.950000,6.010000,5.531898,9498600,NOK
2016-03-14,6.020000,6.080000,6.010000,6.050000,5.568716,7960100,NOK
2016-03-15,6.030000,6.040000,5.980000,6.010000,5.531898,9710700,NOK
2016-03-16,5.920000,6.110000,5.910000,6.110000,5.623943,16342500,NOK
2016-03-17,6.070000,6.110000,6.040000,6.070000,5.587125,7333200,NOK
2016-03-18,6.070000,6.160000,6.040000,6.080000,5.596330,12252400,NOK
2016-03-21,6.090000,6.120000,6.030000,6.030000,5.550307,5889800,NOK
2016-03-22,5.960000,6.070000,5.960000,6.060000,5.577921,7818100,NOK
2016-03-23,5.990000,6.000000,5.860000,5.870000,5.403035,11187400,NOK
2016-03-24,5.780000,5.800000,5.740000,5.780000,5.320195,10634300,NOK
2016-03-28,5.810000,5.850000,5.780000,5.810000,5.347808,4556200,NOK
2016-03-29,5.810000,5.920000,5.780000,5.890000,5.421444,11742500,NOK
2016-03-30,6.010000,6.070000,5.970000,6.030000,5.550307,10291400,NOK
2016-03-31,5.980000,6.000000,5.890000,5.910000,5.439853,14016400,NOK
2016-04-01,5.760000,5.840000,5.740000,5.800000,5.338604,14514500,NOK
2016-04-04,5.810000,5.900000,5.750000,5.830000,5.366218,22731900,NOK
2016-04-05,5.810000,5.840000,5.730000,5.740000,5.283377,12000600,NOK
2016-04-06,5.820000,5.850000,5.780000,5.850000,5.384626,6787900,NOK
2016-04-07,5.790000,5.810000,5.710000,5.740000,5.283377,12325400,NOK
2016-04-08,5.980000,6.040000,5.950000,6.010000,5.531898,18834700,NOK
2016-04-11,5.940000,5.950000,5.900000,5.910000,5.439853,11604800,NOK
2016-04-12,5.810000,5.880000,5.770000,5.860000,5.393831,7461900,NOK
2016-04-13,5.950000,6.090000,5.950000,6.070000,5.587125,10630000,NOK
2016-04-14,6.160000,6.200000,6.130000,6.170000,5.679170,8722600,NOK
2016-04-15,6.100000,6.130000,6.080000,6.120000,5.633147,5248200,NOK
2016-04-18,6.100000,6.160000,6.090000,6.130000,5.642352,6023800,NOK
2016-04-19,6.280000,6.310000,6.240000,6.250000,5.752806,8469300,NOK
2016-04-20,6.100000,6.190000,6.100000,6.150000,5.660761,8457400,NOK
2016-04-21,6.070000,6.100000,6.020000,6.050000,5.568716,16700700,NOK
2016-04-22,6.000000,6.090000,5.990000,6.080000,5.596330,13116700,NOK
2016-04-25,5.940000,5.960000,5.870000,5.920000,5.449058,21803500,NOK
2016-04-26,5.960000,5.980000,5.880000,5.910000,5.439853,10588500,NOK
2016-04-27,5.900000,5.980000,5.890000,5.970000,5.495080,10752000,NOK
2016-04-28,5.950000,5.980000,5.900000,5.920000,5.449058,17824100,NOK
2016-04-29,5.970000,5.970000,5.830000,5.870000,5.403035,14445500,NOK
2016-05-02,5.930000,5.960000,5.880000,5.930000,5.458262,8223400,NOK
2016-05-03,5.920000,5.920000,5.800000,5.820000,5.357013,17362500,NOK
2016-05-04,5.800000,5.820000,5.710000,5.760000,5.301786,15909700,NOK
2016-05-05,5.690000,5.730000,5.660000,5.690000,5.237355,7982400,NOK
2016-05-06,5.670000,5.680000,5.610000,5.670000,5.218946,17038300,NOK
2016-05-09,5.670000,5.730000,5.670000,5.690000,5.237355,17666900,NOK
2016-05-10,5.290000,5.450000,5.260000,5.310000,4.887584,52976100,NOK
2016-05-11,5.300000,5.310000,5.250000,5.280000,4.859971,20502700,NOK
2016-05-12,5.250000,5.260000,5.110000,5.180000,4.767925,24363100,NOK
2016-05-13,5.240000,5.280000,5.140000,5.180000,4.767925,17094900,NOK
2016-05-16,5.160000,5.220000,5.080000,5.210000,4.795539,31185000,NOK
2016-05-17,5.160000,5.190000,5.100000,5.110000,4.703494,31036200,NOK
2016-05-18,5.200000,5.290000,5.170000,5.210000,4.795539,17257300,NOK
2016-05-19,5.160000,5.190000,5.130000,5.170000,4.758721,8308200,NOK
2016-05-20,5.170000,5.240000,5.160000,5.210000,4.795539,11921000,NOK
2016-05-23,5.220000,5.260000,5.200000,5.220000,4.804743,19386000,NOK
2016-05-24,5.260000,5.370000,5.260000,5.360000,4.933607,14429700,NOK
2016-05-25,5.510000,5.600000,5.500000,5.580000,5.136105,18417900,NOK
2016-05-26,5.620000,5.630000,5.550000,5.600000,5.154514,12861400,NOK
2016-05-27,5.560000,5.630000,5.550000,5.600000,5.154514,8354600,NOK
2016-05-31,5.670000,5.720000,5.660000,5.700000,5.246559,11816800,NOK
2016-06-01,5.670000,5.690000,5.630000,5.670000,5.218946,7262500,NOK
2016-06-02,5.610000,5.680000,5.600000,5.660000,5.209741,7325700,NOK
2016-06-03,5.720000,5.730000,5.640000,5.690000,5.237355,10393000,NOK
2016-06-06,5.680000,5.700000,5.640000,5.660000,5.209741,13708500,NOK
2016-06-07,5.720000,5.730000,5.680000,5.700000,5.246559,10865000,NOK
2016-06-08,5.740000,5.760000,5.710000,5.740000,5.283377,12810000,NOK
2016-06-09,5.690000,5.720000,5.640000,5.680000,5.228150,8661100,NOK
2016-06-10,5.630000,5.670000,5.580000,5.610000,5.163719,12515100,NOK
2016-06-13,5.610000,5.760000,5.590000,5.660000,5.209741,16958200,NOK
2016-06-14,5.600000,5.620000,5.500000,5.570000,5.126901,12550700,NOK
2016-06-15,5.580000,5.680000,5.570000,5.620000,5.172923,10618700,NOK
2016-06-16,5.360000,5.490000,5.320000,5.490000,5.337220,12541300,NOK
2016-06-17,5.490000,5.530000,5.400000,5.520000,5.366385,12585700,NOK
2016-06-20,5.590000,5.600000,5.550000,5.560000,5.405272,5594400,NOK
2016-06-21,5.570000,5.610000,5.540000,5.590000,5.434437,9035400,NOK
2016-06-22,5.610000,5.630000,5.560000,5.580000,5.424716,10191300,NOK
2016-06-23,5.730000,5.750000,5.670000,5.700000,5.541376,8795200,NOK
2016-06-24,5.050000,5.280000,5.040000,5.210000,5.065012,35261100,NOK
2016-06-27,5.210000,5.210000,5.010000,5.080000,4.938630,16257500,NOK
2016-06-28,5.340000,5.410000,5.310000,5.360000,5.210838,13597200,NOK
2016-06-29,5.520000,5.550000,5.490000,5.540000,5.385828,12157600,NOK
2016-06-30,5.620000,5.700000,5.580000,5.690000,5.531654,10695800,NOK
2016-07-01,5.640000,5.690000,5.620000,5.660000,5.502489,10884600,NOK
2016-07-05,5.380000,5.400000,5.330000,5.370000,5.220560,18461800,NOK
2016-07-06,5.280000,5.340000,5.220000,5.340000,5.191395,13223000,NOK
2016-07-07,5.270000,5.350000,5.260000,5.330000,5.181673,18194900,NOK
2016-07-08,5.440000,5.500000,5.430000,5.450000,5.298333,7854500,NOK
2016-07-11,5.550000,5.590000,5.540000,5.560000,5.405272,7016300,NOK
2016-07-12,5.620000,5.640000,5.590000,5.590000,5.434437,7320700,NOK
2016-07-13,5.850000,5.930000,5.820000,5.890000,5.726089,16431000,NOK
2016-07-14,5.970000,5.990000,5.900000,5.930000,5.764976,11087100,NOK
2016-07-15,5.910000,5.930000,5.880000,5.920000,5.755254,8439000,NOK
2016-07-18,5.850000,5.900000,5.820000,5.850000,5.687201,10919200,NOK
2016-07-19,5.790000,5.810000,5.700000,5.710000,5.551098,9112100,NOK
2016-07-20,5.810000,5.840000,5.780000,5.820000,5.658037,6243700,NOK
2016-07-21,5.840000,5.870000,5.790000,5.820000,5.658037,6180800,NOK
2016-07-22,5.840000,5.870000,5.800000,5.860000,5.696924,10122900,NOK
2016-07-25,5.800000,5.830000,5.720000,5.810000,5.648315,10360400,NOK
2016-07-26,5.770000,5.810000,5.740000,5.770000,5.609428,8279900,NOK
2016-07-27,5.830000,5.890000,5.800000,5.860000,5.696924,12077500,NOK
2016-07-28,5.720000,5.760000,5.690000,5.750000,5.589985,16288000,NOK
2016-07-29,5.760000,5.780000,5.720000,5.770000,5.609428,9546200,NOK
2016-08-01,5.690000,5.710000,5.640000,5.660000,5.502489,9484800,NOK
2016-08-02,5.660000,5.670000,5.590000,5.610000,5.453881,11614200,NOK
2016-08-03,5.570000,5.780000,5.560000,5.690000,5.531654,26928400,NOK
2016-08-04,5.490000,5.530000,5.380000,5.500000,5.346942,58866400,NOK
2016-08-05,5.460000,5.520000,5.450000,5.470000,5.317777,16456300,NOK
2016-08-08,5.480000,5.520000,5.460000,5.510000,5.356664,9541100,NOK
2016-08-09,5.570000,5.660000,5.570000,5.650000,5.492768,11539800,NOK
2016-08-10,5.700000,5.710000,5.650000,5.690000,5.531654,10615900,NOK
2016-08-11,5.670000,5.740000,5.670000,5.700000,5.541376,4869400,NOK
2016-08-12,5.770000,5.780000,5.720000,5.740000,5.580263,5644100,NOK
2016-08-15,5.770000,5.800000,5.740000,5.800000,5.638593,14298700,NOK
2016-08-16,5.760000,5.790000,5.750000,5.780000,5.619150,11825200,NOK
2016-08-17,5.700000,5.730000,5.660000,5.690000,5.531654,13174600,NOK
2016-08-18,5.690000,5.760000,5.690000,5.750000,5.589985,9549800,NOK
2016-08-19,5.690000,5.730000,5.650000,5.670000,5.512211,10907000,NOK
2016-08-22,5.650000,5.660000,5.600000,5.650000,5.492768,11523900,NOK
2016-08-23,5.670000,5.740000,5.660000,5.710000,5.551098,13776700,NOK
2016-08-24,5.750000,5.790000,5.740000,5.750000,5.589985,7299100,NOK
2016-08-25,5.710000,5.730000,5.680000,5.700000,5.541376,4586600,NOK
2016-08-26,5.690000,5.760000,5.660000,5.690000,5.531654,8050100,NOK
2016-08-29,5.670000,5.710000,5.660000,5.690000,5.531654,3092300,NOK
2016-08-30,5.720000,5.760000,5.710000,5.740000,5.580263,6603900,NOK
2016-08-31,5.710000,5.740000,5.630000,5.670000,5.512211,7524700,NOK
2016-09-01,5.700000,5.720000,5.630000,5.660000,5.502489,6699000,NOK
2016-09-02,5.710000,5.770000,5.690000,5.760000,5.599707,5520500,NOK
2016-09-06,5.740000,5.770000,5.730000,5.740000,5.580263,4781100,NOK
2016-09-07,5.790000,5.890000,5.790000,5.870000,5.706645,8347800,NOK
2016-09-08,5.830000,5.840000,5.780000,5.830000,5.667758,8143600,NOK
2016-09-09,5.760000,5.770000,5.700000,5.700000,5.541376,13606200,NOK
2016-09-12,5.540000,5.690000,5.530000,5.680000,5.521933,18320700,NOK
2016-09-13,5.630000,5.640000,5.550000,5.600000,5.444159,18870400,NOK
2016-09-14,5.550000,5.590000,5.490000,5.500000,5.346942,22157700,NOK
2016-09-15,5.460000,5.560000,5.450000,5.560000,5.405272,15569400,NOK
2016-09-16,5.430000,5.480000,5.400000,5.470000,5.317777,14984900,NOK
2016-09-19,5.470000,5.550000,5.470000,5.510000,5.356664,5608400,NOK
2016-09-20,5.520000,5.520000,5.470000,5.500000,5.346942,5179800,NOK
2016-09-21,5.530000,5.580000,5.500000,5.580000,5.424716,8012300,NOK
2016-09-22,5.740000,5.750000,5.710000,5.740000,5.580263,14045100,NOK
2016-09-23,5.650000,5.700000,5.640000,5.660000,5.502489,7359600,NOK
2016-09-26,5.610000,5.650000,5.610000,5.620000,5.463602,5833900,NOK
2016-09-27,5.580000,5.720000,5.580000,5.710000,5.551098,6159100,NOK
2016-09-28,5.730000,5.750000,5.680000,5.740000,5.580263,5130000,NOK
2016-09-29,5.750000,5.790000,5.700000,5.720000,5.560819,5827600,NOK
2016-09-30,5.760000,5.830000,5.750000,5.790000,5.628871,8956900,NOK
2016-10-03,5.770000,5.790000,5.750000,5.750000,5.589985,5647900,NOK
2016-10-04,5.780000,5.830000,5.740000,5.780000,5.619150,5806100,NOK
2016-10-05,5.770000,5.770000,5.690000,5.710000,5.551098,13053200,NOK
2016-10-06,5.590000,5.590000,5.520000,5.540000,5.385828,18095400,NOK
2016-10-07,5.410000,5.500000,5.410000,5.490000,5.337220,13812900,NOK
2016-10-10,5.500000,5.560000,5.490000,5.530000,5.376107,9051500,NOK
2016-10-11,5.480000,5.480000,5.370000,5.390000,5.240003,13911100,NOK
2016-10-12,5.150000,5.180000,5.090000,5.090000,4.948352,32049600,NOK
2016-10-13,4.960000,4.960000,4.880000,4.940000,4.802526,23210800,NOK
2016-10-14,4.990000,5.040000,4.950000,4.950000,4.812247,8422100,NOK
2016-10-17,4.960000,4.990000,4.940000,4.970000,4.831691,6319500,NOK
2016-10-18,5.010000,5.040000,4.980000,5.020000,4.880300,8446800,NOK
2016-10-19,4.990000,4.990000,4.950000,4.980000,4.841413,5479900,NOK
2016-10-20,4.970000,5.020000,4.970000,5.000000,4.860856,6489200,NOK
2016-10-21,4.940000,4.950000,4.900000,4.920000,4.783082,10177100,NOK
2016-10-24,4.960000,4.990000,4.950000,4.970000,4.831691,5761600,NOK
2016-10-25,4.930000,4.980000,4.920000,4.970000,4.831691,9113200,NOK
2016-10-26,5.070000,5.200000,5.070000,5.160000,5.016404,16725600,NOK
2016-10-27,4.790000,4.790000,4.710000,4.730000,4.598370,36409600,NOK
2016-10-28,4.570000,4.620000,4.540000,4.560000,4.433101,27200200,NOK
2016-10-31,4.520000,4.530000,4.470000,4.480000,4.355327,14435700,NOK
2016-11-01,4.450000,4.470000,4.400000,4.440000,4.316441,21474000,NOK
2016-11-02,4.430000,4.480000,4.410000,4.440000,4.316441,11712400,NOK
2016-11-03,4.430000,4.450000,4.380000,4.390000,4.267832,16909000,NOK
2016-11-04,4.320000,4.340000,4.300000,4.310000,4.190058,12419900,NOK
2016-11-07,4.480000,4.490000,4.390000,4.440000,4.316441,19614600,NOK
2016-11-08,4.420000,4.450000,4.370000,4.440000,4.316441,10356500,NOK
2016-11-09,4.360000,4.460000,4.350000,4.450000,4.326162,11165500,NOK
2016-11-10,4.480000,4.530000,4.450000,4.490000,4.365049,11349600,NOK
2016-11-11,4.430000,4.450000,4.360000,4.420000,4.296997,11802600,NOK
2016-11-14,4.320000,4.330000,4.280000,4.310000,4.190058,12618900,NOK
2016-11-15,4.070000,4.150000,4.040000,4.140000,4.024789,33821900,NOK
2016-11-16,4.100000,4.160000,4.100000,4.120000,4.005345,13791500,NOK
2016-11-17,4.190000,4.220000,4.140000,4.150000,4.034511,10611600,NOK
2016-11-18,4.200000,4.210000,4.150000,4.160000,4.044232,6631700,NOK
2016-11-21,4.160000,4.180000,4.140000,4.170000,4.053954,6049500,NOK
2016-11-22,4.170000,4.200000,4.160000,4.190000,4.073398,7696800,NOK
2016-11-23,4.150000,4.200000,4.130000,4.190000,4.073398,6472600,NOK
2016-11-25,4.340000,4.360000,4.310000,4.330000,4.209501,8090000,NOK
2016-11-28,4.280000,4.290000,4.240000,4.260000,4.141450,8120800,NOK
2016-11-29,4.270000,4.310000,4.260000,4.290000,4.170615,6298800,NOK
2016-11-30,4.320000,4.330000,4.290000,4.300000,4.180336,10212900,NOK
2016-12-01,4.300000,4.310000,4.250000,4.250000,4.131728,7047400,NOK
2016-12-02,4.230000,4.260000,4.200000,4.230000,4.112284,6893700,NOK
2016-12-05,4.330000,4.510000,4.320000,4.510000,4.384492,18421000,NOK
2016-12-06,4.540000,4.600000,4.510000,4.570000,4.442823,18245300,NOK
2016-12-07,4.620000,4.730000,4.610000,4.700000,4.569205,17711600,NOK
2016-12-08,4.630000,4.650000,4.560000,4.580000,4.452544,22302200,NOK
2016-12-09,4.600000,4.650000,4.580000,4.620000,4.491431,12020400,NOK
2016-12-12,4.610000,4.670000,4.600000,4.630000,4.501153,15823100,NOK
2016-12-13,4.700000,4.790000,4.700000,4.740000,4.608091,12149100,NOK
2016-12-14,4.740000,4.800000,4.700000,4.700000,4.569205,15086100,NOK
2016-12-15,4.710000,4.770000,4.680000,4.720000,4.588648,13169400,NOK
2016-12-16,4.860000,4.930000,4.840000,4.880000,4.744196,13025400,NOK
2016-12-19,4.930000,4.940000,4.870000,4.890000,4.753917,13690200,NOK
2016-12-20,4.880000,4.920000,4.860000,4.900000,4.763639,16273300,NOK
2016-12-21,4.960000,4.990000,4.670000,4.760000,4.627535,29817600,NOK
2016-12-22,4.750000,4.760000,4.710000,4.720000,4.588648,9596300,NOK
2016-12-23,4.840000,4.890000,4.830000,4.880000,4.744196,9601000,NOK
2016-12-27,4.920000,4.930000,4.900000,4.910000,4.773361,6461800,NOK
2016-12-28,4.860000,4.860000,4.780000,4.800000,4.666422,7878300,NOK
2016-12-29,4.840000,4.870000,4.800000,4.830000,4.695587,8727500,NOK
2016-12-30,4.870000,4.880000,4.780000,4.810000,4.676144,12208500,NOK
2017-01-03,4.760000,4.790000,4.750000,4.770000,4.637257,7883000,NOK
2017-01-04,4.800000,4.850000,4.790000,4.840000,4.705309,10247100,NOK
2017-01-05,4.850000,4.920000,4.830000,4.900000,4.763639,9878400,NOK
2017-01-06,4.930000,4.990000,4.900000,4.920000,4.783082,18078800,NOK
2017-01-09,4.860000,4.880000,4.780000,4.830000,4.695587,14554000,NOK
2017-01-10,4.850000,4.860000,4.810000,4.840000,4.705309,7725100,NOK
2017-01-11,4.780000,4.780000,4.740000,4.780000,4.646979,8978200,NOK
2017-01-12,4.700000,4.710000,4.660000,4.700000,4.569205,15197600,NOK
2017-01-13,4.770000,4.800000,4.710000,4.750000,4.617814,17246200,NOK
2017-01-17,4.750000,4.770000,4.700000,4.740000,4.608091,9081500,NOK
2017-01-18,4.690000,4.740000,4.680000,4.690000,4.559483,6642200,NOK
2017-01-19,4.700000,4.740000,4.700000,4.740000,4.608091,7646500,NOK
2017-01-20,4.750000,4.770000,4.710000,4.760000,4.627535,6356100,NOK
2017-01-23,4.680000,4.680000,4.620000,4.680000,4.549761,8763000,NOK
2017-01-24,4.620000,4.690000,4.600000,4.670000,4.540040,21812500,NOK
2017-01-25,4.590000,4.630000,4.580000,4.620000,4.491431,18014400,NOK
2017-01-26,4.750000,4.770000,4.680000,4.720000,4.588648,14585100,NOK
2017-01-27,4.630000,4.670000,4.610000,4.640000,4.510874,11950300,NOK
2017-01-30,4.640000,4.640000,4.510000,4.540000,4.413657,17068400,NOK
2017-01-31,4.550000,4.560000,4.500000,4.520000,4.394214,9486300,NOK
2017-02-01,4.540000,4.590000,4.520000,4.570000,4.442823,10438800,NOK
2017-02-02,4.820000,4.890000,4.770000,4.820000,4.685865,44650800,NOK
2017-02-03,4.830000,4.850000,4.790000,4.830000,4.695587,11863100,NOK
2017-02-06,4.760000,4.780000,4.730000,4.750000,4.617814,13365300,NOK
2017-02-07,4.880000,4.890000,4.840000,4.860000,4.724752,11131500,NOK
2017-02-08,4.890000,4.920000,4.860000,4.880000,4.744196,8520700,NOK
2017-02-09,4.880000,4.940000,4.880000,4.890000,4.753917,12747700,NOK
2017-02-10,4.890000,4.910000,4.860000,4.880000,4.744196,6968600,NOK
2017-02-13,4.940000,5.000000,4.930000,4.960000,4.821970,15403800,NOK
2017-02-14,4.970000,4.990000,4.950000,4.970000,4.831691,7868500,NOK
2017-02-15,4.960000,5.010000,4.950000,5.000000,4.860856,12330400,NOK
2017-02-16,5.050000,5.090000,5.040000,5.070000,4.928908,14644500,NOK
2017-02-17,5.010000,5.050000,4.990000,5.050000,4.909465,7214600,NOK
2017-02-21,5.030000,5.090000,5.030000,5.090000,4.948352,15021200,NOK
2017-02-22,5.030000,5.110000,5.010000,5.100000,4.958073,16650600,NOK
2017-02-23,5.150000,5.210000,5.110000,5.150000,5.006682,21960700,NOK
2017-02-24,5.100000,5.180000,5.090000,5.140000,4.996960,11574400,NOK
2017-02-27,5.160000,5.210000,5.140000,5.180000,5.035847,11384900,NOK
2017-02-28,5.130000,5.180000,5.120000,5.140000,4.996960,9258700,NOK
2017-03-01,5.170000,5.290000,5.170000,5.260000,5.113621,20319300,NOK
2017-03-02,5.210000,5.250000,5.200000,5.220000,5.074734,19057200,NOK
2017-03-03,5.260000,5.290000,5.230000,5.280000,5.133064,11993000,NOK
2017-03-06,5.290000,5.300000,5.260000,5.280000,5.133064,7381800,NOK
2017-03-07,5.230000,5.250000,5.210000,5.230000,5.084455,8366700,NOK
2017-03-08,5.190000,5.220000,5.160000,5.180000,5.035847,8487400,NOK
2017-03-09,5.260000,5.290000,5.250000,5.280000,5.133064,6879600,NOK
2017-03-10,5.330000,5.380000,5.320000,5.370000,5.220560,9750400,NOK
2017-03-13,5.350000,5.370000,5.340000,5.360000,5.210838,6772700,NOK
2017-03-14,5.340000,5.340000,5.300000,5.340000,5.191395,4769900,NOK
2017-03-15,5.320000,5.390000,5.300000,5.370000,5.220560,8469500,NOK
2017-03-16,5.410000,5.480000,5.410000,5.450000,5.298333,10505800,NOK
2017-03-17,5.490000,5.500000,5.450000,5.460000,5.308055,9137300,NOK
2017-03-20,5.530000,5.570000,5.500000,5.540000,5.385828,18719800,NOK
2017-03-21,5.540000,5.560000,5.400000,5.400000,5.249725,18328900,NOK
2017-03-22,5.350000,5.390000,5.300000,5.390000,5.240003,14704000,NOK
2017-03-23,5.350000,5.410000,5.330000,5.380000,5.230281,7050700,NOK
2017-03-24,5.370000,5.410000,5.350000,5.370000,5.220560,7708600,NOK
2017-03-27,5.420000,5.500000,5.410000,5.460000,5.308055,11703200,NOK
2017-03-28,5.420000,5.450000,5.370000,5.400000,5.249725,14205700,NOK
2017-03-29,5.350000,5.380000,5.330000,5.360000,5.210838,10611200,NOK
2017-03-30,5.330000,5.380000,5.320000,5.330000,5.181673,8437900,NOK
2017-03-31,5.360000,5.430000,5.350000,5.420000,5.269168,8723600,NOK
2017-04-03,5.380000,5.380000,5.280000,5.330000,5.181673,8906400,NOK
2017-04-04,5.300000,5.360000,5.290000,5.360000,5.210838,8675300,NOK
2017-04-05,5.280000,5.290000,5.180000,5.180000,5.035847,14430800,NOK
2017-04-06,5.230000,5.290000,5.220000,5.230000,5.084455,10637600,NOK
2017-04-07,5.260000,5.310000,5.250000,5.280000,5.133064,5663200,NOK
2017-04-10,5.320000,5.350000,5.300000,5.310000,5.162229,6250400,NOK
2017-04-11,5.270000,5.300000,5.210000,5.270000,5.123343,8194700,NOK
2017-04-12,5.290000,5.310000,5.250000,5.280000,5.133064,10323800,NOK
2017-04-13,5.260000,5.290000,5.220000,5.220000,5.074734,7600400,NOK
2017-04-17,5.230000,5.290000,5.230000,5.260000,5.113621,3136300,NOK
2017-04-18,5.240000,5.260000,5.190000,5.230000,5.084455,6489700,NOK
2017-04-19,5.220000,5.240000,5.170000,5.170000,5.026125,11528600,NOK
2017-04-20,5.290000,5.330000,5.250000,5.270000,5.123343,20536800,NOK
2017-04-21,5.240000,5.240000,5.170000,5.220000,5.074734,14189600,NOK
2017-04-24,5.420000,5.420000,5.350000,5.380000,5.230281,27273200,NOK
2017-04-25,5.440000,5.460000,5.400000,5.430000,5.278890,23616500,NOK
2017-04-26,5.400000,5.440000,5.360000,5.370000,5.220560,23249400,NOK
2017-04-27,5.700000,5.780000,5.590000,5.720000,5.560819,62358500,NOK
2017-04-28,5.760000,5.780000,5.670000,5.730000,5.570541,30801500,NOK
2017-05-01,5.740000,5.770000,5.720000,5.770000,5.609428,11869600,NOK
2017-05-02,5.840000,5.870000,5.820000,5.840000,5.677480,26115600,NOK
2017-05-03,5.860000,6.000000,5.840000,5.880000,5.716367,13686900,NOK
2017-05-04,5.970000,6.030000,5.970000,6.030000,5.862193,19677700,NOK
2017-05-05,6.110000,6.190000,6.090000,6.180000,6.008018,30516400,NOK
2017-05-08,6.080000,6.150000,6.070000,6.130000,5.959410,19731500,NOK
2017-05-09,6.140000,6.190000,6.130000,6.180000,6.008018,17102600,NOK
2017-05-10,6.090000,6.150000,6.070000,6.140000,5.969131,22213800,NOK
2017-05-11,6.140000,6.160000,6.050000,6.120000,5.949688,16353600,NOK
2017-05-12,6.170000,6.190000,6.150000,6.170000,5.998297,8923400,NOK
2017-05-15,6.230000,6.260000,6.210000,6.210000,6.037183,11908900,NOK
2017-05-16,6.280000,6.310000,6.250000,6.280000,6.105236,11789800,NOK
2017-05-17,6.220000,6.230000,6.100000,6.110000,5.939967,17810500,NOK
2017-05-18,6.090000,6.170000,6.060000,6.110000,5.939967,22597900,NOK
2017-05-19,6.180000,6.230000,6.170000,6.180000,6.008018,15210000,NOK
2017-05-22,6.210000,6.240000,6.160000,6.210000,6.037183,21738800,NOK
2017-05-23,6.640000,6.650000,6.480000,6.540000,6.358000,40443300,NOK
2017-05-24,6.430000,6.460000,6.350000,6.390000,6.390000,30848500,NOK
2017-05-25,6.370000,6.430000,6.360000,6.400000,6.400000,17939000,NOK
2017-05-26,6.390000,6.420000,6.370000,6.380000,6.380000,11261500,NOK
2017-05-30,6.380000,6.380000,6.290000,6.340000,6.340000,16104300,NOK
2017-05-31,6.400000,6.420000,6.280000,6.320000,6.320000,19869900,NOK
2017-06-01,6.440000,6.540000,6.420000,6.490000,6.490000,20838300,NOK
2017-06-02,6.580000,6.600000,6.530000,6.550000,6.550000,14477100,NOK
2017-06-05,6.460000,6.540000,6.450000,6.540000,6.540000,13736500,NOK
2017-06-06,6.430000,6.520000,6.420000,6.460000,6.460000,15317800,NOK
2017-06-07,6.580000,6.590000,6.490000,6.540000,6.540000,17058000,NOK
2017-06-08,6.530000,6.540000,6.470000,6.520000,6.520000,13078000,NOK
2017-06-09,6.500000,6.520000,6.280000,6.400000,6.400000,21430800,NOK
2017-06-12,6.350000,6.390000,6.270000,6.350000,6.350000,20020500,NOK
2017-06-13,6.440000,6.460000,6.380000,6.420000,6.420000,12232000,NOK
2017-06-14,6.480000,6.480000,6.330000,6.380000,6.380000,17573800,NOK
2017-06-15,6.280000,6.360000,6.270000,6.330000,6.330000,14324600,NOK
2017-06-16,6.340000,6.410000,6.320000,6.400000,6.400000,11104800,NOK
2017-06-19,6.420000,6.470000,6.420000,6.460000,6.460000,11765400,NOK
2017-06-20,6.460000,6.470000,6.370000,6.370000,6.370000,14037800,NOK
2017-06-21,6.340000,6.390000,6.330000,6.390000,6.390000,13080700,NOK
2017-06-22,6.390000,6.420000,6.360000,6.380000,6.380000,11325700,NOK
2017-06-23,6.340000,6.410000,6.330000,6.390000,6.390000,10136400,NOK
2017-06-26,6.430000,6.460000,6.340000,6.340000,6.340000,14180700,NOK
2017-06-27,6.290000,6.320000,6.260000,6.280000,6.280000,11388500,NOK
2017-06-28,6.320000,6.360000,6.280000,6.360000,6.360000,16737800,NOK
2017-06-29,6.280000,6.290000,6.100000,6.170000,6.170000,21632100,NOK
2017-06-30,6.170000,6.180000,6.090000,6.160000,6.160000,13368700,NOK
2017-07-03,6.180000,6.210000,6.150000,6.150000,6.150000,6618100,NOK
2017-07-05,6.230000,6.240000,6.180000,6.220000,6.220000,14404700,NOK
2017-07-06,6.120000,6.180000,6.110000,6.140000,6.140000,14152700,NOK
2017-07-07,6.170000,6.260000,6.160000,6.250000,6.250000,11906700,NOK
2017-07-10,6.190000,6.280000,6.190000,6.260000,6.260000,10418900,NOK
2017-07-11,6.200000,6.250000,6.160000,6.240000,6.240000,11783500,NOK
2017-07-12,6.280000,6.380000,6.270000,6.340000,6.340000,11561500,NOK
2017-07-13,6.300000,6.330000,6.270000,6.330000,6.330000,10371200,NOK
2017-07-14,6.270000,6.330000,6.260000,6.330000,6.330000,7725700,NOK
2017-07-17,6.300000,6.340000,6.290000,6.310000,6.310000,7178600,NOK
2017-07-18,6.140000,6.180000,6.120000,6.140000,6.140000,12397400,NOK
2017-07-19,6.220000,6.260000,6.190000,6.220000,6.220000,8283600,NOK
2017-07-20,6.250000,6.280000,6.210000,6.260000,6.260000,9905500,NOK
2017-07-21,6.210000,6.230000,6.150000,6.200000,6.200000,9102500,NOK
2017-07-24,6.220000,6.240000,6.180000,6.230000,6.230000,7808400,NOK
2017-07-25,6.150000,6.190000,6.130000,6.160000,6.160000,12320100,NOK
2017-07-26,6.180000,6.210000,6.150000,6.170000,6.170000,12337400,NOK
2017-07-27,6.440000,6.480000,6.280000,6.370000,6.370000,27359800,NOK
2017-07-28,6.310000,6.410000,6.280000,6.400000,6.400000,17284800,NOK
2017-07-31,6.380000,6.410000,6.320000,6.390000,6.390000,21628400,NOK
2017-08-01,6.500000,6.550000,6.460000,6.540000,6.540000,19082300,NOK
2017-08-02,6.580000,6.590000,6.510000,6.520000,6.520000,9977300,NOK
2017-08-03,6.550000,6.570000,6.530000,6.540000,6.540000,7391200,NOK
2017-08-04,6.580000,6.590000,6.520000,6.520000,6.520000,7333600,NOK
2017-08-07,6.510000,6.530000,6.480000,6.500000,6.500000,8399500,NOK
2017-08-08,6.500000,6.520000,6.420000,6.440000,6.440000,9149100,NOK
2017-08-09,6.350000,6.380000,6.330000,6.360000,6.360000,7386000,NOK
2017-08-10,6.340000,6.370000,6.250000,6.250000,6.250000,11469100,NOK
2017-08-11,6.240000,6.280000,6.200000,6.260000,6.260000,9597700,NOK
2017-08-14,6.310000,6.340000,6.300000,6.330000,6.330000,6347000,NOK
2017-08-15,6.350000,6.350000,6.300000,6.330000,6.330000,5117100,NOK
2017-08-16,6.350000,6.380000,6.330000,6.360000,6.360000,5496300,NOK
2017-08-17,6.320000,6.340000,6.230000,6.250000,6.250000,10628100,NOK
2017-08-18,6.170000,6.210000,6.130000,6.190000,6.190000,10104300,NOK
2017-08-21,6.170000,6.190000,6.130000,6.150000,6.150000,7115200,NOK
2017-08-22,6.200000,6.240000,6.190000,6.230000,6.230000,5144000,NOK
2017-08-23,6.220000,6.250000,6.190000,6.250000,6.250000,9144900,NOK
2017-08-24,6.190000,6.220000,6.150000,6.160000,6.160000,13842200,NOK
2017-08-25,6.210000,6.250000,6.190000,6.210000,6.210000,9583700,NOK
2017-08-28,6.210000,6.240000,6.200000,6.210000,6.210000,6847700,NOK
2017-08-29,6.140000,6.210000,6.120000,6.200000,6.200000,7419500,NOK
2017-08-30,6.190000,6.190000,6.140000,6.180000,6.180000,7772600,NOK
2017-08-31,6.170000,6.200000,6.140000,6.180000,6.180000,7805600,NOK
2017-09-01,6.260000,6.290000,6.210000,6.220000,6.220000,6045400,NOK
2017-09-05,6.180000,6.190000,6.070000,6.100000,6.100000,15635200,NOK
2017-09-06,6.150000,6.170000,6.110000,6.160000,6.160000,9978200,NOK
2017-09-07,6.250000,6.260000,6.170000,6.190000,6.190000,12460100,NOK
2017-09-08,6.060000,6.070000,5.980000,5.990000,5.990000,17430800,NOK
2017-09-11,6.100000,6.130000,6.050000,6.080000,6.080000,11624800,NOK
2017-09-12,6.110000,6.120000,6.060000,6.090000,6.090000,14846400,NOK
2017-09-13,6.030000,6.040000,6.000000,6.020000,6.020000,7386800,NOK
2017-09-14,5.990000,6.010000,5.970000,6.010000,6.010000,7923300,NOK
