Date,Open,High,Low,Close,Adj Close,Volume,NSAYN
2012-09-14,18.790001,19.250000,18.719999,19.150000,16.056982,93300,NSAYN
2012-09-17,18.799999,19.000000,18.719999,18.719999,15.696437,99200,NSAYN
2012-09-18,17.930000,18.139999,17.750000,18.080000,15.159807,263000,NSAYN
2012-09-19,18.639999,18.639999,18.299999,18.299999,15.344273,136800,NSAYN
2012-09-20,17.900000,18.110001,17.850000,17.860001,14.975338,212900,NSAYN
2012-09-21,17.799999,17.930000,17.760000,17.760000,14.891490,212200,NSAYN
2012-09-24,17.620001,17.620001,17.200001,17.350000,14.547713,88600,NSAYN
2012-09-25,17.389999,17.440001,17.000000,17.000000,14.574979,69600,NSAYN
2012-09-26,16.920000,16.980000,16.709999,16.809999,14.412082,96300,NSAYN
2012-09-27,16.959999,17.160000,16.930000,17.139999,14.695007,279800,NSAYN
2012-09-28,17.139999,17.139999,16.910000,17.030001,14.600699,110100,NSAYN
2012-10-01,16.799999,16.950001,16.670000,16.730000,14.343493,280800,NSAYN
2012-10-02,16.950001,16.950001,16.799999,16.840000,14.437802,54500,NSAYN
2012-10-03,16.620001,16.620001,16.440001,16.540001,14.180597,75200,NSAYN
2012-10-04,17.139999,17.379999,17.139999,17.360001,14.883625,62500,NSAYN
2012-10-05,16.900000,17.190001,16.900000,17.059999,14.626418,35300,NSAYN
2012-10-08,17.059999,17.059999,16.889999,16.920000,14.506389,27300,NSAYN
2012-10-09,16.799999,16.799999,16.480000,16.500000,14.146302,89000,NSAYN
2012-10-10,16.799999,16.879999,16.780001,16.820000,14.420654,70900,NSAYN
2012-10-11,16.600000,16.950001,16.559999,16.910000,14.497814,366000,NSAYN
2012-10-12,17.150000,17.150000,16.900000,17.000000,14.574979,47500,NSAYN
2012-10-15,17.100000,17.549999,17.100000,17.410000,14.926494,272000,NSAYN
2012-10-16,17.430000,17.480000,17.350000,17.410000,14.926494,187100,NSAYN
2012-10-17,17.150000,17.200001,17.100000,17.110001,14.669287,211100,NSAYN
2012-10-18,17.469999,17.570000,17.459999,17.480000,14.986507,24100,NSAYN
2012-10-19,17.920000,17.920000,17.410000,17.480000,14.986507,24200,NSAYN
2012-10-22,17.510000,17.650000,17.510000,17.620001,15.106537,60000,NSAYN
2012-10-23,17.309999,17.309999,17.180000,17.219999,14.763595,307500,NSAYN
2012-10-24,17.190001,17.350000,17.190001,17.200001,14.746449,34300,NSAYN
2012-10-25,17.670000,17.670000,17.430000,17.500000,15.003655,60400,NSAYN
2012-10-26,17.309999,17.309999,17.090000,17.170000,14.720730,55100,NSAYN
2012-10-31,16.879999,16.920000,16.590000,16.719999,14.334921,247200,NSAYN
2012-11-01,16.709999,16.950001,16.709999,16.900000,14.489242,127400,NSAYN
2012-11-02,17.000000,17.000000,16.799999,16.850000,14.446376,116600,NSAYN
2012-11-05,17.350000,17.350000,16.959999,17.030001,14.600699,532200,NSAYN
2012-11-06,17.020000,17.020000,16.709999,16.770000,14.377788,362700,NSAYN
2012-11-07,17.510000,17.510000,17.200001,17.309999,14.840757,80700,NSAYN
2012-11-08,17.350000,17.530001,17.250000,17.280001,14.815038,212300,NSAYN
2012-11-09,17.400000,17.709999,17.379999,17.450001,14.960788,212900,NSAYN
2012-11-12,17.230000,17.450001,17.170000,17.200001,14.746449,349000,NSAYN
2012-11-13,17.350000,17.350000,17.190001,17.190001,14.737876,57000,NSAYN
2012-11-14,17.160000,17.209999,16.910000,17.040001,14.609276,107000,NSAYN
2012-11-15,17.150000,17.490000,17.150000,17.480000,14.986507,137200,NSAYN
2012-11-16,18.049999,18.330000,18.049999,18.250000,15.646667,102000,NSAYN
2012-11-19,18.639999,18.660000,18.400000,18.549999,15.903873,95900,NSAYN
2012-11-20,18.510000,18.549999,18.379999,18.540001,15.895300,1746600,NSAYN
2012-11-21,18.500000,18.860001,18.500000,18.840000,16.152502,37400,NSAYN
2012-11-23,18.969999,19.299999,18.969999,19.270000,16.521168,29900,NSAYN
2012-11-26,19.480000,19.559999,19.459999,19.530001,16.744076,63200,NSAYN
2012-11-27,19.049999,19.049999,18.860001,18.920000,16.221092,55700,NSAYN
2012-11-28,18.799999,18.980000,18.690001,18.959999,16.255386,82300,NSAYN
2012-11-29,19.459999,19.510000,19.200001,19.410000,16.641195,75800,NSAYN
2012-11-30,19.260000,19.559999,19.260000,19.559999,16.769800,40600,NSAYN
2012-12-03,19.549999,19.730000,19.530001,19.610001,16.812668,38700,NSAYN
2012-12-04,19.120001,19.120001,18.770000,18.809999,16.126783,83300,NSAYN
2012-12-05,18.870001,19.020000,18.860001,18.950001,16.246811,316100,NSAYN
2012-12-06,18.709999,18.790001,18.690001,18.719999,16.049625,55000,NSAYN
2012-12-07,18.889999,18.889999,18.690001,18.809999,16.126783,39000,NSAYN
2012-12-10,18.620001,18.639999,18.530001,18.559999,15.912445,41900,NSAYN
2012-12-11,18.480000,18.719999,18.480000,18.709999,16.041050,117900,NSAYN
2012-12-12,18.540001,18.840000,18.540001,18.719999,16.049625,66800,NSAYN
2012-12-13,18.780001,18.870001,18.650000,18.719999,16.049625,53800,NSAYN
2012-12-14,18.660000,18.830000,18.639999,18.680000,16.015329,62500,NSAYN
2012-12-17,18.940001,19.010000,18.910000,19.010000,16.298256,71800,NSAYN
2012-12-18,18.969999,19.240000,18.969999,19.230000,16.486874,73400,NSAYN
2012-12-19,19.990000,19.990000,19.850000,19.850000,17.018429,145700,NSAYN
2012-12-20,18.440001,18.910000,18.440001,18.780001,16.101067,239200,NSAYN
2012-12-21,18.299999,18.420000,18.150000,18.379999,15.758123,143300,NSAYN
2012-12-24,18.190001,18.450001,18.100000,18.450001,15.818140,58900,NSAYN
2012-12-26,18.450001,18.500000,18.389999,18.500000,15.861004,79300,NSAYN
2012-12-27,18.709999,18.709999,18.469999,18.600000,15.946741,50700,NSAYN
2012-12-28,18.900000,18.900000,18.700001,18.780001,16.101067,58100,NSAYN
2012-12-31,18.750000,19.090000,18.709999,19.090000,16.366846,75300,NSAYN
2013-01-02,19.090000,19.570000,19.000000,19.549999,16.761225,107100,NSAYN
2013-01-03,19.230000,19.490000,19.020000,19.280001,16.529741,91200,NSAYN
2013-01-04,19.360001,19.570000,19.360001,19.570000,16.778372,115200,NSAYN
2013-01-07,19.280001,19.510000,19.280001,19.510000,16.726933,122300,NSAYN
2013-01-08,19.290001,19.299999,19.059999,19.150000,16.418282,55700,NSAYN
2013-01-09,19.420000,19.530001,19.350000,19.530001,16.744076,71400,NSAYN
2013-01-10,19.520000,19.650000,19.500000,19.620001,16.821239,78100,NSAYN
2013-01-11,19.700001,19.799999,19.700001,19.750000,16.932693,964300,NSAYN
2013-01-14,19.850000,20.010000,19.850000,19.930000,17.087019,69000,NSAYN
2013-01-15,19.950001,20.040001,19.809999,20.040001,17.181326,290800,NSAYN
2013-01-16,19.580000,19.889999,19.580000,19.820000,16.992710,263200,NSAYN
2013-01-17,19.549999,19.870001,19.549999,19.770000,16.949842,961000,NSAYN
2013-01-18,19.670000,19.740000,19.600000,19.700001,16.889828,430000,NSAYN
2013-01-22,19.450001,19.450001,19.240000,19.350000,16.589758,262800,NSAYN
2013-01-23,19.150000,19.150000,19.000000,19.000000,16.289682,52100,NSAYN
2013-01-24,19.049999,19.350000,19.049999,19.280001,16.529741,17200,NSAYN
2013-01-25,19.420000,19.570000,19.350000,19.450001,16.675488,51500,NSAYN
2013-01-28,19.620001,19.799999,19.570000,19.600000,16.804094,112000,NSAYN
2013-01-29,20.500000,20.590000,20.450001,20.500000,17.575710,120400,NSAYN
2013-01-30,20.590000,20.590000,20.389999,20.420000,17.507118,23000,NSAYN
2013-01-31,20.520000,20.520000,20.330000,20.440001,17.524269,272500,NSAYN
2013-02-01,20.200001,20.420000,20.200001,20.350000,17.447105,81900,NSAYN
2013-02-04,20.969999,20.969999,20.719999,20.750000,17.790049,38500,NSAYN
2013-02-05,20.709999,20.950001,20.660000,20.900000,17.918648,69600,NSAYN
2013-02-06,20.980000,21.129999,20.940001,21.110001,18.098694,122800,NSAYN
2013-02-07,21.100000,21.170000,20.900000,21.100000,18.090122,114700,NSAYN
2013-02-08,21.000000,21.000000,20.000000,20.030001,17.172756,157900,NSAYN
2013-02-11,20.209999,20.230000,20.139999,20.200001,17.318502,30800,NSAYN
2013-02-12,20.200001,20.250000,20.160000,20.219999,17.335649,37900,NSAYN
2013-02-13,20.350000,20.490000,20.350000,20.450001,17.532846,57600,NSAYN
2013-02-14,20.000000,20.100000,19.900000,20.040001,17.181326,110600,NSAYN
2013-02-15,20.059999,20.299999,20.059999,20.260000,17.369944,14300,NSAYN
2013-02-19,20.250000,20.360001,19.990000,20.299999,17.404236,190300,NSAYN
2013-02-20,20.010000,20.299999,20.010000,20.059999,17.198475,362000,NSAYN
2013-02-21,20.150000,20.200001,19.980000,20.049999,17.189901,260900,NSAYN
2013-02-22,20.139999,20.350000,20.139999,20.350000,17.447105,158600,NSAYN
2013-02-25,20.139999,20.139999,19.450001,19.459999,16.684063,90000,NSAYN
2013-02-26,19.790001,19.879999,19.730000,19.830000,17.001280,83000,NSAYN
2013-02-27,19.780001,19.889999,19.709999,19.889999,17.052721,33700,NSAYN
2013-02-28,20.200001,20.420000,20.200001,20.290001,17.395666,147500,NSAYN
2013-03-01,20.240000,20.500000,20.240000,20.450001,17.532846,18100,NSAYN
2013-03-04,20.150000,20.400000,20.150000,20.350000,17.447105,56400,NSAYN
2013-03-05,20.250000,20.490000,20.250000,20.469999,17.549990,49200,NSAYN
2013-03-06,20.340000,20.540001,20.340000,20.469999,17.549990,485700,NSAYN
2013-03-07,19.850000,20.100000,19.850000,20.000000,17.147034,97200,NSAYN
2013-03-08,20.250000,20.420000,20.250000,20.410000,17.498545,129000,NSAYN
2013-03-11,20.750000,20.750000,20.650000,20.660000,17.712885,22300,NSAYN
2013-03-12,20.750000,20.750000,20.600000,20.650000,17.704311,75500,NSAYN
2013-03-13,20.950001,20.980000,20.750000,20.959999,17.970089,23100,NSAYN
2013-03-14,20.650000,20.730000,20.570000,20.670000,17.721457,57200,NSAYN
2013-03-15,20.600000,20.600000,20.410000,20.420000,17.507118,92000,NSAYN
2013-03-18,20.049999,20.290001,20.049999,20.150000,17.275637,60600,NSAYN
2013-03-19,20.219999,20.219999,19.950001,20.000000,17.147034,19400,NSAYN
2013-03-20,20.170000,20.290001,20.100000,20.280001,17.387093,31400,NSAYN
2013-03-21,20.459999,20.469999,20.309999,20.360001,17.455679,29400,NSAYN
2013-03-22,20.010000,20.100000,20.010000,20.080000,17.215620,38900,NSAYN
2013-03-25,19.850000,20.090000,19.700001,19.730000,16.915548,36700,NSAYN
2013-03-26,19.809999,19.809999,19.270000,19.450001,16.894535,39600,NSAYN
2013-03-27,19.440001,19.469999,19.360001,19.459999,16.903221,80700,NSAYN
2013-03-28,19.200001,19.290001,19.170000,19.200001,16.677382,128400,NSAYN
2013-04-01,19.000000,19.000000,18.750000,18.790001,16.321249,78100,NSAYN
2013-04-02,18.680000,18.680000,18.360001,18.650000,16.199640,53700,NSAYN
2013-04-03,19.209999,19.209999,18.760000,18.820000,16.347307,43700,NSAYN
2013-04-04,19.320000,19.870001,19.290001,19.850000,17.241980,42700,NSAYN
2013-04-05,20.010000,20.230000,19.959999,20.190001,17.537308,281200,NSAYN
2013-04-08,19.879999,20.100000,19.879999,20.070000,17.433071,139200,NSAYN
2013-04-09,19.860001,20.150000,19.860001,20.020000,17.389643,67500,NSAYN
2013-04-10,20.100000,20.340000,20.100000,20.340000,17.667603,175900,NSAYN
2013-04-11,20.900000,21.059999,20.799999,20.930000,18.180080,83500,NSAYN
2013-04-12,21.100000,21.150000,20.860001,20.940001,18.188766,145600,NSAYN
2013-04-15,20.680000,20.680000,20.160000,20.170000,17.519934,119800,NSAYN
2013-04-16,20.230000,20.510000,20.230000,20.370001,17.693657,52800,NSAYN
2013-04-17,20.670000,20.780001,20.590000,20.620001,17.910810,27100,NSAYN
2013-04-18,20.910000,20.920000,20.709999,20.719999,17.997671,31500,NSAYN
2013-04-19,20.830000,21.100000,20.700001,21.100000,18.327747,26400,NSAYN
2013-04-22,21.170000,21.309999,21.070000,21.309999,18.510155,54700,NSAYN
2013-04-23,20.799999,21.200001,20.799999,21.200001,18.414608,26400,NSAYN
2013-04-24,21.280001,21.459999,21.280001,21.430000,18.614388,123500,NSAYN
2013-04-25,21.049999,21.190001,20.950001,21.129999,18.353806,87900,NSAYN
2013-04-26,21.160000,21.160000,20.900000,20.950001,18.197454,25900,NSAYN
2013-04-29,21.030001,21.250000,21.030001,21.230000,18.440662,89200,NSAYN
2013-04-30,20.709999,20.889999,20.709999,20.850000,18.110590,124200,NSAYN
2013-05-01,20.500000,20.629999,20.469999,20.510000,17.815264,27900,NSAYN
2013-05-02,20.000000,20.620001,20.000000,20.620001,17.910810,67300,NSAYN
2013-05-03,20.650000,20.950001,20.629999,20.860001,18.119276,209100,NSAYN
2013-05-06,20.680000,20.770000,20.570000,20.570000,17.867380,88000,NSAYN
2013-05-07,20.660000,20.660000,20.580000,20.650000,17.936869,162200,NSAYN
2013-05-08,20.610001,20.760000,20.610001,20.760000,18.032417,103600,NSAYN
2013-05-09,21.030001,21.190001,20.950001,21.190001,18.405920,40300,NSAYN
2013-05-10,21.120001,21.200001,20.900000,20.900000,18.154022,77300,NSAYN
2013-05-13,21.790001,21.990000,21.760000,21.850000,18.979206,236700,NSAYN
2013-05-14,21.799999,22.000000,21.600000,21.969999,19.083441,170000,NSAYN
2013-05-15,22.340000,22.700001,22.340000,22.600000,19.630667,91500,NSAYN
2013-05-16,22.600000,22.730000,22.520000,22.559999,19.595921,137900,NSAYN
2013-05-17,22.650000,22.969999,22.650000,22.969999,19.952053,53100,NSAYN
2013-05-20,23.740000,24.139999,23.740000,24.049999,20.890152,269000,NSAYN
2013-05-21,23.969999,24.150000,23.969999,24.049999,20.890152,327400,NSAYN
2013-05-22,23.750000,24.049999,23.389999,23.400000,20.325558,68800,NSAYN
2013-05-23,22.750000,23.150000,22.219999,23.150000,20.108400,51500,NSAYN
2013-05-24,22.840000,23.000000,21.980000,22.100000,19.196360,472100,NSAYN
2013-05-28,22.250000,22.430000,22.200001,22.299999,19.370081,160100,NSAYN
2013-05-29,22.350000,22.350000,21.719999,21.790001,18.927088,231900,NSAYN
2013-05-30,22.150000,22.500000,22.150000,22.389999,19.448256,531500,NSAYN
2013-05-31,22.170000,22.230000,21.660000,21.740000,18.883657,234600,NSAYN
2013-06-03,21.780001,21.780001,21.100000,21.480000,18.657816,657800,NSAYN
2013-06-04,22.240000,22.260000,21.930000,22.190001,19.274534,48200,NSAYN
2013-06-05,21.350000,21.370001,21.100000,21.100000,18.327747,37500,NSAYN
2013-06-06,20.830000,21.049999,20.660000,20.840000,18.101908,356600,NSAYN
2013-06-07,20.670000,21.160000,20.530001,21.160000,18.379862,70300,NSAYN
2013-06-10,21.719999,21.780001,21.480000,21.580000,18.744680,60200,NSAYN
2013-06-11,21.459999,21.750000,21.320000,21.320000,18.518839,23100,NSAYN
2013-06-12,21.400000,21.450001,20.920000,20.950001,18.197454,100200,NSAYN
2013-06-13,20.900000,21.309999,20.900000,21.270000,18.475410,86600,NSAYN
2013-06-14,20.680000,20.930000,20.570000,20.660000,17.945555,88600,NSAYN
2013-06-17,21.000000,21.350000,20.959999,20.969999,18.214825,53600,NSAYN
2013-06-18,21.059999,21.559999,21.059999,21.270000,18.475410,195600,NSAYN
2013-06-19,21.480000,21.490000,21.049999,21.049999,18.284313,67100,NSAYN
2013-06-20,20.790001,20.790001,20.150000,20.400000,17.719713,166900,NSAYN
2013-06-21,21.200001,21.219999,20.709999,21.200001,18.414608,154900,NSAYN
2013-06-24,20.299999,20.410000,19.850000,20.270000,17.606796,54500,NSAYN
2013-06-25,20.270000,20.580000,20.270000,20.540001,17.841326,104000,NSAYN
2013-06-26,20.080000,20.299999,20.030001,20.139999,17.493874,111700,NSAYN
2013-06-27,19.910000,20.150000,19.850000,20.150000,17.502562,39600,NSAYN
2013-06-28,20.320000,20.459999,20.250000,20.330000,17.658911,230700,NSAYN
2013-07-01,20.530001,20.600000,20.450001,20.480000,17.789204,75000,NSAYN
2013-07-02,20.980000,21.129999,20.809999,20.950001,18.197454,41400,NSAYN
2013-07-03,21.030001,21.030001,20.709999,20.900000,18.154022,43500,NSAYN
2013-07-05,20.969999,21.020000,20.840000,21.000000,18.240883,15400,NSAYN
2013-07-08,20.889999,21.250000,20.889999,21.150000,18.371176,32400,NSAYN
2013-07-09,21.500000,21.680000,21.500000,21.639999,18.796793,37600,NSAYN
2013-07-10,21.559999,21.639999,21.420000,21.520000,18.692564,23500,NSAYN
2013-07-11,21.920000,22.190001,21.920000,22.160000,19.248474,28800,NSAYN
2013-07-12,22.170000,22.170000,22.030001,22.100000,19.196360,66200,NSAYN
2013-07-15,21.980000,22.309999,21.980000,22.299999,19.370081,47900,NSAYN
2013-07-16,22.400000,22.400000,22.209999,22.250000,19.326651,46400,NSAYN
2013-07-17,22.530001,22.549999,22.420000,22.500000,19.543806,58100,NSAYN
2013-07-18,22.219999,22.540001,22.219999,22.389999,19.448256,75100,NSAYN
2013-07-19,22.299999,22.490000,22.299999,22.450001,19.500376,165400,NSAYN
2013-07-22,22.290001,22.440001,22.290001,22.420000,19.474314,58200,NSAYN
2013-07-23,22.400000,22.450001,22.200001,22.230000,19.309278,36600,NSAYN
2013-07-24,22.250000,22.450001,22.250000,22.330000,19.396139,227700,NSAYN
2013-07-25,22.299999,22.299999,22.139999,22.260000,19.335335,205400,NSAYN
2013-07-26,22.200001,22.230000,21.860001,21.969999,19.083441,66000,NSAYN
2013-07-29,21.150000,21.400000,21.110001,21.129999,18.353806,80500,NSAYN
2013-07-30,21.209999,21.270000,21.080000,21.110001,18.336433,21700,NSAYN
2013-07-31,21.010000,21.040001,20.870001,20.900000,18.154022,42400,NSAYN
2013-08-01,21.180000,21.459999,21.180000,21.370001,18.562273,125400,NSAYN
2013-08-02,21.430000,21.680000,21.379999,21.660000,18.814169,174600,NSAYN
2013-08-05,21.700001,21.830000,21.610001,21.750000,18.892344,34500,NSAYN
2013-08-06,21.770000,21.780001,21.580000,21.610001,18.770739,27600,NSAYN
2013-08-07,21.840000,21.840000,21.600000,21.629999,18.788109,87500,NSAYN
2013-08-08,21.620001,21.740000,21.370001,21.740000,18.883657,44600,NSAYN
2013-08-09,21.680000,21.680000,21.410000,21.549999,18.718622,256700,NSAYN
2013-08-12,21.070000,21.320000,21.070000,21.320000,18.518839,35000,NSAYN
2013-08-13,21.260000,21.510000,21.150000,21.510000,18.683876,22300,NSAYN
2013-08-14,21.549999,21.549999,21.330000,21.340000,18.536211,69200,NSAYN
2013-08-15,21.090000,21.240000,21.000000,21.010000,18.249569,38300,NSAYN
2013-08-16,21.170000,21.330000,21.139999,21.219999,18.431980,25100,NSAYN
2013-08-19,21.049999,21.150000,20.830000,20.830000,18.093220,51400,NSAYN
2013-08-20,20.650000,20.740000,20.600000,20.700001,17.980297,118800,NSAYN
2013-08-21,20.580000,20.580000,20.250000,20.320000,17.650227,107600,NSAYN
2013-08-22,20.309999,20.629999,20.309999,20.549999,17.850006,72900,NSAYN
2013-08-23,20.910000,21.070000,20.900000,21.070000,18.301685,47600,NSAYN
2013-08-26,20.840000,20.870001,20.639999,20.639999,17.928183,58700,NSAYN
2013-08-27,20.540001,20.559999,20.309999,20.379999,17.702343,275600,NSAYN
2013-08-28,20.299999,20.370001,20.200001,20.320000,17.650227,265000,NSAYN
2013-08-29,20.080000,20.219999,19.940001,20.059999,17.424385,48700,NSAYN
2013-08-30,19.920000,19.940001,19.830000,19.830000,17.224606,107700,NSAYN
2013-09-03,20.440001,20.440001,20.240000,20.270000,17.606796,135600,NSAYN
2013-09-04,20.370001,20.530001,20.270000,20.490000,17.797892,228200,NSAYN
2013-09-05,20.459999,20.639999,20.420000,20.610001,17.902124,253200,NSAYN
2013-09-06,20.610001,20.660000,20.440001,20.600000,17.893440,64200,NSAYN
2013-09-09,20.930000,21.100000,20.600000,21.040001,18.275627,325200,NSAYN
2013-09-10,20.420000,20.629999,20.420000,20.559999,17.858692,220700,NSAYN
2013-09-11,20.250000,20.379999,20.150000,20.240000,17.580738,316300,NSAYN
2013-09-12,20.080000,20.139999,19.950001,20.049999,17.415701,504000,NSAYN
2013-09-13,20.209999,20.209999,20.090000,20.200001,17.545994,1057500,NSAYN
2013-09-16,20.410000,20.440001,20.260000,20.400000,17.719713,120200,NSAYN
2013-09-17,20.170000,20.250000,20.110001,20.180000,17.528620,356300,NSAYN
2013-09-18,20.200001,20.620001,20.100000,20.549999,17.850006,131900,NSAYN
2013-09-19,20.660000,20.840000,20.530001,20.610001,17.902124,166000,NSAYN
2013-09-20,20.570000,20.580000,20.330000,20.330000,17.658911,1193800,NSAYN
2013-09-23,20.600000,20.600000,20.209999,20.340000,17.667603,136700,NSAYN
2013-09-24,20.600000,20.600000,20.500000,20.580000,17.876066,61700,NSAYN
2013-09-25,20.540001,20.549999,20.320000,20.469999,18.039238,35600,NSAYN
2013-09-26,20.559999,20.660000,20.490000,20.600000,18.153803,26800,NSAYN
2013-09-27,20.389999,20.389999,20.299999,20.360001,17.942301,1810800,NSAYN
2013-09-30,20.120001,20.260000,20.040001,20.209999,17.810112,671700,NSAYN
2013-10-01,20.219999,20.360001,20.209999,20.219999,17.818924,110700,NSAYN
2013-10-02,20.200001,20.230000,20.070000,20.219999,17.818924,28400,NSAYN
2013-10-03,20.100000,20.139999,19.959999,20.070000,17.686737,240100,NSAYN
2013-10-04,19.940001,20.170000,19.900000,20.150000,17.757235,872800,NSAYN
2013-10-07,19.889999,19.950001,19.809999,19.910000,17.545736,61600,NSAYN
2013-10-08,19.799999,19.799999,19.629999,19.670000,17.334232,355000,NSAYN
2013-10-09,20.000000,20.200001,19.940001,20.120001,17.730799,350500,NSAYN
2013-10-10,20.440001,20.700001,20.330000,20.690001,18.233110,519800,NSAYN
2013-10-11,20.549999,20.639999,20.520000,20.639999,18.189051,21500,NSAYN
2013-10-14,20.450001,20.709999,20.450001,20.680000,18.224300,42100,NSAYN
2013-10-15,20.469999,20.469999,20.180000,20.190001,17.792486,167500,NSAYN
2013-10-16,20.459999,20.570000,20.330000,20.510000,18.074490,107100,NSAYN
2013-10-17,20.780001,20.950001,20.760000,20.950001,18.462240,141700,NSAYN
2013-10-18,21.070000,21.100000,20.930000,21.059999,18.559175,150900,NSAYN
2013-10-21,20.629999,20.750000,20.580000,20.580000,18.136173,457300,NSAYN
2013-10-22,20.790001,20.790001,20.650000,20.719999,18.259548,67900,NSAYN
2013-10-23,20.450001,20.450001,20.250000,20.379999,17.959925,121300,NSAYN
2013-10-24,20.610001,20.610001,20.440001,20.510000,18.074490,283500,NSAYN
2013-10-25,20.500000,20.510000,20.450001,20.500000,18.065676,235700,NSAYN
2013-10-28,20.530001,20.600000,20.490000,20.520000,18.083300,69100,NSAYN
2013-10-29,20.469999,20.520000,20.469999,20.469999,18.039238,136300,NSAYN
2013-10-30,20.650000,20.740000,20.610001,20.680000,18.224300,735300,NSAYN
2013-10-31,20.129999,20.170000,19.969999,20.129999,17.739611,124900,NSAYN
2013-11-01,18.990000,18.990000,18.160000,18.400000,16.215046,728100,NSAYN
2013-11-04,18.549999,18.549999,18.350000,18.440001,16.250292,642900,NSAYN
2013-11-05,17.639999,17.660000,17.570000,17.590000,15.501233,795200,NSAYN
2013-11-06,17.980000,18.059999,17.750000,17.799999,15.686295,1652000,NSAYN
2013-11-07,17.840000,18.059999,17.660000,17.700001,15.598167,432200,NSAYN
2013-11-08,17.809999,17.959999,17.809999,17.930000,15.800856,1223600,NSAYN
2013-11-11,18.090000,18.180000,18.059999,18.070000,15.924232,692900,NSAYN
2013-11-12,18.059999,18.180000,18.030001,18.100000,15.950670,289100,NSAYN
2013-11-13,18.340000,18.400000,18.209999,18.379999,16.197420,568200,NSAYN
2013-11-14,18.459999,18.600000,18.459999,18.530001,16.329607,376200,NSAYN
2013-11-15,18.580000,18.580000,18.480000,18.520000,16.320795,204400,NSAYN
2013-11-18,18.490000,18.570000,18.400000,18.430000,16.241484,368200,NSAYN
2013-11-19,18.450001,18.570000,18.450001,18.490000,16.294359,331200,NSAYN
2013-11-20,18.580000,18.580000,18.360001,18.469999,16.276731,149600,NSAYN
2013-11-21,18.520000,18.520000,18.330000,18.450001,16.259108,308400,NSAYN
2013-11-22,18.480000,18.480000,18.320000,18.450001,16.259108,1070100,NSAYN
2013-11-25,18.309999,18.309999,18.120001,18.150000,15.994731,131900,NSAYN
2013-11-26,18.290001,18.290001,18.170000,18.209999,16.047606,235200,NSAYN
2013-11-27,18.209999,18.350000,18.209999,18.280001,16.109297,369800,NSAYN
2013-11-29,18.440001,18.440001,18.250000,18.260000,16.091669,21800,NSAYN
2013-12-02,18.230000,18.270000,18.139999,18.139999,15.985917,63600,NSAYN
2013-12-03,18.000000,18.030001,17.900000,17.980000,15.844922,109700,NSAYN
2013-12-04,17.670000,17.870001,17.670000,17.770000,15.659856,80000,NSAYN
2013-12-05,17.360001,17.360001,17.240000,17.240000,15.192792,121300,NSAYN
2013-12-06,17.799999,17.830000,17.620001,17.719999,15.615790,63500,NSAYN
2013-12-09,17.639999,17.670000,17.530001,17.600000,15.510041,684000,NSAYN
2013-12-10,17.610001,17.690001,17.570000,17.670000,15.571731,117800,NSAYN
2013-12-11,17.500000,17.559999,17.370001,17.379999,15.316168,414900,NSAYN
2013-12-12,17.500000,17.500000,17.379999,17.480000,15.404291,159300,NSAYN
2013-12-13,17.320000,17.330000,17.250000,17.270000,15.219229,75800,NSAYN
2013-12-16,17.000000,17.219999,16.969999,17.030001,15.007730,118600,NSAYN
2013-12-17,16.879999,16.879999,16.799999,16.860001,14.857916,220700,NSAYN
2013-12-18,17.290001,17.410000,17.170000,17.410000,15.342604,101800,NSAYN
2013-12-19,17.180000,17.180000,17.040001,17.040001,15.016541,222100,NSAYN
2013-12-20,16.770000,16.820000,16.770000,16.809999,14.813854,193000,NSAYN
2013-12-23,16.860001,16.920000,16.840000,16.910000,14.901978,179100,NSAYN
2013-12-24,16.709999,16.719999,16.660000,16.690001,14.708103,86000,NSAYN
2013-12-26,16.709999,16.900000,16.709999,16.830000,14.831479,82800,NSAYN
2013-12-27,16.830000,16.900000,16.830000,16.850000,14.849104,80200,NSAYN
2013-12-30,16.799999,16.830000,16.770000,16.780001,14.787417,287400,NSAYN
2013-12-31,16.760000,16.809999,16.760000,16.799999,14.805040,232800,NSAYN
2014-01-02,16.780001,16.809999,16.650000,16.650000,14.672853,162700,NSAYN
2014-01-03,16.830000,16.830000,16.629999,16.700001,14.716917,90600,NSAYN
2014-01-06,17.100000,17.250000,17.100000,17.200001,15.157543,546900,NSAYN
2014-01-07,17.219999,17.350000,17.170000,17.330000,15.272102,680300,NSAYN
2014-01-08,17.950001,17.950001,17.830000,17.870001,15.747982,166700,NSAYN
2014-01-09,17.840000,17.840000,17.709999,17.840000,15.721543,114200,NSAYN
2014-01-10,17.930000,18.000000,17.900000,17.959999,15.827291,80500,NSAYN
2014-01-13,18.250000,18.309999,17.920000,17.930000,15.800856,440200,NSAYN
2014-01-14,18.120001,18.250000,18.090000,18.219999,16.056419,276800,NSAYN
2014-01-15,18.129999,18.200001,18.059999,18.150000,15.994731,349400,NSAYN
2014-01-16,18.260000,18.410000,18.260000,18.360001,16.179794,103600,NSAYN
2014-01-17,18.410000,18.500000,18.400000,18.480000,16.285545,311300,NSAYN
2014-01-21,18.530001,18.559999,18.350000,18.480000,16.285545,183300,NSAYN
2014-01-22,18.459999,18.500000,18.379999,18.420000,16.232670,126400,NSAYN
2014-01-23,17.940001,18.850000,17.780001,18.600000,16.391294,1549200,NSAYN
2014-01-24,18.059999,18.389999,17.830000,17.830000,15.712731,214500,NSAYN
2014-01-27,17.760000,17.830000,17.600000,17.740000,15.633418,103400,NSAYN
2014-01-28,17.600000,17.750000,17.600000,17.690001,15.589355,76400,NSAYN
2014-01-29,17.559999,17.600000,17.450001,17.500000,15.421919,42200,NSAYN
2014-01-30,17.510000,17.650000,17.500000,17.610001,15.518856,95300,NSAYN
2014-01-31,17.200001,17.250000,17.160000,17.190001,15.148730,67600,NSAYN
2014-02-03,17.180000,17.230000,17.020000,17.040001,15.016541,220500,NSAYN
2014-02-04,16.450001,16.790001,16.450001,16.790001,14.796228,121100,NSAYN
2014-02-05,16.760000,16.840000,16.719999,16.750000,14.760980,243200,NSAYN
2014-02-06,17.000000,17.200001,17.000000,17.180000,15.139917,277500,NSAYN
2014-02-07,17.280001,17.549999,17.270000,17.540001,15.457168,130400,NSAYN
2014-02-10,17.379999,17.459999,17.260000,17.350000,15.289732,86700,NSAYN
2014-02-11,17.430000,17.600000,17.430000,17.570000,15.483603,64800,NSAYN
2014-02-12,17.570000,17.709999,17.570000,17.670000,15.571731,116700,NSAYN
2014-02-13,17.530001,17.590000,17.379999,17.549999,15.465979,153100,NSAYN
2014-02-14,17.700001,17.910000,17.700001,17.889999,15.765607,47200,NSAYN
2014-02-18,18.340000,18.340000,18.219999,18.320000,16.144543,70600,NSAYN
2014-02-19,18.320000,18.340000,18.200001,18.200001,16.038794,96900,NSAYN
2014-02-20,17.780001,17.930000,17.780001,17.840000,15.721543,66400,NSAYN
2014-02-21,17.840000,18.040001,17.840000,17.969999,15.836106,88400,NSAYN
2014-02-24,17.950001,18.049999,17.930000,17.930000,15.800856,359900,NSAYN
2014-02-25,17.879999,17.940001,17.799999,17.830000,15.712731,79000,NSAYN
2014-02-26,17.850000,17.930000,17.850000,17.870001,15.747982,54200,NSAYN
2014-02-27,17.760000,17.900000,17.760000,17.889999,15.765607,45500,NSAYN
2014-02-28,17.980000,18.000000,17.750000,17.910000,15.783233,333900,NSAYN
2014-03-03,17.889999,17.889999,17.750000,17.790001,15.677481,72100,NSAYN
2014-03-04,17.750000,17.760000,17.670000,17.740000,15.633418,87100,NSAYN
2014-03-05,17.740000,17.740000,17.660000,17.670000,15.571731,159200,NSAYN
2014-03-06,17.860001,17.860001,17.680000,17.690001,15.589355,244000,NSAYN
2014-03-07,17.559999,17.559999,17.410000,17.420000,15.351417,83100,NSAYN
2014-03-10,17.370001,17.420000,17.250000,17.299999,15.245666,123800,NSAYN
2014-03-11,17.299999,17.299999,17.180000,17.190001,15.148730,47500,NSAYN
2014-03-12,16.969999,17.049999,16.920000,16.990000,14.972480,67300,NSAYN
2014-03-13,16.910000,16.950001,16.730000,16.760000,14.769790,76900,NSAYN
2014-03-14,16.690001,16.760000,16.660000,16.750000,14.760980,99400,NSAYN
2014-03-17,16.959999,17.040001,16.760000,17.040001,15.016541,117300,NSAYN
2014-03-18,17.020000,17.190001,17.020000,17.170000,15.131105,61400,NSAYN
2014-03-19,17.160000,17.299999,17.160000,17.260000,15.210418,53600,NSAYN
2014-03-20,16.850000,17.110001,16.850000,17.070000,15.042978,49100,NSAYN
2014-03-21,17.059999,17.139999,16.959999,17.010000,14.990106,93000,NSAYN
2014-03-24,17.260000,17.260000,17.150000,17.260000,15.210418,69800,NSAYN
2014-03-25,17.330000,17.500000,17.330000,17.450001,15.377854,197200,NSAYN
2014-03-26,17.520000,17.520000,17.270000,17.270000,15.480041,279800,NSAYN
2014-03-27,17.520000,17.520000,17.430000,17.480000,15.668275,133900,NSAYN
2014-03-28,17.549999,17.719999,17.549999,17.670000,15.838580,51400,NSAYN
2014-03-31,17.940001,17.950001,17.870001,17.870001,16.017851,49500,NSAYN
2014-04-01,17.719999,18.160000,17.719999,18.080000,16.206085,93100,NSAYN
2014-04-02,18.080000,18.139999,18.070000,18.139999,16.259867,48900,NSAYN
2014-04-03,18.080000,18.170000,18.049999,18.070000,16.197123,65000,NSAYN
2014-04-04,18.260000,18.340000,18.139999,18.200001,16.313648,38800,NSAYN
2014-04-07,18.280001,18.299999,18.190001,18.240000,16.349504,126500,NSAYN
2014-04-08,18.219999,18.270000,18.090000,18.120001,16.241943,68900,NSAYN
2014-04-09,18.020000,18.100000,17.910000,18.040001,16.170233,113400,NSAYN
2014-04-10,17.879999,18.070000,17.879999,17.900000,16.044741,50600,NSAYN
2014-04-11,17.799999,17.850000,17.700001,17.830000,15.981997,55500,NSAYN
2014-04-14,17.740000,17.900000,17.730000,17.830000,15.981997,81500,NSAYN
2014-04-15,17.709999,17.840000,17.680000,17.760000,15.919255,50300,NSAYN
2014-04-16,17.850000,17.950001,17.750000,17.950001,16.089563,55800,NSAYN
2014-04-17,17.670000,17.870001,17.670000,17.830000,15.981997,47000,NSAYN
2014-04-21,17.639999,17.670000,17.469999,17.660000,15.829617,106000,NSAYN
2014-04-22,17.620001,17.650000,17.520000,17.620001,15.793765,55500,NSAYN
2014-04-23,17.520000,17.610001,17.520000,17.540001,15.722057,54400,NSAYN
2014-04-24,17.490000,17.490000,17.290001,17.410000,15.605529,64700,NSAYN
2014-04-25,17.040001,17.209999,17.040001,17.150000,15.372477,77000,NSAYN
2014-04-28,17.170000,17.230000,17.080000,17.160000,15.381441,37500,NSAYN
2014-04-29,17.120001,17.299999,17.120001,17.299999,15.506930,80400,NSAYN
2014-04-30,17.150000,17.309999,17.110001,17.280001,15.489001,128300,NSAYN
2014-05-01,17.299999,17.500000,17.299999,17.469999,15.659309,75400,NSAYN
2014-05-02,17.219999,17.450001,17.200001,17.309999,15.515893,78600,NSAYN
2014-05-05,17.200001,17.309999,17.200001,17.280001,15.489001,45800,NSAYN
2014-05-06,17.360001,17.360001,17.129999,17.180000,15.399366,75500,NSAYN
2014-05-07,17.000000,17.090000,16.969999,17.070000,15.300768,73600,NSAYN
2014-05-08,16.950001,17.100000,16.950001,17.020000,15.255952,579600,NSAYN
2014-05-09,17.059999,17.200001,17.059999,17.200001,15.417295,81800,NSAYN
2014-05-12,17.200001,17.240000,17.110001,17.230000,15.444185,39000,NSAYN
2014-05-13,17.830000,17.940001,17.830000,17.900000,16.044741,88200,NSAYN
2014-05-14,17.910000,17.950001,17.870001,17.870001,16.017851,93300,NSAYN
2014-05-15,17.840000,17.930000,17.740000,17.770000,15.928219,80600,NSAYN
2014-05-16,17.760000,17.760000,17.639999,17.670000,15.838580,59200,NSAYN
2014-05-19,17.500000,17.520000,17.360001,17.520000,15.704128,83700,NSAYN
2014-05-20,17.790001,17.790001,17.480000,17.580000,15.757909,126700,NSAYN
2014-05-21,17.760000,17.830000,17.680000,17.830000,15.981997,65200,NSAYN
2014-05-22,17.930000,17.940001,17.879999,17.930000,16.071632,109900,NSAYN
2014-05-23,17.940001,18.040001,17.840000,18.020000,16.152306,49400,NSAYN
2014-05-27,17.969999,17.969999,17.760000,17.910000,16.053707,43600,NSAYN
2014-05-28,17.799999,17.940001,17.680000,17.780001,15.937181,23800,NSAYN
2014-05-29,18.250000,18.270000,18.120001,18.219999,16.331575,206400,NSAYN
2014-05-30,18.100000,18.150000,18.090000,18.100000,16.224014,77800,NSAYN
2014-06-02,18.250000,18.280001,18.120001,18.280001,16.385357,70200,NSAYN
2014-06-03,18.170000,18.360001,18.170000,18.360001,16.457064,155000,NSAYN
2014-06-04,18.459999,18.549999,18.350000,18.490000,16.573589,129900,NSAYN
2014-06-05,18.510000,18.549999,18.450001,18.540001,16.618410,80500,NSAYN
2014-06-06,18.549999,18.549999,18.450001,18.520000,16.600481,112900,NSAYN
2014-06-09,18.559999,18.590000,18.469999,18.570000,16.645300,64100,NSAYN
2014-06-10,18.580000,18.600000,18.500000,18.600000,16.672192,53800,NSAYN
2014-06-11,18.639999,18.639999,18.530001,18.580000,16.654263,71400,NSAYN
2014-06-12,18.820000,18.860001,18.680000,18.700001,16.761826,48700,NSAYN
2014-06-13,18.799999,18.860001,18.760000,18.780001,16.833536,45700,NSAYN
2014-06-16,18.740000,18.820000,18.719999,18.770000,16.824572,71800,NSAYN
2014-06-17,18.850000,18.850000,18.750000,18.760000,16.815609,77900,NSAYN
2014-06-18,18.830000,18.990000,18.830000,18.969999,17.003841,73600,NSAYN
2014-06-19,19.180000,19.379999,19.180000,19.370001,17.362383,270600,NSAYN
2014-06-20,19.610001,19.820000,19.600000,19.730000,17.685072,66900,NSAYN
2014-06-23,19.360001,19.360001,19.170000,19.209999,17.218967,130100,NSAYN
2014-06-24,19.129999,19.230000,19.049999,19.070000,17.093477,81500,NSAYN
2014-06-25,18.950001,19.190001,18.950001,19.190001,17.201040,56300,NSAYN
2014-06-26,19.100000,19.100000,18.969999,19.040001,17.066589,126600,NSAYN
2014-06-27,18.889999,19.030001,18.809999,18.879999,16.923170,36500,NSAYN
2014-06-30,18.900000,19.000000,18.879999,18.969999,17.003841,67900,NSAYN
2014-07-01,19.150000,19.389999,19.150000,19.350000,17.344456,119500,NSAYN
2014-07-02,19.410000,19.500000,19.400000,19.480000,17.460983,83900,NSAYN
2014-07-03,19.400000,19.420000,19.360001,19.370001,17.362383,23300,NSAYN
2014-07-07,19.520000,19.520000,19.340000,19.360001,17.353422,67500,NSAYN
2014-07-08,19.350000,19.500000,19.260000,19.260000,17.263784,244200,NSAYN
2014-07-09,19.350000,19.350000,19.180000,19.209999,17.218967,134800,NSAYN
2014-07-10,19.090000,19.090000,18.889999,18.969999,17.003841,187500,NSAYN
2014-07-11,19.100000,19.280001,19.059999,19.150000,17.165186,52800,NSAYN
2014-07-14,19.370001,19.450001,19.370001,19.430000,17.416164,36400,NSAYN
2014-07-15,19.440001,19.590000,19.420000,19.459999,17.443054,34500,NSAYN
2014-07-16,19.629999,19.660000,19.629999,19.660000,17.622328,56200,NSAYN
2014-07-17,19.650000,19.650000,19.350000,19.350000,17.344456,66000,NSAYN
2014-07-18,19.440001,19.580000,19.440001,19.549999,17.523727,65100,NSAYN
2014-07-21,19.520000,19.520000,19.430000,19.500000,17.478910,38600,NSAYN
2014-07-22,19.410000,19.469999,19.410000,19.450001,17.434093,81000,NSAYN
2014-07-23,19.360001,19.360001,19.200001,19.309999,17.308601,61500,NSAYN
2014-07-24,19.440001,19.600000,19.440001,19.600000,17.568544,28000,NSAYN
2014-07-25,19.420000,19.530001,19.420000,19.440001,17.425129,48300,NSAYN
2014-07-28,19.969999,20.270000,19.950001,20.190001,18.097395,236700,NSAYN
2014-07-29,20.110001,20.110001,19.930000,19.930000,17.864344,468500,NSAYN
2014-07-30,20.020000,20.110001,19.889999,19.969999,17.900196,356600,NSAYN
2014-07-31,19.809999,19.850000,19.650000,19.660000,17.622328,27900,NSAYN
2014-08-01,19.730000,19.740000,19.580000,19.629999,17.595434,44200,NSAYN
2014-08-04,19.530001,19.580000,19.500000,19.580000,17.550617,36000,NSAYN
2014-08-05,19.570000,19.570000,19.190001,19.209999,17.218967,50700,NSAYN
2014-08-06,19.100000,19.120001,19.010000,19.100000,17.120369,53500,NSAYN
2014-08-07,19.200001,19.200001,18.850000,18.879999,16.923170,44200,NSAYN
2014-08-08,19.030001,19.170000,19.030001,19.170000,17.183113,59800,NSAYN
2014-08-11,19.209999,19.219999,19.170000,19.219999,17.227928,79600,NSAYN
2014-08-12,19.219999,19.299999,19.219999,19.260000,17.263784,42300,NSAYN
2014-08-13,19.510000,19.600000,19.510000,19.590000,17.559582,21400,NSAYN
2014-08-14,19.500000,19.500000,19.430000,19.500000,17.478910,34900,NSAYN
2014-08-15,19.570000,19.610001,19.360001,19.389999,17.380310,46600,NSAYN
2014-08-18,19.510000,19.600000,19.490000,19.590000,17.559582,41100,NSAYN
2014-08-19,19.570000,19.590000,19.530001,19.570000,17.541655,38300,NSAYN
2014-08-20,19.500000,19.570000,19.450001,19.559999,17.532688,25000,NSAYN
2014-08-21,19.400000,19.559999,19.379999,19.540001,17.514763,32900,NSAYN
2014-08-22,19.480000,19.559999,19.450001,19.490000,17.469946,39100,NSAYN
2014-08-25,19.400000,19.540001,19.400000,19.500000,17.478910,34300,NSAYN
2014-08-26,19.520000,19.600000,19.400000,19.459999,17.443054,134200,NSAYN
2014-08-27,19.459999,19.490000,19.400000,19.420000,17.407202,34200,NSAYN
2014-08-28,19.480000,19.480000,19.309999,19.309999,17.308601,50900,NSAYN
2014-08-29,19.299999,19.299999,19.160000,19.209999,17.218967,79900,NSAYN
2014-09-02,19.209999,19.340000,19.209999,19.309999,17.308601,83700,NSAYN
2014-09-03,19.209999,19.340000,19.209999,19.320000,17.317568,108300,NSAYN
2014-09-04,19.559999,19.559999,19.450001,19.500000,17.478910,469200,NSAYN
2014-09-05,19.309999,19.500000,19.309999,19.500000,17.478910,52200,NSAYN
2014-09-08,19.469999,19.620001,19.469999,19.570000,17.541655,46700,NSAYN
2014-09-09,19.549999,19.650000,19.379999,19.379999,17.371346,54500,NSAYN
2014-09-10,19.570000,19.660000,19.570000,19.639999,17.604401,50200,NSAYN
2014-09-11,19.639999,19.670000,19.639999,19.650000,17.613359,34900,NSAYN
2014-09-12,19.610001,19.660000,19.600000,19.629999,17.595434,33200,NSAYN
2014-09-15,19.629999,19.629999,19.549999,19.590000,17.559582,33300,NSAYN
2014-09-16,19.610001,19.780001,19.549999,19.770000,17.720922,93900,NSAYN
2014-09-17,19.600000,19.610001,19.450001,19.540001,17.514763,38900,NSAYN
2014-09-18,19.450001,19.639999,19.450001,19.600000,17.568544,60700,NSAYN
2014-09-19,19.600000,19.700001,19.600000,19.660000,17.622328,22000,NSAYN
2014-09-22,19.770000,19.770000,19.650000,19.670000,17.631290,79400,NSAYN
2014-09-23,19.660000,19.719999,19.660000,19.709999,17.667143,52200,NSAYN
2014-09-24,19.750000,19.879999,19.740000,19.860001,17.801598,70300,NSAYN
2014-09-25,19.709999,19.730000,19.530001,19.530001,17.756262,40700,NSAYN
2014-09-26,19.620001,19.780001,19.620001,19.730000,17.938097,43900,NSAYN
2014-09-29,19.600000,19.620001,19.510000,19.559999,17.783535,85200,NSAYN
2014-09-30,19.469999,19.480000,19.309999,19.360001,17.601702,70500,NSAYN
2014-10-01,19.160000,19.180000,18.900000,19.030001,17.301672,558500,NSAYN
2014-10-02,18.860001,18.860001,18.610001,18.780001,17.074379,124300,NSAYN
2014-10-03,18.790001,18.799999,18.570000,18.770000,17.065287,77900,NSAYN
2014-10-06,18.650000,18.830000,18.650000,18.760000,17.056194,716500,NSAYN
2014-10-07,18.660000,18.750000,18.600000,18.620001,16.928909,42900,NSAYN
2014-10-08,18.400000,18.639999,18.309999,18.620001,16.928909,71700,NSAYN
2014-10-09,18.500000,18.510000,18.290001,18.330000,16.665245,22700,NSAYN
2014-10-10,18.330000,18.330000,18.059999,18.090000,16.447044,37300,NSAYN
2014-10-13,18.350000,18.350000,17.820000,17.879999,16.256115,70100,NSAYN
2014-10-14,17.910000,18.000000,17.850000,17.879999,16.256115,282100,NSAYN
2014-10-15,17.730000,17.809999,17.530001,17.750000,16.137922,98300,NSAYN
2014-10-16,17.820000,17.910000,17.620001,17.879999,16.256115,274900,NSAYN
2014-10-17,17.559999,17.820000,17.410000,17.580000,15.983362,108400,NSAYN
2014-10-20,17.809999,18.059999,17.780001,18.020000,16.383402,190000,NSAYN
2014-10-21,17.770000,17.870001,17.750000,17.870001,16.247026,114400,NSAYN
2014-10-22,17.879999,17.879999,17.719999,17.730000,16.119738,58900,NSAYN
2014-10-23,17.570000,17.809999,17.549999,17.760000,16.147013,134400,NSAYN
2014-10-24,17.690001,17.700001,17.610001,17.680000,16.074280,100600,NSAYN
2014-10-27,17.650000,17.650000,17.580000,17.590000,15.992455,92900,NSAYN
2014-10-28,17.580000,17.580000,17.500000,17.540001,15.946997,85600,NSAYN
2014-10-29,17.600000,17.700001,17.549999,17.650000,16.047005,60700,NSAYN
2014-10-30,17.629999,17.660000,17.500000,17.639999,16.037912,62300,NSAYN
2014-10-31,17.950001,18.480000,17.870001,18.450001,16.774349,610700,NSAYN
2014-11-03,18.110001,18.639999,18.110001,18.600000,16.910725,92400,NSAYN
2014-11-04,18.180000,18.700001,18.160000,18.610001,16.919817,140700,NSAYN
2014-11-05,18.400000,18.600000,18.370001,18.520000,16.837992,95600,NSAYN
2014-11-06,18.469999,18.469999,18.350000,18.400000,16.728889,37800,NSAYN
2014-11-07,18.250000,18.250000,17.990000,18.190001,16.537962,50000,NSAYN
2014-11-10,18.309999,18.400000,18.260000,18.290001,16.628880,50200,NSAYN
2014-11-11,18.379999,18.500000,18.360001,18.490000,16.810717,86800,NSAYN
2014-11-12,18.260000,18.360001,18.260000,18.290001,16.628880,96800,NSAYN
2014-11-13,18.430000,18.590000,18.430000,18.540001,16.856176,69500,NSAYN
2014-11-14,18.650000,18.650000,18.480000,18.580000,16.892542,52700,NSAYN
2014-11-17,18.410000,18.450001,18.280001,18.320000,16.656155,124400,NSAYN
2014-11-18,18.309999,18.559999,18.309999,18.559999,16.874359,153100,NSAYN
2014-11-19,18.299999,18.370001,18.299999,18.299999,16.637970,49100,NSAYN
2014-11-20,18.340000,18.379999,18.320000,18.330000,16.665245,66100,NSAYN
2014-11-21,18.340000,18.500000,18.290001,18.309999,16.647062,40800,NSAYN
2014-11-24,18.430000,18.430000,18.299999,18.340000,16.674339,61100,NSAYN
2014-11-25,18.930000,18.930000,18.629999,18.639999,16.947090,102400,NSAYN
2014-11-26,18.910000,19.000000,18.910000,18.950001,17.228939,50900,NSAYN
2014-11-28,18.610001,18.780001,18.600000,18.610001,16.919817,37100,NSAYN
2014-12-01,18.600000,18.670000,18.500000,18.600000,16.910725,82700,NSAYN
2014-12-02,18.500000,18.770000,18.500000,18.750000,17.047104,54300,NSAYN
2014-12-03,18.680000,18.680000,18.500000,18.680000,16.983459,139500,NSAYN
2014-12-04,18.610001,18.780001,18.610001,18.680000,16.983459,109100,NSAYN
2014-12-05,18.799999,18.920000,18.799999,18.870001,17.156202,188400,NSAYN
2014-12-08,18.879999,18.879999,18.580000,18.620001,16.928909,76100,NSAYN
2014-12-09,18.530001,18.920000,18.530001,18.670000,16.974367,142400,NSAYN
2014-12-10,18.490000,18.490000,18.129999,18.200001,16.547054,162900,NSAYN
2014-12-11,18.309999,18.469999,18.260000,18.309999,16.647062,114800,NSAYN
2014-12-12,18.070000,18.100000,17.950001,17.969999,16.337942,124100,NSAYN
2014-12-15,17.629999,17.629999,17.280001,17.309999,15.737885,257600,NSAYN
2014-12-16,17.500000,17.500000,17.160000,17.180000,15.619692,106400,NSAYN
2014-12-17,17.320000,17.559999,17.309999,17.459999,15.874262,273100,NSAYN
2014-12-18,17.290001,17.559999,17.190001,17.350000,15.774251,351500,NSAYN
2014-12-19,17.570000,17.740000,17.570000,17.600000,16.001547,174200,NSAYN
2014-12-22,17.610001,17.900000,17.610001,17.650000,16.047005,261400,NSAYN
2014-12-23,17.639999,17.700001,17.639999,17.670000,16.065189,131400,NSAYN
2014-12-24,17.680000,17.750000,17.670000,17.750000,16.137922,31100,NSAYN
2014-12-26,17.740000,17.930000,17.740000,17.820000,16.201567,58300,NSAYN
2014-12-29,17.420000,17.660000,17.410000,17.660000,16.056095,99200,NSAYN
2014-12-30,17.670000,17.709999,17.500000,17.559999,15.965178,105500,NSAYN
2014-12-31,17.500000,17.530001,17.450001,17.469999,15.883352,78100,NSAYN
2015-01-02,17.570000,17.570000,17.469999,17.500000,15.910629,68500,NSAYN
2015-01-05,17.459999,17.459999,17.100000,17.170000,15.610600,83400,NSAYN
2015-01-06,17.000000,17.020000,16.650000,16.760000,15.237838,130800,NSAYN
2015-01-07,16.969999,17.230000,16.950001,17.010000,15.465130,97500,NSAYN
2015-01-08,16.920000,17.000000,16.879999,16.990000,15.446945,71200,NSAYN
2015-01-09,17.120001,17.139999,16.900000,16.959999,15.419672,70200,NSAYN
2015-01-12,17.010000,17.059999,16.900000,16.980000,15.437855,208000,NSAYN
2015-01-13,16.910000,17.129999,16.820000,17.010000,15.465130,106300,NSAYN
2015-01-14,16.850000,16.940001,16.740000,16.799999,15.274202,154000,NSAYN
2015-01-15,16.910000,16.940001,16.799999,16.799999,15.274202,60100,NSAYN
2015-01-16,16.860001,16.959999,16.860001,16.940001,15.401488,189700,NSAYN
2015-01-20,17.309999,17.430000,17.190001,17.309999,15.737885,215000,NSAYN
2015-01-21,17.430000,17.430000,17.270000,17.350000,15.774251,994900,NSAYN
2015-01-22,17.520000,17.799999,17.490000,17.740000,16.128830,87400,NSAYN
2015-01-23,17.410000,17.610001,17.410000,17.549999,15.956087,185900,NSAYN
2015-01-26,17.430000,17.670000,17.430000,17.639999,16.037912,143700,NSAYN
2015-01-27,17.650000,17.700001,17.600000,17.700001,16.092464,41200,NSAYN
2015-01-28,17.860001,17.860001,17.650000,17.650000,16.047005,36300,NSAYN
2015-01-29,17.299999,17.559999,17.299999,17.559999,15.965178,54300,NSAYN
2015-01-30,17.150000,17.180000,17.020000,17.020000,15.474222,154000,NSAYN
2015-02-02,17.389999,17.400000,17.200001,17.240000,15.674243,101800,NSAYN
2015-02-03,17.459999,17.459999,17.370001,17.440001,15.856079,53800,NSAYN
2015-02-04,17.400000,17.600000,17.400000,17.580000,15.983362,48100,NSAYN
2015-02-05,17.809999,17.840000,17.709999,17.840000,16.219749,42100,NSAYN
2015-02-06,17.740000,17.900000,17.730000,17.790001,16.174292,55900,NSAYN
2015-02-09,18.100000,18.610001,18.100000,18.520000,16.837992,225700,NSAYN
2015-02-10,18.559999,18.700001,18.559999,18.700001,17.001644,91200,NSAYN
2015-02-11,18.610001,18.719999,18.610001,18.680000,16.983459,40200,NSAYN
2015-02-12,18.850000,18.969999,18.799999,18.969999,17.247120,110300,NSAYN
2015-02-13,19.219999,19.360001,19.090000,19.309999,17.556242,81200,NSAYN
2015-02-17,19.700001,19.870001,19.700001,19.820000,18.019922,73400,NSAYN
2015-02-18,19.980000,20.290001,19.940001,20.270000,18.429052,236800,NSAYN
2015-02-19,20.240000,20.410000,20.030001,20.389999,18.538155,117200,NSAYN
2015-02-20,20.270000,20.450001,20.270000,20.450001,18.592707,65100,NSAYN
2015-02-23,20.490000,20.520000,20.490000,20.520000,18.656349,86600,NSAYN
2015-02-24,20.450001,20.629999,20.450001,20.600000,18.729084,146100,NSAYN
2015-02-25,20.500000,20.600000,20.500000,20.549999,18.683624,46900,NSAYN
2015-02-26,21.150000,21.260000,21.110001,21.230000,19.301865,96700,NSAYN
2015-02-27,21.180000,21.200001,21.030001,21.030001,19.120029,184400,NSAYN
2015-03-02,20.840000,20.990000,20.840000,20.879999,18.983652,65200,NSAYN
2015-03-03,20.840000,20.900000,20.610001,20.690001,18.810909,105600,NSAYN
2015-03-04,20.490000,20.600000,20.420000,20.559999,18.692715,74400,NSAYN
2015-03-05,20.549999,20.650000,20.459999,20.629999,18.756357,92600,NSAYN
2015-03-06,20.680000,20.680000,20.420000,20.469999,18.610888,77900,NSAYN
2015-03-09,20.510000,20.580000,20.469999,20.540001,18.674532,83500,NSAYN
2015-03-10,20.480000,20.500000,20.400000,20.420000,18.565430,55400,NSAYN
2015-03-11,20.320000,20.389999,20.280001,20.320000,18.474512,135500,NSAYN
2015-03-12,21.049999,21.150000,21.049999,21.139999,19.220039,54200,NSAYN
2015-03-13,21.340000,21.459999,21.299999,21.330000,19.392782,37900,NSAYN
2015-03-16,21.459999,21.459999,21.260000,21.320000,19.383692,44200,NSAYN
2015-03-17,21.090000,21.090000,20.990000,21.030001,19.120029,50800,NSAYN
2015-03-18,21.160000,21.240000,21.020000,21.200001,19.274591,75600,NSAYN
2015-03-19,20.870001,20.879999,20.790001,20.879999,18.983652,28800,NSAYN
2015-03-20,21.059999,21.219999,21.040001,21.219999,19.292774,28000,NSAYN
2015-03-23,21.250000,21.290001,21.230000,21.260000,19.329140,22300,NSAYN
2015-03-24,21.150000,21.219999,21.070000,21.070000,19.156397,72900,NSAYN
2015-03-25,21.320000,21.340000,21.150000,21.209999,19.283682,52100,NSAYN
2015-03-26,21.200001,21.200001,20.590000,20.650000,19.012367,50000,NSAYN
2015-03-27,20.389999,20.580000,20.350000,20.450001,18.828230,62500,NSAYN
2015-03-30,20.520000,20.690001,20.520000,20.590000,18.957127,26400,NSAYN
2015-03-31,20.330000,20.469999,20.320000,20.330000,18.717743,85600,NSAYN
2015-04-01,20.090000,20.100000,20.049999,20.090000,18.496778,58200,NSAYN
2015-04-02,20.440001,20.549999,20.389999,20.430000,18.809813,27000,NSAYN
2015-04-06,20.320000,20.459999,20.320000,20.379999,18.763779,57100,NSAYN
2015-04-07,20.260000,20.500000,20.260000,20.410000,18.791399,122000,NSAYN
2015-04-08,20.379999,20.490000,20.330000,20.410000,18.791399,41800,NSAYN
2015-04-09,20.920000,21.100000,20.900000,21.030001,19.362232,50100,NSAYN
2015-04-10,21.139999,21.299999,21.139999,21.280001,19.592405,42400,NSAYN
2015-04-13,20.799999,21.160000,20.799999,20.950001,19.288578,36800,NSAYN
2015-04-14,20.950001,21.000000,20.830000,20.900000,19.242538,64000,NSAYN
2015-04-15,21.110001,21.110001,20.870001,20.900000,19.242538,46200,NSAYN
2015-04-16,20.900000,21.020000,20.900000,20.969999,19.306988,257100,NSAYN
2015-04-17,20.700001,21.010000,20.700001,20.969999,19.306988,196900,NSAYN
2015-04-20,21.250000,21.299999,21.170000,21.250000,19.564783,120700,NSAYN
2015-04-21,21.680000,21.750000,21.639999,21.690001,19.969891,500000,NSAYN
2015-04-22,21.540001,21.610001,21.450001,21.500000,19.794958,32500,NSAYN
2015-04-23,21.620001,21.620001,21.430000,21.440001,19.739717,345400,NSAYN
2015-04-24,21.440001,21.540001,21.389999,21.400000,19.702888,121400,NSAYN
2015-04-27,21.420000,21.660000,21.420000,21.590000,19.877821,28200,NSAYN
2015-04-28,21.450001,21.639999,21.370001,21.440001,19.739717,83100,NSAYN
2015-04-29,21.360001,21.370001,21.090000,21.270000,19.583197,45100,NSAYN
2015-04-30,21.129999,21.129999,20.719999,20.750000,19.104437,61800,NSAYN
2015-05-01,20.580000,20.820000,20.580000,20.799999,19.150469,30900,NSAYN
2015-05-04,20.830000,20.930000,20.830000,20.930000,19.270163,18600,NSAYN
2015-05-05,20.780001,20.820000,20.450001,20.469999,18.846640,57900,NSAYN
2015-05-06,20.559999,20.559999,20.389999,20.410000,18.791399,27200,NSAYN
2015-05-07,20.320000,20.400000,20.309999,20.389999,18.772985,31200,NSAYN
2015-05-08,20.750000,20.920000,20.750000,20.900000,19.242538,70700,NSAYN
2015-05-11,20.969999,20.969999,20.809999,20.860001,19.205713,27300,NSAYN
2015-05-12,20.860001,20.860001,20.770000,20.820000,19.168884,28400,NSAYN
2015-05-13,21.049999,21.459999,21.049999,21.350000,19.656857,140500,NSAYN
2015-05-14,21.400000,21.540001,21.400000,21.540001,19.831785,1046800,NSAYN
2015-05-15,21.350000,21.459999,21.350000,21.459999,19.758131,19100,NSAYN
2015-05-18,21.400000,21.459999,21.400000,21.459999,19.758131,14100,NSAYN
2015-05-19,21.240000,21.320000,21.200001,21.200001,19.518749,13100,NSAYN
2015-05-20,20.910000,21.100000,20.910000,21.010000,19.343819,28600,NSAYN
2015-05-21,20.730000,20.930000,20.730000,20.830000,19.178093,51200,NSAYN
2015-05-22,20.510000,20.700001,20.510000,20.690001,19.049196,29700,NSAYN
2015-05-26,20.690001,20.700001,20.480000,20.620001,18.984749,50200,NSAYN
2015-05-27,20.700001,20.950001,20.700001,20.950001,19.288578,74100,NSAYN
2015-05-28,20.850000,21.040001,20.790001,20.950001,19.288578,22300,NSAYN
2015-05-29,20.870001,20.959999,20.709999,20.780001,19.132057,42000,NSAYN
2015-06-01,20.900000,20.930000,20.889999,20.930000,19.270163,22200,NSAYN
2015-06-02,21.299999,21.320000,21.129999,21.290001,19.601612,29700,NSAYN
2015-06-03,21.299999,21.299999,21.209999,21.270000,19.583197,40400,NSAYN
2015-06-04,21.309999,21.459999,21.240000,21.250000,19.564783,41300,NSAYN
2015-06-05,21.150000,21.230000,21.020000,21.129999,19.454302,97200,NSAYN
2015-06-08,20.889999,21.000000,20.879999,20.900000,19.242538,27300,NSAYN
2015-06-09,20.389999,20.650000,20.389999,20.450001,18.828230,102300,NSAYN
2015-06-10,20.450001,20.670000,20.450001,20.639999,19.003159,29500,NSAYN
2015-06-11,20.430000,20.540001,20.430000,20.469999,18.846640,23800,NSAYN
2015-06-12,20.299999,20.450001,20.299999,20.389999,18.772985,154000,NSAYN
2015-06-15,20.290001,20.400000,20.219999,20.400000,18.782192,38700,NSAYN
2015-06-16,20.219999,20.250000,20.139999,20.160000,18.561228,30300,NSAYN
2015-06-17,20.299999,20.299999,20.000000,20.190001,18.588850,24500,NSAYN
2015-06-18,20.000000,20.000000,19.799999,19.980000,18.395500,22200,NSAYN
2015-06-19,20.059999,20.200001,20.020000,20.020000,18.432331,26700,NSAYN
2015-06-22,20.230000,20.299999,20.150000,20.230000,18.625675,132500,NSAYN
2015-06-23,20.389999,20.629999,20.389999,20.559999,18.929506,156400,NSAYN
2015-06-24,20.520000,20.590000,20.500000,20.549999,18.920298,104200,NSAYN
2015-06-25,20.389999,20.440001,20.290001,20.330000,18.717743,29200,NSAYN
2015-06-26,20.600000,20.930000,20.580000,20.879999,19.224127,256000,NSAYN
2015-06-29,20.650000,20.700001,20.510000,20.570000,18.938711,22400,NSAYN
2015-06-30,20.770000,20.950001,20.770000,20.910000,19.251747,161200,NSAYN
2015-07-01,20.990000,20.990000,20.660000,20.770000,19.122850,41700,NSAYN
2015-07-02,21.049999,21.200001,21.030001,21.150000,19.472713,70500,NSAYN
2015-07-06,21.480000,21.500000,21.219999,21.440001,19.739717,79200,NSAYN
2015-07-07,20.719999,20.750000,20.520000,20.740000,19.095230,263400,NSAYN
2015-07-08,19.680000,19.680000,19.150000,19.180000,17.658945,85700,NSAYN
2015-07-09,19.600000,19.620001,19.340000,19.360001,17.824669,33800,NSAYN
2015-07-10,19.500000,19.650000,19.500000,19.610001,18.054844,41700,NSAYN
2015-07-13,19.610001,19.719999,19.610001,19.650000,18.091671,90000,NSAYN
2015-07-14,19.760000,19.920000,19.760000,19.920000,18.340260,79800,NSAYN
2015-07-15,19.950001,19.950001,19.719999,19.719999,18.156120,39900,NSAYN
2015-07-16,19.639999,19.660000,19.379999,19.570000,18.018015,85000,NSAYN
2015-07-17,19.490000,19.860001,19.490000,19.670000,18.110085,49700,NSAYN
2015-07-20,19.610001,19.700001,19.530001,19.660000,18.100878,26600,NSAYN
2015-07-21,19.580000,19.580000,19.389999,19.480000,17.935154,66200,NSAYN
2015-07-22,19.709999,19.830000,19.709999,19.780001,18.211363,17600,NSAYN
2015-07-23,19.809999,19.840000,19.629999,19.680000,18.119291,26300,NSAYN
2015-07-24,19.879999,19.959999,19.780001,19.850000,18.275810,38000,NSAYN
2015-07-27,19.879999,19.980000,19.650000,19.750000,18.183741,33800,NSAYN
2015-07-28,19.040001,19.250000,19.040001,19.219999,17.695772,33800,NSAYN
2015-07-29,19.299999,19.990000,19.299999,19.950001,18.367882,29800,NSAYN
2015-07-30,19.190001,19.250000,19.049999,19.250000,17.723392,102600,NSAYN
2015-07-31,19.450001,19.510000,19.240000,19.340000,17.806253,31400,NSAYN
2015-08-03,19.160000,19.160000,18.870001,18.950001,17.447184,39100,NSAYN
2015-08-04,18.660000,18.870001,18.660000,18.780001,17.290667,89800,NSAYN
2015-08-05,18.879999,19.000000,18.809999,18.820000,17.327494,27500,NSAYN
2015-08-06,19.030001,19.120001,19.020000,19.049999,17.539255,38300,NSAYN
2015-08-07,19.160000,19.250000,19.150000,19.200001,17.677359,33600,NSAYN
2015-08-10,19.320000,19.410000,19.299999,19.360001,17.824669,36800,NSAYN
2015-08-11,19.160000,19.160000,18.900000,18.930000,17.428770,43100,NSAYN
2015-08-12,18.700001,18.719999,18.379999,18.719999,17.235424,61500,NSAYN
2015-08-13,18.700001,18.809999,18.660000,18.780001,17.290667,41700,NSAYN
2015-08-14,18.709999,18.790001,18.680000,18.780001,17.290667,33200,NSAYN
2015-08-17,18.750000,18.760000,18.580000,18.620001,17.143354,19300,NSAYN
2015-08-18,18.650000,18.910000,18.629999,18.629999,17.152561,34700,NSAYN
2015-08-19,18.719999,18.900000,18.610001,18.820000,17.327494,358400,NSAYN
2015-08-20,18.270000,18.330000,18.090000,18.110001,16.673801,52600,NSAYN
2015-08-21,18.100000,18.100000,17.540001,17.639999,16.241074,82800,NSAYN
2015-08-24,17.160000,17.160000,16.650000,17.000000,15.651828,147800,NSAYN
2015-08-25,17.590000,17.870001,17.200001,17.320000,15.946450,119900,NSAYN
2015-08-26,18.090000,18.309999,17.760000,18.170000,16.729042,66100,NSAYN
2015-08-27,17.780001,18.200001,17.780001,18.139999,16.701420,86200,NSAYN
2015-08-28,18.410000,18.490000,18.230000,18.309999,16.857939,48400,NSAYN
2015-08-31,18.000000,18.120001,17.990000,18.010000,16.581730,59600,NSAYN
2015-09-01,17.100000,17.340000,17.100000,17.250000,15.882003,74700,NSAYN
2015-09-02,17.440001,17.600000,17.370001,17.540001,16.149004,137900,NSAYN
2015-09-03,17.809999,17.950001,17.790001,17.840000,16.425211,136200,NSAYN
2015-09-04,17.740000,17.740000,17.360001,17.500000,16.112177,30900,NSAYN
2015-09-08,18.450001,18.590000,18.100000,18.590000,17.115732,68900,NSAYN
2015-09-09,18.639999,18.940001,18.480000,18.480000,17.014456,533100,NSAYN
2015-09-10,18.450001,18.549999,18.309999,18.389999,16.931593,580600,NSAYN
2015-09-11,18.260000,18.340000,18.190001,18.320000,16.867146,45500,NSAYN
2015-09-14,18.309999,18.570000,18.290001,18.360001,16.903975,79400,NSAYN
2015-09-15,18.530001,18.969999,18.530001,18.950001,17.447184,96600,NSAYN
2015-09-16,19.240000,19.480000,19.219999,19.469999,17.925945,82800,NSAYN
2015-09-17,19.280001,19.459999,19.180000,19.209999,17.686563,124200,NSAYN
2015-09-18,18.990000,18.990000,18.650000,18.750000,17.263046,27500,NSAYN
2015-09-21,18.790001,18.830000,18.650000,18.790001,17.299873,31900,NSAYN
2015-09-22,18.490000,18.490000,18.299999,18.360001,16.903975,43200,NSAYN
2015-09-23,18.520000,18.549999,18.280001,18.410000,16.950008,49600,NSAYN
2015-09-24,18.330000,18.440001,18.100000,18.430000,16.968422,38200,NSAYN
2015-09-25,18.309999,18.650000,18.309999,18.459999,17.317202,27000,NSAYN
2015-09-28,18.190001,18.190001,17.750000,17.750000,16.651155,34900,NSAYN
2015-09-29,17.459999,17.730000,17.420000,17.530001,16.444775,96100,NSAYN
2015-09-30,18.350000,18.570000,18.340000,18.570000,17.420391,180900,NSAYN
2015-10-01,19.190001,19.190001,18.930000,19.059999,17.880058,121800,NSAYN
2015-10-02,18.889999,19.440001,18.820000,19.379999,18.180246,117800,NSAYN
2015-10-05,19.379999,19.709999,19.379999,19.690001,18.471058,56200,NSAYN
2015-10-06,19.440001,19.610001,19.440001,19.510000,18.302200,58100,NSAYN
2015-10-07,19.770000,19.799999,19.559999,19.559999,18.349102,37200,NSAYN
2015-10-08,19.700001,19.980000,19.700001,19.910000,18.677437,56600,NSAYN
2015-10-09,20.209999,20.490000,20.090000,20.100000,18.855675,70700,NSAYN
2015-10-12,20.129999,20.260000,20.100000,20.160000,18.911959,57000,NSAYN
2015-10-13,20.049999,20.200001,20.010000,20.049999,18.808769,57400,NSAYN
2015-10-14,19.809999,19.870001,19.670000,19.670000,18.452295,36300,NSAYN
2015-10-15,20.049999,20.240000,20.010000,20.170000,18.921341,42200,NSAYN
2015-10-16,20.469999,20.469999,20.129999,20.270000,19.015152,310700,NSAYN
2015-10-19,19.980000,20.240000,19.980000,20.200001,18.949484,92200,NSAYN
2015-10-20,19.799999,19.959999,19.799999,19.930000,18.696199,55400,NSAYN
2015-10-21,20.290001,20.299999,20.120001,20.290001,19.033913,16200,NSAYN
2015-10-22,20.299999,20.590000,20.299999,20.549999,19.277817,44200,NSAYN
2015-10-23,20.600000,20.820000,20.600000,20.770000,19.484198,26000,NSAYN
2015-10-26,20.570000,20.889999,20.530001,20.860001,19.568626,148900,NSAYN
2015-10-27,20.750000,20.799999,20.580000,20.799999,19.512339,23500,NSAYN
2015-10-28,21.110001,21.150000,20.900000,21.150000,19.840673,57300,NSAYN
2015-10-29,20.639999,20.790001,20.639999,20.740000,19.456053,38100,NSAYN
2015-10-30,20.850000,20.850000,20.690001,20.730000,19.446672,14600,NSAYN
2015-11-02,21.110001,21.600000,20.760000,21.520000,20.187767,80200,NSAYN
2015-11-03,21.540001,21.540001,21.209999,21.350000,20.028292,141700,NSAYN
2015-11-04,21.049999,21.360001,21.049999,21.160000,19.850052,966000,NSAYN
2015-11-05,21.160000,21.250000,21.150000,21.250000,19.934483,14900,NSAYN
2015-11-06,20.610001,20.900000,20.610001,20.750000,19.465435,138000,NSAYN
2015-11-09,20.700001,20.760000,20.549999,20.700001,19.418531,43100,NSAYN
2015-11-10,20.980000,20.980000,20.799999,20.920000,19.624910,39200,NSAYN
2015-11-11,20.820000,20.959999,20.799999,20.879999,19.587385,1867700,NSAYN
2015-11-12,20.780001,20.780001,20.600000,20.620001,19.343485,44600,NSAYN
2015-11-13,20.629999,20.680000,20.549999,20.570000,19.296577,16500,NSAYN
2015-11-16,20.379999,20.629999,20.379999,20.610001,19.334103,23600,NSAYN
2015-11-17,20.480000,20.780001,20.480000,20.780001,19.493578,12000,NSAYN
2015-11-18,20.940001,20.990000,20.830000,20.950001,19.653055,108000,NSAYN
2015-11-19,21.340000,21.389999,21.160000,21.320000,20.000147,66900,NSAYN
2015-11-20,21.370001,21.370001,21.230000,21.290001,19.972006,69500,NSAYN
2015-11-23,21.299999,21.330000,21.160000,21.170000,19.859434,50100,NSAYN
2015-11-24,21.200001,21.200001,20.950001,21.090000,19.784386,510300,NSAYN
2015-11-25,20.830000,21.049999,20.830000,21.040001,19.737482,23500,NSAYN
2015-11-27,21.260000,21.309999,21.250000,21.309999,19.990767,8600,NSAYN
2015-11-30,21.500000,21.920000,21.500000,21.680000,20.337862,189600,NSAYN
2015-12-01,21.100000,21.309999,21.000000,21.219999,19.906340,78500,NSAYN
2015-12-02,20.900000,20.959999,20.700001,20.760000,19.474815,27600,NSAYN
2015-12-03,20.910000,21.049999,20.570000,20.650000,19.371626,46200,NSAYN
2015-12-04,20.580000,20.700001,20.389999,20.700001,19.418531,36400,NSAYN
2015-12-07,20.690001,20.700001,20.520000,20.600000,19.324720,423600,NSAYN
2015-12-08,20.299999,20.340000,20.160000,20.340000,19.080818,58600,NSAYN
2015-12-09,20.410000,20.719999,20.260000,20.309999,19.052675,37700,NSAYN
2015-12-10,20.480000,20.709999,20.450001,20.580000,19.305960,56400,NSAYN
2015-12-11,20.340000,20.340000,20.190001,20.299999,19.043293,45900,NSAYN
2015-12-14,20.840000,20.950001,20.559999,20.830000,19.540483,55000,NSAYN
2015-12-15,20.250000,20.430000,20.110001,20.370001,19.108961,35100,NSAYN
2015-12-16,20.980000,21.150000,20.900000,21.120001,19.812531,156400,NSAYN
2015-12-17,21.059999,21.059999,20.690001,20.709999,19.427910,330200,NSAYN
2015-12-18,20.500000,20.620001,20.430000,20.469999,19.202768,44000,NSAYN
2015-12-21,20.540001,20.620001,20.450001,20.570000,19.296577,65600,NSAYN
2015-12-22,20.740000,20.860001,20.660000,20.860001,19.568626,40100,NSAYN
2015-12-23,21.030001,21.100000,20.950001,21.059999,19.756243,30000,NSAYN
2015-12-24,20.870001,21.000000,20.870001,20.990000,19.690577,12600,NSAYN
2015-12-28,21.010000,21.100000,20.969999,21.080000,19.775005,33600,NSAYN
2015-12-29,21.200001,21.299999,21.180000,21.280001,19.962626,84200,NSAYN
2015-12-30,21.230000,21.230000,21.100000,21.120001,19.812531,34900,NSAYN
2015-12-31,21.100000,21.150000,20.959999,20.990000,19.690577,29100,NSAYN
2016-01-04,20.370001,20.450001,20.290001,20.450001,19.184008,113500,NSAYN
2016-01-05,20.559999,20.650000,20.500000,20.559999,19.287197,32300,NSAYN
2016-01-06,20.000000,20.000000,19.790001,19.889999,18.658674,45400,NSAYN
2016-01-07,19.320000,19.490000,19.250000,19.299999,18.105200,128900,NSAYN
2016-01-08,19.400000,19.400000,18.840000,18.840000,17.673677,33700,NSAYN
2016-01-11,19.270000,19.389999,18.790001,19.080000,17.898819,50500,NSAYN
2016-01-12,19.219999,19.350000,18.980000,19.160000,17.973867,75000,NSAYN
2016-01-13,19.600000,19.600000,18.959999,19.049999,17.870676,185100,NSAYN
2016-01-14,18.900000,18.910000,18.559999,18.879999,17.711199,150400,NSAYN
2016-01-15,18.629999,18.629999,18.260000,18.410000,17.270296,87500,NSAYN
2016-01-19,19.100000,19.129999,18.730000,18.930000,17.758104,105800,NSAYN
2016-01-20,18.180000,18.219999,17.700001,18.070000,16.951345,155200,NSAYN
2016-01-21,17.850000,18.150000,17.690001,18.020000,16.904440,79100,NSAYN
2016-01-22,18.959999,18.959999,18.700001,18.940001,17.767487,73600,NSAYN
2016-01-25,18.600000,18.730000,18.309999,18.350000,17.214012,70800,NSAYN
2016-01-26,18.139999,18.549999,18.139999,18.459999,17.317202,61000,NSAYN
2016-01-27,18.770000,18.790001,18.469999,18.570000,17.420391,58100,NSAYN
2016-01-28,18.680000,18.770000,18.540001,18.660000,17.504820,50000,NSAYN
2016-01-29,19.840000,19.840000,19.450001,19.780001,18.555485,65500,NSAYN
2016-02-01,19.750000,20.000000,19.670000,19.820000,18.593008,44900,NSAYN
2016-02-02,19.690001,19.690001,19.250000,19.280001,18.086437,63400,NSAYN
2016-02-03,18.840000,18.900000,18.400000,18.650000,17.495438,581100,NSAYN
2016-02-04,18.600000,18.770000,18.530001,18.719999,17.561104,74000,NSAYN
2016-02-05,18.160000,18.250000,18.000000,18.070000,16.951345,39100,NSAYN
2016-02-08,18.400000,18.400000,17.799999,17.920000,16.810631,59800,NSAYN
2016-02-09,17.420000,17.450001,17.209999,17.430000,16.350965,68800,NSAYN
2016-02-10,17.690001,17.889999,17.280001,17.350000,16.275919,158600,NSAYN
2016-02-11,17.180000,17.200001,16.910000,17.080000,16.022633,374800,NSAYN
2016-02-12,16.570000,17.100000,16.570000,17.070000,16.013252,94500,NSAYN
2016-02-16,17.420000,17.500000,17.150000,17.270000,16.200872,111000,NSAYN
2016-02-17,17.400000,17.480000,17.340000,17.410000,16.332203,269800,NSAYN
2016-02-18,17.379999,17.660000,17.090000,17.100000,16.041395,171800,NSAYN
2016-02-19,17.059999,17.059999,16.799999,16.900000,15.853775,70800,NSAYN
2016-02-22,17.700001,17.700001,17.309999,17.370001,16.294680,138200,NSAYN
2016-02-23,17.520000,17.520000,17.110001,17.120001,16.060158,89900,NSAYN
2016-02-24,17.000000,17.320000,16.910000,17.230000,16.163347,60400,NSAYN
2016-02-25,17.090000,17.230000,17.040001,17.120001,16.060158,26700,NSAYN
2016-02-26,17.670000,18.670000,17.670000,18.480000,17.335962,69500,NSAYN
2016-02-29,18.299999,18.480000,18.049999,18.090000,16.970106,246700,NSAYN
2016-03-01,18.059999,18.389999,18.059999,18.360001,17.223392,96100,NSAYN
2016-03-02,18.639999,18.639999,18.290001,18.400000,17.260914,41800,NSAYN
2016-03-03,19.040001,19.040001,18.750000,18.870001,17.701820,93500,NSAYN
2016-03-04,19.260000,19.330000,19.200001,19.299999,18.105200,20600,NSAYN
2016-03-07,19.590000,19.670000,19.500000,19.660000,18.442913,53800,NSAYN
2016-03-08,19.170000,19.440001,18.959999,19.020000,17.842535,34400,NSAYN
2016-03-09,19.090000,19.290001,19.030001,19.080000,17.898819,45500,NSAYN
2016-03-10,19.480000,19.520000,19.000000,19.150000,17.964487,65200,NSAYN
2016-03-11,19.320000,19.580000,19.320000,19.480000,18.274055,51100,NSAYN
2016-03-14,19.500000,19.799999,19.480000,19.559999,18.349102,79300,NSAYN
2016-03-15,19.260000,19.379999,19.030001,19.070000,17.889439,48700,NSAYN
2016-03-16,18.879999,19.139999,18.850000,19.030001,17.851915,42800,NSAYN
2016-03-17,19.219999,19.379999,19.020000,19.250000,18.058294,25900,NSAYN
2016-03-18,18.900000,19.219999,18.870001,19.049999,17.870676,44700,NSAYN
2016-03-21,19.330000,19.330000,19.049999,19.230000,18.039534,105500,NSAYN
2016-03-22,19.260000,19.379999,19.150000,19.290001,18.095819,48000,NSAYN
2016-03-23,19.110001,19.250000,18.879999,18.910000,17.739344,30000,NSAYN
2016-03-24,18.889999,18.900000,18.629999,18.719999,17.561104,41400,NSAYN
2016-03-28,18.790001,19.270000,18.790001,19.010000,18.218992,33600,NSAYN
2016-03-29,18.770000,19.000000,18.770000,18.980000,18.190241,129800,NSAYN
2016-03-30,18.520000,18.920000,18.520000,18.639999,17.864388,129000,NSAYN
2016-03-31,18.400000,18.639999,18.400000,18.510000,17.739799,29300,NSAYN
2016-04-01,17.959999,18.000000,17.620001,17.950001,17.203100,52300,NSAYN
2016-04-04,17.290001,17.700001,17.290001,17.360001,16.637650,128700,NSAYN
2016-04-05,17.000000,17.120001,16.799999,16.920000,16.215958,841800,NSAYN
2016-04-06,17.240000,17.330000,17.049999,17.219999,16.503475,62600,NSAYN
2016-04-07,17.520000,17.520000,17.000000,17.049999,16.340548,62400,NSAYN
2016-04-08,17.770000,17.870001,17.629999,17.760000,17.021006,92400,NSAYN
2016-04-11,17.709999,17.910000,17.510000,17.510000,16.781408,65800,NSAYN
2016-04-12,18.129999,18.250000,18.100000,18.190001,17.433113,70400,NSAYN
2016-04-13,18.760000,19.100000,18.719999,18.840000,18.056067,82200,NSAYN
2016-04-14,18.879999,18.940001,18.809999,18.860001,18.075235,92000,NSAYN
2016-04-15,18.280001,18.690001,18.280001,18.379999,17.615206,59700,NSAYN
2016-04-18,18.690001,18.760000,18.080000,18.670000,17.893141,202300,NSAYN
2016-04-19,19.170000,19.170000,18.900000,18.920000,18.132738,89600,NSAYN
2016-04-20,19.020000,19.020000,18.559999,18.639999,17.864388,201100,NSAYN
2016-04-21,18.930000,19.340000,18.870001,18.900000,18.113569,54700,NSAYN
2016-04-22,19.400000,19.430000,19.120001,19.299999,18.496925,51200,NSAYN
2016-04-25,19.290001,19.290001,18.959999,19.110001,18.314833,60800,NSAYN
2016-04-26,18.809999,19.049999,18.809999,18.980000,18.190241,206200,NSAYN
2016-04-27,18.680000,19.100000,18.680000,19.000000,18.209410,28900,NSAYN
2016-04-28,18.270000,19.590000,17.870001,17.870001,17.126429,124500,NSAYN
2016-04-29,18.240000,18.240000,17.610001,17.780001,17.040174,78700,NSAYN
2016-05-02,17.709999,18.070000,17.709999,17.860001,17.116844,66600,NSAYN
2016-05-03,17.980000,17.980000,17.700001,17.799999,17.059340,71900,NSAYN
2016-05-04,17.730000,17.750000,17.530001,17.629999,16.896414,41900,NSAYN
2016-05-05,17.680000,17.740000,17.629999,17.719999,16.982668,51400,NSAYN
2016-05-06,18.080000,18.209999,17.990000,18.120001,17.366026,42500,NSAYN
2016-05-09,18.139999,18.309999,17.990000,18.059999,17.308521,40600,NSAYN
2016-05-10,18.309999,18.639999,18.209999,18.580000,17.806885,56000,NSAYN
2016-05-11,18.350000,18.660000,18.040001,18.180000,17.423529,40300,NSAYN
2016-05-12,18.580000,19.100000,18.400000,19.049999,18.257328,119200,NSAYN
2016-05-13,19.150000,19.150000,18.799999,18.860001,18.075235,69700,NSAYN
2016-05-16,18.740000,19.129999,18.740000,19.049999,18.257328,531600,NSAYN
2016-05-17,19.170000,19.260000,19.080000,19.110001,18.314833,397300,NSAYN
2016-05-18,18.740000,19.020000,18.740000,18.950001,18.161489,227700,NSAYN
2016-05-19,19.000000,19.000000,18.680000,18.770000,17.988979,53900,NSAYN
2016-05-20,19.100000,19.100000,18.900000,18.959999,18.171072,23800,NSAYN
2016-05-23,19.070000,19.250000,19.070000,19.090000,18.295664,50100,NSAYN
2016-05-24,19.180000,19.320000,19.020000,19.309999,18.506508,44400,NSAYN
2016-05-25,19.440001,19.500000,19.360001,19.500000,18.688602,31500,NSAYN
2016-05-26,19.500000,19.570000,19.459999,19.549999,18.736523,38400,NSAYN
2016-05-27,19.430000,19.490000,19.299999,19.450001,18.640684,31300,NSAYN
2016-05-31,20.180000,20.180000,19.860001,20.080000,19.244471,96100,NSAYN
2016-06-01,20.110001,20.129999,19.930000,20.030001,19.196550,39700,NSAYN
2016-06-02,19.730000,19.820000,19.660000,19.820000,18.995289,36700,NSAYN
2016-06-03,19.780001,20.100000,19.570000,19.700001,18.880283,33000,NSAYN
2016-06-06,19.799999,19.920000,19.799999,19.889999,19.062376,44900,NSAYN
2016-06-07,19.959999,20.010000,19.799999,19.850000,19.024040,114300,NSAYN
2016-06-08,20.030001,20.120001,19.990000,19.990000,19.158216,44300,NSAYN
2016-06-09,19.719999,19.830000,19.450001,19.510000,18.698189,36100,NSAYN
2016-06-10,19.490000,19.629999,19.250000,19.370001,18.564013,20700,NSAYN
2016-06-13,19.020000,19.209999,18.830000,18.920000,18.132738,38600,NSAYN
2016-06-14,18.930000,18.930000,18.740000,18.790001,18.008148,58400,NSAYN
2016-06-15,19.090000,19.360001,19.090000,19.240000,18.439423,31800,NSAYN
2016-06-16,18.700001,18.850000,18.500000,18.820000,18.036898,45200,NSAYN
2016-06-17,18.889999,18.889999,18.690001,18.850000,18.065651,60300,NSAYN
2016-06-20,19.400000,19.520000,19.209999,19.250000,18.449007,60100,NSAYN
2016-06-21,19.330000,19.469999,19.330000,19.350000,18.544846,49400,NSAYN
2016-06-22,19.299999,19.320000,19.150000,19.200001,18.401087,69900,NSAYN
2016-06-23,19.600000,19.850000,19.600000,19.820000,18.995289,59400,NSAYN
2016-06-24,18.500000,19.030001,18.400000,18.860001,18.075235,89000,NSAYN
2016-06-27,18.219999,18.250000,17.670000,17.930000,17.183931,66800,NSAYN
2016-06-28,18.040001,18.129999,17.879999,18.100000,17.346857,90200,NSAYN
2016-06-29,18.450001,18.450001,18.209999,18.320000,17.557705,55800,NSAYN
2016-06-30,18.120001,18.129999,17.790001,17.959999,17.212683,162200,NSAYN
2016-07-01,18.000000,18.129999,17.900000,18.049999,17.298939,59400,NSAYN
2016-07-05,18.500000,18.680000,18.100000,18.200001,17.442698,98400,NSAYN
2016-07-06,18.230000,18.230000,17.930000,18.160000,17.404362,54000,NSAYN
2016-07-07,18.360001,18.480000,18.219999,18.280001,17.519369,67700,NSAYN
2016-07-08,18.610001,18.610001,18.280001,18.540001,17.768551,68900,NSAYN
2016-07-11,19.090000,19.360001,19.090000,19.320000,18.516094,70600,NSAYN
2016-07-12,19.420000,19.719999,19.389999,19.680000,18.861115,121600,NSAYN
2016-07-13,19.450001,19.510000,19.410000,19.469999,18.659851,78700,NSAYN
2016-07-14,19.270000,19.480000,19.270000,19.350000,18.544846,69300,NSAYN
2016-07-15,19.719999,19.799999,19.670000,19.670000,18.851530,66100,NSAYN
2016-07-18,19.850000,19.850000,19.670000,19.770000,18.947369,33600,NSAYN
2016-07-19,19.700001,19.750000,19.500000,19.600000,18.784443,80100,NSAYN
2016-07-20,19.740000,19.879999,19.520000,19.840000,19.014456,45600,NSAYN
2016-07-21,19.730000,20.000000,19.500000,19.629999,18.813194,36300,NSAYN
2016-07-22,19.309999,19.379999,19.190001,19.230000,18.429838,43200,NSAYN
2016-07-25,19.290001,19.299999,19.150000,19.200001,18.401087,33700,NSAYN
2016-07-26,19.010000,19.260000,19.010000,19.090000,18.295664,29200,NSAYN
2016-07-27,20.180000,20.180000,19.740000,19.930000,19.100712,117200,NSAYN
2016-07-28,19.750000,19.750000,19.400000,19.610001,18.794027,51500,NSAYN
2016-07-29,19.660000,19.660000,19.299999,19.360001,18.554430,29000,NSAYN
2016-08-01,19.559999,19.830000,19.540001,19.670000,18.851530,43800,NSAYN
2016-08-02,19.469999,19.510000,19.379999,19.500000,18.688602,59200,NSAYN
2016-08-03,19.299999,19.299999,19.120001,19.150000,18.353167,272200,NSAYN
2016-08-04,19.400000,19.459999,19.280001,19.370001,18.564013,24400,NSAYN
2016-08-05,19.230000,19.360001,19.150000,19.230000,18.429838,521700,NSAYN
2016-08-08,19.440001,19.440001,19.160000,19.320000,18.516094,59600,NSAYN
2016-08-09,19.700001,19.750000,19.639999,19.660000,18.841946,31800,NSAYN
2016-08-10,19.900000,19.910000,19.750000,19.760000,18.937786,49900,NSAYN
2016-08-11,19.930000,20.000000,19.870001,20.000000,19.167799,42800,NSAYN
2016-08-12,19.740000,19.740000,19.570000,19.629999,18.813194,28500,NSAYN
2016-08-15,19.950001,19.950001,19.639999,19.740000,18.918617,32600,NSAYN
2016-08-16,19.500000,19.600000,19.000000,19.219999,18.420254,102900,NSAYN
2016-08-17,19.400000,19.520000,19.309999,19.430000,18.621517,98400,NSAYN
2016-08-18,19.309999,19.330000,19.180000,19.240000,18.439423,65400,NSAYN
2016-08-19,19.299999,19.299999,19.120001,19.270000,18.468176,17600,NSAYN
2016-08-22,19.139999,19.139999,18.959999,19.020000,18.228579,31100,NSAYN
2016-08-23,19.040001,19.049999,18.889999,18.959999,18.171072,43700,NSAYN
2016-08-24,19.360001,19.480000,19.230000,19.240000,18.439423,45100,NSAYN
2016-08-25,19.400000,19.500000,19.389999,19.430000,18.621517,29700,NSAYN
2016-08-26,19.430000,19.590000,19.340000,19.459999,18.650269,35900,NSAYN
2016-08-29,19.629999,19.750000,19.500000,19.520000,18.707771,53700,NSAYN
2016-08-30,19.580000,19.650000,19.400000,19.549999,18.736523,208300,NSAYN
2016-08-31,19.700001,19.700001,19.530001,19.600000,18.784443,427100,NSAYN
2016-09-01,19.799999,19.950001,19.549999,19.690001,18.870697,145300,NSAYN
2016-09-02,19.990000,20.129999,19.879999,20.090000,19.254053,48900,NSAYN
2016-09-06,20.280001,20.340000,20.219999,20.290001,19.445734,90400,NSAYN
2016-09-07,20.490000,20.500000,20.309999,20.370001,19.522404,534900,NSAYN
2016-09-08,20.389999,20.459999,20.320000,20.400000,19.551155,73700,NSAYN
2016-09-09,20.500000,20.500000,20.049999,20.049999,19.215717,49200,NSAYN
2016-09-12,20.080000,20.340000,20.030001,20.309999,19.464899,53100,NSAYN
2016-09-13,20.440001,20.440001,20.000000,20.100000,19.263639,18200,NSAYN
2016-09-14,19.959999,20.139999,19.700001,19.750000,18.928202,62500,NSAYN
2016-09-15,19.510000,19.719999,19.510000,19.719999,18.899448,45600,NSAYN
2016-09-16,19.510000,19.540001,19.389999,19.469999,18.659851,92900,NSAYN
2016-09-19,19.610001,19.680000,19.420000,19.520000,18.707771,36100,NSAYN
2016-09-20,19.780001,19.780001,19.610001,19.610001,18.794027,90600,NSAYN
2016-09-21,20.000000,20.080000,19.870001,20.070000,19.234884,60400,NSAYN
2016-09-22,20.330000,20.370001,20.250000,20.309999,19.464899,49800,NSAYN
2016-09-23,20.350000,20.350000,20.280001,20.309999,19.464899,28500,NSAYN
2016-09-26,20.059999,20.129999,19.990000,20.090000,19.254053,32100,NSAYN
2016-09-27,20.070000,20.070000,19.750000,20.059999,19.639715,53900,NSAYN
2016-09-28,19.920000,20.000000,19.809999,20.000000,19.580973,130400,NSAYN
2016-09-29,19.840000,19.840000,19.570000,19.610001,19.199144,44800,NSAYN
2016-09-30,19.370001,19.639999,19.330000,19.639999,19.228516,36400,NSAYN
2016-10-03,19.360001,19.459999,19.360001,19.450001,19.042498,24500,NSAYN
2016-10-04,19.280001,19.490000,19.280001,19.309999,18.905430,62000,NSAYN
2016-10-05,19.600000,19.700001,19.549999,19.590000,19.179564,179700,NSAYN
2016-10-06,19.450001,19.690001,19.450001,19.600000,19.189354,24900,NSAYN
2016-10-07,19.299999,19.540001,19.299999,19.530001,19.120821,46800,NSAYN
2016-10-10,19.370001,19.680000,19.340000,19.580000,19.169773,70700,NSAYN
2016-10-11,19.260000,19.260000,18.900000,18.910000,18.513811,94300,NSAYN
2016-10-12,19.040001,19.040001,18.879999,18.910000,18.513811,53400,NSAYN
2016-10-13,18.990000,19.010000,18.870001,18.940001,18.543182,48200,NSAYN
2016-10-14,19.049999,19.240000,19.049999,19.139999,18.738991,53200,NSAYN
2016-10-17,19.070000,19.100000,19.000000,19.020000,18.621506,115900,NSAYN
2016-10-18,19.200001,19.240000,19.150000,19.219999,18.817314,250200,NSAYN
2016-10-19,19.379999,19.379999,19.290001,19.290001,18.885849,70400,NSAYN
2016-10-20,19.459999,19.580000,19.420000,19.549999,19.140400,39600,NSAYN
2016-10-21,19.559999,19.639999,19.500000,19.600000,19.189354,51700,NSAYN
2016-10-24,19.450001,19.660000,19.450001,19.639999,19.228516,29000,NSAYN
2016-10-25,19.370001,19.730000,19.370001,19.690001,19.277470,39100,NSAYN
2016-10-26,19.740000,19.850000,19.709999,19.780001,19.365583,20300,NSAYN
2016-10-27,19.740000,19.830000,19.719999,19.790001,19.375374,27200,NSAYN
2016-10-28,19.770000,20.000000,19.770000,19.950001,19.532022,15500,NSAYN
2016-10-31,20.219999,20.400000,20.040001,20.309999,19.884478,54300,NSAYN
2016-11-01,20.190001,20.290001,20.010000,20.139999,19.718040,34000,NSAYN
2016-11-02,20.010000,20.080000,19.900000,19.950001,19.532022,65400,NSAYN
2016-11-03,20.049999,20.100000,19.969999,20.010000,19.590765,40300,NSAYN
2016-11-04,19.469999,19.930000,19.469999,19.660000,19.248096,34200,NSAYN
2016-11-07,19.809999,19.950001,19.540001,19.799999,19.385162,46000,NSAYN
2016-11-08,19.660000,19.940001,19.660000,19.910000,19.492859,31700,NSAYN
2016-11-09,19.090000,19.799999,19.090000,19.620001,19.208935,72600,NSAYN
2016-11-10,18.969999,18.969999,18.510000,18.650000,18.259256,158100,NSAYN
2016-11-11,18.250000,18.420000,18.059999,18.180000,17.799105,89900,NSAYN
2016-11-14,18.580000,18.580000,18.350000,18.420000,18.034077,38500,NSAYN
2016-11-15,18.510000,18.580000,18.110001,18.549999,18.161352,109800,NSAYN
2016-11-16,18.780001,18.840000,18.540001,18.770000,18.376743,84600,NSAYN
2016-11-17,18.700001,18.799999,18.549999,18.790001,18.396326,118000,NSAYN
2016-11-18,18.700001,18.770000,18.650000,18.700001,18.308210,781400,NSAYN
2016-11-21,18.700001,18.740000,18.650000,18.680000,18.288630,321300,NSAYN
2016-11-22,18.680000,18.690001,18.559999,18.650000,18.259256,621300,NSAYN
2016-11-23,18.600000,18.750000,18.500000,18.730000,18.337582,68600,NSAYN
2016-11-25,19.450001,19.450001,18.860001,19.150000,18.748781,20400,NSAYN
2016-11-28,19.000000,19.209999,19.000000,19.139999,18.738991,40100,NSAYN
2016-11-29,19.240000,19.240000,18.969999,19.150000,18.748781,47600,NSAYN
2016-11-30,18.879999,19.059999,18.879999,18.969999,18.572552,43400,NSAYN
2016-12-01,18.959999,18.959999,18.660000,18.730000,18.337582,262900,NSAYN
2016-12-02,19.100000,19.100000,18.660000,18.680000,18.288630,585400,NSAYN
2016-12-05,18.980000,18.980000,18.650000,18.840000,18.445276,303500,NSAYN
2016-12-06,18.990000,19.010000,18.900000,18.990000,18.592134,75900,NSAYN
2016-12-07,18.990000,19.350000,18.799999,19.350000,18.944592,81300,NSAYN
2016-12-08,19.250000,19.600000,19.200001,19.559999,19.150192,81500,NSAYN
2016-12-09,19.180000,19.600000,19.180000,19.600000,19.189354,55800,NSAYN
2016-12-12,19.389999,19.670000,19.379999,19.600000,19.189354,51700,NSAYN
2016-12-13,19.799999,19.799999,19.709999,19.719999,19.306839,38200,NSAYN
2016-12-14,19.879999,19.879999,19.590000,19.600000,19.189354,47100,NSAYN
2016-12-15,19.410000,19.840000,19.410000,19.799999,19.385162,30700,NSAYN
2016-12-16,19.469999,19.850000,19.469999,19.680000,19.267677,38300,NSAYN
2016-12-19,19.799999,20.049999,19.799999,19.990000,19.571182,102500,NSAYN
2016-12-20,20.040001,20.150000,19.799999,20.139999,19.718040,583300,NSAYN
2016-12-21,20.370001,20.490000,20.139999,20.459999,20.031336,114100,NSAYN
2016-12-22,20.400000,20.600000,20.400000,20.570000,20.139030,37800,NSAYN
2016-12-23,20.530001,20.660000,20.530001,20.639999,20.207563,25700,NSAYN
2016-12-27,20.299999,20.440001,20.299999,20.420000,19.992174,28400,NSAYN
2016-12-28,20.500000,20.500000,20.260000,20.370001,19.943222,18300,NSAYN
2016-12-29,20.150000,20.200001,20.080000,20.160000,19.737621,28000,NSAYN
2016-12-30,20.129999,20.160000,19.980000,20.000000,19.580973,16700,NSAYN
2017-01-03,20.250000,20.350000,19.850000,20.250000,19.825735,58400,NSAYN
2017-01-04,20.400000,20.639999,20.150000,20.629999,20.197773,129100,NSAYN
2017-01-05,20.320000,20.760000,20.309999,20.549999,20.119450,72800,NSAYN
2017-01-06,20.500000,20.520000,20.200001,20.260000,19.835526,106100,NSAYN
2017-01-09,20.180000,20.490000,20.080000,20.170000,19.747412,73300,NSAYN
2017-01-10,20.240000,20.389999,20.209999,20.320000,19.894268,79400,NSAYN
2017-01-11,20.410000,20.410000,20.160000,20.190001,19.766993,44800,NSAYN
2017-01-12,20.280001,20.280001,20.030001,20.200001,19.776783,50900,NSAYN
2017-01-13,19.930000,20.160000,19.930000,20.150000,19.727831,42400,NSAYN
2017-01-17,20.129999,20.340000,20.070000,20.120001,19.698460,134600,NSAYN
2017-01-18,20.160000,20.370001,20.160000,20.370001,19.943222,51600,NSAYN
2017-01-19,20.420000,20.459999,20.000000,20.080000,19.659298,138500,NSAYN
2017-01-20,20.090000,20.180000,20.000000,20.129999,19.708248,124000,NSAYN
2017-01-23,20.100000,20.150000,19.959999,20.000000,19.580973,111700,NSAYN
2017-01-24,19.900000,20.150000,19.900000,20.000000,19.580973,185600,NSAYN
2017-01-25,19.950001,20.299999,19.950001,20.299999,19.874687,57900,NSAYN
2017-01-26,20.350000,20.360001,20.139999,20.190001,19.766993,96700,NSAYN
2017-01-27,19.950001,19.950001,19.820000,19.889999,19.473278,59000,NSAYN
2017-01-30,19.889999,20.139999,19.709999,19.799999,19.385162,109600,NSAYN
2017-01-31,19.629999,19.830000,19.629999,19.830000,19.414536,686800,NSAYN
2017-02-01,19.799999,19.820000,19.629999,19.709999,19.297049,98300,NSAYN
2017-02-02,19.639999,19.969999,19.610001,19.969999,19.551601,809100,NSAYN
2017-02-03,20.100000,20.219999,19.920000,20.170000,19.747412,826500,NSAYN
2017-02-06,19.969999,20.170000,19.760000,19.930000,19.512440,60900,NSAYN
2017-02-07,19.850000,20.139999,19.850000,20.080000,19.659298,66500,NSAYN
2017-02-08,19.990000,20.230000,19.990000,20.209999,19.786573,61500,NSAYN
2017-02-09,19.950001,19.950001,19.700001,19.750000,19.336212,78300,NSAYN
2017-02-10,19.799999,19.850000,19.750000,19.840000,19.424326,47000,NSAYN
2017-02-13,19.809999,19.940001,19.690001,19.860001,19.443907,90000,NSAYN
2017-02-14,19.750000,19.870001,19.719999,19.870001,19.453697,54100,NSAYN
2017-02-15,19.730000,19.799999,19.700001,19.799999,19.385162,42300,NSAYN
2017-02-16,19.750000,19.840000,19.650000,19.760000,19.346003,48200,NSAYN
2017-02-17,19.620001,19.750000,19.610001,19.750000,19.336212,45300,NSAYN
2017-02-21,19.660000,19.820000,19.660000,19.770000,19.355793,75900,NSAYN
2017-02-22,19.520000,19.879999,19.520000,19.770000,19.355793,47900,NSAYN
2017-02-23,19.870001,19.870001,19.620001,19.680000,19.267677,38700,NSAYN
2017-02-24,19.629999,19.860001,19.629999,19.709999,19.297049,25100,NSAYN
2017-02-27,19.610001,19.719999,19.610001,19.680000,19.267677,36200,NSAYN
2017-02-28,19.660000,19.750000,19.650000,19.680000,19.267677,77900,NSAYN
2017-03-01,19.700001,19.980000,19.700001,19.959999,19.541811,33500,NSAYN
2017-03-02,19.799999,19.799999,19.549999,19.700001,19.287260,42700,NSAYN
2017-03-03,19.750000,19.840000,19.750000,19.799999,19.385162,29500,NSAYN
2017-03-06,20.080000,20.080000,19.969999,20.030001,19.610346,34300,NSAYN
2017-03-07,20.100000,20.250000,20.100000,20.120001,19.698460,89400,NSAYN
2017-03-08,20.000000,20.240000,20.000000,20.160000,19.737621,55900,NSAYN
2017-03-09,19.950001,20.040001,19.930000,20.020000,19.600555,53600,NSAYN
2017-03-10,19.930000,20.139999,19.930000,20.129999,19.708248,42500,NSAYN
2017-03-13,20.059999,20.170000,20.059999,20.150000,19.727831,30200,NSAYN
2017-03-14,20.100000,20.139999,19.940001,20.100000,19.678879,26300,NSAYN
2017-03-15,20.180000,20.190001,20.080000,20.129999,19.708248,44700,NSAYN
2017-03-16,20.120001,20.120001,19.910000,19.930000,19.512440,147800,NSAYN
2017-03-17,20.000000,20.070000,19.889999,19.980000,19.561392,66800,NSAYN
2017-03-20,20.000000,20.049999,19.930000,20.010000,19.590765,60100,NSAYN
2017-03-21,20.150000,20.230000,19.930000,19.969999,19.551601,85800,NSAYN
2017-03-22,20.030001,20.100000,19.940001,20.020000,19.600555,65700,NSAYN
2017-03-23,20.139999,20.139999,19.969999,20.030001,19.610346,42900,NSAYN
2017-03-24,20.010000,20.250000,20.010000,20.160000,19.737621,36300,NSAYN
2017-03-27,20.230000,20.450001,20.219999,20.389999,19.962801,39100,NSAYN
2017-03-28,20.340000,20.389999,20.000000,20.299999,20.299999,32200,NSAYN
2017-03-29,20.250000,20.250000,19.889999,19.910000,19.910000,194300,NSAYN
2017-03-30,19.639999,19.650000,19.510000,19.570000,19.570000,75700,NSAYN
2017-03-31,19.500000,19.500000,19.200001,19.260000,19.260000,40800,NSAYN
2017-04-03,19.190001,19.400000,19.180000,19.209999,19.209999,75000,NSAYN
2017-04-04,19.000000,19.100000,18.760000,18.809999,18.809999,115100,NSAYN
2017-04-05,18.540001,18.600000,18.459999,18.530001,18.530001,76200,NSAYN
2017-04-06,18.260000,18.370001,18.260000,18.299999,18.299999,82500,NSAYN
2017-04-07,18.299999,18.350000,18.219999,18.230000,18.230000,91400,NSAYN
2017-04-10,18.180000,18.260000,18.180000,18.230000,18.230000,140500,NSAYN
2017-04-11,18.379999,18.430000,18.299999,18.410000,18.410000,153700,NSAYN
2017-04-12,18.320000,18.370001,18.299999,18.320000,18.320000,61600,NSAYN
2017-04-13,18.450001,18.500000,18.420000,18.430000,18.430000,209500,NSAYN
2017-04-17,18.600000,18.680000,18.600000,18.670000,18.670000,58600,NSAYN
2017-04-18,18.650000,18.700001,18.610001,18.660000,18.660000,158100,NSAYN
2017-04-19,18.690001,18.770000,18.690001,18.730000,18.730000,69500,NSAYN
2017-04-20,19.000000,19.070000,18.990000,19.049999,19.049999,49800,NSAYN
2017-04-21,19.000000,19.000000,18.940001,18.980000,18.980000,44100,NSAYN
2017-04-24,18.940001,19.080000,18.930000,18.959999,18.959999,51900,NSAYN
2017-04-25,19.209999,19.290001,19.180000,19.250000,19.250000,69100,NSAYN
2017-04-26,19.250000,19.320000,19.250000,19.270000,19.270000,39100,NSAYN
2017-04-27,19.049999,19.100000,19.030001,19.070000,19.070000,25100,NSAYN
2017-04-28,19.010000,19.070000,18.680000,19.049999,19.049999,24000,NSAYN
2017-05-01,19.059999,19.139999,19.059999,19.120001,19.120001,21900,NSAYN
2017-05-02,19.219999,19.270000,19.190001,19.219999,19.219999,183400,NSAYN
2017-05-03,19.200001,19.200001,19.170000,19.200001,19.200001,28700,NSAYN
2017-05-04,19.200001,19.250000,19.190001,19.250000,19.250000,29500,NSAYN
2017-05-05,19.290001,19.309999,19.270000,19.309999,19.309999,32900,NSAYN
2017-05-08,19.230000,19.250000,19.150000,19.160000,19.160000,62300,NSAYN
2017-05-09,19.080000,19.200001,19.049999,19.110001,19.110001,70400,NSAYN
2017-05-10,18.930000,19.020000,18.700001,18.730000,18.730000,312800,NSAYN
2017-05-11,18.740000,19.000000,18.740000,18.930000,18.930000,156600,NSAYN
2017-05-12,19.440001,19.480000,19.430000,19.450001,19.450001,127000,NSAYN
2017-05-15,19.240000,19.309999,19.240000,19.280001,19.280001,78500,NSAYN
2017-05-16,19.420000,19.490000,19.350000,19.430000,19.430000,74600,NSAYN
2017-05-17,19.670000,19.670000,19.530001,19.610001,19.610001,45300,NSAYN
2017-05-18,19.459999,19.660000,19.450001,19.629999,19.629999,37200,NSAYN
2017-05-19,19.600000,19.760000,19.570000,19.750000,19.750000,35100,NSAYN
2017-05-22,19.850000,19.850000,19.520000,19.610001,19.610001,35600,NSAYN
2017-05-23,19.420000,19.520000,19.309999,19.480000,19.480000,186300,NSAYN
2017-05-24,19.299999,19.299999,19.219999,19.280001,19.280001,84300,NSAYN
2017-05-25,19.270000,19.360001,19.270000,19.340000,19.340000,31800,NSAYN
2017-05-26,19.139999,19.360001,19.139999,19.350000,19.350000,26900,NSAYN
2017-05-30,19.400000,19.650000,19.139999,19.299999,19.299999,76400,NSAYN
2017-05-31,19.170000,19.200001,19.120001,19.160000,19.160000,36800,NSAYN
2017-06-01,19.299999,19.299999,19.180000,19.290001,19.290001,29000,NSAYN
2017-06-02,19.559999,19.809999,19.559999,19.809999,19.809999,32800,NSAYN
2017-06-05,19.700001,19.700001,19.430000,19.549999,19.549999,46100,NSAYN
2017-06-06,19.500000,19.500000,19.430000,19.480000,19.480000,22600,NSAYN
2017-06-07,19.580000,19.639999,19.530001,19.559999,19.559999,23100,NSAYN
2017-06-08,19.570000,19.750000,19.570000,19.740000,19.740000,44100,NSAYN
2017-06-09,19.490000,19.530001,19.360001,19.410000,19.410000,42600,NSAYN
2017-06-12,19.520000,19.580000,19.370001,19.469999,19.469999,307000,NSAYN
2017-06-13,19.530001,19.590000,19.510000,19.590000,19.590000,637300,NSAYN
2017-06-14,19.680000,19.690001,19.610001,19.670000,19.670000,42500,NSAYN
2017-06-15,19.440001,19.500000,19.440001,19.490000,19.490000,30800,NSAYN
2017-06-16,19.410000,19.490000,19.410000,19.480000,19.480000,35000,NSAYN
2017-06-19,19.350000,19.379999,19.219999,19.270000,19.270000,117200,NSAYN
2017-06-20,19.160000,19.209999,19.090000,19.110001,19.110001,36800,NSAYN
2017-06-21,19.090000,19.129999,19.059999,19.090000,19.090000,1885900,NSAYN
2017-06-22,19.219999,19.230000,19.190001,19.219999,19.219999,49600,NSAYN
2017-06-23,19.360001,19.360001,19.290001,19.330000,19.330000,45800,NSAYN
2017-06-26,19.389999,19.420000,19.320000,19.320000,19.320000,49700,NSAYN
2017-06-27,19.350000,19.459999,19.250000,19.290001,19.290001,35400,NSAYN
2017-06-28,19.670000,19.809999,19.650000,19.809999,19.809999,74600,NSAYN
2017-06-29,19.770000,19.790001,19.600000,19.670000,19.670000,155400,NSAYN
2017-06-30,19.950001,20.000000,19.889999,19.990000,19.990000,105800,NSAYN
2017-07-03,19.900000,19.940001,19.840000,19.940001,19.940001,29300,NSAYN
2017-07-05,20.230000,20.360001,20.170000,20.350000,20.350000,110200,NSAYN
2017-07-06,20.209999,20.209999,20.080000,20.100000,20.100000,61800,NSAYN
2017-07-07,20.000000,20.320000,20.000000,20.230000,20.230000,49000,NSAYN
2017-07-10,20.340000,20.340000,20.100000,20.200001,20.200001,68700,NSAYN
2017-07-11,20.100000,20.200001,20.100000,20.190001,20.190001,58500,NSAYN
2017-07-12,20.180000,20.350000,20.049999,20.280001,20.280001,54000,NSAYN
2017-07-13,20.150000,20.260000,20.150000,20.170000,20.170000,36000,NSAYN
2017-07-14,20.040001,20.340000,20.040001,20.230000,20.230000,53700,NSAYN
2017-07-17,20.049999,20.250000,20.049999,20.200001,20.200001,78500,NSAYN
2017-07-18,20.209999,20.370001,20.209999,20.340000,20.340000,48600,NSAYN
2017-07-19,20.170000,20.280001,20.160000,20.280001,20.280001,127300,NSAYN
2017-07-20,20.150000,20.420000,20.150000,20.400000,20.400000,26200,NSAYN
2017-07-21,20.320000,20.400000,20.250000,20.400000,20.400000,28000,NSAYN
2017-07-24,20.430000,20.500000,20.350000,20.389999,20.389999,71000,NSAYN
2017-07-25,20.530001,20.530001,20.350000,20.450001,20.450001,82500,NSAYN
2017-07-26,20.200001,20.549999,20.200001,20.510000,20.510000,51700,NSAYN
2017-07-27,20.299999,20.440001,20.170000,20.340000,20.340000,20900,NSAYN
2017-07-28,20.020000,20.110001,20.000000,20.110001,20.110001,18900,NSAYN
2017-07-31,19.700001,20.000000,19.700001,19.910000,19.910000,35700,NSAYN
2017-08-01,19.900000,20.030001,19.900000,19.969999,19.969999,29100,NSAYN
2017-08-02,19.969999,19.969999,19.780001,19.799999,19.799999,53400,NSAYN
2017-08-03,19.840000,19.860001,19.770000,19.840000,19.840000,41200,NSAYN
2017-08-04,19.760000,19.809999,19.700001,19.780001,19.780001,21600,NSAYN
2017-08-07,19.559999,19.799999,19.549999,19.799999,19.799999,43800,NSAYN
2017-08-08,19.799999,19.850000,19.760000,19.820000,19.820000,49800,NSAYN
2017-08-09,19.790001,19.799999,19.650000,19.770000,19.770000,28800,NSAYN
2017-08-10,19.770000,19.799999,19.639999,19.639999,19.639999,36700,NSAYN
2017-08-11,19.520000,19.799999,19.520000,19.520000,19.520000,27100,NSAYN
2017-08-14,19.790001,19.860001,19.520000,19.820000,19.820000,12400,NSAYN
2017-08-15,20.000000,20.000000,19.900000,19.969999,19.969999,37200,NSAYN
2017-08-16,20.030001,20.180000,20.000000,20.170000,20.170000,35200,NSAYN
2017-08-17,20.100000,20.180000,19.959999,19.980000,19.980000,38800,NSAYN
2017-08-18,20.049999,20.180000,20.049999,20.180000,20.180000,14200,NSAYN
2017-08-21,20.360001,20.360001,19.870001,20.070000,20.070000,40600,NSAYN
2017-08-22,20.070000,20.120001,20.059999,20.059999,20.059999,28300,NSAYN
2017-08-23,20.059999,20.120001,20.000000,20.000000,20.000000,32000,NSAYN
2017-08-24,19.950001,19.959999,19.900000,19.950001,19.950001,13800,NSAYN
2017-08-25,19.900000,19.940001,19.850000,19.910000,19.910000,28800,NSAYN
2017-08-28,19.650000,19.920000,19.650000,19.889999,19.889999,21300,NSAYN
2017-08-29,19.850000,20.059999,19.850000,20.030001,20.030001,54100,NSAYN
2017-08-30,19.860001,19.930000,19.830000,19.910000,19.910000,158100,NSAYN
2017-08-31,19.809999,20.000000,19.799999,19.990000,19.990000,40800,NSAYN
2017-09-01,20.000000,20.049999,19.750000,19.809999,19.809999,79000,NSAYN
2017-09-05,19.809999,20.059999,19.809999,20.049999,20.049999,63200,NSAYN
2017-09-06,19.730000,20.100000,19.730000,20.070000,20.070000,55300,NSAYN
2017-09-07,20.070000,20.250000,20.070000,20.250000,20.250000,32800,NSAYN
2017-09-08,20.190001,20.299999,20.190001,20.280001,20.280001,35100,NSAYN
2017-09-11,20.160000,20.370001,20.160000,20.309999,20.309999,28800,NSAYN
2017-09-12,20.510000,20.510000,20.350000,20.350000,20.350000,50900,NSAYN
2017-09-13,20.459999,20.500000,20.400000,20.459999,20.459999,29700,NSAYN
2017-09-14,20.430000,20.549999,20.400000,20.540001,20.540001,70400,NSAYN
