Date,Open,High,Low,Close,Adj Close,Volume,NYT
2012-09-14,9.740000,9.950000,9.720000,9.800000,9.365312,1444400,NYT
2012-09-17,9.740000,9.790000,9.620000,9.710000,9.279304,745700,NYT
2012-09-18,9.710000,9.760000,9.450000,9.500000,9.078618,1055300,NYT
2012-09-19,9.550000,9.710000,9.460000,9.500000,9.078618,1156400,NYT
2012-09-20,9.450000,9.530000,9.350000,9.520000,9.097730,797100,NYT
2012-09-21,9.650000,9.700000,9.540000,9.580000,9.155068,1414900,NYT
2012-09-24,9.550000,9.670000,9.470000,9.590000,9.164625,650100,NYT
2012-09-25,9.680000,9.910000,9.580000,9.600000,9.174184,1036800,NYT
2012-09-26,9.640000,9.740000,9.510000,9.600000,9.174184,876600,NYT
2012-09-27,9.660000,9.930000,9.600000,9.910000,9.470431,1040500,NYT
2012-09-28,9.840000,10.020000,9.730000,9.760000,9.327085,1347100,NYT
2012-10-01,9.800000,9.830000,9.600000,9.720000,9.288861,940500,NYT
2012-10-02,9.770000,9.860000,9.670000,9.730000,9.298415,573400,NYT
2012-10-03,9.720000,9.810000,9.630000,9.670000,9.241078,495200,NYT
2012-10-04,9.740000,10.010000,9.630000,10.010000,9.565998,1073200,NYT
2012-10-05,10.050000,10.330000,9.960000,10.270000,9.814465,1371100,NYT
2012-10-08,10.200000,10.200000,10.000000,10.060000,9.613779,915700,NYT
2012-10-09,10.040000,10.100000,9.960000,10.050000,9.604222,860600,NYT
2012-10-10,10.040000,10.090000,9.830000,9.980000,9.537326,812800,NYT
2012-10-11,10.410000,10.630000,10.250000,10.350000,9.890917,2176700,NYT
2012-10-12,10.340000,10.400000,10.100000,10.380000,9.919586,891700,NYT
2012-10-15,10.420000,10.920000,10.220000,10.880000,10.397407,1921700,NYT
2012-10-16,10.920000,10.970000,10.620000,10.710000,10.234946,1125000,NYT
2012-10-17,10.750000,10.890000,10.650000,10.870000,10.387850,641800,NYT
2012-10-18,10.830000,11.070000,10.740000,10.830000,10.349626,892100,NYT
2012-10-19,10.790000,10.800000,10.260000,10.670000,10.196720,1680300,NYT
2012-10-22,10.670000,10.870000,10.540000,10.860000,10.378293,1453400,NYT
2012-10-23,10.730000,10.730000,10.460000,10.560000,10.091602,999000,NYT
2012-10-24,10.610000,10.730000,10.510000,10.650000,10.177606,2190900,NYT
2012-10-25,9.990000,10.030000,8.170000,8.310000,7.941403,8817600,NYT
2012-10-26,8.320000,8.340000,8.110000,8.190000,7.826725,2368400,NYT
2012-10-31,8.190000,8.290000,7.990000,8.180000,7.817169,2212300,NYT
2012-11-01,8.220000,8.810000,8.050000,8.800000,8.409670,3148400,NYT
2012-11-02,8.770000,8.860000,8.650000,8.780000,8.390555,2396100,NYT
2012-11-05,8.790000,8.890000,8.460000,8.480000,8.103860,2772400,NYT
2012-11-06,8.630000,8.710000,8.500000,8.690000,8.304545,1819000,NYT
2012-11-07,8.590000,8.660000,8.160000,8.160000,7.798056,1798200,NYT
2012-11-08,8.170000,8.320000,8.160000,8.210000,7.845837,1177800,NYT
2012-11-09,8.190000,8.520000,8.120000,8.410000,8.036966,1608400,NYT
2012-11-12,8.410000,8.510000,8.050000,8.200000,7.836280,1251600,NYT
2012-11-13,8.170000,8.310000,8.120000,8.290000,7.922289,679400,NYT
2012-11-14,8.320000,8.360000,7.960000,7.970000,7.616483,1314100,NYT
2012-11-15,8.000000,8.120000,7.730000,7.860000,7.511363,2379400,NYT
2012-11-16,7.840000,8.110000,7.720000,8.060000,7.702490,1129000,NYT
2012-11-19,8.150000,8.240000,7.950000,8.070000,7.712047,850200,NYT
2012-11-20,8.060000,8.190000,7.940000,8.080000,7.721604,942800,NYT
2012-11-21,8.080000,8.150000,7.910000,8.130000,7.769386,850500,NYT
2012-11-23,8.160000,8.300000,8.090000,8.180000,7.817169,360200,NYT
2012-11-26,8.130000,8.240000,7.990000,8.110000,7.750272,795900,NYT
2012-11-27,8.070000,8.190000,7.950000,8.040000,7.683378,1039400,NYT
2012-11-28,7.990000,8.250000,7.920000,8.240000,7.874506,942700,NYT
2012-11-29,8.310000,8.500000,8.220000,8.370000,7.998741,1344000,NYT
2012-11-30,8.410000,8.410000,7.980000,8.110000,7.750272,1724000,NYT
2012-12-03,7.980000,8.180000,7.860000,8.120000,7.759829,1387800,NYT
2012-12-04,8.150000,8.180000,7.990000,8.060000,7.702490,1885400,NYT
2012-12-05,8.120000,8.210000,8.040000,8.130000,7.769386,692300,NYT
2012-12-06,8.130000,8.320000,8.120000,8.280000,7.912731,617200,NYT
2012-12-07,8.310000,8.420000,8.230000,8.370000,7.998741,373500,NYT
2012-12-10,8.350000,8.400000,8.260000,8.400000,8.027410,482500,NYT
2012-12-11,8.450000,8.480000,8.370000,8.430000,8.056080,877100,NYT
2012-12-12,8.450000,8.490000,8.260000,8.280000,7.912731,788000,NYT
2012-12-13,8.310000,8.360000,8.110000,8.260000,7.893620,1018400,NYT
2012-12-14,8.220000,8.440000,8.140000,8.300000,7.931843,778700,NYT
2012-12-17,8.360000,8.440000,8.210000,8.410000,8.036966,1059000,NYT
2012-12-18,8.410000,8.720000,8.370000,8.680000,8.294990,1204000,NYT
2012-12-19,8.710000,8.880000,8.620000,8.830000,8.438337,874900,NYT
2012-12-20,8.830000,8.840000,8.700000,8.790000,8.400111,577200,NYT
2012-12-21,8.830000,8.890000,8.520000,8.630000,8.247211,1271800,NYT
2012-12-24,8.590000,8.620000,8.360000,8.480000,8.103860,312200,NYT
2012-12-26,8.490000,8.500000,8.270000,8.330000,7.960514,732900,NYT
2012-12-27,8.320000,8.450000,8.190000,8.270000,7.903176,668100,NYT
2012-12-28,8.240000,8.360000,8.150000,8.240000,7.874506,408000,NYT
2012-12-31,8.220000,8.570000,8.190000,8.530000,8.151644,655900,NYT
2013-01-02,8.790000,8.870000,8.650000,8.720000,8.333216,1117100,NYT
2013-01-03,8.740000,9.050000,8.740000,8.850000,8.457448,869500,NYT
2013-01-04,8.860000,8.860000,8.550000,8.680000,8.294990,866000,NYT
2013-01-07,8.610000,8.770000,8.550000,8.640000,8.256764,471900,NYT
2013-01-08,8.650000,8.680000,8.440000,8.610000,8.228095,647900,NYT
2013-01-09,8.650000,8.720000,8.590000,8.640000,8.256764,390300,NYT
2013-01-10,8.720000,8.730000,8.560000,8.650000,8.266322,457600,NYT
2013-01-11,8.670000,8.700000,8.470000,8.500000,8.122975,415200,NYT
2013-01-14,8.480000,8.480000,8.370000,8.430000,8.056080,732100,NYT
2013-01-15,8.390000,8.410000,8.240000,8.310000,7.941403,966900,NYT
2013-01-16,8.260000,8.350000,8.220000,8.310000,7.941403,552200,NYT
2013-01-17,8.320000,8.660000,8.280000,8.600000,8.218540,1471700,NYT
2013-01-18,8.620000,8.650000,8.330000,8.600000,8.218540,1185200,NYT
2013-01-22,8.610000,8.730000,8.420000,8.730000,8.342773,555400,NYT
2013-01-23,8.760000,8.810000,8.590000,8.750000,8.361886,774900,NYT
2013-01-24,8.790000,9.200000,8.790000,9.150000,8.744142,1159800,NYT
2013-01-25,9.230000,9.230000,8.970000,9.060000,8.658134,726800,NYT
2013-01-28,9.050000,9.080000,8.830000,9.080000,8.677247,560000,NYT
2013-01-29,9.090000,9.130000,8.850000,8.900000,8.505233,896300,NYT
2013-01-30,8.880000,8.900000,8.640000,8.670000,8.285434,558400,NYT
2013-01-31,8.660000,8.880000,8.650000,8.860000,8.467006,879500,NYT
2013-02-01,8.910000,8.920000,8.740000,8.870000,8.476564,1011100,NYT
2013-02-04,8.740000,8.750000,8.330000,8.340000,7.970071,1707700,NYT
2013-02-05,8.370000,8.420000,8.160000,8.180000,7.817169,1197900,NYT
2013-02-06,8.110000,8.330000,8.070000,8.240000,7.874506,1963200,NYT
2013-02-07,8.610000,9.480000,8.440000,8.510000,8.132531,5999200,NYT
2013-02-08,8.510000,8.760000,8.360000,8.670000,8.285434,1304100,NYT
2013-02-11,8.700000,8.790000,8.600000,8.720000,8.333216,990900,NYT
2013-02-12,8.800000,8.880000,8.670000,8.720000,8.333216,1527600,NYT
2013-02-13,8.760000,8.890000,8.710000,8.880000,8.486120,846900,NYT
2013-02-14,8.880000,9.020000,8.790000,8.980000,8.581684,1398000,NYT
2013-02-15,9.040000,9.110000,8.960000,8.990000,8.591239,964000,NYT
2013-02-19,9.020000,9.120000,8.950000,9.070000,8.667689,525100,NYT
2013-02-20,9.090000,9.440000,8.890000,9.030000,8.629467,1843800,NYT
2013-02-21,9.030000,9.100000,8.760000,8.900000,8.505233,1317500,NYT
2013-02-22,9.060000,9.190000,8.900000,9.180000,8.772813,1911200,NYT
2013-02-25,9.220000,9.290000,9.130000,9.130000,8.725029,1636300,NYT
2013-02-26,9.200000,9.370000,9.080000,9.320000,8.906603,1305700,NYT
2013-02-27,9.300000,9.710000,9.300000,9.650000,9.221964,1500900,NYT
2013-02-28,9.670000,9.900000,9.660000,9.670000,9.241078,1589100,NYT
2013-03-01,9.570000,9.630000,9.470000,9.570000,9.145514,1398000,NYT
2013-03-04,9.570000,9.700000,9.500000,9.640000,9.212407,1283700,NYT
2013-03-05,9.700000,9.770000,9.500000,9.660000,9.231521,885400,NYT
2013-03-06,9.650000,9.750000,9.500000,9.610000,9.183739,1506500,NYT
2013-03-07,9.570000,9.640000,9.500000,9.630000,9.202852,855700,NYT
2013-03-08,9.730000,9.730000,9.510000,9.690000,9.260190,816700,NYT
2013-03-11,9.680000,9.840000,9.680000,9.750000,9.317530,759200,NYT
2013-03-12,9.710000,9.850000,9.560000,9.820000,9.384424,1253900,NYT
2013-03-13,9.840000,10.000000,9.790000,9.990000,9.546885,882000,NYT
2013-03-14,9.990000,10.060000,9.900000,10.020000,9.575553,1076500,NYT
2013-03-15,10.030000,10.050000,9.890000,9.960000,9.518214,1843700,NYT
2013-03-18,9.790000,9.950000,9.770000,9.880000,9.441762,767100,NYT
2013-03-19,9.920000,10.020000,9.820000,9.920000,9.479991,760500,NYT
2013-03-20,9.960000,10.150000,9.870000,10.130000,9.680675,1944400,NYT
2013-03-21,10.010000,10.090000,9.920000,9.970000,9.527771,722600,NYT
2013-03-22,10.000000,10.100000,9.930000,9.980000,9.537326,584900,NYT
2013-03-25,9.990000,10.100000,9.900000,9.980000,9.537326,785000,NYT
2013-03-26,10.060000,10.060000,9.790000,9.890000,9.451321,783700,NYT
2013-03-27,9.770000,10.020000,9.690000,9.930000,9.489545,2254300,NYT
2013-03-28,9.970000,9.970000,9.740000,9.800000,9.365312,870900,NYT
2013-04-01,9.750000,9.810000,9.480000,9.490000,9.069061,1024900,NYT
2013-04-02,9.510000,9.660000,9.410000,9.440000,9.021279,913200,NYT
2013-04-03,9.430000,9.510000,9.190000,9.220000,8.811038,1355300,NYT
2013-04-04,9.210000,9.320000,9.160000,9.300000,8.887490,618900,NYT
2013-04-05,9.100000,9.270000,9.000000,9.230000,8.820596,872100,NYT
2013-04-08,9.260000,9.450000,9.240000,9.450000,9.030836,487400,NYT
2013-04-09,9.470000,9.590000,9.300000,9.310000,8.897046,522800,NYT
2013-04-10,9.300000,9.750000,9.300000,9.730000,9.298415,906300,NYT
2013-04-11,9.740000,10.010000,9.700000,10.000000,9.556440,1235200,NYT
2013-04-12,9.960000,10.040000,9.810000,9.890000,9.451321,775300,NYT
2013-04-15,9.800000,9.940000,9.230000,9.240000,8.830150,1329100,NYT
2013-04-16,9.360000,9.450000,9.220000,9.370000,8.954384,796800,NYT
2013-04-17,9.280000,9.300000,8.850000,8.860000,8.467006,1458500,NYT
2013-04-18,8.870000,9.070000,8.830000,9.010000,8.610353,1660600,NYT
2013-04-19,9.050000,9.110000,8.910000,8.930000,8.533900,1868700,NYT
2013-04-22,8.980000,9.070000,8.840000,9.000000,8.600795,1310500,NYT
2013-04-23,9.080000,9.100000,8.970000,8.970000,8.572127,2508600,NYT
2013-04-24,8.970000,9.070000,8.870000,9.000000,8.600795,2945600,NYT
2013-04-25,8.940000,9.510000,8.720000,9.450000,9.030836,4032300,NYT
2013-04-26,9.380000,9.410000,8.890000,8.920000,8.524344,1880100,NYT
2013-04-29,8.950000,8.950000,8.820000,8.870000,8.476564,1422200,NYT
2013-04-30,8.870000,9.040000,8.840000,8.860000,8.467006,1299000,NYT
2013-05-01,8.780000,8.870000,8.730000,8.730000,8.342773,1392400,NYT
2013-05-02,8.780000,9.010000,8.710000,8.910000,8.514788,1122300,NYT
2013-05-03,9.020000,9.310000,8.990000,9.200000,8.791925,2598100,NYT
2013-05-06,9.190000,9.310000,9.110000,9.170000,8.763257,1495900,NYT
2013-05-07,9.220000,9.360000,9.180000,9.300000,8.887490,1054700,NYT
2013-05-08,9.270000,9.400000,9.210000,9.400000,8.983053,897700,NYT
2013-05-09,9.460000,9.720000,9.440000,9.630000,9.202852,1527300,NYT
2013-05-10,9.680000,9.860000,9.650000,9.850000,9.413095,1638500,NYT
2013-05-13,9.810000,9.820000,9.660000,9.670000,9.241078,1489100,NYT
2013-05-14,9.650000,9.780000,9.510000,9.730000,9.298415,1023000,NYT
2013-05-15,9.680000,9.880000,9.680000,9.740000,9.307973,647400,NYT
2013-05-16,9.670000,9.750000,9.600000,9.710000,9.279304,1549700,NYT
2013-05-17,9.750000,10.070000,9.710000,9.950000,9.508658,1421200,NYT
2013-05-20,9.890000,10.160000,9.880000,10.020000,9.575553,2066800,NYT
2013-05-21,10.000000,10.350000,10.000000,10.310000,9.852690,4687000,NYT
2013-05-22,10.290000,10.330000,9.750000,9.790000,9.355754,3728000,NYT
2013-05-23,9.690000,10.220000,9.640000,10.210000,9.757124,2482900,NYT
2013-05-24,10.120000,10.410000,10.020000,10.360000,9.900474,1517200,NYT
2013-05-28,10.490000,10.660000,10.490000,10.600000,10.129827,1942800,NYT
2013-05-29,10.490000,10.760000,10.450000,10.700000,10.225392,2316700,NYT
2013-05-30,10.750000,10.830000,10.690000,10.800000,10.320956,1453000,NYT
2013-05-31,10.700000,10.840000,10.560000,10.570000,10.101158,1119600,NYT
2013-06-03,10.570000,10.580000,10.210000,10.360000,9.900474,2112600,NYT
2013-06-04,10.350000,10.610000,10.150000,10.300000,9.843135,1713900,NYT
2013-06-05,10.250000,10.380000,10.060000,10.080000,9.632891,1320000,NYT
2013-06-06,10.140000,10.230000,10.000000,10.220000,9.766682,886500,NYT
2013-06-07,10.220000,10.400000,10.160000,10.290000,9.833576,670000,NYT
2013-06-10,10.310000,10.320000,10.170000,10.320000,9.862247,974200,NYT
2013-06-11,10.110000,10.360000,10.050000,10.260000,9.804907,1069900,NYT
2013-06-12,10.330000,10.330000,10.100000,10.140000,9.690231,770400,NYT
2013-06-13,10.200000,10.870000,10.140000,10.750000,10.273175,2557600,NYT
2013-06-14,10.730000,10.750000,10.430000,10.590000,10.120271,1209000,NYT
2013-06-17,10.690000,10.750000,10.500000,10.540000,10.072490,1072700,NYT
2013-06-18,10.550000,10.630000,10.410000,10.550000,10.082045,1010800,NYT
2013-06-19,10.560000,10.580000,10.380000,10.460000,9.996037,1005100,NYT
2013-06-20,10.310000,10.480000,10.170000,10.430000,9.967367,1590000,NYT
2013-06-21,10.490000,10.610000,10.300000,10.460000,9.996037,2553300,NYT
2013-06-24,10.290000,10.410000,10.170000,10.320000,9.862247,1587700,NYT
2013-06-25,10.450000,10.770000,10.350000,10.670000,10.196720,2013400,NYT
2013-06-26,10.780000,10.890000,10.570000,10.850000,10.368739,1548500,NYT
2013-06-27,10.900000,11.070000,10.820000,10.880000,10.397407,1167800,NYT
2013-06-28,10.850000,11.140000,10.850000,11.060000,10.569424,3600300,NYT
2013-07-01,11.110000,11.720000,11.110000,11.700000,11.181036,2077300,NYT
2013-07-02,11.680000,11.830000,11.590000,11.680000,11.161923,1889000,NYT
2013-07-03,11.770000,12.070000,11.720000,11.980000,11.448614,1097200,NYT
2013-07-05,12.170000,12.280000,11.980000,12.250000,11.706639,1044900,NYT
2013-07-08,12.270000,12.470000,12.150000,12.440000,11.888211,1554200,NYT
2013-07-09,12.560000,12.720000,12.510000,12.660000,12.098454,1279100,NYT
2013-07-10,12.670000,12.720000,12.330000,12.520000,11.964664,1401500,NYT
2013-07-11,12.540000,12.640000,12.390000,12.590000,12.031557,1867900,NYT
2013-07-12,12.610000,12.840000,12.530000,12.610000,12.050670,1246800,NYT
2013-07-15,12.600000,12.810000,12.580000,12.650000,12.088897,1129500,NYT
2013-07-16,12.670000,12.700000,12.150000,12.160000,11.620630,2058500,NYT
2013-07-17,12.210000,12.370000,12.090000,12.200000,11.658855,1368200,NYT
2013-07-18,12.200000,12.290000,12.050000,12.110000,11.572848,1287300,NYT
2013-07-19,12.070000,12.190000,11.860000,12.060000,11.525068,1915700,NYT
2013-07-22,12.010000,12.080000,11.920000,12.030000,11.496397,822000,NYT
2013-07-23,12.050000,12.170000,11.950000,12.060000,11.525068,1050400,NYT
2013-07-24,12.100000,12.140000,11.840000,11.880000,11.353050,1456700,NYT
2013-07-25,11.830000,12.080000,11.830000,11.950000,11.419946,1230300,NYT
2013-07-26,11.840000,12.030000,11.810000,11.940000,11.410391,896400,NYT
2013-07-29,11.870000,12.050000,11.710000,11.830000,11.305267,1290900,NYT
2013-07-30,11.820000,11.920000,11.800000,11.880000,11.353050,795100,NYT
2013-07-31,11.920000,12.400000,11.890000,12.180000,11.639744,2106500,NYT
2013-08-01,12.360000,12.540000,11.570000,11.770000,11.247930,3367200,NYT
2013-08-02,11.750000,12.010000,11.610000,11.930000,11.400832,1573100,NYT
2013-08-05,11.890000,11.980000,11.780000,11.880000,11.353050,677500,NYT
2013-08-06,12.050000,12.330000,11.850000,12.080000,11.544180,1575400,NYT
2013-08-07,12.060000,12.100000,11.940000,12.020000,11.486841,956300,NYT
2013-08-08,12.130000,12.160000,11.920000,12.020000,11.486841,770000,NYT
2013-08-09,12.000000,12.100000,11.810000,11.940000,11.410391,650800,NYT
2013-08-12,11.810000,12.070000,11.770000,12.040000,11.505954,835400,NYT
2013-08-13,12.030000,12.270000,11.940000,12.250000,11.706639,1013500,NYT
2013-08-14,12.220000,12.220000,11.940000,12.030000,11.496397,817800,NYT
2013-08-15,11.910000,11.960000,11.520000,11.560000,11.047246,1316500,NYT
2013-08-16,11.480000,11.650000,11.380000,11.410000,10.903899,885900,NYT
2013-08-19,11.410000,11.660000,11.390000,11.500000,10.989906,939400,NYT
2013-08-20,11.540000,11.800000,11.510000,11.800000,11.276600,597200,NYT
2013-08-21,11.750000,11.850000,11.620000,11.710000,11.190592,681100,NYT
2013-08-22,11.720000,12.010000,11.720000,11.990000,11.458172,493300,NYT
2013-08-23,12.000000,12.000000,11.860000,11.940000,11.410391,589100,NYT
2013-08-26,11.940000,11.970000,11.820000,11.930000,11.400832,689100,NYT
2013-08-27,11.740000,11.840000,11.520000,11.580000,11.066360,949200,NYT
2013-08-28,11.540000,11.540000,11.300000,11.360000,10.856114,740600,NYT
2013-08-29,11.350000,11.650000,11.350000,11.510000,10.999462,395700,NYT
2013-08-30,11.480000,11.480000,11.090000,11.150000,10.655433,871600,NYT
2013-09-03,11.390000,11.500000,10.900000,11.100000,10.607647,1446400,NYT
2013-09-04,11.100000,11.270000,11.040000,11.170000,10.674544,959800,NYT
2013-09-05,11.170000,11.280000,11.140000,11.180000,10.684101,609800,NYT
2013-09-06,11.220000,11.250000,10.920000,11.060000,10.569424,552900,NYT
2013-09-09,11.100000,11.350000,11.060000,11.330000,10.827448,384100,NYT
2013-09-10,11.400000,11.460000,11.330000,11.420000,10.913456,472400,NYT
2013-09-11,11.440000,11.470000,11.330000,11.360000,10.856114,364700,NYT
2013-09-12,11.360000,11.410000,11.190000,11.210000,10.712771,962900,NYT
2013-09-13,11.280000,11.360000,11.170000,11.230000,10.731883,469800,NYT
2013-09-16,11.370000,11.420000,11.200000,11.400000,10.894342,791300,NYT
2013-09-17,11.400000,11.410000,11.290000,11.390000,10.884787,749600,NYT
2013-09-18,11.400000,11.490000,11.250000,11.440000,10.932567,715100,NYT
2013-09-19,11.450000,11.590000,11.140000,11.540000,11.028133,1183400,NYT
2013-09-20,11.580000,11.750000,11.540000,11.660000,11.142811,2292100,NYT
2013-09-23,11.610000,11.760000,11.550000,11.710000,11.190592,1083500,NYT
2013-09-24,11.750000,11.860000,11.650000,11.750000,11.228817,777400,NYT
2013-09-25,11.750000,11.760000,11.390000,11.660000,11.142811,985900,NYT
2013-09-26,11.680000,12.330000,11.370000,12.290000,11.744866,2437100,NYT
2013-09-27,12.170000,12.720000,12.150000,12.510000,11.955107,1417300,NYT
2013-09-30,12.360000,12.620000,12.320000,12.570000,12.012444,1067800,NYT
2013-10-01,12.550000,12.680000,12.300000,12.400000,11.849986,1422600,NYT
2013-10-02,12.260000,12.360000,12.140000,12.290000,11.744866,1024500,NYT
2013-10-03,12.290000,12.360000,12.150000,12.250000,11.706639,855500,NYT
2013-10-04,12.250000,12.370000,12.240000,12.290000,11.744866,788900,NYT
2013-10-07,12.250000,12.270000,12.060000,12.240000,11.735278,1220500,NYT
2013-10-08,12.250000,12.400000,12.140000,12.150000,11.648988,921800,NYT
2013-10-09,12.170000,12.230000,11.910000,11.940000,11.447649,1126400,NYT
2013-10-10,12.080000,12.150000,12.000000,12.110000,11.610638,1023500,NYT
2013-10-11,12.040000,12.550000,12.030000,12.500000,11.984555,1135600,NYT
2013-10-14,12.430000,12.640000,12.430000,12.640000,12.118783,1161300,NYT
2013-10-15,12.640000,12.800000,12.570000,12.680000,12.157135,836600,NYT
2013-10-16,12.770000,12.950000,12.720000,12.910000,12.377648,1398600,NYT
2013-10-17,12.850000,13.020000,12.810000,12.980000,12.444762,1028700,NYT
2013-10-18,13.090000,13.490000,13.040000,13.480000,12.924144,1226500,NYT
2013-10-21,13.450000,13.500000,13.300000,13.480000,12.924144,1039100,NYT
2013-10-22,13.510000,13.860000,13.500000,13.810000,13.240536,1129600,NYT
2013-10-23,13.700000,13.900000,13.670000,13.690000,13.125484,1227600,NYT
2013-10-24,13.770000,13.820000,13.560000,13.630000,13.067959,828800,NYT
2013-10-25,13.690000,13.710000,13.500000,13.550000,12.991259,537600,NYT
2013-10-28,13.520000,13.660000,13.460000,13.560000,13.000845,887000,NYT
2013-10-29,13.620000,13.840000,13.620000,13.840000,13.269300,1297700,NYT
2013-10-30,13.800000,13.830000,13.430000,13.750000,13.183011,1379300,NYT
2013-10-31,13.730000,14.560000,13.410000,13.830000,13.259712,1993100,NYT
2013-11-01,13.830000,13.880000,13.410000,13.710000,13.144660,1247900,NYT
2013-11-04,13.730000,13.800000,13.570000,13.720000,13.154249,647600,NYT
2013-11-05,13.650000,13.670000,13.450000,13.520000,12.962496,952500,NYT
2013-11-06,13.640000,13.660000,13.210000,13.270000,12.722805,1013200,NYT
2013-11-07,13.300000,13.340000,12.850000,12.890000,12.358474,970300,NYT
2013-11-08,12.880000,13.330000,12.840000,13.310000,12.761155,740100,NYT
2013-11-11,13.240000,13.430000,13.210000,13.310000,12.761155,305900,NYT
2013-11-12,13.230000,13.380000,13.220000,13.320000,12.770741,521700,NYT
2013-11-13,13.190000,13.540000,13.190000,13.540000,12.981672,418900,NYT
2013-11-14,13.510000,13.530000,13.310000,13.360000,12.809092,371000,NYT
2013-11-15,13.360000,13.680000,13.360000,13.610000,13.048784,799300,NYT
2013-11-18,13.620000,13.710000,13.340000,13.370000,12.818682,437000,NYT
2013-11-19,13.340000,13.530000,13.300000,13.430000,12.876206,711300,NYT
2013-11-20,13.490000,13.730000,13.370000,13.570000,13.010433,560800,NYT
2013-11-21,13.620000,13.870000,13.560000,13.870000,13.298064,691300,NYT
2013-11-22,13.870000,14.100000,13.830000,13.960000,13.384353,981700,NYT
2013-11-25,13.980000,14.000000,13.700000,13.740000,13.173425,602000,NYT
2013-11-26,13.730000,13.830000,13.620000,13.740000,13.173425,1190800,NYT
2013-11-27,13.790000,13.820000,13.620000,13.780000,13.211775,532400,NYT
2013-11-29,13.870000,14.040000,13.770000,13.960000,13.384353,301700,NYT
2013-12-02,14.030000,14.370000,13.950000,13.990000,13.413115,1076600,NYT
2013-12-03,13.940000,14.100000,13.840000,14.030000,13.451466,2695200,NYT
2013-12-04,13.920000,14.240000,13.770000,13.780000,13.211775,1261600,NYT
2013-12-05,13.730000,13.780000,13.560000,13.620000,13.058372,807500,NYT
2013-12-06,13.780000,13.880000,13.590000,13.710000,13.144660,596700,NYT
2013-12-09,13.690000,13.800000,13.570000,13.580000,13.020022,578600,NYT
2013-12-10,13.560000,13.650000,13.440000,13.520000,12.962496,545200,NYT
2013-12-11,13.540000,13.590000,13.380000,13.410000,12.857033,581800,NYT
2013-12-12,13.460000,13.710000,13.360000,13.550000,12.991259,518300,NYT
2013-12-13,13.610000,13.760000,13.540000,13.660000,13.096723,397200,NYT
2013-12-16,13.760000,14.060000,13.730000,14.010000,13.432290,515500,NYT
2013-12-17,14.040000,14.420000,13.880000,14.380000,13.787034,953900,NYT
2013-12-18,14.370000,14.530000,14.040000,14.490000,13.892496,694300,NYT
2013-12-19,14.430000,14.490000,14.170000,14.200000,13.614456,487200,NYT
2013-12-20,14.170000,14.720000,14.160000,14.620000,14.017137,1380700,NYT
2013-12-23,14.730000,15.100000,14.670000,15.020000,14.400642,867600,NYT
2013-12-24,15.010000,15.180000,14.950000,15.160000,14.534871,273100,NYT
2013-12-26,15.200000,15.530000,14.820000,15.470000,14.832086,737600,NYT
2013-12-27,15.560000,15.690000,15.360000,15.410000,14.774562,388500,NYT
2013-12-30,15.450000,16.110001,15.380000,16.090000,15.426522,1509600,NYT
2013-12-31,16.139999,16.139999,15.790000,15.870000,15.215592,1504300,NYT
2014-01-02,15.830000,15.980000,15.560000,15.620000,14.975900,1780000,NYT
2014-01-03,15.610000,15.720000,15.530000,15.600000,14.956725,1232500,NYT
2014-01-06,15.630000,15.690000,15.280000,15.350000,14.717035,870100,NYT
2014-01-07,15.440000,15.630000,15.350000,15.520000,14.880023,735400,NYT
2014-01-08,15.420000,15.480000,15.080000,15.200000,14.573219,761000,NYT
2014-01-09,15.280000,15.300000,14.970000,15.120000,14.496518,674000,NYT
2014-01-10,15.090000,15.260000,15.040000,15.190000,14.563632,344800,NYT
2014-01-13,15.110000,15.130000,14.690000,14.780000,14.207953,555900,NYT
2014-01-14,14.820000,15.060000,14.820000,14.990000,14.409824,536100,NYT
2014-01-15,15.030000,15.550000,14.970000,15.510000,14.909698,1230600,NYT
2014-01-16,15.440000,15.520000,15.230000,15.300000,14.707828,712000,NYT
2014-01-17,15.240000,15.310000,15.200000,15.220000,14.630924,285300,NYT
2014-01-21,15.380000,15.460000,15.160000,15.330000,14.736665,488600,NYT
2014-01-22,15.370000,15.420000,15.180000,15.420000,14.823183,335700,NYT
2014-01-23,15.300000,15.330000,15.060000,15.310000,14.717439,749000,NYT
2014-01-24,15.170000,15.200000,14.410000,14.470000,13.909951,1237800,NYT
2014-01-27,14.500000,14.840000,14.400000,14.530000,13.967629,692100,NYT
2014-01-28,14.580000,14.650000,14.480000,14.610000,14.044535,719200,NYT
2014-01-29,14.430000,14.660000,14.320000,14.350000,13.794597,487700,NYT
2014-01-30,14.530000,14.630000,14.270000,14.530000,13.967629,591800,NYT
2014-01-31,14.220000,14.450000,14.130000,14.140000,13.592724,1148300,NYT
2014-02-03,14.080000,14.110000,13.460000,13.830000,13.294724,2284600,NYT
2014-02-04,13.930000,13.940000,13.670000,13.750000,13.217816,1150300,NYT
2014-02-05,13.700000,13.950000,13.550000,13.840000,13.304336,826200,NYT
2014-02-06,14.200000,14.620000,14.200000,14.300000,13.746530,1598800,NYT
2014-02-07,14.510000,14.570000,14.220000,14.420000,13.861888,1273500,NYT
2014-02-10,14.370000,14.420000,14.220000,14.290000,13.736917,750900,NYT
2014-02-11,14.280000,14.390000,14.230000,14.260000,13.708079,645400,NYT
2014-02-12,14.260000,14.470000,14.150000,14.300000,13.746530,754900,NYT
2014-02-13,14.220000,14.520000,14.210000,14.400000,13.842661,1215600,NYT
2014-02-14,14.390000,14.560000,14.310000,14.500000,13.938790,652800,NYT
2014-02-18,14.510000,14.870000,14.510000,14.790000,14.217565,1376000,NYT
2014-02-19,14.730000,14.830000,14.580000,14.620000,14.054148,1524100,NYT
2014-02-20,14.700000,14.790000,14.600000,14.740000,14.169499,907800,NYT
2014-02-21,14.750000,15.210000,14.740000,15.150000,14.563632,1177200,NYT
2014-02-24,15.200000,15.820000,15.200000,15.770000,15.159636,1232200,NYT
2014-02-25,15.810000,15.950000,15.730000,15.860000,15.246153,644500,NYT
2014-02-26,15.930000,16.000000,15.660000,15.730000,15.121185,652500,NYT
2014-02-27,15.680000,15.880000,15.310000,15.830000,15.217314,866000,NYT
2014-02-28,15.900000,16.469999,15.860000,16.420000,15.784479,1340700,NYT
2014-03-03,16.230000,16.410000,16.070000,16.219999,15.592220,841900,NYT
2014-03-04,16.500000,16.740000,16.290001,16.440001,15.803707,1667700,NYT
2014-03-05,16.360001,16.549999,16.190001,16.459999,15.822927,992800,NYT
2014-03-06,16.469999,16.549999,16.309999,16.530001,15.890216,764700,NYT
2014-03-07,16.629999,16.680000,16.370001,16.410000,15.774866,877600,NYT
2014-03-10,16.410000,16.809999,16.280001,16.809999,16.159384,1072600,NYT
2014-03-11,16.910000,16.930000,16.540001,16.639999,15.995963,1308500,NYT
2014-03-12,16.510000,16.590000,16.270000,16.350000,15.717187,1375500,NYT
2014-03-13,16.350000,16.410000,16.040001,16.180000,15.553768,1560400,NYT
2014-03-14,16.120001,16.740000,16.120001,16.530001,15.890216,1308600,NYT
2014-03-17,16.620001,16.790001,16.110001,16.209999,15.582606,774900,NYT
2014-03-18,16.160000,16.480000,16.090000,16.450001,15.813320,928200,NYT
2014-03-19,16.420000,16.590000,16.379999,16.520000,15.880609,812100,NYT
2014-03-20,16.430000,16.570000,16.290001,16.389999,15.755638,560900,NYT
2014-03-21,16.490000,16.760000,16.379999,16.400000,15.765252,2363100,NYT
2014-03-24,16.450001,16.500000,15.930000,16.120001,15.496089,839600,NYT
2014-03-25,16.299999,16.510000,16.139999,16.290001,15.659513,913500,NYT
2014-03-26,16.389999,16.690001,16.180000,16.190001,15.563378,852800,NYT
2014-03-27,16.410000,16.870001,16.299999,16.530001,15.890216,1245100,NYT
2014-03-28,16.530001,16.900000,16.530001,16.700001,16.053642,868900,NYT
2014-03-31,16.860001,17.219999,16.730000,17.120001,16.457388,1019500,NYT
2014-04-01,17.180000,17.370001,17.170000,17.260000,16.591967,1034300,NYT
2014-04-02,17.250000,17.309999,16.950001,17.000000,16.342030,954000,NYT
2014-04-03,17.020000,17.129999,16.070000,16.299999,15.669119,2567500,NYT
2014-04-04,16.450001,16.580000,15.950000,16.120001,15.496089,1613800,NYT
2014-04-07,16.000000,16.059999,15.660000,15.790000,15.216621,1118300,NYT
2014-04-08,15.780000,15.940000,15.570000,15.850000,15.274442,830100,NYT
2014-04-09,15.940000,16.209999,15.850000,16.190001,15.602098,715100,NYT
2014-04-10,16.139999,16.230000,15.790000,15.870000,15.293714,876600,NYT
2014-04-11,15.680000,16.030001,15.650000,15.690000,15.120253,1136700,NYT
2014-04-14,15.850000,15.890000,15.440000,15.560000,14.994973,1044500,NYT
2014-04-15,15.560000,16.330000,15.380000,16.290001,15.698466,1939700,NYT
2014-04-16,16.450001,16.740000,16.400000,16.670000,16.064667,1502400,NYT
2014-04-17,16.650000,16.760000,16.540001,16.610001,16.006845,824700,NYT
2014-04-21,16.650000,16.780001,16.490000,16.719999,16.112846,545500,NYT
2014-04-22,16.790001,17.070000,16.730000,17.000000,16.382685,1014800,NYT
2014-04-23,16.940001,16.940001,16.580000,16.610001,16.006845,1534400,NYT
2014-04-24,16.990000,17.250000,16.370001,16.830000,16.218855,1111600,NYT
2014-04-25,16.670000,16.740000,16.219999,16.340000,15.746648,1056000,NYT
2014-04-28,16.420000,16.450001,15.720000,15.950000,15.370810,1155900,NYT
2014-04-29,16.049999,16.170000,15.850000,16.139999,15.553910,600300,NYT
2014-04-30,16.059999,16.219999,15.870000,16.080000,15.496089,845800,NYT
2014-05-01,16.070000,16.160000,15.660000,15.750000,15.178074,1197300,NYT
2014-05-02,15.750000,15.990000,15.480000,15.530000,14.966062,1581200,NYT
2014-05-05,15.460000,15.820000,15.240000,15.750000,15.178074,1172900,NYT
2014-05-06,15.670000,15.690000,15.410000,15.490000,14.927515,793900,NYT
2014-05-07,15.570000,15.660000,15.130000,15.210000,14.657682,970900,NYT
2014-05-08,15.210000,15.690000,15.120000,15.180000,14.628771,1286900,NYT
2014-05-09,15.200000,15.720000,15.200000,15.680000,15.110617,842200,NYT
2014-05-12,15.740000,16.200001,15.720000,16.200001,15.611734,1113300,NYT
2014-05-13,16.200001,16.250000,15.720000,15.770000,15.197348,1270000,NYT
2014-05-14,15.720000,15.720000,14.970000,15.060000,14.513130,862800,NYT
2014-05-15,15.010000,15.050000,14.600000,14.880000,14.339665,1161000,NYT
2014-05-16,14.840000,14.990000,14.650000,14.980000,14.436032,632600,NYT
2014-05-19,14.910000,15.310000,14.910000,15.200000,14.648045,548800,NYT
2014-05-20,15.120000,15.120000,14.600000,14.750000,14.214386,1187500,NYT
2014-05-21,14.850000,15.050000,14.610000,14.640000,14.108381,1038400,NYT
2014-05-22,14.630000,14.830000,14.490000,14.700000,14.166200,686500,NYT
2014-05-23,14.700000,14.970000,14.610000,14.930000,14.387850,585700,NYT
2014-05-27,15.100000,15.200000,14.940000,15.130000,14.580588,826100,NYT
2014-05-28,15.080000,15.190000,14.860000,15.040000,14.493855,608700,NYT
2014-05-29,15.090000,15.100000,14.800000,14.860000,14.320393,551900,NYT
2014-05-30,14.860000,14.890000,14.670000,14.860000,14.320393,657100,NYT
2014-06-02,14.880000,14.970000,14.580000,14.930000,14.387850,604400,NYT
2014-06-03,14.880000,14.940000,14.610000,14.810000,14.272207,684700,NYT
2014-06-04,14.740000,15.000000,14.590000,14.830000,14.291480,483900,NYT
2014-06-05,14.850000,15.220000,14.710000,15.180000,14.628771,565100,NYT
2014-06-06,15.300000,15.390000,15.090000,15.160000,14.609497,537000,NYT
2014-06-09,15.130000,15.700000,15.080000,15.580000,15.014246,890900,NYT
2014-06-10,15.560000,15.810000,15.330000,15.710000,15.139525,879900,NYT
2014-06-11,15.710000,15.900000,15.550000,15.770000,15.197348,824700,NYT
2014-06-12,15.700000,15.750000,15.340000,15.580000,15.014246,715400,NYT
2014-06-13,15.630000,15.640000,15.170000,15.200000,14.648045,687800,NYT
2014-06-16,15.200000,15.360000,15.010000,15.250000,14.696228,746900,NYT
2014-06-17,15.230000,15.720000,15.180000,15.390000,14.831147,1058900,NYT
2014-06-18,15.410000,15.410000,15.110000,15.360000,14.802236,751400,NYT
2014-06-19,15.340000,15.510000,15.250000,15.470000,14.908241,535000,NYT
2014-06-20,15.500000,15.570000,15.290000,15.440000,14.879330,954600,NYT
2014-06-23,15.430000,15.570000,15.260000,15.360000,14.802236,482800,NYT
2014-06-24,15.340000,15.650000,15.280000,15.320000,14.763687,632100,NYT
2014-06-25,15.260000,15.970000,15.210000,15.680000,15.110617,1084600,NYT
2014-06-26,15.620000,15.680000,14.870000,15.000000,14.455308,1300900,NYT
2014-06-27,14.970000,15.410000,14.970000,15.240000,14.686594,1281100,NYT
2014-06-30,15.210000,15.340000,15.010000,15.210000,14.657682,869700,NYT
2014-07-01,15.260000,15.720000,15.260000,15.490000,14.927515,1260900,NYT
2014-07-02,15.450000,15.600000,14.930000,15.130000,14.580588,1041100,NYT
2014-07-03,15.200000,15.750000,15.200000,15.610000,15.043158,1062200,NYT
2014-07-07,15.590000,15.600000,15.170000,15.170000,14.619135,630500,NYT
2014-07-08,15.130000,15.130000,14.720000,14.870000,14.330029,913900,NYT
2014-07-09,14.880000,15.150000,14.820000,15.090000,14.542041,410000,NYT
2014-07-10,14.720000,15.020000,14.660000,14.800000,14.262569,789400,NYT
2014-07-11,14.720000,14.750000,14.050000,14.430000,13.906007,1633100,NYT
2014-07-14,14.630000,14.680000,14.310000,14.420000,13.896370,742800,NYT
2014-07-15,14.400000,14.480000,14.060000,14.160000,13.683767,897100,NYT
2014-07-16,14.270000,14.410000,14.000000,14.220000,13.741751,1193500,NYT
2014-07-17,14.140000,14.420000,14.070000,14.090000,13.616124,1003800,NYT
2014-07-18,14.080000,14.440000,14.080000,14.360000,13.877041,650600,NYT
2014-07-21,14.250000,14.350000,14.170000,14.220000,13.741751,477700,NYT
2014-07-22,14.290000,14.340000,14.170000,14.230000,13.751413,602600,NYT
2014-07-23,14.280000,14.320000,13.820000,13.930000,13.461505,1015600,NYT
2014-07-24,13.940000,14.190000,13.940000,14.140000,13.664444,980900,NYT
2014-07-25,13.990000,14.060000,13.720000,13.720000,13.258568,774400,NYT
2014-07-28,13.740000,14.140000,13.580000,14.020000,13.548478,1280800,NYT
2014-07-29,13.310000,13.760000,12.870000,12.890000,12.456482,2806000,NYT
2014-07-30,12.930000,12.960000,12.640000,12.710000,12.282537,1122800,NYT
2014-07-31,12.540000,12.830000,12.490000,12.490000,12.069935,1035000,NYT
2014-08-01,12.460000,12.740000,12.410000,12.650000,12.224553,2181000,NYT
2014-08-04,12.690000,12.790000,12.470000,12.670000,12.243880,791600,NYT
2014-08-05,12.570000,12.850000,12.470000,12.800000,12.369509,1218700,NYT
2014-08-06,12.690000,12.930000,12.510000,12.890000,12.456482,1331800,NYT
2014-08-07,12.890000,12.960000,12.510000,12.520000,12.098926,1239400,NYT
2014-08-08,12.460000,12.520000,12.350000,12.500000,12.079598,871600,NYT
2014-08-11,12.580000,12.680000,12.460000,12.480000,12.060268,624200,NYT
2014-08-12,12.390000,12.500000,12.180000,12.260000,11.847671,704400,NYT
2014-08-13,12.270000,12.330000,12.230000,12.260000,11.847671,593000,NYT
2014-08-14,12.250000,12.350000,12.160000,12.270000,11.857334,514800,NYT
2014-08-15,12.410000,12.410000,12.060000,12.270000,11.857334,688600,NYT
2014-08-18,12.420000,12.470000,12.340000,12.380000,11.963634,548200,NYT
2014-08-19,12.380000,12.440000,12.270000,12.290000,11.876661,412100,NYT
2014-08-20,12.250000,12.330000,12.200000,12.290000,11.876661,426200,NYT
2014-08-21,12.270000,12.450000,12.240000,12.410000,11.992626,664100,NYT
2014-08-22,12.410000,12.460000,12.320000,12.380000,11.963634,556300,NYT
2014-08-25,12.440000,12.460000,12.240000,12.320000,11.905652,350900,NYT
2014-08-26,12.340000,12.420000,12.270000,12.390000,11.973297,532000,NYT
2014-08-27,12.400000,12.440000,12.350000,12.400000,11.982962,586200,NYT
2014-08-28,12.330000,12.410000,12.250000,12.350000,11.934643,469100,NYT
2014-08-29,12.360000,12.410000,12.170000,12.380000,11.963634,342000,NYT
2014-09-02,12.370000,12.450000,12.190000,12.330000,11.915317,810500,NYT
2014-09-03,12.380000,12.430000,12.290000,12.330000,11.915317,968100,NYT
2014-09-04,12.380000,12.460000,12.260000,12.350000,11.934643,750900,NYT
2014-09-05,12.310000,12.450000,12.270000,12.370000,11.953969,559800,NYT
2014-09-08,12.380000,12.460000,12.280000,12.360000,11.944307,498500,NYT
2014-09-09,12.330000,12.380000,12.180000,12.240000,11.828342,856600,NYT
2014-09-10,12.260000,12.280000,12.110000,12.200000,11.789687,680700,NYT
2014-09-11,12.100000,12.360000,12.010000,12.130000,11.722043,1423400,NYT
2014-09-12,12.130000,12.130000,11.960000,11.980000,11.577086,699800,NYT
2014-09-15,12.010000,12.070000,11.850000,11.930000,11.528769,804600,NYT
2014-09-16,11.900000,11.970000,11.840000,11.930000,11.528769,754300,NYT
2014-09-17,11.920000,11.980000,11.790000,11.870000,11.470785,430300,NYT
2014-09-18,11.930000,12.090000,11.860000,12.000000,11.596414,520400,NYT
2014-09-19,11.960000,12.130000,11.870000,11.910000,11.509441,1714100,NYT
2014-09-22,11.840000,11.850000,11.720000,11.740000,11.345158,596700,NYT
2014-09-23,11.650000,11.740000,11.550000,11.560000,11.171212,657600,NYT
2014-09-24,11.570000,11.610000,11.450000,11.550000,11.161550,537300,NYT
2014-09-25,11.530000,11.580000,11.310000,11.460000,11.074574,1132700,NYT
2014-09-26,11.460000,11.530000,11.370000,11.520000,11.132558,692300,NYT
2014-09-29,11.370000,11.520000,11.370000,11.500000,11.113231,555500,NYT
2014-09-30,11.510000,11.520000,11.220000,11.220000,10.842648,730400,NYT
2014-10-01,11.230000,12.430000,11.230000,12.300000,11.886325,4009800,NYT
2014-10-02,12.330000,13.220000,12.320000,13.080000,12.640090,3313300,NYT
2014-10-03,13.160000,13.460000,12.820000,12.830000,12.398497,2044300,NYT
2014-10-06,12.830000,12.900000,12.520000,12.520000,12.136765,1090900,NYT
2014-10-07,12.460000,12.500000,12.220000,12.350000,11.971968,1347600,NYT
2014-10-08,12.310000,12.530000,12.160000,12.520000,12.136765,1127600,NYT
2014-10-09,12.480000,12.520000,12.010000,12.030000,11.661762,1042000,NYT
2014-10-10,11.970000,12.200000,11.860000,11.860000,11.496964,844400,NYT
2014-10-13,11.870000,12.040000,11.730000,11.850000,11.487272,1011600,NYT
2014-10-14,11.970000,12.260000,11.930000,12.090000,11.719925,677000,NYT
2014-10-15,11.910000,12.310000,11.820000,12.220000,11.845946,951200,NYT
2014-10-16,12.010000,12.560000,11.950000,12.490000,12.107682,888800,NYT
2014-10-17,12.670000,12.700000,12.210000,12.250000,11.875027,624700,NYT
2014-10-20,12.170000,12.540000,12.170000,12.470000,12.088295,1134000,NYT
2014-10-21,12.510000,12.990000,12.510000,12.900000,12.505132,643100,NYT
2014-10-22,12.930000,12.940000,12.570000,12.620000,12.233703,735400,NYT
2014-10-23,12.720000,13.450000,12.720000,13.120000,12.718398,1375400,NYT
2014-10-24,13.160000,13.190000,12.610000,12.910000,12.514827,925400,NYT
2014-10-27,12.850000,13.150000,12.650000,13.110000,12.708704,715200,NYT
2014-10-28,13.240000,13.640000,13.180000,13.610000,13.193397,1052400,NYT
2014-10-29,13.600000,13.640000,13.320000,13.400000,12.989826,984500,NYT
2014-10-30,12.760000,13.030000,12.340000,12.740000,12.350031,2021800,NYT
2014-10-31,13.070000,13.190000,12.640000,12.840000,12.446968,1822400,NYT
2014-11-03,12.900000,13.130000,12.830000,12.940000,12.543906,1300500,NYT
2014-11-04,12.930000,12.990000,12.780000,12.810000,12.417887,1405200,NYT
2014-11-05,12.890000,12.980000,12.720000,12.790000,12.398497,826700,NYT
2014-11-06,12.760000,12.920000,12.740000,12.830000,12.437274,736300,NYT
2014-11-07,12.810000,12.870000,12.660000,12.760000,12.369417,823800,NYT
2014-11-10,12.740000,12.860000,12.680000,12.840000,12.446968,395700,NYT
2014-11-11,12.830000,12.980000,12.800000,12.960000,12.563294,453600,NYT
2014-11-12,12.880000,13.150000,12.860000,13.070000,12.669928,437300,NYT
2014-11-13,13.100000,13.250000,12.820000,12.870000,12.476051,493800,NYT
2014-11-14,12.860000,13.060000,12.840000,12.890000,12.495439,548300,NYT
2014-11-17,12.900000,13.030000,12.650000,12.690000,12.301559,629300,NYT
2014-11-18,12.710000,12.960000,12.710000,12.780000,12.388805,623600,NYT
2014-11-19,12.750000,12.750000,12.410000,12.650000,12.262785,455700,NYT
2014-11-20,12.570000,12.840000,12.570000,12.700000,12.311253,381800,NYT
2014-11-21,12.910000,12.940000,12.580000,12.700000,12.311253,511200,NYT
2014-11-24,12.700000,12.940000,12.680000,12.930000,12.534213,442800,NYT
2014-11-25,12.980000,13.000000,12.720000,12.840000,12.446968,513500,NYT
2014-11-26,12.880000,13.090000,12.810000,12.910000,12.514827,337200,NYT
2014-11-28,12.920000,13.040000,12.670000,12.690000,12.301559,398600,NYT
2014-12-01,12.780000,13.730000,12.730000,13.560000,13.144929,1624100,NYT
2014-12-02,13.590000,13.710000,13.190000,13.350000,12.941357,1468100,NYT
2014-12-03,13.320000,13.510000,13.190000,13.460000,13.047989,762800,NYT
2014-12-04,13.410000,13.510000,12.870000,12.910000,12.514827,717000,NYT
2014-12-05,12.870000,13.170000,12.810000,12.910000,12.514827,794600,NYT
2014-12-08,12.890000,12.920000,12.440000,12.500000,12.117376,923700,NYT
2014-12-09,12.360000,12.840000,12.340000,12.830000,12.437274,835200,NYT
2014-12-10,12.760000,13.140000,12.710000,12.850000,12.456664,894600,NYT
2014-12-11,12.950000,13.290000,12.950000,13.050000,12.650540,1186700,NYT
2014-12-12,12.850000,13.060000,12.850000,12.970000,12.572989,1012800,NYT
2014-12-15,13.080000,13.140000,12.880000,13.000000,12.602071,1112300,NYT
2014-12-16,13.000000,13.310000,12.930000,13.140000,12.737785,1039500,NYT
2014-12-17,13.190000,13.300000,12.930000,13.280000,12.873500,1052800,NYT
2014-12-18,13.440000,13.490000,13.050000,13.120000,12.718398,891200,NYT
2014-12-19,13.080000,13.440000,13.060000,13.270000,12.863807,1724700,NYT
2014-12-22,13.270000,13.390000,13.120000,13.240000,12.834723,490100,NYT
2014-12-23,13.330000,13.600000,13.250000,13.580000,13.164318,655100,NYT
2014-12-24,13.580000,13.610000,13.390000,13.410000,12.999520,201700,NYT
2014-12-26,13.510000,13.600000,13.380000,13.580000,13.164318,305500,NYT
2014-12-29,13.580000,13.630000,13.460000,13.470000,13.057685,558100,NYT
2014-12-30,13.410000,13.570000,13.280000,13.370000,12.960744,503700,NYT
2014-12-31,13.420000,13.540000,13.210000,13.220000,12.815337,480200,NYT
2015-01-02,13.280000,13.370000,12.810000,12.840000,12.446968,683300,NYT
2015-01-05,12.800000,12.920000,12.630000,12.690000,12.301559,621800,NYT
2015-01-06,12.690000,12.730000,12.180000,12.270000,11.894415,535900,NYT
2015-01-07,12.330000,12.460000,12.220000,12.450000,12.068906,490400,NYT
2015-01-08,12.530000,12.810000,12.420000,12.720000,12.330643,464700,NYT
2015-01-09,12.720000,12.950000,12.700000,12.760000,12.369417,526700,NYT
2015-01-12,12.700000,12.750000,12.520000,12.570000,12.223551,368900,NYT
2015-01-13,12.680000,13.020000,12.530000,12.750000,12.398590,510400,NYT
2015-01-14,12.580000,12.580000,12.100000,12.280000,11.941543,638100,NYT
2015-01-15,12.380000,12.440000,12.020000,12.020000,11.688711,581900,NYT
2015-01-16,11.950000,12.320000,11.950000,12.190000,11.854024,481000,NYT
2015-01-20,12.170000,12.250000,11.940000,12.030000,11.698435,336500,NYT
2015-01-21,11.990000,12.160000,11.940000,12.090000,11.756781,398400,NYT
2015-01-22,12.210000,13.130000,12.190000,12.940000,12.583354,910200,NYT
2015-01-23,13.000000,13.510000,12.910000,13.110000,12.748669,1616700,NYT
2015-01-26,13.120000,13.270000,12.900000,13.190000,12.826461,812000,NYT
2015-01-27,13.030000,13.230000,12.890000,13.130000,12.768117,422800,NYT
2015-01-28,13.190000,13.270000,12.890000,12.920000,12.563904,777300,NYT
2015-01-29,12.920000,13.040000,12.600000,13.030000,12.670871,682400,NYT
2015-01-30,12.920000,13.260000,12.590000,12.590000,12.243001,1184100,NYT
2015-02-02,12.600000,12.790000,12.370000,12.760000,12.408314,780400,NYT
2015-02-03,13.000000,13.940000,12.960000,13.730000,13.351580,1677200,NYT
2015-02-04,13.860000,14.050000,13.710000,13.940000,13.555792,1060400,NYT
2015-02-05,14.020000,14.260000,13.950000,14.050000,13.662760,822100,NYT
2015-02-06,14.090000,14.330000,14.040000,14.210000,13.818350,947600,NYT
2015-02-09,14.120000,14.360000,13.990000,14.010000,13.623862,797000,NYT
2015-02-10,14.140000,14.170000,13.940000,14.070000,13.682208,571500,NYT
2015-02-11,14.010000,14.190000,13.870000,14.000000,13.614140,530400,NYT
2015-02-12,14.100000,14.230000,13.980000,14.170000,13.779453,867700,NYT
2015-02-13,14.190000,14.530000,14.090000,14.450000,14.051736,662900,NYT
2015-02-17,14.420000,14.480000,14.230000,14.260000,13.866972,440600,NYT
2015-02-18,14.170000,14.380000,14.120000,14.140000,13.750280,527500,NYT
2015-02-19,14.080000,14.290000,13.970000,14.170000,13.779453,404600,NYT
2015-02-20,14.110000,14.200000,13.940000,14.150000,13.760004,542700,NYT
2015-02-23,14.080000,14.210000,13.930000,14.130000,13.740556,416700,NYT
2015-02-24,14.100000,14.280000,14.070000,14.100000,13.711383,263200,NYT
2015-02-25,14.120000,14.260000,14.030000,14.090000,13.701657,355200,NYT
2015-02-26,14.040000,14.320000,14.020000,14.180000,13.789179,491700,NYT
2015-02-27,14.130000,14.160000,13.990000,13.990000,13.604414,508100,NYT
2015-03-02,14.020000,14.310000,14.010000,14.160000,13.769729,576100,NYT
2015-03-03,14.070000,14.160000,13.830000,13.870000,13.487721,531200,NYT
2015-03-04,13.790000,13.970000,13.620000,13.640000,13.264061,523000,NYT
2015-03-05,13.660000,13.730000,13.340000,13.530000,13.157093,725900,NYT
2015-03-06,13.400000,13.580000,13.260000,13.400000,13.030675,705300,NYT
2015-03-09,13.440000,13.540000,13.300000,13.340000,12.972329,439400,NYT
2015-03-10,13.200000,13.200000,12.990000,13.000000,12.641700,487600,NYT
2015-03-11,13.000000,13.490000,12.950000,13.400000,13.030675,980300,NYT
2015-03-12,13.520000,13.780000,13.440000,13.590000,13.215438,509000,NYT
2015-03-13,13.590000,13.630000,13.340000,13.500000,13.127920,362900,NYT
2015-03-16,13.540000,13.760000,13.530000,13.730000,13.351580,347500,NYT
2015-03-17,13.650000,13.720000,13.490000,13.520000,13.147367,404900,NYT
2015-03-18,13.490000,13.730000,13.470000,13.660000,13.283508,439700,NYT
2015-03-19,13.630000,13.840000,13.550000,13.740000,13.361304,347100,NYT
2015-03-20,13.840000,13.910000,13.610000,13.780000,13.400202,1103400,NYT
2015-03-23,13.790000,13.830000,13.630000,13.630000,13.254337,260800,NYT
2015-03-24,13.600000,13.690000,13.380000,13.460000,13.089022,470900,NYT
2015-03-25,13.510000,13.520000,13.200000,13.210000,12.845911,438700,NYT
2015-03-26,13.200000,13.450000,13.150000,13.250000,12.884809,485700,NYT
2015-03-27,13.260000,13.460000,13.260000,13.410000,13.040401,277400,NYT
2015-03-30,13.500000,13.570000,13.450000,13.500000,13.127920,364800,NYT
2015-03-31,13.450000,13.790000,13.370000,13.760000,13.380754,696300,NYT
2015-04-01,13.710000,13.800000,13.460000,13.600000,13.225163,708000,NYT
2015-04-02,13.640000,13.920000,13.540000,13.550000,13.176542,1026700,NYT
2015-04-06,13.500000,13.940000,13.460000,13.940000,13.595929,1121300,NYT
2015-04-07,13.870000,13.910000,13.460000,13.550000,13.215553,683200,NYT
2015-04-08,13.590000,13.650000,13.500000,13.510000,13.176542,397200,NYT
2015-04-09,13.510000,13.620000,13.310000,13.500000,13.166788,408800,NYT
2015-04-10,13.570000,13.610000,13.310000,13.320000,12.991231,500900,NYT
2015-04-13,13.290000,13.440000,13.270000,13.440000,13.108268,285300,NYT
2015-04-14,13.220000,13.360000,13.100000,13.290000,12.961973,537000,NYT
2015-04-15,13.370000,13.370000,13.160000,13.230000,12.903451,495700,NYT
2015-04-16,13.180000,13.530000,13.170000,13.510000,13.176542,594800,NYT
2015-04-17,13.360000,13.470000,12.970000,12.990000,12.669375,736000,NYT
2015-04-20,13.050000,13.180000,12.930000,13.080000,12.757155,389000,NYT
2015-04-21,13.150000,13.260000,13.100000,13.160000,12.835179,424500,NYT
2015-04-22,13.160000,13.160000,12.860000,12.980000,12.659622,452400,NYT
2015-04-23,12.920000,13.310000,12.880000,13.150000,12.825427,401800,NYT
2015-04-24,13.150000,13.200000,13.060000,13.160000,12.835179,368800,NYT
2015-04-27,13.160000,13.270000,12.860000,12.900000,12.581596,529400,NYT
2015-04-28,12.920000,13.060000,12.840000,13.050000,12.727895,572600,NYT
2015-04-29,12.990000,13.050000,12.780000,12.810000,12.493819,421200,NYT
2015-04-30,12.920000,13.740000,12.820000,13.390000,13.059505,2137500,NYT
2015-05-01,13.400000,13.730000,13.330000,13.600000,13.264320,922400,NYT
2015-05-04,13.900000,14.040000,13.630000,14.010000,13.664200,1219800,NYT
2015-05-05,13.970000,14.030000,13.450000,13.600000,13.264320,1396300,NYT
2015-05-06,13.590000,13.620000,13.330000,13.430000,13.098516,1616600,NYT
2015-05-07,13.410000,13.700000,13.340000,13.690000,13.352098,914900,NYT
2015-05-08,13.820000,13.870000,13.510000,13.760000,13.420371,848700,NYT
2015-05-11,13.730000,14.040000,13.710000,13.980000,13.634940,1002600,NYT
2015-05-12,13.900000,13.940000,13.630000,13.870000,13.527656,664100,NYT
2015-05-13,13.930000,14.030000,13.680000,13.840000,13.498396,632200,NYT
2015-05-14,13.940000,14.100000,13.860000,14.090000,13.742226,695800,NYT
2015-05-15,14.090000,14.190000,13.920000,13.940000,13.595929,554400,NYT
2015-05-18,13.900000,14.130000,13.900000,14.050000,13.703214,603900,NYT
2015-05-19,14.060000,14.150000,14.020000,14.120000,13.771484,449500,NYT
2015-05-20,14.160000,14.260000,14.060000,14.250000,13.898277,417100,NYT
2015-05-21,14.210000,14.330000,14.020000,14.170000,13.820251,408500,NYT
2015-05-22,14.130000,14.200000,14.000000,14.050000,13.703214,347800,NYT
2015-05-26,14.000000,14.080000,13.860000,14.040000,13.693460,431500,NYT
2015-05-27,14.000000,14.220000,13.960000,14.160000,13.810499,474700,NYT
2015-05-28,14.180000,14.250000,14.030000,14.180000,13.830004,502600,NYT
2015-05-29,14.150000,14.210000,13.860000,13.900000,13.556915,605700,NYT
2015-06-01,14.000000,14.200000,13.790000,14.130000,13.781239,673800,NYT
2015-06-02,14.060000,14.210000,14.000000,14.150000,13.800744,652300,NYT
2015-06-03,14.150000,14.370000,14.070000,14.280000,13.927536,632500,NYT
2015-06-04,14.190000,14.350000,14.140000,14.230000,13.878770,662000,NYT
2015-06-05,14.100000,14.380000,13.960000,14.290000,13.937289,863400,NYT
2015-06-08,14.280000,14.350000,14.050000,14.150000,13.800744,991900,NYT
2015-06-09,14.130000,14.160000,13.860000,13.900000,13.556915,618900,NYT
2015-06-10,14.000000,14.220000,13.950000,14.080000,13.732471,534900,NYT
2015-06-11,14.050000,14.050000,13.920000,13.970000,13.625188,516700,NYT
2015-06-12,14.010000,14.050000,13.820000,13.980000,13.634940,381000,NYT
2015-06-15,13.850000,13.990000,13.670000,13.930000,13.586174,578100,NYT
2015-06-16,13.860000,14.280000,13.840000,14.270000,13.917784,638200,NYT
2015-06-17,14.320000,14.400000,14.160000,14.190000,13.839758,574800,NYT
2015-06-18,14.260000,14.390000,14.200000,14.300000,13.947041,556500,NYT
2015-06-19,14.340000,14.400000,14.230000,14.280000,13.927536,774000,NYT
2015-06-22,14.320000,14.470000,14.300000,14.420000,14.064079,339000,NYT
2015-06-23,14.410000,14.510000,14.330000,14.460000,14.103094,296700,NYT
2015-06-24,14.440000,14.480000,14.090000,14.190000,13.839758,545100,NYT
2015-06-25,14.260000,14.340000,14.160000,14.240000,13.888522,451900,NYT
2015-06-26,14.280000,14.490000,14.170000,14.350000,13.995809,1643500,NYT
2015-06-29,14.210000,14.300000,13.540000,13.580000,13.244815,955900,NYT
2015-06-30,13.700000,13.760000,13.560000,13.650000,13.313085,748100,NYT
2015-07-01,13.800000,13.930000,13.690000,13.750000,13.410618,604500,NYT
2015-07-02,13.810000,13.910000,13.520000,13.660000,13.322840,482600,NYT
2015-07-06,13.510000,13.660000,13.090000,13.160000,12.835179,1079200,NYT
2015-07-07,13.170000,13.180000,12.800000,13.100000,12.776662,610300,NYT
2015-07-08,12.950000,13.080000,12.890000,13.000000,12.679129,662700,NYT
2015-07-09,13.180000,13.220000,12.970000,13.020000,12.698635,740800,NYT
2015-07-10,13.230000,13.360000,13.210000,13.250000,12.922958,480500,NYT
2015-07-13,13.260000,13.520000,13.260000,13.440000,13.147959,351200,NYT
2015-07-14,13.450000,13.500000,13.380000,13.450000,13.157745,324500,NYT
2015-07-15,13.440000,13.520000,13.340000,13.350000,13.059916,420500,NYT
2015-07-16,13.440000,13.550000,13.310000,13.360000,13.069700,524000,NYT
2015-07-17,13.330000,13.370000,13.150000,13.210000,12.922958,675000,NYT
2015-07-20,13.210000,13.420000,13.140000,13.350000,13.059916,601000,NYT
2015-07-21,13.360000,13.490000,13.170000,13.210000,12.922958,609400,NYT
2015-07-22,13.230000,13.450000,13.210000,13.300000,13.011002,355700,NYT
2015-07-23,13.340000,13.450000,13.230000,13.280000,12.991439,549700,NYT
2015-07-24,13.240000,13.350000,13.170000,13.270000,12.981655,604000,NYT
2015-07-27,13.170000,13.260000,13.040000,13.170000,12.883828,547500,NYT
2015-07-28,13.220000,13.250000,12.990000,13.160000,12.874044,511100,NYT
2015-07-29,13.130000,13.330000,13.070000,13.250000,12.962089,345000,NYT
2015-07-30,13.160000,13.260000,13.000000,13.200000,12.913177,634000,NYT
2015-07-31,13.230000,13.290000,13.150000,13.220000,12.932741,668100,NYT
2015-08-03,13.230000,13.230000,12.960000,13.100000,12.815349,501700,NYT
2015-08-04,13.100000,13.300000,13.090000,13.180000,12.893610,433300,NYT
2015-08-05,13.250000,13.430000,13.090000,13.190000,12.903393,943200,NYT
2015-08-06,13.130000,13.380000,12.370000,12.800000,12.521868,1175500,NYT
2015-08-07,12.750000,13.210000,12.750000,13.190000,12.903393,838200,NYT
2015-08-10,13.290000,13.430000,13.210000,13.260000,12.971873,668400,NYT
2015-08-11,13.080000,13.210000,12.970000,13.020000,12.737087,447100,NYT
2015-08-12,12.870000,12.980000,12.720000,12.870000,12.590346,709500,NYT
2015-08-13,12.890000,13.000000,12.670000,12.880000,12.600130,504800,NYT
2015-08-14,12.840000,13.000000,12.770000,12.920000,12.639260,438400,NYT
2015-08-17,12.900000,13.110000,12.810000,13.110000,12.825131,569000,NYT
2015-08-18,13.090000,13.110000,12.930000,12.950000,12.668609,381500,NYT
2015-08-19,12.800000,12.830000,12.630000,12.650000,12.375127,705500,NYT
2015-08-20,12.500000,12.570000,12.220000,12.240000,11.974035,706200,NYT
2015-08-21,12.000000,12.560000,11.820000,12.260000,11.993601,1155100,NYT
2015-08-24,11.580000,11.800000,11.560000,11.690000,11.435987,1383700,NYT
2015-08-25,12.070000,12.070000,11.690000,11.710000,11.455553,866300,NYT
2015-08-26,11.980000,12.000000,11.640000,11.930000,11.670773,760300,NYT
2015-08-27,11.980000,12.160000,11.860000,12.010000,11.749033,1140700,NYT
2015-08-28,11.990000,12.450000,11.990000,12.330000,12.062081,1013700,NYT
2015-08-31,12.310000,12.360000,12.150000,12.160000,11.895775,943300,NYT
2015-09-01,11.950000,12.060000,11.780000,11.820000,11.563163,954900,NYT
2015-09-02,11.960000,12.030000,11.700000,11.890000,11.631640,736600,NYT
2015-09-03,11.900000,12.080000,11.810000,11.980000,11.719685,779000,NYT
2015-09-04,11.910000,12.030000,11.870000,11.890000,11.631640,733900,NYT
2015-09-08,12.200000,12.290000,11.980000,12.180000,11.915339,938400,NYT
2015-09-09,12.260000,12.340000,12.000000,12.020000,11.758817,594500,NYT
2015-09-10,12.000000,12.080000,11.850000,11.890000,11.631640,608900,NYT
2015-09-11,11.830000,12.010000,11.800000,11.880000,11.621859,618900,NYT
2015-09-14,11.890000,11.900000,11.750000,11.780000,11.524032,448600,NYT
2015-09-15,11.820000,12.020000,11.790000,12.010000,11.749033,620100,NYT
2015-09-16,12.040000,12.220000,12.030000,12.150000,11.885992,411300,NYT
2015-09-17,12.190000,12.340000,12.050000,12.080000,11.817512,788700,NYT
2015-09-18,11.990000,12.380000,11.940000,11.990000,11.729468,1634100,NYT
2015-09-21,12.060000,12.200000,12.010000,12.020000,11.758817,705000,NYT
2015-09-22,11.910000,11.940000,11.690000,11.750000,11.494683,578000,NYT
2015-09-23,11.780000,11.840000,11.660000,11.700000,11.445768,390600,NYT
2015-09-24,11.600000,11.690000,11.480000,11.620000,11.367509,781500,NYT
2015-09-25,11.740000,11.810000,11.610000,11.650000,11.396856,722400,NYT
2015-09-28,11.650000,11.740000,11.500000,11.560000,11.308812,688700,NYT
2015-09-29,11.570000,11.670000,11.490000,11.600000,11.347943,673900,NYT
2015-09-30,11.730000,11.960000,11.730000,11.810000,11.553380,1429300,NYT
2015-10-01,11.870000,11.910000,11.610000,11.800000,11.543596,971000,NYT
2015-10-02,11.700000,12.080000,11.660000,12.060000,11.797949,988900,NYT
2015-10-05,12.160000,12.450000,12.160000,12.390000,12.161112,900800,NYT
2015-10-06,12.400000,12.580000,12.370000,12.380000,12.151297,953600,NYT
2015-10-07,12.440000,12.710000,12.440000,12.590000,12.357416,1271800,NYT
2015-10-08,12.610000,12.880000,12.520000,12.760000,12.524276,1635600,NYT
2015-10-09,12.800000,12.970000,12.710000,12.880000,12.642059,1335300,NYT
2015-10-12,12.870000,13.060000,12.840000,12.840000,12.602799,766500,NYT
2015-10-13,12.790000,13.040000,12.510000,12.520000,12.288711,5741100,NYT
2015-10-14,12.530000,12.820000,12.480000,12.580000,12.347601,1087500,NYT
2015-10-15,12.650000,12.900000,12.610000,12.890000,12.651875,1257400,NYT
2015-10-16,12.930000,12.950000,12.730000,12.820000,12.583168,739000,NYT
2015-10-19,12.790000,13.000000,12.770000,12.910000,12.671505,946600,NYT
2015-10-20,12.890000,13.050000,12.650000,13.010000,12.769658,672000,NYT
2015-10-21,13.030000,13.070000,12.640000,12.640000,12.406494,607600,NYT
2015-10-22,12.690000,12.970000,12.660000,12.870000,12.632245,607300,NYT
2015-10-23,12.960000,13.090000,12.870000,13.030000,12.789289,660800,NYT
2015-10-26,13.000000,13.040000,12.900000,12.970000,12.730397,394100,NYT
2015-10-27,12.900000,12.930000,12.660000,12.720000,12.485016,640100,NYT
2015-10-28,12.750000,13.050000,12.740000,13.050000,12.808920,1113700,NYT
2015-10-29,13.860000,14.100000,12.990000,13.250000,13.005223,1341200,NYT
2015-10-30,13.280000,13.400000,13.130000,13.280000,13.034670,1211600,NYT
2015-11-02,13.280000,13.930000,13.280000,13.860000,13.603956,1312600,NYT
2015-11-03,13.860000,13.940000,13.550000,13.800000,13.545065,1159600,NYT
2015-11-04,13.830000,13.830000,13.490000,13.650000,13.397836,780700,NYT
2015-11-05,13.650000,13.730000,13.510000,13.680000,13.427282,444200,NYT
2015-11-06,13.620000,13.680000,13.380000,13.630000,13.378204,846200,NYT
2015-11-09,13.630000,13.630000,13.410000,13.490000,13.240791,596300,NYT
2015-11-10,13.430000,13.590000,13.370000,13.580000,13.329128,524300,NYT
2015-11-11,13.610000,13.730000,13.590000,13.590000,13.338944,286000,NYT
2015-11-12,13.490000,13.500000,13.190000,13.190000,12.946333,657700,NYT
2015-11-13,13.160000,13.540000,13.120000,13.330000,13.083747,700900,NYT
2015-11-16,13.290000,13.560000,13.200000,13.500000,13.250607,709400,NYT
2015-11-17,13.510000,13.820000,13.420000,13.640000,13.388019,704800,NYT
2015-11-18,13.650000,13.950000,13.640000,13.940000,13.682476,674600,NYT
2015-11-19,13.900000,14.000000,13.800000,13.930000,13.672663,993300,NYT
2015-11-20,14.020000,14.060000,13.870000,13.920000,13.662848,677400,NYT
2015-11-23,13.890000,14.050000,13.830000,14.040000,13.780630,526700,NYT
2015-11-24,13.940000,14.200000,13.900000,14.150000,13.888597,565000,NYT
2015-11-25,14.140000,14.260000,14.030000,14.250000,13.986750,336500,NYT
2015-11-27,14.210000,14.210000,13.890000,14.120000,13.859152,377000,NYT
2015-11-30,14.180000,14.200000,14.020000,14.080000,13.819891,767700,NYT
2015-12-01,14.110000,14.270000,14.070000,14.220000,13.957305,711400,NYT
2015-12-02,14.240000,14.270000,13.990000,14.020000,13.761001,411800,NYT
2015-12-03,14.020000,14.080000,13.550000,13.630000,13.378204,1100400,NYT
2015-12-04,13.650000,13.920000,13.650000,13.850000,13.594141,597100,NYT
2015-12-07,13.810000,13.820000,13.640000,13.730000,13.476357,399500,NYT
2015-12-08,13.600000,13.790000,13.530000,13.650000,13.397836,600300,NYT
2015-12-09,13.590000,13.780000,13.440000,13.470000,13.221161,619300,NYT
2015-12-10,13.480000,13.560000,13.320000,13.410000,13.162269,560600,NYT
2015-12-11,13.190000,13.390000,13.170000,13.240000,12.995409,612000,NYT
2015-12-14,13.230000,13.390000,13.090000,13.140000,12.897258,552000,NYT
2015-12-15,13.250000,13.460000,13.240000,13.410000,13.162269,596500,NYT
2015-12-16,13.510000,13.680000,13.450000,13.630000,13.378204,564000,NYT
2015-12-17,13.660000,13.710000,13.380000,13.380000,13.132824,420600,NYT
2015-12-18,13.290000,13.530000,13.250000,13.400000,13.152452,1803400,NYT
2015-12-21,13.500000,13.590000,13.270000,13.400000,13.152452,704400,NYT
2015-12-22,13.450000,13.810000,13.340000,13.690000,13.437096,586700,NYT
2015-12-23,13.750000,13.840000,13.690000,13.770000,13.515619,480100,NYT
2015-12-24,13.800000,13.870000,13.720000,13.730000,13.476357,266700,NYT
2015-12-28,13.700000,13.780000,13.470000,13.680000,13.427282,403600,NYT
2015-12-29,13.750000,13.790000,13.570000,13.740000,13.486173,587400,NYT
2015-12-30,13.740000,13.800000,13.600000,13.600000,13.348759,324800,NYT
2015-12-31,13.520000,13.620000,13.380000,13.420000,13.172085,557200,NYT
2016-01-04,13.250000,13.270000,12.940000,13.010000,12.769658,822800,NYT
2016-01-05,13.010000,13.210000,12.960000,13.110000,12.867811,681800,NYT
2016-01-06,12.860000,13.090000,12.850000,13.000000,12.759843,902900,NYT
2016-01-07,12.740000,13.080000,12.650000,12.930000,12.691135,910700,NYT
2016-01-08,13.020000,13.130000,12.740000,12.760000,12.524276,711500,NYT
2016-01-11,12.860000,12.860000,12.510000,12.650000,12.455354,507500,NYT
2016-01-12,12.740000,12.840000,12.480000,12.650000,12.455354,583200,NYT
2016-01-13,12.650000,12.770000,12.240000,12.280000,12.091045,695000,NYT
2016-01-14,12.300000,12.910000,12.240000,12.800000,12.603045,779100,NYT
2016-01-15,12.450000,12.680000,12.360000,12.590000,12.396277,713100,NYT
2016-01-19,12.730000,12.810000,12.360000,12.480000,12.287969,527900,NYT
2016-01-20,12.270000,12.430000,11.840000,12.320000,12.130430,1081700,NYT
2016-01-21,12.300000,12.530000,12.080000,12.350000,12.159970,586500,NYT
2016-01-22,12.550000,12.770000,12.520000,12.750000,12.553815,558400,NYT
2016-01-25,12.700000,12.810000,12.500000,12.530000,12.337199,369200,NYT
2016-01-26,12.580000,13.040000,12.580000,13.030000,12.829507,743800,NYT
2016-01-27,12.970000,13.050000,12.780000,12.800000,12.603045,499700,NYT
2016-01-28,12.920000,12.990000,12.690000,12.830000,12.632585,421700,NYT
2016-01-29,12.900000,13.230000,12.890000,13.220000,13.016583,1304200,NYT
2016-02-01,13.090000,13.160000,12.900000,12.960000,12.760583,580700,NYT
2016-02-02,12.790000,12.820000,12.640000,12.670000,12.475046,411300,NYT
2016-02-03,12.800000,12.890000,12.480000,12.770000,12.573506,629600,NYT
2016-02-04,13.450000,13.450000,12.860000,12.970000,12.770431,832400,NYT
2016-02-05,12.790000,12.870000,12.300000,12.480000,12.287969,1195200,NYT
2016-02-08,12.320000,12.500000,12.090000,12.440000,12.248585,742600,NYT
2016-02-09,12.240000,12.470000,12.140000,12.250000,12.061509,402300,NYT
2016-02-10,12.310000,12.530000,12.170000,12.270000,12.081202,533400,NYT
2016-02-11,12.080000,12.350000,12.000000,12.250000,12.061509,849900,NYT
2016-02-12,12.410000,12.480000,12.280000,12.410000,12.219048,440600,NYT
2016-02-16,12.620000,12.800000,12.530000,12.790000,12.593200,419900,NYT
2016-02-17,12.880000,13.020000,12.500000,12.860000,12.662122,792100,NYT
2016-02-18,12.910000,13.020000,12.770000,12.820000,12.622738,606200,NYT
2016-02-19,12.800000,12.920000,12.520000,12.690000,12.494738,895700,NYT
2016-02-22,12.790000,13.020000,12.780000,12.800000,12.603045,636300,NYT
2016-02-23,12.790000,13.050000,12.720000,12.830000,12.632585,453000,NYT
2016-02-24,12.480000,12.600000,12.000000,12.450000,12.258431,867700,NYT
2016-02-25,12.460000,12.730000,12.270000,12.460000,12.268277,804300,NYT
2016-02-26,12.510000,12.700000,12.440000,12.550000,12.356892,476900,NYT
2016-02-29,12.520000,12.780000,12.470000,12.570000,12.376584,721700,NYT
2016-03-01,12.770000,12.890000,12.600000,12.730000,12.534122,858400,NYT
2016-03-02,12.720000,12.780000,12.610000,12.760000,12.563661,398100,NYT
2016-03-03,12.760000,12.950000,12.750000,12.900000,12.701506,632700,NYT
2016-03-04,12.890000,13.000000,12.350000,12.750000,12.553815,999500,NYT
2016-03-07,12.690000,12.820000,12.630000,12.790000,12.593200,588200,NYT
2016-03-08,12.750000,12.760000,12.510000,12.520000,12.327354,567400,NYT
2016-03-09,12.580000,12.740000,12.510000,12.590000,12.396277,684100,NYT
2016-03-10,12.610000,12.670000,12.390000,12.620000,12.425816,528900,NYT
2016-03-11,12.740000,12.900000,12.600000,12.900000,12.701506,573600,NYT
2016-03-14,12.850000,12.920000,12.670000,12.790000,12.593200,282600,NYT
2016-03-15,12.720000,12.720000,12.530000,12.540000,12.347046,394200,NYT
2016-03-16,12.510000,12.750000,12.470000,12.700000,12.504584,635500,NYT
2016-03-17,12.650000,12.820000,12.590000,12.770000,12.573506,577400,NYT
2016-03-18,12.790000,13.030000,12.700000,12.740000,12.543969,1422800,NYT
2016-03-21,12.730000,12.770000,12.600000,12.610000,12.415969,307200,NYT
2016-03-22,12.540000,12.600000,12.490000,12.560000,12.366738,391400,NYT
2016-03-23,12.540000,12.580000,12.470000,12.470000,12.278123,514500,NYT
2016-03-24,12.390000,12.560000,12.320000,12.530000,12.337199,639100,NYT
2016-03-28,12.600000,12.660000,12.440000,12.520000,12.327354,564200,NYT
2016-03-29,12.520000,12.730000,12.410000,12.670000,12.475046,835400,NYT
2016-03-30,12.760000,12.770000,12.580000,12.600000,12.406123,672800,NYT
2016-03-31,12.590000,12.680000,12.410000,12.460000,12.268277,803800,NYT
2016-04-01,12.320000,12.800000,12.310000,12.750000,12.553815,706000,NYT
2016-04-04,12.690000,12.780000,12.580000,12.590000,12.435289,393300,NYT
2016-04-05,12.460000,12.650000,12.430000,12.480000,12.326640,616600,NYT
2016-04-06,12.450000,12.520000,12.140000,12.490000,12.336517,845000,NYT
2016-04-07,12.440000,12.570000,12.200000,12.240000,12.089591,720800,NYT
2016-04-08,12.330000,12.420000,12.160000,12.330000,12.178484,563900,NYT
2016-04-11,12.350000,12.500000,12.300000,12.420000,12.267378,572200,NYT
2016-04-12,12.410000,12.630000,12.400000,12.490000,12.336517,402900,NYT
2016-04-13,12.600000,12.800000,12.540000,12.800000,12.642709,529500,NYT
2016-04-14,12.830000,12.830000,12.690000,12.710000,12.553815,433500,NYT
2016-04-15,12.710000,12.840000,12.680000,12.800000,12.642709,445400,NYT
2016-04-18,12.790000,12.940000,12.730000,12.810000,12.652586,535000,NYT
2016-04-19,12.910000,12.960000,12.790000,12.850000,12.692095,433200,NYT
2016-04-20,12.840000,12.870000,12.700000,12.750000,12.593324,417800,NYT
2016-04-21,12.720000,12.920000,12.710000,12.780000,12.622954,398600,NYT
2016-04-22,12.780000,12.940000,12.780000,12.880000,12.721725,580800,NYT
2016-04-25,12.940000,13.000000,12.860000,12.950000,12.790864,547200,NYT
2016-04-26,13.000000,13.140000,12.900000,13.100000,12.939022,677900,NYT
2016-04-27,13.080000,13.160000,12.970000,13.120000,12.958776,385900,NYT
2016-04-28,13.080000,13.140000,12.880000,12.890000,12.731603,384900,NYT
2016-04-29,12.890000,12.900000,12.700000,12.820000,12.662461,417400,NYT
2016-05-02,12.820000,12.920000,12.740000,12.880000,12.721725,979100,NYT
2016-05-03,12.770000,12.770000,12.300000,12.450000,12.297009,1100300,NYT
2016-05-04,12.410000,12.510000,12.240000,12.330000,12.178484,768600,NYT
2016-05-05,12.360000,12.470000,12.260000,12.280000,12.129098,527800,NYT
2016-05-06,12.230000,12.500000,12.150000,12.470000,12.316764,797500,NYT
2016-05-09,12.450000,12.540000,12.330000,12.370000,12.217992,619500,NYT
2016-05-10,12.450000,12.490000,12.300000,12.410000,12.257501,434700,NYT
2016-05-11,12.350000,12.430000,12.250000,12.260000,12.109344,423000,NYT
2016-05-12,12.320000,12.330000,12.090000,12.170000,12.020452,611500,NYT
2016-05-13,12.140000,12.220000,12.060000,12.130000,11.980942,494500,NYT
2016-05-16,12.190000,12.370000,12.080000,12.290000,12.138975,774400,NYT
2016-05-17,12.230000,12.340000,11.960000,12.000000,11.852539,880500,NYT
2016-05-18,11.970000,12.150000,11.970000,12.010000,11.862416,484600,NYT
2016-05-19,11.960000,12.060000,11.780000,11.860000,11.714258,452600,NYT
2016-05-20,11.930000,12.150000,11.910000,12.090000,11.941434,475900,NYT
2016-05-23,12.060000,12.060000,11.790000,11.800000,11.654997,1428100,NYT
2016-05-24,11.890000,12.050000,11.860000,12.010000,11.862416,1658800,NYT
2016-05-25,12.030000,12.100000,11.930000,11.950000,11.803154,638200,NYT
2016-05-26,11.950000,12.020000,11.920000,11.960000,11.813031,513100,NYT
2016-05-27,11.960000,12.030000,11.930000,11.940000,11.793277,548600,NYT
2016-05-31,11.960000,12.090000,11.950000,12.090000,11.941434,969600,NYT
2016-06-01,12.040000,12.180000,12.000000,12.130000,11.980942,632800,NYT
2016-06-02,12.070000,12.150000,11.990000,12.110000,11.961188,741400,NYT
2016-06-03,12.110000,12.110000,11.990000,12.030000,11.882172,693900,NYT
2016-06-06,12.030000,12.210000,12.020000,12.150000,12.000695,516600,NYT
2016-06-07,12.170000,12.220000,12.020000,12.020000,11.872294,537300,NYT
2016-06-08,12.020000,12.110000,12.000000,12.080000,11.931556,315600,NYT
2016-06-09,12.010000,12.060000,11.920000,12.040000,11.892049,517400,NYT
2016-06-10,11.920000,11.940000,11.810000,11.850000,11.704383,437800,NYT
2016-06-13,11.810000,11.910000,11.750000,11.810000,11.664874,704600,NYT
2016-06-14,11.820000,11.950000,11.790000,11.880000,11.734015,677800,NYT
2016-06-15,11.900000,11.990000,11.840000,11.860000,11.714258,477600,NYT
2016-06-16,11.760000,11.820000,11.580000,11.810000,11.664874,655900,NYT
2016-06-17,11.840000,11.960000,11.710000,11.840000,11.694506,1465800,NYT
2016-06-20,11.980000,12.090000,11.950000,11.960000,11.813031,442200,NYT
2016-06-21,11.920000,12.020000,11.810000,11.850000,11.704383,411500,NYT
2016-06-22,11.900000,12.010000,11.800000,11.820000,11.674750,559900,NYT
2016-06-23,11.950000,12.030000,11.890000,11.940000,11.793277,777500,NYT
2016-06-24,11.510000,12.040000,11.470000,11.810000,11.664874,3109600,NYT
2016-06-27,11.720000,11.720000,11.450000,11.540000,11.398191,1117200,NYT
2016-06-28,11.600000,11.700000,11.560000,11.660000,11.516718,1276100,NYT
2016-06-29,11.810000,11.890000,11.760000,11.870000,11.724136,484200,NYT
2016-06-30,11.920000,12.110000,11.880000,12.100000,11.951312,802300,NYT
2016-07-01,12.090000,12.210000,12.030000,12.090000,11.941434,569500,NYT
2016-07-05,12.090000,12.140000,11.770000,11.910000,11.763646,677000,NYT
2016-07-06,11.840000,12.060000,11.790000,12.060000,11.911802,786400,NYT
2016-07-07,12.020000,12.150000,11.970000,12.100000,11.951312,628500,NYT
2016-07-08,12.170000,12.300000,12.170000,12.280000,12.129098,591700,NYT
2016-07-11,12.310000,12.420000,12.300000,12.390000,12.277740,499100,NYT
2016-07-12,12.440000,12.660000,12.430000,12.590000,12.475927,567400,NYT
2016-07-13,12.640000,12.710000,12.610000,12.680000,12.565113,390400,NYT
2016-07-14,12.730000,12.760000,12.660000,12.740000,12.624568,539500,NYT
2016-07-15,12.800000,12.860000,12.660000,12.840000,12.723662,754200,NYT
2016-07-18,12.810000,12.990000,12.810000,12.860000,12.743481,535500,NYT
2016-07-19,12.870000,12.910000,12.800000,12.830000,12.713753,484800,NYT
2016-07-20,12.830000,12.940000,12.790000,12.880000,12.763300,398000,NYT
2016-07-21,12.860000,12.950000,12.750000,12.810000,12.693934,595000,NYT
2016-07-22,12.770000,12.900000,12.770000,12.890000,12.773210,353500,NYT
2016-07-25,12.890000,12.950000,12.850000,12.890000,12.773210,253100,NYT
2016-07-26,12.870000,12.970000,12.830000,12.960000,12.842575,483900,NYT
2016-07-27,12.940000,12.960000,12.780000,12.790000,12.674115,896900,NYT
2016-07-28,12.730000,12.790000,12.470000,12.730000,12.614658,974200,NYT
2016-07-29,12.730000,13.000000,12.660000,12.980000,12.862394,1198900,NYT
2016-08-01,12.990000,13.070000,12.890000,13.020000,12.902032,842400,NYT
2016-08-02,13.000000,13.050000,12.650000,12.780000,12.664206,1168700,NYT
2016-08-03,12.720000,12.850000,12.720000,12.750000,12.634478,827700,NYT
2016-08-04,12.710000,12.840000,12.700000,12.740000,12.624568,665500,NYT
2016-08-05,12.830000,12.960000,12.720000,12.840000,12.723662,591900,NYT
2016-08-08,12.840000,12.850000,12.760000,12.770000,12.654297,407100,NYT
2016-08-09,12.740000,12.800000,12.710000,12.790000,12.674115,527500,NYT
2016-08-10,12.780000,12.840000,12.700000,12.700000,12.584931,330000,NYT
2016-08-11,12.780000,12.820000,12.620000,12.680000,12.565113,445200,NYT
2016-08-12,12.650000,12.780000,12.630000,12.780000,12.664206,384000,NYT
2016-08-15,12.790000,13.020000,12.790000,12.950000,12.832665,583100,NYT
2016-08-16,12.930000,12.960000,12.880000,12.900000,12.783118,409600,NYT
2016-08-17,12.910000,12.970000,12.870000,12.920000,12.802938,449700,NYT
2016-08-18,12.920000,13.000000,12.900000,12.940000,12.822756,450100,NYT
2016-08-19,12.900000,13.080000,12.890000,13.050000,12.931760,1307400,NYT
2016-08-22,13.000000,13.180000,12.920000,13.160000,13.040763,863900,NYT
2016-08-23,13.220000,13.270000,13.150000,13.170000,13.050673,430700,NYT
2016-08-24,13.120000,13.200000,13.050000,13.070000,12.951578,311300,NYT
2016-08-25,13.020000,13.140000,13.020000,13.080000,12.961488,382200,NYT
2016-08-26,13.100000,13.150000,12.960000,13.040000,12.921850,431400,NYT
2016-08-29,13.060000,13.110000,12.970000,12.980000,12.862394,383600,NYT
2016-08-30,13.000000,13.030000,12.940000,13.020000,12.902032,411800,NYT
2016-08-31,13.030000,13.030000,12.870000,12.940000,12.822756,511500,NYT
2016-09-01,12.950000,13.010000,12.830000,12.930000,12.812847,377000,NYT
2016-09-02,13.010000,13.050000,12.970000,13.050000,12.931760,400900,NYT
2016-09-06,13.110000,13.190000,12.960000,13.010000,12.892123,610800,NYT
2016-09-07,13.030000,13.140000,13.000000,13.140000,13.020944,894700,NYT
2016-09-08,13.140000,13.140000,12.990000,13.010000,12.892123,384600,NYT
2016-09-09,12.890000,12.910000,12.450000,12.450000,12.337196,542200,NYT
2016-09-12,12.410000,12.600000,12.340000,12.580000,12.466018,586800,NYT
2016-09-13,12.490000,12.490000,12.230000,12.300000,12.188556,872500,NYT
2016-09-14,12.280000,12.370000,12.210000,12.250000,12.139008,710900,NYT
2016-09-15,12.270000,12.410000,12.200000,12.340000,12.228192,650600,NYT
2016-09-16,12.350000,12.360000,12.130000,12.280000,12.168736,1190700,NYT
2016-09-19,12.350000,12.420000,12.280000,12.340000,12.228192,495400,NYT
2016-09-20,12.420000,12.420000,12.270000,12.280000,12.168736,412600,NYT
2016-09-21,12.280000,12.370000,12.140000,12.290000,12.178646,618700,NYT
2016-09-22,12.290000,12.420000,12.270000,12.420000,12.307467,593600,NYT
2016-09-23,12.370000,12.470000,12.340000,12.440000,12.327286,381200,NYT
2016-09-26,12.360000,12.420000,12.290000,12.340000,12.228192,500100,NYT
2016-09-27,12.310000,12.390000,12.270000,12.300000,12.188556,1117000,NYT
2016-09-28,12.180000,12.300000,12.010000,12.050000,11.940820,789800,NYT
2016-09-29,12.200000,12.210000,11.870000,11.900000,11.792178,869800,NYT
2016-09-30,11.960000,11.970000,11.830000,11.950000,11.841726,787400,NYT
2016-10-03,11.890000,12.120000,11.800000,12.080000,12.010752,749000,NYT
2016-10-04,12.060000,12.150000,11.890000,11.930000,11.861612,438200,NYT
2016-10-05,12.000000,12.090000,11.920000,12.020000,11.951096,441400,NYT
2016-10-06,12.020000,12.070000,11.860000,11.970000,11.901382,444800,NYT
2016-10-07,11.960000,12.030000,11.750000,11.800000,11.732357,717300,NYT
2016-10-10,11.800000,11.950000,11.750000,11.850000,11.782071,287100,NYT
2016-10-11,11.800000,11.900000,11.600000,11.650000,11.583217,376000,NYT
2016-10-12,11.750000,11.900000,11.600000,11.700000,11.632931,554500,NYT
2016-10-13,11.550000,11.700000,11.450000,11.600000,11.533504,298100,NYT
2016-10-14,11.600000,11.700000,11.480000,11.550000,11.483790,284800,NYT
2016-10-17,11.500000,11.600000,11.300000,11.350000,11.284937,387600,NYT
2016-10-18,11.500000,11.600000,11.350000,11.500000,11.434076,601600,NYT
2016-10-19,11.600000,11.650000,11.450000,11.550000,11.483790,459200,NYT
2016-10-20,11.500000,11.600000,11.400000,11.550000,11.483790,530500,NYT
2016-10-21,11.400000,11.550000,11.300000,11.550000,11.483790,347900,NYT
2016-10-24,11.700000,11.700000,11.450000,11.500000,11.434076,558200,NYT
2016-10-25,11.400000,11.500000,11.350000,11.450000,11.384363,380800,NYT
2016-10-26,11.450000,11.550000,11.300000,11.400000,11.334650,655500,NYT
2016-10-27,11.400000,11.400000,10.800000,11.000000,10.936942,878500,NYT
2016-10-28,10.950000,11.100000,10.900000,11.050000,10.986656,401700,NYT
2016-10-31,11.050000,11.100000,10.900000,10.900000,10.837516,626200,NYT
2016-11-01,10.900000,11.000000,10.750000,10.900000,10.837516,914900,NYT
2016-11-02,11.000000,11.200000,10.850000,10.950000,10.887230,867200,NYT
2016-11-03,10.900000,10.950000,10.600000,10.800000,10.738090,1168600,NYT
2016-11-04,10.900000,11.100000,10.750000,10.950000,10.887230,929400,NYT
2016-11-07,11.050000,11.280000,10.980000,11.100000,11.036370,723900,NYT
2016-11-08,11.050000,11.300000,11.050000,11.200000,11.135797,697800,NYT
2016-11-09,11.100000,11.530000,11.050000,11.500000,11.434076,921400,NYT
2016-11-10,11.600000,11.950000,11.500000,11.750000,11.682643,1106500,NYT
2016-11-11,11.800000,12.400000,11.750000,12.250000,12.179777,1586700,NYT
2016-11-14,12.450000,12.600000,12.200000,12.450000,12.378630,841600,NYT
2016-11-15,12.450000,12.450000,12.050000,12.250000,12.179777,761200,NYT
2016-11-16,12.250000,12.350000,12.150000,12.200000,12.130064,538800,NYT
2016-11-17,12.300000,12.400000,12.200000,12.300000,12.229490,735900,NYT
2016-11-18,12.300000,12.500000,12.200000,12.450000,12.378630,645800,NYT
2016-11-21,12.450000,12.550000,12.300000,12.450000,12.378630,636800,NYT
2016-11-22,12.400000,12.750000,12.200000,12.650000,12.577484,502900,NYT
2016-11-23,12.650000,12.900000,12.550000,12.850000,12.776339,520800,NYT
2016-11-25,12.800000,12.950000,12.750000,12.850000,12.776339,245200,NYT
2016-11-28,12.800000,13.100000,12.780000,12.900000,12.826051,500600,NYT
2016-11-29,12.850000,13.150000,12.800000,12.850000,12.776339,809300,NYT
2016-11-30,13.000000,13.100000,12.900000,13.000000,12.925478,549400,NYT
2016-12-01,13.050000,13.200000,12.900000,12.950000,12.875764,461800,NYT
2016-12-02,13.000000,13.130000,12.650000,12.800000,12.726624,510700,NYT
2016-12-05,12.900000,13.450000,12.830000,13.200000,13.124331,757000,NYT
2016-12-06,13.200000,13.200000,12.850000,13.150000,13.074618,601000,NYT
2016-12-07,13.050000,13.500000,13.050000,13.400000,13.323185,740100,NYT
2016-12-08,13.350000,14.000000,13.350000,13.950000,13.870031,886100,NYT
2016-12-09,14.000000,14.200000,13.850000,14.100000,14.019173,622600,NYT
2016-12-12,14.050000,14.150000,13.700000,13.800000,13.720892,531200,NYT
2016-12-13,13.850000,13.950000,13.350000,13.600000,13.522038,1108200,NYT
2016-12-14,13.550000,13.790000,13.450000,13.450000,13.372898,556200,NYT
2016-12-15,13.550000,13.750000,13.500000,13.500000,13.422611,611400,NYT
2016-12-16,13.550000,13.800000,13.470000,13.600000,13.522038,1622500,NYT
2016-12-19,13.650000,13.750000,13.500000,13.650000,13.571752,426000,NYT
2016-12-20,13.650000,13.800000,13.480000,13.650000,13.571752,470100,NYT
2016-12-21,13.650000,13.650000,13.350000,13.550000,13.472325,346600,NYT
2016-12-22,13.500000,13.680000,13.350000,13.550000,13.472325,254000,NYT
2016-12-23,13.550000,13.650000,13.480000,13.600000,13.522038,189300,NYT
2016-12-27,13.550000,13.750000,13.550000,13.650000,13.571752,133600,NYT
2016-12-28,13.700000,13.750000,13.400000,13.450000,13.372898,229200,NYT
2016-12-29,13.450000,13.600000,13.250000,13.400000,13.323185,410400,NYT
2016-12-30,13.400000,13.500000,13.250000,13.300000,13.223759,517800,NYT
2017-01-03,13.450000,13.550000,13.300000,13.450000,13.372898,473000,NYT
2017-01-04,13.450000,13.700000,13.400000,13.700000,13.621465,504100,NYT
2017-01-05,13.700000,13.750000,13.450000,13.600000,13.522038,362200,NYT
2017-01-06,13.650000,13.700000,13.450000,13.500000,13.422611,315800,NYT
2017-01-09,13.450000,13.500000,13.250000,13.400000,13.362778,248500,NYT
2017-01-10,13.400000,13.600000,13.350000,13.550000,13.512362,454900,NYT
2017-01-11,13.450000,13.600000,13.400000,13.600000,13.562222,341200,NYT
2017-01-12,13.450000,13.550000,13.300000,13.500000,13.462501,349600,NYT
2017-01-13,13.550000,13.700000,13.500000,13.600000,13.562222,283800,NYT
2017-01-17,13.500000,13.600000,13.430000,13.500000,13.462501,324500,NYT
2017-01-18,13.600000,13.600000,13.350000,13.550000,13.512362,274800,NYT
2017-01-19,13.550000,13.630000,13.330000,13.350000,13.312918,231500,NYT
2017-01-20,13.300000,13.550000,13.300000,13.350000,13.312918,392300,NYT
2017-01-23,13.350000,13.400000,13.000000,13.050000,13.013750,657700,NYT
2017-01-24,13.050000,13.200000,13.000000,13.100000,13.063612,1035200,NYT
2017-01-25,13.100000,13.430000,13.100000,13.300000,13.263056,491600,NYT
2017-01-26,13.350000,13.400000,13.230000,13.300000,13.263056,317000,NYT
2017-01-27,13.350000,13.450000,13.000000,13.350000,13.312918,939900,NYT
2017-01-30,13.350000,13.530000,13.050000,13.300000,13.263056,607200,NYT
2017-01-31,13.300000,13.550000,13.250000,13.500000,13.462501,394500,NYT
2017-02-01,13.550000,13.850000,13.350000,13.550000,13.512362,597300,NYT
2017-02-02,13.750000,14.150000,13.300000,13.550000,13.512362,1224100,NYT
2017-02-03,13.700000,14.450000,13.650000,14.350000,14.310140,1318800,NYT
2017-02-06,14.250000,14.550000,14.100000,14.550000,14.509583,1118400,NYT
2017-02-07,14.650000,14.780000,14.550000,14.650000,14.609305,967400,NYT
2017-02-08,14.600000,14.830000,14.300000,14.800000,14.758889,1066700,NYT
2017-02-09,14.850000,14.930000,14.700000,14.750000,14.709028,858100,NYT
2017-02-10,14.900000,15.500000,14.800000,15.450000,15.407084,1682600,NYT
2017-02-13,15.750000,16.350000,15.500000,16.250000,16.204861,2344000,NYT
2017-02-14,16.100000,16.200001,15.850000,15.850000,15.805973,928800,NYT
2017-02-15,15.850000,16.000000,15.500000,15.950000,15.905695,1058400,NYT
2017-02-16,15.900000,15.950000,15.530000,15.650000,15.606527,743800,NYT
2017-02-17,15.600000,15.750000,15.380000,15.450000,15.407084,1112000,NYT
2017-02-21,15.600000,15.650000,15.350000,15.500000,15.456944,810400,NYT
2017-02-22,15.400000,15.500000,15.000000,15.050000,15.008195,1190400,NYT
2017-02-23,15.200000,15.200000,14.650000,14.750000,14.709028,1371100,NYT
2017-02-24,14.750000,15.050000,14.550000,14.850000,14.808751,1018900,NYT
2017-02-27,14.950000,15.100000,14.700000,14.800000,14.758889,1040300,NYT
2017-02-28,14.800000,14.800000,14.280000,14.400000,14.360000,1939700,NYT
2017-03-01,14.600000,14.750000,14.400000,14.700000,14.659166,973500,NYT
2017-03-02,14.600000,14.650000,14.450000,14.600000,14.559445,515800,NYT
2017-03-03,14.550000,14.600000,14.300000,14.600000,14.559445,954600,NYT
2017-03-06,14.600000,14.650000,14.430000,14.550000,14.509583,632400,NYT
2017-03-07,14.550000,14.700000,14.450000,14.500000,14.459723,781900,NYT
2017-03-08,14.550000,14.650000,14.380000,14.450000,14.409862,656000,NYT
2017-03-09,14.400000,14.580000,14.350000,14.350000,14.310140,490400,NYT
2017-03-10,14.400000,14.700000,14.300000,14.650000,14.609305,1225900,NYT
2017-03-13,14.600000,14.800000,14.480000,14.550000,14.509583,624800,NYT
2017-03-14,14.450000,14.700000,14.450000,14.550000,14.509583,396600,NYT
2017-03-15,14.650000,14.800000,14.530000,14.750000,14.709028,501300,NYT
2017-03-16,14.800000,14.800000,14.480000,14.650000,14.609305,444100,NYT
2017-03-17,14.650000,14.850000,14.550000,14.700000,14.659166,1678200,NYT
2017-03-20,14.700000,14.750000,14.450000,14.500000,14.459723,493100,NYT
2017-03-21,14.550000,14.650000,14.150000,14.250000,14.210417,1095600,NYT
2017-03-22,14.250000,14.450000,14.100000,14.250000,14.210417,753200,NYT
2017-03-23,14.250000,14.450000,14.150000,14.300000,14.260279,718400,NYT
2017-03-24,14.350000,14.450000,14.250000,14.250000,14.210417,521500,NYT
2017-03-27,14.150000,14.300000,14.100000,14.250000,14.210417,374600,NYT
2017-03-28,14.150000,14.500000,14.150000,14.400000,14.360000,424500,NYT
2017-03-29,14.400000,14.500000,14.350000,14.450000,14.409862,407200,NYT
2017-03-30,14.400000,14.700000,14.400000,14.550000,14.509583,608000,NYT
2017-03-31,14.600000,14.650000,14.300000,14.400000,14.360000,880500,NYT
2017-04-03,14.350000,14.400000,14.130000,14.200000,14.200000,882700,NYT
2017-04-04,14.100000,14.600000,14.080000,14.600000,14.600000,848000,NYT
2017-04-05,14.600000,14.650000,14.300000,14.400000,14.400000,955500,NYT
2017-04-06,14.400000,14.530000,14.250000,14.500000,14.500000,603600,NYT
2017-04-07,14.450000,14.500000,14.300000,14.450000,14.450000,605400,NYT
2017-04-10,14.450000,14.550000,14.200000,14.450000,14.450000,523500,NYT
2017-04-11,14.350000,14.650000,14.250000,14.600000,14.600000,700300,NYT
2017-04-12,14.600000,14.700000,14.350000,14.500000,14.500000,597300,NYT
2017-04-13,14.450000,14.500000,14.150000,14.250000,14.250000,562100,NYT
2017-04-17,14.300000,14.480000,14.200000,14.450000,14.450000,545600,NYT
2017-04-18,14.350000,14.550000,14.280000,14.500000,14.500000,913700,NYT
2017-04-19,14.550000,14.730000,14.500000,14.600000,14.600000,756500,NYT
2017-04-20,14.700000,14.950000,14.550000,14.800000,14.800000,788800,NYT
2017-04-21,14.750000,14.900000,14.600000,14.700000,14.700000,549200,NYT
2017-04-24,14.900000,14.950000,14.700000,14.850000,14.850000,458300,NYT
2017-04-25,14.950000,15.100000,14.730000,14.800000,14.800000,642100,NYT
2017-04-26,14.800000,15.080000,14.750000,14.850000,14.850000,819000,NYT
2017-04-27,14.900000,14.900000,14.500000,14.650000,14.650000,662700,NYT
2017-04-28,14.650000,14.700000,14.200000,14.450000,14.450000,938000,NYT
2017-05-01,14.450000,14.550000,14.280000,14.450000,14.450000,649800,NYT
2017-05-02,14.450000,14.550000,14.230000,14.300000,14.300000,571500,NYT
2017-05-03,14.950000,16.200001,14.950000,16.100000,16.100000,3856100,NYT
2017-05-04,16.200001,16.850000,16.100000,16.750000,16.750000,3518900,NYT
2017-05-05,16.799999,17.100000,16.600000,16.950001,16.950001,3041500,NYT
2017-05-08,16.850000,17.100000,16.770000,17.000000,17.000000,1853800,NYT
2017-05-09,17.000000,17.150000,16.900000,17.049999,17.049999,1476400,NYT
2017-05-10,17.000000,17.250000,16.900000,17.200001,17.200001,1172100,NYT
2017-05-11,17.200001,17.450001,17.020000,17.200001,17.200001,1437800,NYT
2017-05-12,17.250000,17.350000,17.100000,17.200001,17.200001,988200,NYT
2017-05-15,17.200001,17.400000,17.150000,17.250000,17.250000,842800,NYT
2017-05-16,17.299999,17.299999,16.980000,17.100000,17.100000,836000,NYT
2017-05-17,17.100000,17.100000,16.730000,16.850000,16.850000,1634300,NYT
2017-05-18,16.799999,16.950001,16.680000,16.850000,16.850000,1257900,NYT
2017-05-19,16.850000,17.350000,16.799999,17.350000,17.350000,3267500,NYT
2017-05-22,17.299999,17.450001,17.250000,17.400000,17.400000,1154400,NYT
2017-05-23,17.400000,17.500000,17.250000,17.400000,17.400000,726200,NYT
2017-05-24,17.350000,17.450001,17.200001,17.450001,17.450001,1119000,NYT
2017-05-25,17.500000,17.500000,17.250000,17.299999,17.299999,965100,NYT
2017-05-26,17.250000,17.350000,17.150000,17.250000,17.250000,961000,NYT
2017-05-30,17.299999,17.600000,17.200001,17.600000,17.600000,1398300,NYT
2017-05-31,17.600000,17.700001,17.299999,17.600000,17.600000,1328100,NYT
2017-06-01,17.650000,17.660000,17.400000,17.650000,17.650000,2090400,NYT
2017-06-02,17.549999,17.799999,17.450001,17.600000,17.600000,868100,NYT
2017-06-05,17.650000,17.700001,17.500000,17.549999,17.549999,683600,NYT
2017-06-06,17.450001,17.500000,17.200001,17.350000,17.350000,865200,NYT
2017-06-07,17.350000,17.400000,17.200001,17.250000,17.250000,833200,NYT
2017-06-08,17.250000,17.600000,17.250000,17.600000,17.600000,1178300,NYT
2017-06-09,17.650000,17.850000,17.580000,17.700001,17.700001,1292700,NYT
2017-06-12,17.750000,17.850000,17.700001,17.750000,17.750000,985600,NYT
2017-06-13,17.799999,18.000000,17.680000,17.900000,17.900000,1367600,NYT
2017-06-14,17.900000,17.900000,17.700001,17.850000,17.850000,916700,NYT
2017-06-15,17.700001,17.799999,17.450001,17.650000,17.650000,1415400,NYT
2017-06-16,17.450001,17.700001,17.400000,17.700001,17.700001,1301600,NYT
2017-06-19,17.799999,17.850000,17.600000,17.750000,17.750000,924200,NYT
2017-06-20,17.650000,17.650000,17.350000,17.500000,17.500000,880900,NYT
2017-06-21,17.450001,17.549999,17.350000,17.450001,17.450001,683700,NYT
2017-06-22,17.400000,17.500000,17.250000,17.400000,17.400000,2046600,NYT
2017-06-23,17.450001,17.650000,17.400000,17.650000,17.650000,2613600,NYT
2017-06-26,17.600000,17.730000,17.150000,17.350000,17.350000,2199300,NYT
2017-06-27,17.450001,17.700001,17.350000,17.500000,17.500000,1093100,NYT
2017-06-28,17.700001,18.000000,17.500000,18.000000,18.000000,1198900,NYT
2017-06-29,18.000000,18.000000,17.520000,17.799999,17.799999,820400,NYT
2017-06-30,17.750000,17.850000,17.500000,17.700001,17.700001,855300,NYT
2017-07-03,17.650000,17.799999,17.549999,17.750000,17.750000,531900,NYT
2017-07-05,17.700001,17.799999,17.549999,17.750000,17.750000,1252900,NYT
2017-07-06,17.650000,17.700001,17.379999,17.450001,17.450001,1226800,NYT
2017-07-07,17.350000,17.700001,17.350000,17.549999,17.549999,1199700,NYT
2017-07-10,17.400000,17.500000,17.299999,17.400000,17.400000,966400,NYT
2017-07-11,17.450001,17.650000,17.299999,17.549999,17.549999,1024200,NYT
2017-07-12,17.549999,17.700001,17.430000,17.500000,17.500000,628300,NYT
2017-07-13,17.500000,17.600000,17.400000,17.549999,17.549999,1449800,NYT
2017-07-14,17.500000,17.650000,17.480000,17.600000,17.600000,602000,NYT
2017-07-17,17.650000,17.650000,17.480000,17.600000,17.600000,728600,NYT
2017-07-18,17.500000,17.600000,17.480000,17.549999,17.549999,692700,NYT
2017-07-19,17.600000,17.770000,17.600000,17.750000,17.750000,813400,NYT
2017-07-20,17.799999,18.150000,17.750000,18.049999,18.049999,1406700,NYT
2017-07-21,18.100000,18.150000,17.980000,18.100000,18.100000,816500,NYT
2017-07-24,18.100000,18.350000,18.020000,18.250000,18.250000,928300,NYT
2017-07-25,18.350000,18.500000,18.299999,18.400000,18.400000,1230400,NYT
2017-07-26,18.350000,18.650000,18.299999,18.350000,18.350000,1669100,NYT
2017-07-27,18.549999,20.049999,18.500000,19.950001,19.950001,3303900,NYT
2017-07-28,20.049999,20.150000,19.250000,19.299999,19.299999,2228200,NYT
2017-07-31,19.250000,19.299999,18.850000,19.000000,19.000000,870600,NYT
2017-08-01,19.000000,19.150000,18.750000,19.100000,19.100000,1172800,NYT
2017-08-02,19.150000,19.180000,18.850000,19.100000,19.100000,1531700,NYT
2017-08-03,18.950001,19.150000,18.799999,19.150000,19.150000,1083800,NYT
2017-08-04,18.549999,19.250000,18.549999,19.150000,19.150000,1002100,NYT
2017-08-07,19.150000,19.200001,19.000000,19.150000,19.150000,973900,NYT
2017-08-08,19.200001,19.400000,18.850000,19.000000,19.000000,1078600,NYT
2017-08-09,18.900000,18.900000,18.650000,18.850000,18.850000,798600,NYT
2017-08-10,18.799999,18.799999,18.549999,18.600000,18.600000,1352200,NYT
2017-08-11,18.450001,18.549999,18.000000,18.400000,18.400000,1228800,NYT
2017-08-14,18.500000,18.500000,18.299999,18.299999,18.299999,1226900,NYT
2017-08-15,18.450001,18.500000,18.100000,18.200001,18.200001,1557200,NYT
2017-08-16,18.250000,18.299999,17.950001,18.100000,18.100000,1776900,NYT
2017-08-17,18.000000,18.080000,17.900000,17.950001,17.950001,1381300,NYT
2017-08-18,17.850000,18.350000,17.799999,18.350000,18.350000,1241200,NYT
2017-08-21,18.250000,18.350000,18.150000,18.299999,18.299999,978700,NYT
2017-08-22,18.299999,18.500000,18.299999,18.400000,18.400000,576900,NYT
2017-08-23,18.299999,18.450001,18.250000,18.400000,18.400000,697200,NYT
2017-08-24,18.450001,18.450001,18.020000,18.150000,18.150000,911200,NYT
2017-08-25,18.299999,18.299999,18.129999,18.250000,18.250000,477300,NYT
2017-08-28,18.299999,18.350000,18.200001,18.350000,18.350000,1049300,NYT
2017-08-29,18.250000,18.379999,18.200001,18.299999,18.299999,659100,NYT
2017-08-30,18.250000,18.520000,18.200001,18.450001,18.450001,639100,NYT
2017-08-31,18.500000,18.750000,18.480000,18.650000,18.650000,926000,NYT
2017-09-01,18.750000,18.900000,18.700001,18.850000,18.850000,848500,NYT
2017-09-05,18.850000,18.990000,18.500000,18.700001,18.700001,880700,NYT
2017-09-06,18.799999,18.900000,18.700001,18.750000,18.750000,848800,NYT
2017-09-07,18.750000,18.980000,18.700001,18.950001,18.950001,1016800,NYT
2017-09-08,18.950001,19.100000,18.850000,19.049999,19.049999,2044800,NYT
2017-09-11,19.049999,19.150000,18.850000,18.950001,18.950001,863900,NYT
2017-09-12,19.000000,19.230000,19.000000,19.150000,19.150000,743900,NYT
2017-09-13,19.049999,19.250000,19.049999,19.100000,19.100000,1262200,NYT
2017-09-14,19.049999,19.150000,18.950001,19.150000,19.150000,782600,NYT
