Date,Open,High,Low,Close,Adj Close,Volume,RHT
2012-09-14,59.540001,60.000000,59.200001,60.000000,60.000000,1884400,RHT
2012-09-17,59.040001,59.389999,58.400002,58.619999,58.619999,2151200,RHT
2012-09-18,58.380001,58.619999,56.950001,57.209999,57.209999,2850100,RHT
2012-09-19,57.369999,57.900002,56.980000,57.580002,57.580002,1703600,RHT
2012-09-20,57.209999,57.500000,56.560001,56.840000,56.840000,2349300,RHT
2012-09-21,57.680000,58.419998,57.590000,57.639999,57.639999,3309300,RHT
2012-09-24,57.810001,57.810001,56.730000,57.540001,57.540001,3674200,RHT
2012-09-25,55.080002,57.060001,55.000000,55.080002,55.080002,5046500,RHT
2012-09-26,55.189999,55.660000,53.669998,54.660000,54.660000,2301100,RHT
2012-09-27,55.060001,56.709999,54.689999,56.639999,56.639999,1847000,RHT
2012-09-28,56.200001,57.189999,55.980000,56.939999,56.939999,2381000,RHT
2012-10-01,57.169998,57.299999,54.799999,55.220001,55.220001,2755700,RHT
2012-10-02,55.549999,55.939999,54.830002,55.459999,55.459999,1190700,RHT
2012-10-03,55.750000,56.160000,55.459999,55.790001,55.790001,1544600,RHT
2012-10-04,55.060001,55.939999,54.419998,55.799999,55.799999,1825300,RHT
2012-10-05,56.189999,56.549999,54.930000,55.209999,55.209999,956300,RHT
2012-10-08,54.869999,55.520000,54.310001,54.410000,54.410000,1183600,RHT
2012-10-09,54.410000,54.500000,53.099998,54.000000,54.000000,1501000,RHT
2012-10-10,53.970001,54.389999,52.930000,53.860001,53.860001,2105600,RHT
2012-10-11,54.279999,54.580002,53.639999,53.770000,53.770000,1260700,RHT
2012-10-12,53.830002,54.450001,53.320000,53.689999,53.689999,1040700,RHT
2012-10-15,53.950001,54.400002,53.410000,54.330002,54.330002,1124500,RHT
2012-10-16,54.259998,54.959999,53.919998,54.660000,54.660000,1581900,RHT
2012-10-17,53.779999,53.970001,51.919998,52.209999,52.209999,3518600,RHT
2012-10-18,52.099998,52.910000,51.439999,52.250000,52.250000,2819500,RHT
2012-10-19,52.020000,52.119999,50.500000,50.730000,50.730000,2723500,RHT
2012-10-22,50.860001,51.200001,50.459999,51.060001,51.060001,1641100,RHT
2012-10-23,50.259998,52.070000,49.919998,51.900002,51.900002,2530400,RHT
2012-10-24,52.340000,52.799999,50.650002,51.240002,51.240002,1751600,RHT
2012-10-25,51.820000,51.869999,49.689999,50.029999,50.029999,2796700,RHT
2012-10-26,50.000000,50.639999,49.439999,50.270000,50.270000,2036400,RHT
2012-10-31,49.509998,50.270000,49.060001,49.169998,49.169998,1362700,RHT
2012-11-01,49.459999,50.880001,48.520000,50.869999,50.869999,3128600,RHT
2012-11-02,51.119999,51.480000,50.590000,50.639999,50.639999,1813900,RHT
2012-11-05,50.439999,50.459999,49.720001,50.110001,50.110001,1455000,RHT
2012-11-06,50.250000,50.599998,49.840000,50.430000,50.430000,1417700,RHT
2012-11-07,49.410000,49.849998,48.650002,48.650002,48.650002,1925600,RHT
2012-11-08,48.680000,49.520000,48.200001,48.330002,48.330002,2012400,RHT
2012-11-09,48.230000,48.950001,48.150002,48.340000,48.340000,1392500,RHT
2012-11-12,48.500000,48.500000,47.450001,47.529999,47.529999,1164700,RHT
2012-11-13,47.279999,47.740002,46.759998,47.410000,47.410000,1727300,RHT
2012-11-14,47.900002,48.439999,47.650002,47.759998,47.759998,1771500,RHT
2012-11-15,47.810001,47.869999,47.080002,47.730000,47.730000,1498400,RHT
2012-11-16,47.880001,48.610001,47.660000,48.450001,48.450001,2129700,RHT
2012-11-19,49.009998,49.209999,48.180000,48.900002,48.900002,1493900,RHT
2012-11-20,48.740002,49.049999,47.770000,48.169998,48.169998,1093800,RHT
2012-11-21,48.270000,49.660000,48.240002,49.060001,49.060001,1628200,RHT
2012-11-23,49.450001,50.000000,49.150002,49.740002,49.740002,579700,RHT
2012-11-26,49.450001,49.740002,49.320000,49.709999,49.709999,1129800,RHT
2012-11-27,49.520000,49.520000,48.099998,48.509998,48.509998,2506500,RHT
2012-11-28,48.320000,49.080002,47.799999,49.020000,49.020000,1049300,RHT
2012-11-29,49.400002,50.080002,49.259998,49.709999,49.709999,1351700,RHT
2012-11-30,49.610001,50.169998,49.049999,49.400002,49.400002,1391400,RHT
2012-12-03,49.790001,50.029999,49.299999,49.450001,49.450001,785800,RHT
2012-12-04,49.490002,49.560001,48.750000,49.009998,49.009998,1320200,RHT
2012-12-05,47.930000,48.650002,46.340000,48.369999,48.369999,4064000,RHT
2012-12-06,48.400002,48.650002,48.040001,48.430000,48.430000,2202400,RHT
2012-12-07,48.779999,49.450001,48.150002,49.160000,49.160000,1781900,RHT
2012-12-10,49.240002,49.750000,49.240002,49.520000,49.520000,1502600,RHT
2012-12-11,49.720001,51.150002,49.700001,50.759998,50.759998,1645000,RHT
2012-12-12,51.040001,51.439999,50.209999,50.349998,50.349998,1413400,RHT
2012-12-13,50.240002,50.549999,49.919998,50.189999,50.189999,1071100,RHT
2012-12-14,49.900002,50.470001,49.810001,50.220001,50.220001,1156400,RHT
2012-12-17,50.270000,51.380001,49.990002,51.299999,51.299999,1165400,RHT
2012-12-18,51.439999,52.330002,51.380001,52.200001,52.200001,1424000,RHT
2012-12-19,52.779999,53.490002,52.180000,52.200001,52.200001,1863500,RHT
2012-12-20,52.320000,53.119999,51.549999,52.610001,52.610001,3301200,RHT
2012-12-21,55.290001,55.419998,54.189999,54.990002,54.990002,5137200,RHT
2012-12-24,54.700001,54.770000,53.430000,53.980000,53.980000,1052200,RHT
2012-12-26,53.950001,54.720001,53.299999,53.540001,53.540001,1178900,RHT
2012-12-27,53.360001,53.520000,51.869999,52.779999,52.779999,1801000,RHT
2012-12-28,52.279999,52.580002,51.910000,51.980000,51.980000,1242400,RHT
2012-12-31,51.970001,53.209999,51.660000,52.959999,52.959999,1760800,RHT
2013-01-02,54.169998,55.060001,53.799999,54.599998,54.599998,1878400,RHT
2013-01-03,54.430000,54.880001,53.639999,53.910000,53.910000,1753300,RHT
2013-01-04,53.900002,54.700001,53.900002,54.250000,54.250000,1470400,RHT
2013-01-07,53.810001,54.220001,53.540001,53.919998,53.919998,1457100,RHT
2013-01-08,53.889999,54.619999,53.369999,54.580002,54.580002,1701800,RHT
2013-01-09,54.520000,55.299999,54.380001,54.439999,54.439999,1369500,RHT
2013-01-10,54.680000,54.869999,53.400002,54.270000,54.270000,1184400,RHT
2013-01-11,54.330002,54.700001,53.880001,54.450001,54.450001,1111900,RHT
2013-01-14,54.230000,55.000000,54.139999,54.990002,54.990002,1251600,RHT
2013-01-15,54.570000,55.150002,54.160000,54.990002,54.990002,1138300,RHT
2013-01-16,54.590000,55.270000,54.500000,54.900002,54.900002,1073900,RHT
2013-01-17,55.189999,55.709999,54.860001,54.860001,54.860001,930400,RHT
2013-01-18,54.820000,54.910000,53.759998,54.150002,54.150002,1982500,RHT
2013-01-22,54.049999,54.049999,52.529999,52.799999,52.799999,2441500,RHT
2013-01-23,53.320000,54.259998,53.160000,54.150002,54.150002,1609800,RHT
2013-01-24,53.959999,55.209999,53.930000,54.470001,54.470001,1056300,RHT
2013-01-25,55.360001,56.740002,55.209999,56.049999,56.049999,1657400,RHT
2013-01-28,56.340000,56.610001,56.029999,56.250000,56.250000,1752500,RHT
2013-01-29,54.730000,55.740002,53.930000,55.060001,55.060001,2234800,RHT
2013-01-30,55.200001,55.470001,54.360001,54.490002,54.490002,1287000,RHT
2013-01-31,54.889999,56.029999,54.700001,55.560001,55.560001,1554000,RHT
2013-02-01,55.869999,57.099998,55.790001,56.900002,56.900002,1954100,RHT
2013-02-04,56.430000,56.889999,55.910000,55.950001,55.950001,1446400,RHT
2013-02-05,56.259998,56.410000,55.900002,56.240002,56.240002,1098400,RHT
2013-02-06,55.680000,56.299999,55.299999,55.730000,55.730000,1345800,RHT
2013-02-07,55.660000,55.660000,54.209999,55.090000,55.090000,2172900,RHT
2013-02-08,55.240002,55.599998,54.869999,54.959999,54.959999,1579200,RHT
2013-02-11,54.950001,54.980000,54.110001,54.509998,54.509998,1671900,RHT
2013-02-12,54.540001,55.340000,54.279999,55.330002,55.330002,1529600,RHT
2013-02-13,55.360001,55.410000,54.099998,54.500000,54.500000,2690000,RHT
2013-02-14,54.369999,54.439999,53.810001,54.070000,54.070000,2469000,RHT
2013-02-15,54.299999,54.520000,53.840000,53.930000,53.930000,1770800,RHT
2013-02-19,54.009998,54.270000,53.790001,53.939999,53.939999,1542300,RHT
2013-02-20,54.029999,54.680000,53.650002,53.720001,53.720001,1711500,RHT
2013-02-21,53.619999,53.630001,51.669998,51.709999,51.709999,3320500,RHT
2013-02-22,52.110001,52.299999,51.000000,51.240002,51.240002,3816000,RHT
2013-02-25,51.509998,51.860001,50.200001,50.240002,50.240002,2699400,RHT
2013-02-26,50.549999,50.619999,49.099998,49.389999,49.389999,4649700,RHT
2013-02-27,49.330002,50.910000,49.259998,50.549999,50.549999,4145300,RHT
2013-02-28,51.049999,51.299999,50.680000,50.810001,50.810001,3165900,RHT
2013-03-01,50.790001,51.700001,50.200001,51.580002,51.580002,2231000,RHT
2013-03-04,51.299999,52.090000,51.119999,52.080002,52.080002,1919100,RHT
2013-03-05,52.270000,52.529999,51.799999,51.990002,51.990002,2166600,RHT
2013-03-06,52.139999,52.959999,52.000000,52.799999,52.799999,2929000,RHT
2013-03-07,53.119999,53.590000,52.910000,53.470001,53.470001,1932900,RHT
2013-03-08,53.650002,53.650002,52.820000,53.000000,53.000000,1250900,RHT
2013-03-11,52.889999,53.540001,52.750000,53.139999,53.139999,1596600,RHT
2013-03-12,52.340000,52.340000,50.389999,50.599998,50.599998,5151000,RHT
2013-03-13,50.459999,51.029999,50.150002,50.799999,50.799999,2322600,RHT
2013-03-14,51.000000,51.000000,50.020000,50.660000,50.660000,3097500,RHT
2013-03-15,50.400002,50.610001,50.000000,50.439999,50.439999,2483600,RHT
2013-03-18,49.750000,50.450001,49.610001,50.130001,50.130001,1509500,RHT
2013-03-19,50.380001,50.599998,49.480000,49.790001,49.790001,2003700,RHT
2013-03-20,50.080002,51.270000,49.889999,51.180000,51.180000,2064900,RHT
2013-03-21,50.619999,51.209999,49.950001,50.939999,50.939999,3071000,RHT
2013-03-22,50.470001,50.840000,49.730000,50.799999,50.799999,2276400,RHT
2013-03-25,49.889999,50.130001,47.910000,48.990002,48.990002,7029700,RHT
2013-03-26,49.080002,49.570000,48.759998,49.250000,49.250000,2984300,RHT
2013-03-27,49.040001,50.189999,48.139999,49.970001,49.970001,6397900,RHT
2013-03-28,47.750000,50.630001,47.500000,50.560001,50.560001,10256600,RHT
2013-04-01,50.660000,50.660000,48.130001,48.320000,48.320000,4209400,RHT
2013-04-02,48.759998,49.410000,48.320000,48.840000,48.840000,2558600,RHT
2013-04-03,48.939999,49.400002,47.590000,47.700001,47.700001,2193100,RHT
2013-04-04,47.810001,48.060001,47.279999,48.049999,48.049999,1812400,RHT
2013-04-05,46.970001,47.779999,46.750000,47.470001,47.470001,1805000,RHT
2013-04-08,47.459999,48.060001,47.130001,47.959999,47.959999,2115200,RHT
2013-04-09,48.060001,48.540001,47.630001,48.270000,48.270000,2399200,RHT
2013-04-10,48.349998,49.959999,48.349998,49.520000,49.520000,3319300,RHT
2013-04-11,49.330002,50.290001,49.130001,49.990002,49.990002,3472100,RHT
2013-04-12,49.650002,50.560001,49.630001,50.549999,50.549999,2625600,RHT
2013-04-15,50.200001,50.200001,49.230000,49.259998,49.259998,2323700,RHT
2013-04-16,49.689999,51.349998,49.580002,51.279999,51.279999,2842800,RHT
2013-04-17,50.590000,50.759998,49.720001,50.270000,50.270000,2662900,RHT
2013-04-18,50.389999,50.590000,48.990002,49.099998,49.099998,1558800,RHT
2013-04-19,49.279999,49.980000,48.549999,49.250000,49.250000,1871300,RHT
2013-04-22,49.279999,49.400002,48.099998,48.610001,48.610001,1904500,RHT
2013-04-23,49.070000,49.470001,48.669998,49.110001,49.110001,1097700,RHT
2013-04-24,48.939999,49.590000,48.630001,48.650002,48.650002,1077000,RHT
2013-04-25,48.959999,49.380001,48.490002,49.080002,49.080002,1384600,RHT
2013-04-26,49.160000,49.349998,48.439999,48.529999,48.529999,1230900,RHT
2013-04-29,48.779999,49.279999,48.430000,48.810001,48.810001,1116600,RHT
2013-04-30,48.669998,48.750000,47.689999,47.930000,47.930000,1917700,RHT
2013-05-01,48.009998,48.750000,47.590000,47.730000,47.730000,1449400,RHT
2013-05-02,47.759998,48.540001,47.759998,48.509998,48.509998,1468500,RHT
2013-05-03,48.939999,49.730000,48.549999,49.650002,49.650002,1501100,RHT
2013-05-06,49.799999,50.330002,49.500000,50.299999,50.299999,1381700,RHT
2013-05-07,50.349998,50.709999,50.189999,50.650002,50.650002,1637400,RHT
2013-05-08,50.380001,50.930000,50.049999,50.820000,50.820000,1988000,RHT
2013-05-09,50.680000,51.470001,50.360001,50.939999,50.939999,1587300,RHT
2013-05-10,50.939999,51.919998,50.669998,51.900002,51.900002,1771000,RHT
2013-05-13,51.900002,51.980000,51.380001,51.959999,51.959999,1571100,RHT
2013-05-14,51.990002,53.000000,51.889999,52.720001,52.720001,1754900,RHT
2013-05-15,52.619999,54.849998,52.430000,54.160000,54.160000,3978700,RHT
2013-05-16,54.180000,55.430000,54.150002,54.709999,54.709999,2728000,RHT
2013-05-17,54.930000,55.590000,54.419998,54.990002,54.990002,2644100,RHT
2013-05-20,54.470001,54.700001,52.360001,52.650002,52.650002,3998000,RHT
2013-05-21,52.660000,52.990002,51.840000,51.860001,51.860001,2065100,RHT
2013-05-22,51.869999,52.040001,49.750000,50.020000,50.020000,3284500,RHT
2013-05-23,49.330002,49.919998,48.730000,49.360001,49.360001,2738400,RHT
2013-05-24,48.900002,49.189999,48.250000,48.490002,48.490002,2725700,RHT
2013-05-28,49.400002,49.459999,48.599998,48.639999,48.639999,1850800,RHT
2013-05-29,48.299999,48.430000,47.790001,48.180000,48.180000,2046000,RHT
2013-05-30,48.250000,48.320000,47.349998,47.860001,47.860001,3608200,RHT
2013-05-31,47.720001,49.369999,47.599998,48.230000,48.230000,2685100,RHT
2013-06-03,48.290001,48.290001,46.310001,47.160000,47.160000,2346600,RHT
2013-06-04,47.130001,47.330002,46.169998,46.180000,46.180000,2498100,RHT
2013-06-05,46.080002,46.790001,45.549999,45.700001,45.700001,3561200,RHT
2013-06-06,45.770000,46.060001,44.919998,45.480000,45.480000,5005800,RHT
2013-06-07,45.720001,46.529999,45.520000,46.240002,46.240002,1865700,RHT
2013-06-10,46.259998,46.520000,46.189999,46.400002,46.400002,1540100,RHT
2013-06-11,45.860001,46.849998,45.549999,46.240002,46.240002,2244200,RHT
2013-06-12,46.680000,46.740002,45.959999,46.400002,46.400002,2234800,RHT
2013-06-13,46.230000,46.340000,45.080002,45.849998,45.849998,3224800,RHT
2013-06-14,45.930000,46.500000,45.560001,45.810001,45.810001,2062200,RHT
2013-06-17,45.830002,46.150002,45.330002,45.680000,45.680000,1736900,RHT
2013-06-18,45.750000,47.040001,45.689999,46.630001,46.630001,2227400,RHT
2013-06-19,46.630001,46.880001,45.900002,46.220001,46.220001,2731100,RHT
2013-06-20,47.849998,48.150002,45.660000,45.880001,45.880001,4977500,RHT
2013-06-21,46.250000,46.470001,45.340000,46.450001,46.450001,4544500,RHT
2013-06-24,45.880001,46.320000,44.950001,45.910000,45.910000,2447300,RHT
2013-06-25,46.340000,46.480000,45.470001,45.860001,45.860001,2051700,RHT
2013-06-26,46.320000,46.950001,46.200001,46.790001,46.790001,1938000,RHT
2013-06-27,47.070000,48.820000,47.000000,48.470001,48.470001,3298300,RHT
2013-06-28,48.230000,48.360001,47.189999,47.820000,47.820000,2821600,RHT
2013-07-01,48.040001,48.380001,47.360001,47.410000,47.410000,1250000,RHT
2013-07-02,47.410000,47.849998,47.040001,47.410000,47.410000,1152400,RHT
2013-07-03,47.160000,48.150002,47.130001,47.849998,47.849998,574500,RHT
2013-07-05,48.070000,48.360001,47.680000,48.340000,48.340000,783600,RHT
2013-07-08,48.500000,48.619999,47.750000,47.939999,47.939999,1125900,RHT
2013-07-09,48.180000,48.349998,47.740002,48.139999,48.139999,1071500,RHT
2013-07-10,48.209999,48.419998,47.860001,48.330002,48.330002,999200,RHT
2013-07-11,48.919998,50.900002,48.919998,50.570000,50.570000,2153400,RHT
2013-07-12,50.500000,50.820000,50.209999,50.259998,50.259998,1016100,RHT
2013-07-15,50.240002,50.240002,49.139999,49.849998,49.849998,1327500,RHT
2013-07-16,49.779999,49.889999,49.520000,49.590000,49.590000,803500,RHT
2013-07-17,49.630001,50.000000,49.509998,49.680000,49.680000,774800,RHT
2013-07-18,49.660000,50.650002,49.470001,50.209999,50.209999,1380500,RHT
2013-07-19,50.919998,50.919998,49.349998,49.380001,49.380001,1178400,RHT
2013-07-22,49.070000,49.360001,48.889999,48.959999,48.959999,1043500,RHT
2013-07-23,49.049999,49.320000,48.759998,48.790001,48.790001,1070800,RHT
2013-07-24,49.689999,50.779999,49.689999,50.540001,50.540001,1695300,RHT
2013-07-25,50.529999,51.779999,50.180000,51.750000,51.750000,2233400,RHT
2013-07-26,51.340000,51.529999,50.310001,50.830002,50.830002,1105100,RHT
2013-07-29,50.549999,51.000000,50.299999,50.770000,50.770000,1301400,RHT
2013-07-30,51.130001,51.279999,50.549999,51.080002,51.080002,1245000,RHT
2013-07-31,51.230000,52.150002,51.189999,51.770000,51.770000,1489400,RHT
2013-08-01,52.130001,52.799999,52.070000,52.480000,52.480000,1399500,RHT
2013-08-02,52.369999,52.580002,52.020000,52.439999,52.439999,840900,RHT
2013-08-05,52.310001,52.540001,52.049999,52.240002,52.240002,916200,RHT
2013-08-06,52.029999,52.299999,51.590000,51.660000,51.660000,842500,RHT
2013-08-07,51.520000,51.669998,50.560001,51.250000,51.250000,1060300,RHT
2013-08-08,51.599998,52.259998,51.389999,52.040001,52.040001,873100,RHT
2013-08-09,52.029999,52.869999,52.009998,52.459999,52.459999,1028600,RHT
2013-08-12,52.099998,52.980000,52.020000,52.279999,52.279999,1136700,RHT
2013-08-13,52.369999,53.720001,51.900002,53.520000,53.520000,1365900,RHT
2013-08-14,53.430000,53.540001,52.980000,53.080002,53.080002,1323400,RHT
2013-08-15,52.450001,52.459999,51.279999,51.970001,51.970001,1261700,RHT
2013-08-16,51.779999,52.279999,51.389999,51.509998,51.509998,1253600,RHT
2013-08-19,51.490002,52.000000,51.070000,51.250000,51.250000,1262300,RHT
2013-08-20,51.250000,51.980000,50.919998,51.320000,51.320000,1024700,RHT
2013-08-21,51.209999,51.689999,51.000000,51.099998,51.099998,1528600,RHT
2013-08-22,51.189999,52.200001,51.160000,51.959999,51.959999,703100,RHT
2013-08-23,52.279999,52.389999,51.529999,51.570000,51.570000,919300,RHT
2013-08-26,51.520000,52.230000,51.430000,51.700001,51.700001,653900,RHT
2013-08-27,51.090000,51.150002,50.139999,50.169998,50.169998,871900,RHT
2013-08-28,50.119999,50.669998,50.029999,50.320000,50.320000,647300,RHT
2013-08-29,50.169998,51.180000,50.020000,50.849998,50.849998,743300,RHT
2013-08-30,51.230000,51.330002,50.360001,50.520000,50.520000,870500,RHT
2013-09-03,51.000000,51.470001,50.509998,50.849998,50.849998,567400,RHT
2013-09-04,50.930000,51.230000,50.270000,51.150002,51.150002,704700,RHT
2013-09-05,51.080002,51.419998,50.790001,50.860001,50.860001,559800,RHT
2013-09-06,50.970001,51.310001,50.290001,51.060001,51.060001,882500,RHT
2013-09-09,51.259998,52.250000,51.099998,52.189999,52.189999,1006500,RHT
2013-09-10,52.419998,52.840000,52.099998,52.840000,52.840000,761100,RHT
2013-09-11,52.759998,53.910000,52.709999,53.470001,53.470001,1600600,RHT
2013-09-12,53.349998,53.540001,52.759998,52.849998,52.849998,658400,RHT
2013-09-13,52.770000,52.790001,51.730000,52.430000,52.430000,978900,RHT
2013-09-16,52.990002,53.230000,52.639999,53.020000,53.020000,967000,RHT
2013-09-17,53.110001,53.200001,52.419998,52.570000,52.570000,854000,RHT
2013-09-18,52.720001,53.700001,52.570000,53.580002,53.580002,948400,RHT
2013-09-19,53.980000,54.380001,53.360001,53.590000,53.590000,1165900,RHT
2013-09-20,53.820000,54.000000,53.040001,53.220001,53.220001,1396500,RHT
2013-09-23,53.299999,53.410000,52.000000,52.930000,52.930000,2972400,RHT
2013-09-24,47.750000,47.910000,46.209999,46.730000,46.730000,13417400,RHT
2013-09-25,46.880001,47.290001,46.490002,46.889999,46.889999,4143800,RHT
2013-09-26,46.990002,47.180000,46.200001,46.619999,46.619999,2961900,RHT
2013-09-27,46.369999,46.490002,45.849998,45.950001,45.950001,1802900,RHT
2013-09-30,45.549999,46.240002,45.330002,46.139999,46.139999,2435500,RHT
2013-10-01,46.139999,46.450001,45.630001,45.740002,45.740002,2202400,RHT
2013-10-02,45.330002,45.770000,45.090000,45.270000,45.270000,2480000,RHT
2013-10-03,45.240002,45.349998,44.310001,44.910000,44.910000,3211600,RHT
2013-10-04,44.919998,45.299999,44.709999,45.049999,45.049999,1088400,RHT
2013-10-07,44.610001,45.709999,44.529999,45.450001,45.450001,1981700,RHT
2013-10-08,44.970001,45.130001,43.049999,43.299999,43.299999,3864100,RHT
2013-10-09,43.480000,43.750000,42.889999,43.099998,43.099998,2532200,RHT
2013-10-10,43.099998,43.400002,42.349998,42.869999,42.869999,3418800,RHT
2013-10-11,42.900002,43.250000,42.669998,42.820000,42.820000,2383300,RHT
2013-10-14,42.619999,42.950001,41.889999,42.840000,42.840000,2349400,RHT
2013-10-15,42.730000,43.119999,42.189999,42.610001,42.610001,3957400,RHT
2013-10-16,42.869999,43.619999,42.669998,43.599998,43.599998,3169800,RHT
2013-10-17,43.250000,43.669998,43.049999,43.529999,43.529999,2014100,RHT
2013-10-18,43.599998,43.750000,43.279999,43.290001,43.290001,2235700,RHT
2013-10-21,43.310001,43.740002,42.500000,42.590000,42.590000,2260700,RHT
2013-10-22,42.910000,43.180000,42.340000,42.910000,42.910000,2424400,RHT
2013-10-23,42.730000,42.889999,42.139999,42.349998,42.349998,1540300,RHT
2013-10-24,42.430000,43.860001,42.349998,43.750000,43.750000,2471800,RHT
2013-10-25,43.869999,44.040001,43.240002,43.400002,43.400002,2247700,RHT
2013-10-28,43.360001,43.619999,42.959999,43.590000,43.590000,1452100,RHT
2013-10-29,43.959999,44.490002,43.770000,44.070000,44.070000,1248400,RHT
2013-10-30,44.040001,44.119999,43.259998,43.389999,43.389999,1297300,RHT
2013-10-31,43.369999,43.820000,43.220001,43.270000,43.270000,1212800,RHT
2013-11-01,43.480000,43.610001,42.919998,43.230000,43.230000,1358900,RHT
2013-11-04,43.290001,43.650002,43.020000,43.099998,43.099998,1682900,RHT
2013-11-05,42.799999,43.009998,42.419998,42.930000,42.930000,1264500,RHT
2013-11-06,43.060001,44.490002,42.990002,44.070000,44.070000,2017600,RHT
2013-11-07,44.139999,44.389999,43.139999,43.200001,43.200001,1381500,RHT
2013-11-08,43.290001,43.470001,43.049999,43.320000,43.320000,1057800,RHT
2013-11-11,43.349998,44.320000,43.250000,44.270000,44.270000,1473400,RHT
2013-11-12,44.259998,44.970001,44.209999,44.599998,44.599998,1991200,RHT
2013-11-13,45.669998,46.580002,45.400002,46.369999,46.369999,5462800,RHT
2013-11-14,46.490002,46.709999,45.980000,46.320000,46.320000,2627100,RHT
2013-11-15,46.389999,47.660000,46.299999,47.099998,47.099998,3613500,RHT
2013-11-18,47.259998,47.270000,46.490002,46.560001,46.560001,2203600,RHT
2013-11-19,46.500000,46.750000,46.099998,46.419998,46.419998,1494500,RHT
2013-11-20,46.560001,47.000000,46.480000,46.529999,46.529999,1382100,RHT
2013-11-21,46.630001,47.189999,46.630001,47.110001,47.110001,1355700,RHT
2013-11-22,47.110001,47.340000,46.820000,47.110001,47.110001,1528300,RHT
2013-11-25,47.299999,47.340000,46.500000,46.869999,46.869999,638200,RHT
2013-11-26,46.770000,46.970001,46.500000,46.540001,46.540001,1054800,RHT
2013-11-27,46.639999,46.939999,46.540001,46.900002,46.900002,852900,RHT
2013-11-29,46.880001,47.209999,46.790001,46.849998,46.849998,524200,RHT
2013-12-02,46.840000,46.919998,46.119999,46.180000,46.180000,1400700,RHT
2013-12-03,45.959999,46.110001,45.450001,45.930000,45.930000,1685900,RHT
2013-12-04,45.630001,46.840000,45.540001,46.660000,46.660000,1425600,RHT
2013-12-05,47.150002,47.169998,46.419998,46.669998,46.669998,1570500,RHT
2013-12-06,46.930000,47.049999,46.459999,46.770000,46.770000,1644300,RHT
2013-12-09,47.029999,47.549999,46.910000,47.470001,47.470001,2324800,RHT
2013-12-10,47.290001,47.490002,46.669998,46.689999,46.689999,1478900,RHT
2013-12-11,47.119999,47.119999,46.070000,46.150002,46.150002,1164800,RHT
2013-12-12,46.070000,47.029999,46.049999,46.349998,46.349998,2219100,RHT
2013-12-13,46.549999,47.009998,46.340000,46.770000,46.770000,1508700,RHT
2013-12-16,47.099998,47.849998,46.700001,47.540001,47.540001,2465300,RHT
2013-12-17,47.709999,48.360001,47.439999,48.220001,48.220001,2506000,RHT
2013-12-18,48.200001,48.939999,47.810001,48.910000,48.910000,1989500,RHT
2013-12-19,48.820000,49.480000,48.709999,49.000000,49.000000,2936700,RHT
2013-12-20,56.419998,58.709999,55.230000,56.099998,56.099998,15273500,RHT
2013-12-23,56.099998,56.980000,55.630001,56.070000,56.070000,3183700,RHT
2013-12-24,55.860001,56.230000,55.619999,55.980000,55.980000,866000,RHT
2013-12-26,56.000000,56.150002,55.160000,55.869999,55.869999,1610500,RHT
2013-12-27,55.950001,56.650002,55.880001,56.240002,56.240002,1116600,RHT
2013-12-30,56.240002,56.259998,55.660000,56.070000,56.070000,1127000,RHT
2013-12-31,56.180000,56.610001,55.750000,56.040001,56.040001,1596800,RHT
2014-01-02,55.950001,56.000000,55.389999,55.830002,55.830002,1122500,RHT
2014-01-03,55.900002,56.240002,55.450001,55.779999,55.779999,1103500,RHT
2014-01-06,56.180000,56.709999,55.930000,56.340000,56.340000,2028100,RHT
2014-01-07,56.610001,57.599998,56.400002,57.419998,57.419998,1834100,RHT
2014-01-08,57.230000,57.389999,56.750000,56.990002,56.990002,1686600,RHT
2014-01-09,57.209999,57.970001,56.930000,57.290001,57.290001,1719800,RHT
2014-01-10,57.560001,57.639999,56.160000,56.810001,56.810001,1470800,RHT
2014-01-13,58.689999,59.709999,57.400002,57.560001,57.560001,3155500,RHT
2014-01-14,57.700001,59.419998,57.590000,59.380001,59.380001,2203200,RHT
2014-01-15,59.669998,59.939999,59.169998,59.189999,59.189999,1863900,RHT
2014-01-16,59.000000,59.180000,58.720001,59.060001,59.060001,972600,RHT
2014-01-17,59.189999,59.270000,58.209999,58.590000,58.590000,1019400,RHT
2014-01-21,59.029999,59.619999,58.689999,59.139999,59.139999,1553900,RHT
2014-01-22,60.029999,60.189999,58.860001,58.919998,58.919998,1974100,RHT
2014-01-23,58.299999,58.340000,57.570000,58.119999,58.119999,1374200,RHT
2014-01-24,57.680000,57.820000,56.689999,56.730000,56.730000,1591200,RHT
2014-01-27,56.689999,57.160000,55.810001,55.820000,55.820000,2588800,RHT
2014-01-28,56.049999,57.419998,56.049999,57.230000,57.230000,1979900,RHT
2014-01-29,56.490002,56.799999,54.900002,55.549999,55.549999,2297400,RHT
2014-01-30,56.259998,57.180000,55.900002,57.119999,57.119999,2188500,RHT
2014-01-31,56.330002,57.009998,56.220001,56.500000,56.500000,1510000,RHT
2014-02-03,56.599998,57.130001,54.509998,54.700001,54.700001,1554500,RHT
2014-02-04,54.919998,55.290001,54.549999,54.860001,54.860001,1316500,RHT
2014-02-05,54.590000,54.889999,54.049999,54.709999,54.709999,866900,RHT
2014-02-06,54.970001,55.590000,54.910000,55.540001,55.540001,838000,RHT
2014-02-07,56.369999,57.020000,56.160000,56.990002,56.990002,1249900,RHT
2014-02-10,56.820000,56.880001,56.000000,56.669998,56.669998,1114400,RHT
2014-02-11,56.520000,57.630001,56.520000,57.480000,57.480000,1204300,RHT
2014-02-12,57.419998,58.540001,57.240002,57.689999,57.689999,1975200,RHT
2014-02-13,57.180000,58.450001,56.980000,58.430000,58.430000,1626000,RHT
2014-02-14,58.430000,58.650002,57.740002,58.320000,58.320000,1002500,RHT
2014-02-18,58.320000,58.830002,57.790001,58.080002,58.080002,861700,RHT
2014-02-19,58.720001,59.290001,58.080002,58.630001,58.630001,1737100,RHT
2014-02-20,58.810001,59.360001,58.320000,59.299999,59.299999,808700,RHT
2014-02-21,59.450001,59.450001,58.099998,58.689999,58.689999,1350700,RHT
2014-02-24,58.709999,59.180000,58.700001,58.889999,58.889999,1071000,RHT
2014-02-25,58.889999,59.610001,58.619999,58.970001,58.970001,1013300,RHT
2014-02-26,59.080002,59.980000,58.840000,59.750000,59.750000,1033000,RHT
2014-02-27,59.740002,60.000000,59.110001,59.930000,59.930000,1093400,RHT
2014-02-28,60.000000,60.000000,58.430000,58.990002,58.990002,1487900,RHT
2014-03-03,58.160000,58.619999,57.630001,58.279999,58.279999,878600,RHT
2014-03-04,59.160000,60.700001,59.160000,60.490002,60.490002,1469900,RHT
2014-03-05,60.480000,60.810001,60.259998,60.549999,60.549999,1022100,RHT
2014-03-06,60.810001,61.450001,60.450001,60.860001,60.860001,1348000,RHT
2014-03-07,61.029999,61.150002,59.849998,60.520000,60.520000,1228300,RHT
2014-03-10,60.360001,60.599998,59.080002,59.509998,59.509998,953200,RHT
2014-03-11,60.009998,60.029999,58.450001,58.669998,58.669998,1038600,RHT
2014-03-12,58.450001,59.110001,57.919998,59.099998,59.099998,924800,RHT
2014-03-13,59.340000,59.340000,56.849998,57.410000,57.410000,1569300,RHT
2014-03-14,57.450001,58.180000,57.250000,57.619999,57.619999,1005400,RHT
2014-03-17,57.959999,59.220001,57.860001,58.630001,58.630001,980400,RHT
2014-03-18,58.599998,59.080002,58.369999,58.810001,58.810001,1883600,RHT
2014-03-19,59.060001,59.349998,58.099998,58.240002,58.240002,1848700,RHT
2014-03-20,58.189999,58.720001,57.500000,58.470001,58.470001,2047300,RHT
2014-03-21,58.980000,59.040001,57.380001,57.400002,57.400002,2001000,RHT
2014-03-24,57.570000,58.610001,56.389999,57.090000,57.090000,1841600,RHT
2014-03-25,57.580002,58.730000,56.930000,57.310001,57.310001,1359500,RHT
2014-03-26,57.720001,58.570000,55.919998,55.980000,55.980000,2664700,RHT
2014-03-27,55.939999,56.650002,54.799999,56.130001,56.130001,3002500,RHT
2014-03-28,55.220001,55.349998,51.799999,52.230000,52.230000,7074900,RHT
2014-03-31,52.250000,53.669998,52.150002,52.980000,52.980000,5110800,RHT
2014-04-01,53.209999,53.930000,53.160000,53.709999,53.709999,3373600,RHT
2014-04-02,53.669998,53.790001,53.009998,53.110001,53.110001,2481300,RHT
2014-04-03,53.139999,53.279999,51.230000,51.340000,51.340000,2134700,RHT
2014-04-04,51.779999,51.810001,49.820000,50.459999,50.459999,3010600,RHT
2014-04-07,50.279999,50.900002,49.490002,49.849998,49.849998,2744800,RHT
2014-04-08,49.910000,50.549999,49.430000,50.009998,50.009998,2175900,RHT
2014-04-09,50.259998,52.119999,50.209999,52.060001,52.060001,2602500,RHT
2014-04-10,51.869999,52.000000,49.770000,50.020000,50.020000,2479100,RHT
2014-04-11,49.520000,50.009998,49.160000,49.360001,49.360001,2278600,RHT
2014-04-14,49.770000,50.470001,49.270000,49.830002,49.830002,2115500,RHT
2014-04-15,49.900002,50.410000,48.889999,50.099998,50.099998,1621200,RHT
2014-04-16,50.500000,50.820000,49.669998,50.619999,50.619999,1556600,RHT
2014-04-17,50.400002,50.810001,49.799999,50.549999,50.549999,2074300,RHT
2014-04-21,50.849998,51.220001,50.430000,50.930000,50.930000,2074300,RHT
2014-04-22,50.939999,51.230000,50.540001,50.900002,50.900002,1446500,RHT
2014-04-23,50.669998,50.680000,49.900002,50.049999,50.049999,1290700,RHT
2014-04-24,50.480000,50.669998,49.450001,49.630001,49.630001,1587600,RHT
2014-04-25,49.570000,49.610001,48.110001,48.369999,48.369999,2653600,RHT
2014-04-28,48.720001,48.939999,47.450001,48.189999,48.189999,1633900,RHT
2014-04-29,48.349998,48.790001,47.830002,48.529999,48.529999,1301500,RHT
2014-04-30,48.330002,48.820000,47.900002,48.650002,48.650002,1325100,RHT
2014-05-01,48.590000,49.730000,48.529999,48.750000,48.750000,1059100,RHT
2014-05-02,48.869999,49.290001,48.500000,48.570000,48.570000,1010900,RHT
2014-05-05,48.230000,49.520000,48.080002,49.419998,49.419998,1631100,RHT
2014-05-06,49.330002,49.560001,48.849998,48.860001,48.860001,1408000,RHT
2014-05-07,48.830002,48.990002,48.099998,48.759998,48.759998,1380000,RHT
2014-05-08,48.549999,49.400002,48.080002,48.330002,48.330002,1148800,RHT
2014-05-09,48.299999,48.770000,47.720001,48.740002,48.740002,793400,RHT
2014-05-12,48.980000,50.040001,48.709999,50.000000,50.000000,874000,RHT
2014-05-13,50.040001,50.099998,49.189999,49.310001,49.310001,1767600,RHT
2014-05-14,49.200001,49.639999,49.060001,49.389999,49.389999,1145000,RHT
2014-05-15,49.349998,49.619999,48.750000,49.480000,49.480000,1523300,RHT
2014-05-16,49.720001,50.259998,49.290001,50.020000,50.020000,1514900,RHT
2014-05-19,49.799999,50.360001,49.759998,50.110001,50.110001,800600,RHT
2014-05-20,50.139999,50.320000,49.410000,49.730000,49.730000,1300000,RHT
2014-05-21,49.810001,50.389999,49.459999,50.110001,50.110001,1190100,RHT
2014-05-22,50.060001,50.770000,49.910000,50.459999,50.459999,1126400,RHT
2014-05-23,50.330002,50.779999,50.209999,50.689999,50.689999,677300,RHT
2014-05-27,50.880001,51.290001,50.680000,50.810001,50.810001,887900,RHT
2014-05-28,50.820000,50.820000,49.790001,50.000000,50.000000,1568000,RHT
2014-05-29,50.130001,50.610001,50.080002,50.540001,50.540001,714200,RHT
2014-05-30,50.580002,50.580002,49.799999,50.119999,50.119999,1026300,RHT
2014-06-02,50.189999,50.250000,49.689999,50.049999,50.049999,715200,RHT
2014-06-03,49.810001,50.139999,49.730000,49.990002,49.990002,746500,RHT
2014-06-04,49.750000,50.200001,49.599998,49.709999,49.709999,906700,RHT
2014-06-05,49.790001,50.520000,49.590000,50.310001,50.310001,722300,RHT
2014-06-06,50.599998,51.000000,50.570000,50.849998,50.849998,783700,RHT
2014-06-09,51.060001,51.860001,50.849998,51.430000,51.430000,1191800,RHT
2014-06-10,51.160000,51.580002,50.980000,51.330002,51.330002,950400,RHT
2014-06-11,51.090000,51.580002,51.000000,51.470001,51.470001,1138000,RHT
2014-06-12,51.450001,51.599998,50.439999,50.490002,50.490002,1033200,RHT
2014-06-13,50.750000,51.930000,50.410000,51.919998,51.919998,1776900,RHT
2014-06-16,51.759998,52.169998,51.459999,52.139999,52.139999,1382100,RHT
2014-06-17,52.009998,52.730000,51.880001,52.430000,52.430000,2218200,RHT
2014-06-18,53.049999,53.220001,52.160000,53.099998,53.099998,3299200,RHT
2014-06-19,55.639999,57.349998,54.020000,55.110001,55.110001,7353600,RHT
2014-06-20,55.119999,55.130001,53.919998,55.080002,55.080002,4341700,RHT
2014-06-23,54.880001,55.070000,54.380001,55.009998,55.009998,1932000,RHT
2014-06-24,54.810001,55.130001,54.500000,54.750000,54.750000,1595100,RHT
2014-06-25,54.619999,55.459999,54.509998,55.410000,55.410000,1479300,RHT
2014-06-26,55.369999,55.750000,55.029999,55.330002,55.330002,1144700,RHT
2014-06-27,55.169998,55.330002,54.889999,55.160000,55.160000,1223300,RHT
2014-06-30,55.349998,55.500000,54.930000,55.270000,55.270000,1360800,RHT
2014-07-01,55.439999,56.259998,55.270000,56.169998,56.169998,2064100,RHT
2014-07-02,56.130001,56.660000,55.939999,56.130001,56.130001,1186800,RHT
2014-07-03,56.150002,56.369999,55.880001,56.099998,56.099998,827900,RHT
2014-07-07,55.950001,56.070000,55.570000,55.730000,55.730000,1541500,RHT
2014-07-08,55.549999,55.599998,54.220001,54.480000,54.480000,1760800,RHT
2014-07-09,54.540001,55.060001,54.439999,54.930000,54.930000,929300,RHT
2014-07-10,54.090000,55.240002,53.759998,54.779999,54.779999,1090700,RHT
2014-07-11,54.709999,54.880001,54.110001,54.730000,54.730000,813700,RHT
2014-07-14,55.029999,55.400002,54.959999,55.220001,55.220001,845900,RHT
2014-07-15,55.060001,55.410000,54.230000,54.389999,54.389999,1183700,RHT
2014-07-16,54.840000,55.299999,54.619999,54.840000,54.840000,986000,RHT
2014-07-17,54.480000,55.070000,53.849998,53.930000,53.930000,997200,RHT
2014-07-18,54.180000,54.900002,53.939999,54.860001,54.860001,821300,RHT
2014-07-21,54.459999,54.840000,54.070000,54.259998,54.259998,714000,RHT
2014-07-22,54.720001,55.709999,54.720001,55.680000,55.680000,1174700,RHT
2014-07-23,55.700001,56.000000,55.209999,55.880001,55.880001,1434300,RHT
2014-07-24,56.000000,56.450001,55.720001,56.380001,56.380001,1409600,RHT
2014-07-25,55.990002,56.700001,55.959999,56.680000,56.680000,1081100,RHT
2014-07-28,56.400002,56.910000,56.000000,56.700001,56.700001,1178400,RHT
2014-07-29,56.750000,56.980000,56.119999,56.150002,56.150002,922700,RHT
2014-07-30,56.750000,58.340000,56.680000,58.290001,58.290001,1659400,RHT
2014-07-31,57.779999,58.310001,57.630001,58.119999,58.119999,2508700,RHT
2014-08-01,58.430000,59.139999,57.840000,58.389999,58.389999,2157900,RHT
2014-08-04,58.360001,58.730000,58.020000,58.610001,58.610001,807800,RHT
2014-08-05,58.200001,58.840000,58.029999,58.439999,58.439999,975800,RHT
2014-08-06,58.000000,58.730000,57.820000,58.279999,58.279999,799400,RHT
2014-08-07,58.680000,58.700001,58.119999,58.380001,58.380001,765900,RHT
2014-08-08,58.430000,59.020000,58.230000,58.810001,58.810001,891700,RHT
2014-08-11,59.200001,59.400002,58.849998,59.169998,59.169998,591700,RHT
2014-08-12,59.209999,59.360001,58.889999,59.259998,59.259998,840100,RHT
2014-08-13,59.430000,59.820000,59.310001,59.779999,59.779999,391700,RHT
2014-08-14,59.889999,59.939999,59.509998,59.830002,59.830002,683600,RHT
2014-08-15,60.000000,60.389999,59.270000,59.849998,59.849998,1041400,RHT
2014-08-18,60.250000,60.990002,60.119999,60.970001,60.970001,981400,RHT
2014-08-19,60.959999,62.689999,60.860001,62.540001,62.540001,1997600,RHT
2014-08-20,62.290001,62.389999,61.529999,61.680000,61.680000,1280300,RHT
2014-08-21,61.770000,62.119999,61.470001,61.570000,61.570000,931400,RHT
2014-08-22,61.639999,62.580002,61.279999,62.110001,62.110001,1509700,RHT
2014-08-25,62.380001,62.400002,61.220001,61.349998,61.349998,992800,RHT
2014-08-26,61.490002,62.189999,61.360001,62.029999,62.029999,766000,RHT
2014-08-27,62.040001,62.110001,60.930000,61.070000,61.070000,1033100,RHT
2014-08-28,60.790001,60.880001,59.810001,60.650002,60.650002,1372400,RHT
2014-08-29,60.930000,61.439999,60.410000,60.919998,60.919998,1199000,RHT
2014-09-02,61.119999,61.430000,60.799999,61.299999,61.299999,925300,RHT
2014-09-03,61.660000,61.840000,61.410000,61.520000,61.520000,852300,RHT
2014-09-04,61.549999,61.740002,60.980000,61.200001,61.200001,846600,RHT
2014-09-05,61.180000,61.369999,60.750000,61.070000,61.070000,1078800,RHT
2014-09-08,61.189999,61.980000,60.919998,61.389999,61.389999,851300,RHT
2014-09-09,61.480000,61.480000,60.730000,60.810001,60.810001,776700,RHT
2014-09-10,61.209999,61.529999,60.639999,61.290001,61.290001,687600,RHT
2014-09-11,61.060001,61.799999,60.720001,61.680000,61.680000,999200,RHT
2014-09-12,61.480000,61.520000,60.439999,60.529999,60.529999,1548000,RHT
2014-09-15,60.570000,60.700001,59.310001,59.689999,59.689999,1120800,RHT
2014-09-16,59.549999,60.750000,59.150002,60.730000,60.730000,1080600,RHT
2014-09-17,60.610001,61.529999,60.279999,61.080002,61.080002,1021300,RHT
2014-09-18,61.130001,61.400002,60.450001,60.660000,60.660000,2241700,RHT
2014-09-19,59.689999,59.910000,55.619999,57.930000,57.930000,11974800,RHT
2014-09-22,57.849998,57.959999,56.299999,56.669998,56.669998,2202700,RHT
2014-09-23,56.500000,56.880001,56.209999,56.330002,56.330002,1828600,RHT
2014-09-24,56.290001,57.080002,56.009998,56.900002,56.900002,1313300,RHT
2014-09-25,56.709999,56.980000,55.750000,55.860001,55.860001,1141300,RHT
2014-09-26,56.060001,56.080002,55.160000,55.439999,55.439999,1736000,RHT
2014-09-29,55.009998,55.680000,54.849998,55.490002,55.490002,1402600,RHT
2014-09-30,55.520000,56.439999,55.360001,56.150002,56.150002,1816900,RHT
2014-10-01,56.560001,57.000000,56.110001,56.470001,56.470001,3654400,RHT
2014-10-02,56.900002,57.450001,56.230000,57.380001,57.380001,4829000,RHT
2014-10-03,57.599998,59.230000,57.599998,58.139999,58.139999,3117500,RHT
2014-10-06,58.320000,59.310001,57.759998,58.139999,58.139999,1794600,RHT
2014-10-07,57.570000,57.570000,56.570000,56.680000,56.680000,2090800,RHT
2014-10-08,56.750000,58.630001,56.380001,58.560001,58.560001,2031200,RHT
2014-10-09,58.410000,59.230000,57.889999,58.049999,58.049999,2394700,RHT
2014-10-10,57.910000,58.580002,55.439999,55.500000,55.500000,3126200,RHT
2014-10-13,55.430000,55.669998,54.189999,54.220001,54.220001,2111200,RHT
2014-10-14,54.500000,54.930000,54.090000,54.310001,54.310001,1740600,RHT
2014-10-15,53.380001,55.130001,52.529999,54.869999,54.869999,2732100,RHT
2014-10-16,53.790001,55.820000,53.730000,54.930000,54.930000,1978200,RHT
2014-10-17,55.410000,56.549999,55.340000,55.689999,55.689999,1669900,RHT
2014-10-20,55.240002,56.419998,54.939999,56.340000,56.340000,1401200,RHT
2014-10-21,56.590000,57.500000,56.349998,57.130001,57.130001,1434500,RHT
2014-10-22,56.770000,56.770000,54.709999,54.799999,54.799999,2586800,RHT
2014-10-23,55.279999,56.000000,55.150002,55.509998,55.509998,1619400,RHT
2014-10-24,55.770000,56.189999,55.200001,56.020000,56.020000,1490000,RHT
2014-10-27,55.900002,56.380001,55.630001,56.169998,56.169998,1096200,RHT
2014-10-28,56.369999,57.389999,56.240002,57.369999,57.369999,1155900,RHT
2014-10-29,57.310001,57.669998,56.650002,56.849998,56.849998,1112000,RHT
2014-10-30,56.750000,58.430000,56.730000,58.250000,58.250000,1835600,RHT
2014-10-31,59.090000,59.240002,58.740002,58.919998,58.919998,1522300,RHT
2014-11-03,58.930000,59.560001,58.660000,59.150002,59.150002,1763200,RHT
2014-11-04,58.849998,59.369999,58.730000,59.150002,59.150002,1683400,RHT
2014-11-05,59.520000,59.610001,58.990002,59.590000,59.590000,1282200,RHT
2014-11-06,59.680000,60.849998,59.580002,60.740002,60.740002,1714300,RHT
2014-11-07,60.840000,61.299999,60.520000,61.299999,61.299999,1756900,RHT
2014-11-10,61.310001,61.570000,61.000000,61.410000,61.410000,1531500,RHT
2014-11-11,61.560001,61.599998,60.799999,61.299999,61.299999,1548700,RHT
2014-11-12,61.139999,61.660000,61.070000,61.410000,61.410000,1221800,RHT
2014-11-13,61.430000,61.990002,60.770000,61.130001,61.130001,1562900,RHT
2014-11-14,61.080002,62.470001,61.049999,62.360001,62.360001,1918300,RHT
2014-11-17,62.139999,63.330002,61.939999,63.000000,63.000000,2740800,RHT
2014-11-18,63.029999,63.619999,63.000000,63.220001,63.220001,1595700,RHT
2014-11-19,63.090000,63.090000,62.040001,62.939999,62.939999,1391600,RHT
2014-11-20,62.389999,63.139999,62.060001,62.790001,62.790001,1065200,RHT
2014-11-21,63.540001,63.689999,61.849998,62.250000,62.250000,1804500,RHT
2014-11-24,62.270000,62.540001,61.990002,62.340000,62.340000,1014700,RHT
2014-11-25,62.340000,62.660000,61.889999,62.000000,62.000000,1132000,RHT
2014-11-26,62.099998,62.209999,61.759998,62.099998,62.099998,803600,RHT
2014-11-28,62.200001,62.770000,61.900002,62.150002,62.150002,723000,RHT
2014-12-01,62.000000,62.509998,61.480000,61.509998,61.509998,1285700,RHT
2014-12-02,61.770000,62.160000,61.139999,61.430000,61.430000,1438300,RHT
2014-12-03,61.369999,62.540001,61.369999,62.139999,62.139999,1220700,RHT
2014-12-04,62.119999,62.320000,61.580002,61.680000,61.680000,1789700,RHT
2014-12-05,61.720001,61.900002,61.330002,61.680000,61.680000,1178500,RHT
2014-12-08,61.070000,61.400002,59.959999,60.060001,60.060001,2145500,RHT
2014-12-09,59.259998,59.759998,58.750000,59.099998,59.099998,2859900,RHT
2014-12-10,59.090000,59.480000,58.599998,58.700001,58.700001,2167300,RHT
2014-12-11,58.840000,59.590000,58.279999,58.419998,58.419998,1749100,RHT
2014-12-12,58.250000,58.889999,57.869999,57.869999,57.869999,1812400,RHT
2014-12-15,58.310001,59.299999,58.189999,58.950001,58.950001,2608100,RHT
2014-12-16,58.330002,59.549999,58.000000,58.230000,58.230000,2617900,RHT
2014-12-17,58.549999,59.799999,58.099998,59.480000,59.480000,2012200,RHT
2014-12-18,60.689999,61.750000,60.340000,61.500000,61.500000,4581100,RHT
2014-12-19,67.379997,70.129997,67.000000,68.040001,68.040001,10488700,RHT
2014-12-22,68.150002,69.309998,68.110001,68.889999,68.889999,2454200,RHT
2014-12-23,69.459999,70.660004,69.260002,70.449997,70.449997,1899300,RHT
2014-12-24,70.470001,71.750000,70.459999,70.919998,70.919998,911600,RHT
2014-12-26,70.930000,71.769997,70.529999,71.089996,71.089996,898400,RHT
2014-12-29,70.940002,71.070000,69.849998,70.290001,70.290001,1356000,RHT
2014-12-30,70.110001,70.779999,69.349998,69.480003,69.480003,1196000,RHT
2014-12-31,69.529999,69.980003,69.059998,69.139999,69.139999,1175600,RHT
2015-01-02,69.440002,69.809998,68.330002,68.989998,68.989998,1131200,RHT
2015-01-05,68.650002,68.800003,67.779999,68.089996,68.089996,1409500,RHT
2015-01-06,68.540001,69.309998,66.669998,67.500000,67.500000,2678700,RHT
2015-01-07,67.989998,68.849998,67.650002,68.800003,68.800003,1840500,RHT
2015-01-08,69.160004,70.279999,68.669998,69.029999,69.029999,2634500,RHT
2015-01-09,69.180000,69.419998,68.519997,68.739998,68.739998,2013600,RHT
2015-01-12,69.019997,69.250000,67.440002,67.620003,67.620003,1479100,RHT
2015-01-13,68.000000,69.040001,66.849998,67.440002,67.440002,1460000,RHT
2015-01-14,65.440002,66.599998,64.889999,66.379997,66.379997,2052000,RHT
2015-01-15,66.790001,66.830002,64.300003,64.370003,64.370003,2133300,RHT
2015-01-16,64.279999,65.349998,64.279999,65.190002,65.190002,2075500,RHT
2015-01-20,65.419998,65.699997,64.480003,65.150002,65.150002,1399400,RHT
2015-01-21,64.739998,65.349998,64.199997,64.790001,64.790001,1242700,RHT
2015-01-22,64.930000,66.120003,64.010002,65.919998,65.919998,1095800,RHT
2015-01-23,66.000000,66.720001,65.820000,66.059998,66.059998,1262600,RHT
2015-01-26,66.050003,66.510002,65.349998,66.269997,66.269997,831100,RHT
2015-01-27,65.260002,65.910004,64.300003,65.080002,65.080002,1181900,RHT
2015-01-28,65.790001,65.800003,64.400002,64.660004,64.660004,1574100,RHT
2015-01-29,64.639999,65.790001,64.000000,65.750000,65.750000,1622900,RHT
2015-01-30,65.019997,65.669998,63.680000,63.790001,63.790001,1460800,RHT
2015-02-02,64.029999,64.290001,62.430000,64.239998,64.239998,1194600,RHT
2015-02-03,64.480003,65.000000,63.799999,64.989998,64.989998,1221700,RHT
2015-02-04,64.739998,65.339996,64.379997,64.790001,64.790001,1310900,RHT
2015-02-05,64.959999,65.480003,64.550003,65.309998,65.309998,795300,RHT
2015-02-06,65.379997,65.800003,64.760002,64.970001,64.970001,1195400,RHT
2015-02-09,64.610001,65.529999,64.540001,64.900002,64.900002,1435500,RHT
2015-02-10,65.379997,65.940002,65.160004,65.739998,65.739998,834100,RHT
2015-02-11,65.750000,67.639999,65.599998,67.349998,67.349998,1727400,RHT
2015-02-12,67.790001,68.510002,67.349998,67.900002,67.900002,1807200,RHT
2015-02-13,68.059998,68.639999,67.760002,68.470001,68.470001,897500,RHT
2015-02-17,68.349998,68.769997,67.860001,68.599998,68.599998,1231300,RHT
2015-02-18,68.620003,69.480003,68.160004,69.230003,69.230003,1205200,RHT
2015-02-19,69.190002,69.889999,68.900002,69.470001,69.470001,1059200,RHT
2015-02-20,69.300003,70.529999,69.099998,70.459999,70.459999,1168800,RHT
2015-02-23,70.269997,70.459999,68.419998,68.540001,68.540001,1128200,RHT
2015-02-24,68.389999,69.050003,67.889999,68.889999,68.889999,887000,RHT
2015-02-25,68.879997,70.050003,68.550003,69.760002,69.760002,1227700,RHT
2015-02-26,70.040001,70.550003,68.889999,69.400002,69.400002,1186900,RHT
2015-02-27,69.290001,69.779999,69.050003,69.120003,69.120003,792700,RHT
2015-03-02,69.000000,69.709999,68.510002,69.660004,69.660004,672500,RHT
2015-03-03,69.250000,69.370003,68.290001,68.500000,68.500000,787800,RHT
2015-03-04,68.139999,68.139999,66.959999,67.190002,67.190002,2078600,RHT
2015-03-05,67.449997,68.059998,67.199997,67.980003,67.980003,1080500,RHT
2015-03-06,67.779999,68.169998,66.400002,66.580002,66.580002,795400,RHT
2015-03-09,66.669998,67.139999,66.430000,66.830002,66.830002,676500,RHT
2015-03-10,66.059998,66.160004,65.129997,65.129997,65.129997,969200,RHT
2015-03-11,65.029999,65.720001,65.000000,65.120003,65.120003,713600,RHT
2015-03-12,65.129997,66.400002,65.010002,66.339996,66.339996,970000,RHT
2015-03-13,66.269997,66.639999,65.680000,66.150002,66.150002,575900,RHT
2015-03-16,66.260002,67.320000,66.080002,67.300003,67.300003,810400,RHT
2015-03-17,67.010002,67.459999,66.779999,67.089996,67.089996,819900,RHT
2015-03-18,66.849998,67.500000,65.720001,67.070000,67.070000,1233500,RHT
2015-03-19,67.230003,69.500000,66.959999,69.180000,69.180000,1905200,RHT
2015-03-20,69.650002,69.970001,69.269997,69.500000,69.500000,2113800,RHT
2015-03-23,69.790001,69.940002,69.029999,69.470001,69.470001,1189400,RHT
2015-03-24,69.669998,70.529999,69.389999,69.400002,69.400002,1649300,RHT
2015-03-25,69.370003,69.389999,66.809998,68.449997,68.449997,4159400,RHT
2015-03-26,72.699997,76.699997,72.279999,75.360001,75.360001,10824600,RHT
2015-03-27,75.000000,76.599998,74.610001,76.519997,76.519997,2783000,RHT
2015-03-30,77.000000,77.820000,76.309998,76.690002,76.690002,1840300,RHT
2015-03-31,76.129997,76.559998,75.750000,75.750000,75.750000,1873600,RHT
2015-04-01,75.540001,75.919998,74.669998,75.389999,75.389999,2057000,RHT
2015-04-02,75.199997,75.449997,74.650002,75.099998,75.099998,1066000,RHT
2015-04-06,74.809998,75.830002,74.330002,75.370003,75.370003,1113800,RHT
2015-04-07,75.550003,76.110001,75.230003,75.379997,75.379997,726800,RHT
2015-04-08,75.309998,75.809998,74.870003,75.040001,75.040001,1086400,RHT
2015-04-09,75.070000,75.559998,74.360001,75.480003,75.480003,1049900,RHT
2015-04-10,75.139999,75.919998,74.900002,75.750000,75.750000,873000,RHT
2015-04-13,75.480003,76.500000,74.970001,75.029999,75.029999,898800,RHT
2015-04-14,75.209999,75.440002,74.580002,74.919998,74.919998,1046500,RHT
2015-04-15,75.279999,76.220001,75.040001,75.900002,75.900002,1345300,RHT
2015-04-16,75.580002,75.690002,74.750000,74.809998,74.809998,1327100,RHT
2015-04-17,74.160004,74.279999,73.339996,73.930000,73.930000,1382900,RHT
2015-04-20,74.120003,74.519997,73.830002,74.459999,74.459999,723600,RHT
2015-04-21,74.800003,75.760002,74.570000,75.220001,75.220001,868900,RHT
2015-04-22,75.500000,76.070000,74.860001,75.760002,75.760002,859600,RHT
2015-04-23,75.260002,77.080002,75.059998,76.849998,76.849998,1065600,RHT
2015-04-24,76.980003,77.070000,76.480003,76.830002,76.830002,768400,RHT
2015-04-27,76.889999,77.550003,76.290001,76.570000,76.570000,1005500,RHT
2015-04-28,76.550003,76.989998,76.040001,76.559998,76.559998,870700,RHT
2015-04-29,76.199997,76.849998,75.260002,76.419998,76.419998,1017800,RHT
2015-04-30,75.830002,76.459999,74.919998,75.260002,75.260002,1849300,RHT
2015-05-01,75.220001,75.889999,74.870003,75.360001,75.360001,1232300,RHT
2015-05-04,75.330002,75.500000,74.540001,74.779999,74.779999,1315600,RHT
2015-05-05,74.459999,75.309998,74.230003,75.000000,75.000000,1529300,RHT
2015-05-06,75.230003,75.410004,74.309998,74.750000,74.750000,701700,RHT
2015-05-07,74.480003,75.150002,74.269997,74.760002,74.760002,722400,RHT
2015-05-08,75.300003,76.209999,75.080002,75.980003,75.980003,703600,RHT
2015-05-11,75.830002,76.940002,75.559998,76.379997,76.379997,1283500,RHT
2015-05-12,75.709999,76.500000,75.070000,76.139999,76.139999,944000,RHT
2015-05-13,76.190002,76.889999,75.800003,76.589996,76.589996,805100,RHT
2015-05-14,76.870003,78.260002,76.599998,78.010002,78.010002,1212600,RHT
2015-05-15,78.099998,78.400002,77.239998,77.769997,77.769997,1026700,RHT
2015-05-18,77.449997,78.690002,77.269997,78.489998,78.489998,883300,RHT
2015-05-19,78.400002,78.629997,77.809998,78.139999,78.139999,1189400,RHT
2015-05-20,78.139999,78.870003,78.010002,78.480003,78.480003,534400,RHT
2015-05-21,78.570000,78.930000,77.839996,78.830002,78.830002,816800,RHT
2015-05-22,78.760002,79.349998,78.440002,78.809998,78.809998,626800,RHT
2015-05-26,78.440002,78.750000,77.010002,77.279999,77.279999,1048800,RHT
2015-05-27,77.309998,78.620003,77.120003,78.480003,78.480003,919900,RHT
2015-05-28,78.320000,78.599998,77.699997,77.779999,77.779999,917200,RHT
2015-05-29,77.589996,78.099998,76.849998,77.269997,77.269997,1815500,RHT
2015-06-01,77.559998,77.669998,76.260002,76.739998,76.739998,1395200,RHT
2015-06-02,76.489998,78.000000,76.320000,77.510002,77.510002,1299000,RHT
2015-06-03,77.870003,78.230003,77.379997,77.830002,77.830002,549900,RHT
2015-06-04,77.169998,77.779999,76.769997,77.029999,77.029999,766800,RHT
2015-06-05,76.900002,78.199997,76.320000,77.900002,77.900002,1797000,RHT
2015-06-08,78.220001,79.139999,78.000000,78.239998,78.239998,1634600,RHT
2015-06-09,78.379997,78.470001,77.129997,77.370003,77.370003,1067800,RHT
2015-06-10,77.910004,78.500000,77.500000,78.410004,78.410004,1739700,RHT
2015-06-11,78.820000,78.970001,78.110001,78.550003,78.550003,897800,RHT
2015-06-12,78.279999,78.550003,77.739998,78.190002,78.190002,894600,RHT
2015-06-15,77.839996,78.970001,77.370003,78.650002,78.650002,1722400,RHT
2015-06-16,78.709999,79.199997,78.110001,78.510002,78.510002,1557800,RHT
2015-06-17,78.739998,79.330002,78.029999,78.260002,78.260002,1707100,RHT
2015-06-18,78.209999,78.769997,78.019997,78.489998,78.489998,3580200,RHT
2015-06-19,79.400002,81.489998,78.550003,79.300003,79.300003,4648300,RHT
2015-06-22,79.779999,80.389999,78.940002,79.470001,79.470001,1837200,RHT
2015-06-23,79.779999,79.779999,78.769997,79.620003,79.620003,1256200,RHT
2015-06-24,79.459999,79.910004,78.410004,78.519997,78.519997,1058600,RHT
2015-06-25,79.040001,79.680000,78.779999,79.120003,79.120003,1427400,RHT
2015-06-26,79.300003,79.300003,77.040001,77.480003,77.480003,1376800,RHT
2015-06-29,76.699997,76.720001,75.400002,75.449997,75.449997,1086700,RHT
2015-06-30,76.029999,76.459999,75.449997,75.930000,75.930000,1213600,RHT
2015-07-01,76.650002,77.570000,76.500000,77.519997,77.519997,1805400,RHT
2015-07-02,77.160004,77.750000,76.510002,76.879997,76.879997,1003500,RHT
2015-07-06,76.320000,77.220001,75.809998,76.620003,76.620003,1314300,RHT
2015-07-07,76.779999,76.900002,75.580002,76.860001,76.860001,1196500,RHT
2015-07-08,76.529999,76.989998,75.930000,75.989998,75.989998,867500,RHT
2015-07-09,77.040001,77.839996,76.980003,77.260002,77.260002,977300,RHT
2015-07-10,78.139999,78.820000,77.790001,78.540001,78.540001,1094700,RHT
2015-07-13,79.000000,79.720001,78.839996,79.559998,79.559998,967600,RHT
2015-07-14,79.760002,81.010002,79.680000,80.690002,80.690002,1118700,RHT
2015-07-15,80.690002,80.739998,80.010002,80.099998,80.099998,1068200,RHT
2015-07-16,80.620003,80.980003,80.250000,80.589996,80.589996,660800,RHT
2015-07-17,80.540001,80.589996,79.000000,79.059998,79.059998,1373000,RHT
2015-07-20,79.300003,79.620003,78.669998,79.190002,79.190002,1170500,RHT
2015-07-21,78.800003,79.709999,78.239998,78.290001,78.290001,1118500,RHT
2015-07-22,78.050003,79.500000,77.959999,79.410004,79.410004,920000,RHT
2015-07-23,79.709999,80.470001,79.269997,79.339996,79.339996,535700,RHT
2015-07-24,79.230003,79.870003,78.430000,78.959999,78.959999,683600,RHT
2015-07-27,78.410004,78.839996,77.010002,77.160004,77.160004,970700,RHT
2015-07-28,77.500000,78.820000,76.599998,78.730003,78.730003,1293100,RHT
2015-07-29,78.459999,79.360001,78.199997,79.269997,79.269997,802700,RHT
2015-07-30,79.040001,79.650002,78.070000,79.449997,79.449997,625500,RHT
2015-07-31,79.660004,79.900002,78.980003,79.080002,79.080002,1033000,RHT
2015-08-03,78.970001,79.110001,77.760002,78.290001,78.290001,1041000,RHT
2015-08-04,78.129997,79.430000,78.070000,79.040001,79.040001,643300,RHT
2015-08-05,79.690002,80.760002,79.690002,80.139999,80.139999,763400,RHT
2015-08-06,80.150002,80.769997,77.489998,77.639999,77.639999,982600,RHT
2015-08-07,77.550003,77.919998,76.830002,77.589996,77.589996,648500,RHT
2015-08-10,78.320000,79.519997,78.239998,79.160004,79.160004,752800,RHT
2015-08-11,78.260002,78.650002,76.680000,77.410004,77.410004,998200,RHT
2015-08-12,76.690002,77.290001,74.820000,77.050003,77.050003,1465700,RHT
2015-08-13,77.220001,77.650002,76.610001,76.970001,76.970001,937000,RHT
2015-08-14,76.860001,78.470001,76.760002,78.320000,78.320000,629100,RHT
2015-08-17,77.800003,79.000000,77.570000,78.779999,78.779999,519800,RHT
2015-08-18,78.900002,79.589996,78.529999,78.660004,78.660004,700700,RHT
2015-08-19,78.379997,78.449997,77.160004,77.510002,77.510002,759500,RHT
2015-08-20,76.989998,77.059998,75.129997,75.129997,75.129997,1356100,RHT
2015-08-21,74.559998,75.129997,72.330002,72.330002,72.330002,1444800,RHT
2015-08-24,67.010002,70.440002,67.010002,69.029999,69.029999,2421500,RHT
2015-08-25,71.269997,71.709999,68.900002,68.959999,68.959999,1876200,RHT
2015-08-26,70.839996,73.139999,69.769997,73.050003,73.050003,2209200,RHT
2015-08-27,73.830002,74.370003,72.820000,74.199997,74.199997,1934600,RHT
2015-08-28,73.769997,74.059998,72.989998,73.860001,73.860001,969100,RHT
2015-08-31,73.120003,73.470001,71.919998,72.209999,72.209999,1718300,RHT
2015-09-01,70.769997,71.690002,69.650002,70.040001,70.040001,2045400,RHT
2015-09-02,70.870003,71.040001,68.459999,70.269997,70.269997,2079800,RHT
2015-09-03,70.580002,70.830002,69.430000,69.680000,69.680000,1386900,RHT
2015-09-04,68.910004,69.529999,68.360001,68.660004,68.660004,1361500,RHT
2015-09-08,69.790001,71.120003,69.370003,71.019997,71.019997,1264700,RHT
2015-09-09,71.529999,71.930000,69.510002,69.660004,69.660004,766600,RHT
2015-09-10,69.470001,70.970001,69.230003,70.370003,70.370003,942000,RHT
2015-09-11,70.639999,70.639999,68.879997,70.529999,70.529999,1859700,RHT
2015-09-14,70.529999,70.580002,69.199997,69.790001,69.790001,1098400,RHT
2015-09-15,70.059998,72.000000,69.629997,71.760002,71.760002,1376100,RHT
2015-09-16,71.660004,71.839996,70.699997,70.989998,70.989998,1054500,RHT
2015-09-17,70.959999,72.309998,70.489998,71.379997,71.379997,1459700,RHT
2015-09-18,71.410004,71.779999,70.019997,71.059998,71.059998,2340300,RHT
2015-09-21,71.660004,73.160004,71.129997,72.720001,72.720001,2952500,RHT
2015-09-22,71.449997,73.199997,70.449997,72.720001,72.720001,3923900,RHT
2015-09-23,72.889999,73.720001,72.349998,73.250000,73.250000,1642400,RHT
2015-09-24,72.910004,73.300003,71.750000,73.160004,73.160004,1584500,RHT
2015-09-25,73.959999,74.500000,72.500000,72.919998,72.919998,1281700,RHT
2015-09-28,72.330002,72.839996,70.680000,70.750000,70.750000,1240700,RHT
2015-09-29,70.750000,71.349998,69.860001,70.489998,70.489998,1574400,RHT
2015-09-30,71.290001,72.209999,70.680000,71.879997,71.879997,1108300,RHT
2015-10-01,71.930000,73.309998,71.650002,73.190002,73.190002,1444800,RHT
2015-10-02,72.260002,73.669998,71.430000,73.620003,73.620003,1525000,RHT
2015-10-05,74.000000,74.449997,73.379997,74.120003,74.120003,1172000,RHT
2015-10-06,74.010002,74.059998,72.660004,72.790001,72.790001,1001900,RHT
2015-10-07,73.099998,74.279999,72.790001,74.169998,74.169998,1230300,RHT
2015-10-08,73.730003,75.160004,72.849998,75.139999,75.139999,1240400,RHT
2015-10-09,75.269997,76.599998,74.580002,76.480003,76.480003,1292800,RHT
2015-10-12,76.330002,76.629997,75.599998,75.980003,75.980003,860200,RHT
2015-10-13,75.589996,76.139999,74.510002,74.720001,74.720001,914500,RHT
2015-10-14,74.639999,75.510002,74.580002,75.120003,75.120003,1815300,RHT
2015-10-15,75.519997,77.809998,75.080002,77.699997,77.699997,1548800,RHT
2015-10-16,78.239998,78.279999,76.809998,77.620003,77.620003,1214600,RHT
2015-10-19,77.250000,78.959999,77.089996,78.900002,78.900002,1873100,RHT
2015-10-20,78.699997,78.800003,77.580002,78.260002,78.260002,1111900,RHT
2015-10-21,78.099998,78.370003,76.750000,76.809998,76.809998,1720200,RHT
2015-10-22,76.529999,78.120003,75.849998,76.970001,76.970001,2273500,RHT
2015-10-23,77.570000,77.570000,75.720001,77.389999,77.389999,1683800,RHT
2015-10-26,77.389999,78.379997,76.989998,77.779999,77.779999,1341100,RHT
2015-10-27,77.720001,78.199997,77.300003,77.870003,77.870003,885500,RHT
2015-10-28,77.879997,79.199997,77.339996,79.080002,79.080002,883100,RHT
2015-10-29,78.839996,79.449997,78.360001,78.849998,78.849998,1215700,RHT
2015-10-30,78.860001,79.790001,78.519997,79.110001,79.110001,1511300,RHT
2015-11-02,79.120003,80.459999,78.699997,80.139999,80.139999,850200,RHT
2015-11-03,80.809998,81.419998,79.809998,80.849998,80.849998,1559200,RHT
2015-11-04,81.000000,82.589996,80.989998,82.550003,82.550003,2069100,RHT
2015-11-05,82.690002,83.000000,81.360001,81.570000,81.570000,1886500,RHT
2015-11-06,81.400002,81.690002,80.510002,81.019997,81.019997,1613900,RHT
2015-11-09,81.010002,81.239998,79.709999,80.290001,80.290001,1086800,RHT
2015-11-10,80.000000,80.940002,79.680000,80.800003,80.800003,621500,RHT
2015-11-11,81.540001,81.839996,80.559998,81.459999,81.459999,933400,RHT
2015-11-12,80.639999,81.400002,79.790001,79.809998,79.809998,1159800,RHT
2015-11-13,79.650002,79.989998,77.449997,77.830002,77.830002,1380400,RHT
2015-11-16,78.040001,79.430000,77.470001,79.089996,79.089996,2651200,RHT
2015-11-17,79.410004,80.769997,79.250000,80.279999,80.279999,1605800,RHT
2015-11-18,80.500000,80.720001,79.419998,80.529999,80.529999,1236400,RHT
2015-11-19,80.900002,81.919998,80.550003,81.320000,81.320000,1042700,RHT
2015-11-20,81.930000,82.370003,81.120003,82.209999,82.209999,1220300,RHT
2015-11-23,82.190002,82.910004,82.010002,82.750000,82.750000,864600,RHT
2015-11-24,82.050003,82.730003,81.379997,82.050003,82.050003,1490900,RHT
2015-11-25,82.150002,82.949997,82.129997,82.519997,82.519997,711900,RHT
2015-11-27,82.379997,82.709999,82.099998,82.500000,82.500000,571800,RHT
2015-11-30,82.669998,82.720001,81.180000,81.410004,81.410004,1462700,RHT
2015-12-01,81.599998,82.300003,81.279999,82.220001,82.220001,2051700,RHT
2015-12-02,82.339996,82.660004,81.330002,81.610001,81.610001,1449100,RHT
2015-12-03,81.879997,81.930000,79.809998,80.330002,80.330002,1440400,RHT
2015-12-04,80.669998,82.110001,80.480003,81.889999,81.889999,1077700,RHT
2015-12-07,81.510002,81.699997,80.169998,80.519997,80.519997,896700,RHT
2015-12-08,80.019997,81.500000,79.489998,81.000000,81.000000,1107300,RHT
2015-12-09,80.639999,81.199997,78.830002,79.050003,79.050003,1505100,RHT
2015-12-10,79.160004,80.050003,78.930000,79.629997,79.629997,1645200,RHT
2015-12-11,78.620003,79.669998,78.199997,78.580002,78.580002,1823400,RHT
2015-12-14,78.500000,79.139999,76.889999,77.489998,77.489998,2600500,RHT
2015-12-15,77.830002,78.559998,77.669998,78.059998,78.059998,2501400,RHT
2015-12-16,78.970001,79.089996,77.900002,78.769997,78.769997,1904400,RHT
2015-12-17,78.809998,79.339996,77.660004,78.860001,78.860001,3103100,RHT
2015-12-18,83.010002,83.989998,80.449997,81.400002,81.400002,7792100,RHT
2015-12-21,82.230003,82.459999,79.150002,80.440002,80.440002,2351200,RHT
2015-12-22,80.610001,81.040001,80.120003,80.889999,80.889999,1259100,RHT
2015-12-23,81.260002,82.410004,80.930000,82.199997,82.199997,930000,RHT
2015-12-24,82.010002,82.230003,81.629997,81.739998,81.739998,343700,RHT
2015-12-28,81.500000,82.360001,81.029999,82.339996,82.339996,1239300,RHT
2015-12-29,82.720001,83.879997,82.660004,83.529999,83.529999,1267500,RHT
2015-12-30,83.559998,84.440002,83.389999,83.650002,83.650002,1236900,RHT
2015-12-31,83.449997,83.800003,82.800003,82.809998,82.809998,941300,RHT
2016-01-04,81.680000,81.709999,80.639999,81.709999,81.709999,1854300,RHT
2016-01-05,81.620003,82.529999,81.430000,81.910004,81.910004,1401400,RHT
2016-01-06,80.949997,81.739998,79.910004,80.589996,80.589996,1455100,RHT
2016-01-07,79.370003,81.309998,79.010002,79.489998,79.489998,2272400,RHT
2016-01-08,80.050003,80.889999,78.970001,79.150002,79.150002,1856300,RHT
2016-01-11,79.800003,80.000000,77.489998,78.279999,78.279999,1604400,RHT
2016-01-12,78.910004,79.199997,77.599998,78.680000,78.680000,1423000,RHT
2016-01-13,79.199997,79.550003,76.050003,76.599998,76.599998,1967700,RHT
2016-01-14,76.709999,76.959999,74.480003,76.529999,76.529999,2728800,RHT
2016-01-15,74.360001,75.230003,72.739998,73.570000,73.570000,2291100,RHT
2016-01-19,73.930000,74.500000,70.889999,71.599998,71.599998,2646500,RHT
2016-01-20,70.510002,71.279999,68.220001,70.489998,70.489998,2781300,RHT
2016-01-21,70.389999,71.150002,69.779999,70.309998,70.309998,1367500,RHT
2016-01-22,71.330002,72.820000,71.290001,72.459999,72.459999,1539200,RHT
2016-01-25,72.269997,72.760002,71.529999,71.739998,71.739998,1759700,RHT
2016-01-26,70.750000,71.629997,69.940002,70.959999,70.959999,2357000,RHT
2016-01-27,70.389999,71.019997,67.529999,67.989998,67.989998,2816100,RHT
2016-01-28,68.339996,69.040001,66.449997,67.389999,67.389999,2283700,RHT
2016-01-29,68.419998,70.080002,68.190002,70.050003,70.050003,2155600,RHT
2016-02-01,69.379997,70.889999,68.559998,70.440002,70.440002,1305400,RHT
2016-02-02,69.860001,69.860001,67.580002,67.830002,67.830002,1714200,RHT
2016-02-03,68.449997,68.870003,66.209999,67.699997,67.699997,1792100,RHT
2016-02-04,68.059998,69.800003,67.989998,68.620003,68.620003,1565400,RHT
2016-02-05,67.550003,67.580002,62.910000,63.139999,63.139999,3254200,RHT
2016-02-08,61.970001,62.500000,59.590000,60.930000,60.930000,3331000,RHT
2016-02-09,60.419998,62.869999,60.029999,61.599998,61.599998,2063200,RHT
2016-02-10,62.360001,65.599998,62.320000,63.540001,63.540001,2472900,RHT
2016-02-11,62.400002,63.240002,60.980000,61.970001,61.970001,2572200,RHT
2016-02-12,62.849998,64.680000,62.849998,64.110001,64.110001,1795100,RHT
2016-02-16,65.209999,65.209999,63.009998,63.840000,63.840000,1505200,RHT
2016-02-17,64.589996,67.320000,64.589996,66.339996,66.339996,2162200,RHT
2016-02-18,67.300003,67.709999,65.269997,65.349998,65.349998,1862400,RHT
2016-02-19,65.080002,66.150002,64.320000,65.900002,65.900002,1764800,RHT
2016-02-22,66.529999,67.000000,65.449997,66.110001,66.110001,1382000,RHT
2016-02-23,66.029999,66.139999,64.379997,65.300003,65.300003,1290700,RHT
2016-02-24,64.779999,65.540001,63.660000,65.360001,65.360001,1501900,RHT
2016-02-25,66.080002,67.720001,65.830002,67.680000,67.680000,1975600,RHT
2016-02-26,68.180000,68.860001,67.570000,67.980003,67.980003,2215800,RHT
2016-02-29,67.639999,67.750000,65.349998,65.349998,65.349998,1964300,RHT
2016-03-01,66.250000,68.400002,65.430000,68.389999,68.389999,1828600,RHT
2016-03-02,68.019997,68.300003,67.349998,68.279999,68.279999,753800,RHT
2016-03-03,68.199997,68.699997,67.330002,68.669998,68.669998,882500,RHT
2016-03-04,68.870003,69.199997,67.410004,67.580002,67.580002,1520200,RHT
2016-03-07,66.910004,66.980003,65.680000,66.930000,66.930000,1703400,RHT
2016-03-08,66.669998,68.860001,66.440002,68.279999,68.279999,2346200,RHT
2016-03-09,68.809998,69.900002,68.629997,69.900002,69.900002,1905800,RHT
2016-03-10,69.940002,70.830002,68.889999,70.059998,70.059998,2125600,RHT
2016-03-11,70.870003,72.129997,70.529999,71.800003,71.800003,1596000,RHT
2016-03-14,71.459999,72.360001,71.440002,72.120003,72.120003,1060700,RHT
2016-03-15,71.589996,71.959999,71.169998,71.550003,71.550003,758700,RHT
2016-03-16,71.580002,73.120003,71.480003,72.860001,72.860001,1277100,RHT
2016-03-17,72.519997,73.089996,71.839996,72.739998,72.739998,1061900,RHT
2016-03-18,73.040001,74.610001,72.680000,74.089996,74.089996,1893000,RHT
2016-03-21,74.550003,75.019997,74.230003,74.900002,74.900002,1928000,RHT
2016-03-22,74.730003,76.190002,74.449997,75.709999,75.709999,3354500,RHT
2016-03-23,74.089996,74.760002,71.680000,72.540001,72.540001,3606300,RHT
2016-03-24,72.629997,73.309998,71.709999,73.239998,73.239998,1950000,RHT
2016-03-28,73.589996,73.910004,72.449997,73.489998,73.489998,1442300,RHT
2016-03-29,73.160004,73.739998,72.379997,73.489998,73.489998,1368700,RHT
2016-03-30,73.860001,74.680000,73.529999,74.040001,74.040001,1133100,RHT
2016-03-31,74.110001,74.669998,73.809998,74.510002,74.510002,1115000,RHT
2016-04-01,73.989998,75.589996,73.699997,75.519997,75.519997,1675800,RHT
2016-04-04,75.540001,76.199997,75.070000,75.279999,75.279999,1740000,RHT
2016-04-05,74.540001,75.029999,73.769997,74.059998,74.059998,1450800,RHT
2016-04-06,74.010002,74.910004,73.699997,74.750000,74.750000,904900,RHT
2016-04-07,74.360001,74.849998,73.379997,73.620003,73.620003,1416000,RHT
2016-04-08,74.120003,74.699997,73.570000,73.800003,73.800003,733300,RHT
2016-04-11,73.959999,74.910004,72.820000,72.839996,72.839996,926100,RHT
2016-04-12,72.940002,73.000000,71.599998,72.610001,72.610001,1067300,RHT
2016-04-13,72.970001,74.150002,72.699997,74.050003,74.050003,1059500,RHT
2016-04-14,75.050003,75.739998,73.720001,74.449997,74.449997,1248400,RHT
2016-04-15,74.360001,74.750000,73.480003,74.660004,74.660004,1274200,RHT
2016-04-18,74.180000,75.690002,74.059998,75.449997,75.449997,1066200,RHT
2016-04-19,75.250000,75.250000,73.820000,75.040001,75.040001,1444600,RHT
2016-04-20,75.209999,76.389999,74.769997,76.059998,76.059998,1666600,RHT
2016-04-21,76.000000,76.489998,75.169998,76.129997,76.129997,1360200,RHT
2016-04-22,75.570000,75.739998,74.260002,74.849998,74.849998,1590200,RHT
2016-04-25,74.639999,74.989998,74.180000,74.470001,74.470001,778800,RHT
2016-04-26,74.629997,74.669998,73.739998,74.489998,74.489998,891700,RHT
2016-04-27,74.029999,74.940002,73.669998,74.410004,74.410004,1164100,RHT
2016-04-28,74.199997,74.889999,73.430000,73.639999,73.639999,1108100,RHT
2016-04-29,73.180000,73.720001,72.339996,73.370003,73.370003,989000,RHT
2016-05-02,73.449997,74.550003,73.209999,74.320000,74.320000,1074600,RHT
2016-05-03,73.860001,74.389999,72.250000,72.349998,72.349998,997900,RHT
2016-05-04,71.949997,72.150002,71.019997,71.449997,71.449997,1765000,RHT
2016-05-05,71.800003,72.150002,71.160004,71.570000,71.570000,1204200,RHT
2016-05-06,71.070000,71.870003,70.070000,71.730003,71.730003,1420700,RHT
2016-05-09,71.730003,72.779999,71.629997,71.739998,71.739998,651900,RHT
2016-05-10,71.860001,73.129997,71.559998,73.089996,73.089996,533200,RHT
2016-05-11,72.889999,73.779999,72.120003,72.150002,72.150002,731400,RHT
2016-05-12,72.669998,72.750000,71.500000,71.930000,71.930000,987700,RHT
2016-05-13,72.000000,72.360001,71.589996,72.059998,72.059998,1221600,RHT
2016-05-16,72.059998,73.510002,71.849998,72.919998,72.919998,929700,RHT
2016-05-17,72.860001,73.709999,72.339996,72.440002,72.440002,1068600,RHT
2016-05-18,72.449997,73.480003,72.139999,73.000000,73.000000,783600,RHT
2016-05-19,72.800003,73.290001,72.010002,72.440002,72.440002,790900,RHT
2016-05-20,72.769997,73.449997,72.699997,73.169998,73.169998,810500,RHT
2016-05-23,74.199997,75.000000,74.050003,74.800003,74.800003,1320200,RHT
2016-05-24,75.000000,76.480003,74.930000,76.410004,76.410004,1298300,RHT
2016-05-25,76.559998,76.949997,76.099998,76.699997,76.699997,1149100,RHT
2016-05-26,76.620003,76.989998,75.959999,76.220001,76.220001,669400,RHT
2016-05-27,76.059998,76.559998,75.750000,76.519997,76.519997,525600,RHT
2016-05-31,76.599998,77.559998,76.169998,77.459999,77.459999,1360100,RHT
2016-06-01,77.339996,77.589996,76.709999,77.410004,77.410004,1838500,RHT
2016-06-02,77.360001,78.239998,77.279999,78.230003,78.230003,901400,RHT
2016-06-03,77.940002,78.320000,77.000000,78.199997,78.199997,971100,RHT
2016-06-06,78.209999,78.449997,77.720001,78.129997,78.129997,971400,RHT
2016-06-07,78.180000,78.910004,77.760002,78.870003,78.870003,929700,RHT
2016-06-08,78.959999,79.419998,78.790001,79.059998,79.059998,811100,RHT
2016-06-09,78.639999,78.930000,78.029999,78.230003,78.230003,1367900,RHT
2016-06-10,77.570000,77.790001,76.680000,76.919998,76.919998,1108900,RHT
2016-06-13,76.540001,77.730003,76.330002,76.900002,76.900002,1163200,RHT
2016-06-14,76.599998,77.370003,76.410004,77.169998,77.169998,1004700,RHT
2016-06-15,77.250000,77.669998,76.910004,76.989998,76.989998,909000,RHT
2016-06-16,76.349998,77.129997,75.470001,76.970001,76.970001,1448200,RHT
2016-06-17,77.000000,77.419998,76.279999,77.300003,77.300003,1978200,RHT
2016-06-20,78.050003,79.459999,77.989998,78.879997,78.879997,1892700,RHT
2016-06-21,79.559998,81.000000,79.559998,80.389999,80.389999,2008500,RHT
2016-06-22,80.570000,81.809998,79.699997,79.750000,79.750000,2720500,RHT
2016-06-23,75.349998,78.550003,74.760002,78.389999,78.389999,6055000,RHT
2016-06-24,75.440002,76.879997,73.550003,73.620003,73.620003,2961800,RHT
2016-06-27,72.760002,72.930000,70.089996,70.139999,70.139999,3080400,RHT
2016-06-28,71.339996,72.139999,70.820000,71.480003,71.480003,2110800,RHT
2016-06-29,71.709999,73.160004,71.589996,72.930000,72.930000,2071800,RHT
2016-06-30,73.120003,73.279999,72.320000,72.599998,72.599998,1851000,RHT
2016-07-01,72.550003,73.199997,71.650002,71.989998,71.989998,1894500,RHT
2016-07-05,71.570000,71.870003,71.059998,71.290001,71.290001,1577700,RHT
2016-07-06,71.040001,72.370003,70.730003,72.180000,72.180000,1617600,RHT
2016-07-07,71.190002,71.830002,71.040001,71.419998,71.419998,1295900,RHT
2016-07-08,72.050003,72.919998,71.910004,72.690002,72.690002,1402500,RHT
2016-07-11,73.080002,73.709999,72.620003,72.639999,72.639999,1279000,RHT
2016-07-12,73.080002,74.339996,73.000000,73.910004,73.910004,1974300,RHT
2016-07-13,74.000000,74.379997,73.320000,73.660004,73.660004,2053600,RHT
2016-07-14,74.379997,74.449997,73.459999,73.489998,73.489998,1471000,RHT
2016-07-15,73.730003,73.970001,72.699997,72.830002,72.830002,1271700,RHT
2016-07-18,72.709999,73.190002,72.580002,72.800003,72.800003,1200100,RHT
2016-07-19,72.830002,73.250000,72.150002,72.360001,72.360001,1151500,RHT
2016-07-20,72.730003,73.930000,72.489998,73.519997,73.519997,978500,RHT
2016-07-21,73.379997,73.610001,71.940002,72.300003,72.300003,1510000,RHT
2016-07-22,72.220001,73.709999,72.220001,73.470001,73.470001,1416800,RHT
2016-07-25,73.459999,73.989998,73.099998,73.540001,73.540001,1506200,RHT
2016-07-26,73.410004,75.150002,73.410004,75.050003,75.050003,1732300,RHT
2016-07-27,75.269997,75.339996,73.510002,73.639999,73.639999,1193000,RHT
2016-07-28,73.959999,74.500000,73.680000,74.430000,74.430000,825500,RHT
2016-07-29,74.379997,75.389999,74.139999,75.290001,75.290001,1472100,RHT
2016-08-01,75.199997,75.500000,74.500000,74.820000,74.820000,1611800,RHT
2016-08-02,74.430000,74.550003,72.349998,72.889999,72.889999,1731600,RHT
2016-08-03,72.769997,74.589996,72.610001,74.580002,74.580002,1415000,RHT
2016-08-04,74.580002,75.089996,74.129997,74.599998,74.599998,1024400,RHT
2016-08-05,74.930000,75.839996,74.769997,75.830002,75.830002,842900,RHT
2016-08-08,75.720001,76.089996,75.010002,75.250000,75.250000,772400,RHT
2016-08-09,75.199997,75.550003,75.019997,75.169998,75.169998,738200,RHT
2016-08-10,75.339996,75.339996,74.139999,74.349998,74.349998,1193500,RHT
2016-08-11,74.419998,74.970001,74.160004,74.419998,74.419998,1877700,RHT
2016-08-12,74.290001,74.290001,73.480003,74.000000,74.000000,974700,RHT
2016-08-15,74.160004,74.160004,73.160004,73.970001,73.970001,1451900,RHT
2016-08-16,73.889999,74.000000,73.209999,73.589996,73.589996,830600,RHT
2016-08-17,73.540001,73.680000,72.889999,73.169998,73.169998,1052100,RHT
2016-08-18,73.040001,73.930000,72.879997,73.709999,73.709999,972700,RHT
2016-08-19,73.510002,74.370003,73.199997,74.230003,74.230003,769000,RHT
2016-08-22,74.010002,74.400002,73.870003,74.070000,74.070000,945200,RHT
2016-08-23,74.449997,75.089996,74.309998,74.889999,74.889999,691700,RHT
2016-08-24,74.709999,75.040001,74.010002,74.720001,74.720001,1179400,RHT
2016-08-25,74.669998,74.900002,74.029999,74.879997,74.879997,1099500,RHT
2016-08-26,74.529999,75.250000,73.839996,74.370003,74.370003,1614500,RHT
2016-08-29,74.379997,74.440002,73.650002,73.669998,73.669998,1483900,RHT
2016-08-30,73.699997,73.949997,72.690002,72.940002,72.940002,1709700,RHT
2016-08-31,72.839996,73.260002,72.419998,72.980003,72.980003,1665100,RHT
2016-09-01,72.500000,72.970001,72.260002,72.940002,72.940002,2709800,RHT
2016-09-02,73.300003,74.059998,73.269997,73.750000,73.750000,1095300,RHT
2016-09-06,73.860001,74.169998,73.190002,73.370003,73.370003,1274400,RHT
2016-09-07,73.230003,73.580002,72.949997,73.190002,73.190002,1348700,RHT
2016-09-08,73.059998,73.370003,72.529999,72.599998,72.599998,1818900,RHT
2016-09-09,72.019997,73.580002,72.000000,72.239998,72.239998,2114600,RHT
2016-09-12,71.800003,73.059998,71.519997,72.949997,72.949997,1123100,RHT
2016-09-13,72.410004,73.160004,72.139999,72.419998,72.419998,1468300,RHT
2016-09-14,72.580002,73.910004,72.430000,73.699997,73.699997,1886900,RHT
2016-09-15,73.550003,74.220001,73.050003,73.669998,73.669998,2325900,RHT
2016-09-16,73.190002,73.989998,73.190002,73.800003,73.800003,1742700,RHT
2016-09-19,74.160004,76.379997,74.150002,75.940002,75.940002,2525300,RHT
2016-09-20,76.449997,76.820000,75.660004,75.779999,75.779999,1431000,RHT
2016-09-21,76.250000,77.330002,76.019997,77.040001,77.040001,3022000,RHT
2016-09-22,82.050003,82.730003,79.489998,80.019997,80.019997,7806200,RHT
2016-09-23,80.129997,80.550003,78.970001,79.129997,79.129997,2643400,RHT
2016-09-26,78.860001,80.000000,78.650002,78.739998,78.739998,2197400,RHT
2016-09-27,78.489998,79.150002,78.230003,79.110001,79.110001,1859000,RHT
2016-09-28,79.260002,80.610001,79.139999,80.559998,80.559998,2186300,RHT
2016-09-29,80.080002,80.970001,79.919998,80.160004,80.160004,1859100,RHT
2016-09-30,80.220001,81.180000,80.029999,80.830002,80.830002,1678200,RHT
2016-10-03,80.500000,80.900002,79.830002,80.199997,80.199997,1415200,RHT
2016-10-04,80.180000,80.309998,79.430000,79.650002,79.650002,1248500,RHT
2016-10-05,79.650002,79.949997,79.099998,79.430000,79.430000,1307900,RHT
2016-10-06,79.559998,79.620003,78.480003,78.589996,78.589996,1441200,RHT
2016-10-07,78.419998,78.720001,77.629997,77.800003,77.800003,1636600,RHT
2016-10-10,78.379997,78.870003,77.949997,77.989998,77.989998,1220900,RHT
2016-10-11,77.910004,77.959999,76.470001,76.750000,76.750000,992000,RHT
2016-10-12,76.470001,77.599998,76.449997,77.180000,77.180000,1433800,RHT
2016-10-13,76.459999,77.080002,75.730003,76.830002,76.830002,870500,RHT
2016-10-14,77.260002,77.930000,76.779999,77.199997,77.199997,1184200,RHT
2016-10-17,77.239998,77.529999,76.150002,76.190002,76.190002,793700,RHT
2016-10-18,77.099998,77.519997,76.809998,77.500000,77.500000,1192800,RHT
2016-10-19,77.449997,78.330002,77.320000,78.269997,78.269997,1493600,RHT
2016-10-20,78.010002,78.010002,77.059998,77.580002,77.580002,1095800,RHT
2016-10-21,77.269997,77.419998,76.620003,76.959999,76.959999,1205700,RHT
2016-10-24,77.440002,78.639999,77.419998,78.209999,78.209999,1046900,RHT
2016-10-25,78.209999,78.300003,77.239998,77.349998,77.349998,632000,RHT
2016-10-26,76.980003,77.790001,76.980003,77.029999,77.029999,635100,RHT
2016-10-27,77.639999,78.190002,76.699997,76.910004,76.910004,943800,RHT
2016-10-28,77.050003,77.940002,76.870003,77.110001,77.110001,667600,RHT
2016-10-31,77.330002,77.830002,76.800003,77.449997,77.449997,1070200,RHT
2016-11-01,77.449997,77.540001,76.169998,76.660004,76.660004,738300,RHT
2016-11-02,76.529999,76.680000,74.730003,74.769997,74.769997,1629200,RHT
2016-11-03,75.000000,75.489998,74.440002,74.739998,74.739998,1520200,RHT
2016-11-04,74.889999,75.290001,74.440002,74.449997,74.449997,978700,RHT
2016-11-07,75.599998,76.730003,75.559998,76.669998,76.669998,1171200,RHT
2016-11-08,76.570000,77.410004,76.080002,76.669998,76.669998,701400,RHT
2016-11-09,75.199997,76.970001,74.900002,76.790001,76.790001,866000,RHT
2016-11-10,77.040001,78.199997,75.830002,76.930000,76.930000,1146900,RHT
2016-11-11,76.790001,77.180000,76.169998,77.050003,77.050003,679100,RHT
2016-11-14,77.379997,77.500000,75.250000,75.500000,75.500000,1233500,RHT
2016-11-15,75.809998,77.440002,75.809998,76.809998,76.809998,1168000,RHT
2016-11-16,76.699997,78.879997,76.410004,78.639999,78.639999,1359100,RHT
2016-11-17,78.540001,79.959999,77.839996,79.820000,79.820000,1269500,RHT
2016-11-18,79.959999,79.959999,78.769997,79.029999,79.029999,957000,RHT
2016-11-21,79.519997,80.000000,79.160004,79.650002,79.650002,775100,RHT
2016-11-22,79.639999,79.650002,78.190002,79.129997,79.129997,1079700,RHT
2016-11-23,78.860001,79.029999,78.410004,78.750000,78.750000,817200,RHT
2016-11-25,79.010002,79.010002,78.400002,78.809998,78.809998,256400,RHT
2016-11-28,78.800003,78.930000,78.139999,78.379997,78.379997,1470000,RHT
2016-11-29,78.250000,80.489998,78.250000,80.000000,80.000000,1647300,RHT
2016-11-30,80.139999,80.139999,78.779999,79.110001,79.110001,2002400,RHT
2016-12-01,79.169998,79.489998,75.010002,75.190002,75.190002,1551800,RHT
2016-12-02,74.000000,76.290001,73.349998,76.080002,76.080002,2033200,RHT
2016-12-05,76.690002,78.300003,76.669998,77.720001,77.720001,1257200,RHT
2016-12-06,77.720001,78.010002,76.660004,77.930000,77.930000,766300,RHT
2016-12-07,77.879997,79.139999,77.099998,78.919998,78.919998,1059200,RHT
2016-12-08,78.750000,79.139999,78.099998,78.879997,78.879997,992200,RHT
2016-12-09,79.029999,79.739998,78.160004,78.650002,78.650002,838300,RHT
2016-12-12,78.199997,78.800003,77.760002,78.410004,78.410004,1658500,RHT
2016-12-13,78.949997,81.129997,78.500000,80.550003,80.550003,1679000,RHT
2016-12-14,80.580002,80.790001,78.849998,79.080002,79.080002,1923300,RHT
2016-12-15,78.959999,81.139999,78.720001,80.410004,80.410004,1080000,RHT
2016-12-16,80.650002,80.699997,79.519997,79.949997,79.949997,1788100,RHT
2016-12-19,79.919998,80.620003,79.300003,80.470001,80.470001,1295600,RHT
2016-12-20,80.529999,81.080002,79.209999,79.389999,79.389999,1530800,RHT
2016-12-21,79.440002,79.989998,78.389999,79.790001,79.790001,2997600,RHT
2016-12-22,70.300003,70.949997,68.540001,68.709999,68.709999,14674000,RHT
2016-12-23,69.180000,71.180000,69.070000,71.010002,71.010002,5646000,RHT
2016-12-27,71.059998,71.449997,69.949997,70.190002,70.190002,2707900,RHT
2016-12-28,70.269997,70.559998,69.629997,70.019997,70.019997,2290000,RHT
2016-12-29,69.769997,70.480003,69.599998,69.650002,69.650002,1773200,RHT
2016-12-30,69.800003,70.190002,68.949997,69.699997,69.699997,1621100,RHT
2017-01-03,70.120003,71.059998,69.389999,70.120003,70.120003,2187500,RHT
2017-01-04,71.519997,73.769997,71.110001,73.099998,73.099998,5529000,RHT
2017-01-05,72.739998,73.370003,72.349998,73.099998,73.099998,2259200,RHT
2017-01-06,73.309998,73.889999,72.919998,73.800003,73.800003,1687300,RHT
2017-01-09,73.519997,73.760002,71.959999,72.139999,72.139999,3246500,RHT
2017-01-10,72.260002,72.370003,71.199997,71.660004,71.660004,2439300,RHT
2017-01-11,72.239998,72.970001,71.989998,72.330002,72.330002,1710000,RHT
2017-01-12,72.760002,73.139999,71.500000,73.029999,73.029999,1779300,RHT
2017-01-13,72.860001,73.699997,72.839996,73.360001,73.360001,1285700,RHT
2017-01-17,73.300003,73.389999,72.599998,72.769997,72.769997,792900,RHT
2017-01-18,72.830002,73.620003,72.779999,73.599998,73.599998,1212400,RHT
2017-01-19,73.639999,74.489998,73.639999,73.919998,73.919998,2025200,RHT
2017-01-20,74.150002,74.599998,73.459999,74.199997,74.199997,1839500,RHT
2017-01-23,74.199997,74.339996,73.750000,74.059998,74.059998,1097200,RHT
2017-01-24,73.849998,75.790001,73.820000,75.430000,75.430000,1437700,RHT
2017-01-25,76.000000,77.099998,75.900002,76.430000,76.430000,2016000,RHT
2017-01-26,77.099998,77.180000,74.889999,75.250000,75.250000,1859500,RHT
2017-01-27,75.660004,75.849998,75.120003,75.699997,75.699997,1409700,RHT
2017-01-30,75.199997,75.680000,73.760002,75.510002,75.510002,1813500,RHT
2017-01-31,75.419998,76.089996,74.860001,75.879997,75.879997,1269100,RHT
2017-02-01,76.120003,76.250000,74.660004,76.070000,76.070000,2383800,RHT
2017-02-02,75.669998,77.959999,75.230003,77.709999,77.709999,2069500,RHT
2017-02-03,77.839996,78.489998,77.470001,78.129997,78.129997,1327300,RHT
2017-02-06,77.959999,78.290001,77.400002,78.220001,78.220001,1326000,RHT
2017-02-07,78.459999,78.980003,78.279999,78.860001,78.860001,1154400,RHT
2017-02-08,78.739998,79.180000,78.480003,78.660004,78.660004,1590800,RHT
2017-02-09,78.660004,79.559998,78.620003,79.309998,79.309998,2041200,RHT
2017-02-10,79.620003,80.360001,78.839996,79.250000,79.250000,1990400,RHT
2017-02-13,79.820000,79.930000,78.660004,79.769997,79.769997,1738800,RHT
2017-02-14,79.830002,80.230003,79.360001,80.089996,80.089996,1314200,RHT
2017-02-15,79.930000,81.360001,79.589996,81.050003,81.050003,1845900,RHT
2017-02-16,81.190002,81.550003,80.809998,81.529999,81.529999,1476700,RHT
2017-02-17,81.389999,82.639999,81.209999,82.599998,82.599998,1816900,RHT
2017-02-21,82.500000,84.150002,82.470001,83.750000,83.750000,2124300,RHT
2017-02-22,83.349998,84.769997,83.250000,84.709999,84.709999,1713400,RHT
2017-02-23,84.849998,85.000000,84.239998,84.599998,84.599998,1285300,RHT
2017-02-24,83.690002,84.860001,83.440002,84.860001,84.860001,1571100,RHT
2017-02-27,84.620003,85.010002,83.610001,83.779999,83.779999,2288200,RHT
2017-02-28,83.059998,83.629997,82.169998,82.809998,82.809998,2005800,RHT
2017-03-01,83.470001,84.180000,82.510002,83.239998,83.239998,2871900,RHT
2017-03-02,82.980003,82.989998,82.180000,82.430000,82.430000,1416500,RHT
2017-03-03,82.220001,82.459999,81.550003,82.050003,82.050003,1682200,RHT
2017-03-06,81.860001,82.480003,81.610001,82.029999,82.029999,1873000,RHT
2017-03-07,82.110001,82.830002,81.800003,81.970001,81.970001,1110800,RHT
2017-03-08,82.220001,82.599998,81.870003,82.050003,82.050003,1809000,RHT
2017-03-09,82.000000,82.000000,80.930000,81.559998,81.559998,1268800,RHT
2017-03-10,82.309998,82.870003,81.419998,82.209999,82.209999,1456100,RHT
2017-03-13,82.470001,83.230003,82.349998,82.879997,82.879997,1567600,RHT
2017-03-14,82.620003,82.739998,81.650002,82.580002,82.580002,923200,RHT
2017-03-15,82.690002,83.510002,82.510002,83.269997,83.269997,917700,RHT
2017-03-16,83.669998,84.589996,83.550003,84.099998,84.099998,1705200,RHT
2017-03-17,84.440002,84.629997,83.610001,83.650002,83.650002,1275500,RHT
2017-03-20,83.750000,84.769997,83.639999,84.510002,84.510002,1250300,RHT
2017-03-21,83.959999,84.720001,81.230003,81.309998,81.309998,2677900,RHT
2017-03-22,81.580002,82.699997,81.059998,82.550003,82.550003,2024200,RHT
2017-03-23,82.510002,83.330002,82.190002,82.760002,82.760002,1472500,RHT
2017-03-24,83.010002,83.570000,82.620003,82.959999,82.959999,2286700,RHT
2017-03-27,82.900002,83.099998,81.919998,82.199997,82.199997,6108200,RHT
2017-03-28,86.470001,87.910004,85.800003,86.480003,86.480003,8557500,RHT
2017-03-29,86.570000,87.180000,86.120003,86.730003,86.730003,2370500,RHT
2017-03-30,86.760002,86.949997,85.769997,85.919998,85.919998,1802100,RHT
2017-03-31,85.889999,86.830002,85.660004,86.500000,86.500000,2302900,RHT
2017-04-03,86.559998,88.050003,85.919998,86.480003,86.480003,2448000,RHT
2017-04-04,86.180000,86.599998,85.440002,85.610001,85.610001,1519000,RHT
2017-04-05,85.750000,85.949997,84.480003,84.680000,84.680000,2630900,RHT
2017-04-06,84.720001,85.330002,84.209999,85.000000,85.000000,1824200,RHT
2017-04-07,84.959999,85.370003,84.589996,84.910004,84.910004,1341400,RHT
2017-04-10,84.860001,85.410004,84.760002,85.040001,85.040001,1126800,RHT
2017-04-11,84.849998,85.620003,84.360001,85.160004,85.160004,957700,RHT
2017-04-12,85.000000,85.769997,84.949997,85.430000,85.430000,1958500,RHT
2017-04-13,85.300003,86.410004,85.169998,85.930000,85.930000,1521500,RHT
2017-04-17,86.190002,86.489998,85.970001,86.169998,86.169998,2199300,RHT
2017-04-18,85.750000,87.050003,85.500000,86.739998,86.739998,1401900,RHT
2017-04-19,86.750000,87.459999,86.620003,87.269997,87.269997,1185200,RHT
2017-04-20,87.330002,87.830002,86.379997,87.419998,87.419998,1430700,RHT
2017-04-21,87.370003,87.680000,86.940002,87.019997,87.019997,941200,RHT
2017-04-24,87.959999,88.050003,87.059998,87.440002,87.440002,1626100,RHT
2017-04-25,87.800003,88.000000,87.540001,87.589996,87.589996,899900,RHT
2017-04-26,87.629997,87.980003,87.339996,87.709999,87.709999,1050500,RHT
2017-04-27,87.750000,88.529999,87.050003,88.150002,88.150002,899900,RHT
2017-04-28,88.019997,88.209999,87.230003,88.080002,88.080002,1163400,RHT
2017-05-01,88.279999,88.430000,87.680000,88.290001,88.290001,1155200,RHT
2017-05-02,88.620003,89.220001,88.099998,88.180000,88.180000,1489000,RHT
2017-05-03,87.980003,87.980003,86.519997,87.230003,87.230003,1497500,RHT
2017-05-04,87.419998,88.040001,87.120003,87.889999,87.889999,1261400,RHT
2017-05-05,88.120003,88.669998,87.830002,88.610001,88.610001,709400,RHT
2017-05-08,88.459999,88.820000,87.980003,88.199997,88.199997,1163800,RHT
2017-05-09,88.230003,88.790001,87.930000,88.580002,88.580002,969700,RHT
2017-05-10,88.529999,89.209999,88.099998,89.139999,89.139999,1341800,RHT
2017-05-11,88.459999,88.639999,87.860001,88.550003,88.550003,1048900,RHT
2017-05-12,88.550003,88.980003,88.110001,88.250000,88.250000,783700,RHT
2017-05-15,88.570000,89.730003,88.489998,89.660004,89.660004,1649400,RHT
2017-05-16,89.900002,90.010002,89.139999,89.639999,89.639999,992300,RHT
2017-05-17,89.639999,89.639999,85.559998,85.599998,85.599998,2237500,RHT
2017-05-18,85.029999,85.870003,84.160004,85.519997,85.519997,1778300,RHT
2017-05-19,86.150002,86.800003,85.959999,86.180000,86.180000,1220000,RHT
2017-05-22,86.309998,88.110001,86.309998,87.900002,87.900002,1019600,RHT
2017-05-23,88.029999,88.139999,87.260002,87.629997,87.629997,611500,RHT
2017-05-24,87.610001,88.279999,87.300003,87.989998,87.989998,783200,RHT
2017-05-25,88.570000,89.110001,88.180000,88.769997,88.769997,1438400,RHT
2017-05-26,88.470001,88.989998,87.709999,88.580002,88.580002,1441700,RHT
2017-05-30,88.290001,89.769997,88.169998,89.419998,89.419998,1369000,RHT
2017-05-31,89.660004,89.889999,88.980003,89.570000,89.570000,1480900,RHT
2017-06-01,89.769997,90.730003,89.620003,90.720001,90.720001,1519600,RHT
2017-06-02,90.699997,91.790001,90.330002,91.540001,91.540001,1355100,RHT
2017-06-05,91.260002,92.489998,91.169998,91.750000,91.750000,1340200,RHT
2017-06-06,91.279999,92.209999,90.889999,91.660004,91.660004,1359800,RHT
2017-06-07,91.519997,92.279999,91.459999,91.930000,91.930000,1202200,RHT
2017-06-08,91.930000,92.250000,90.989998,91.949997,91.949997,1047300,RHT
2017-06-09,92.010002,92.040001,87.110001,88.849998,88.849998,1970800,RHT
2017-06-12,87.820000,88.800003,86.260002,88.720001,88.720001,1811900,RHT
2017-06-13,89.449997,89.989998,88.589996,89.279999,89.279999,1312500,RHT
2017-06-14,89.720001,90.000000,87.769997,88.919998,88.919998,1372700,RHT
2017-06-15,87.930000,88.070000,86.559998,87.919998,87.919998,1631600,RHT
2017-06-16,87.940002,87.989998,86.730003,87.849998,87.849998,1792800,RHT
2017-06-19,88.750000,90.430000,88.750000,90.349998,90.349998,2775000,RHT
2017-06-20,90.099998,91.190002,89.639999,89.959999,89.959999,3447700,RHT
2017-06-21,99.230003,99.750000,97.019997,98.580002,98.580002,8698600,RHT
2017-06-22,99.160004,100.800003,98.529999,98.879997,98.879997,3757000,RHT
2017-06-23,98.860001,100.139999,98.059998,99.419998,99.419998,3355700,RHT
2017-06-26,99.440002,100.500000,98.010002,98.190002,98.190002,2221200,RHT
2017-06-27,98.000000,98.139999,95.959999,96.000000,96.000000,2363100,RHT
2017-06-28,96.760002,97.099998,95.820000,96.809998,96.809998,1879200,RHT
2017-06-29,96.870003,96.870003,95.050003,95.510002,95.510002,1624100,RHT
2017-06-30,95.989998,96.709999,95.629997,95.750000,95.750000,2199200,RHT
2017-07-03,96.230003,96.230003,94.470001,94.790001,94.790001,755300,RHT
2017-07-05,95.110001,95.849998,94.540001,95.540001,95.540001,1511300,RHT
2017-07-06,94.750000,95.660004,94.500000,94.910004,94.910004,1089000,RHT
2017-07-07,95.389999,96.980003,95.360001,96.550003,96.550003,1232100,RHT
2017-07-10,96.589996,97.540001,96.300003,97.250000,97.250000,1082400,RHT
2017-07-11,97.160004,97.639999,96.300003,97.410004,97.410004,873100,RHT
2017-07-12,98.089996,99.000000,97.900002,98.839996,98.839996,1375000,RHT
2017-07-13,99.000000,99.239998,97.440002,97.769997,97.769997,1588200,RHT
2017-07-14,98.050003,98.540001,97.680000,98.419998,98.419998,829300,RHT
2017-07-17,98.480003,98.629997,97.910004,98.529999,98.529999,693600,RHT
2017-07-18,98.250000,98.699997,97.750000,98.610001,98.610001,965500,RHT
2017-07-19,98.989998,99.410004,98.629997,99.250000,99.250000,977400,RHT
2017-07-20,99.410004,99.570000,98.040001,98.919998,98.919998,989500,RHT
2017-07-21,98.730003,99.379997,98.059998,98.940002,98.940002,861900,RHT
2017-07-24,98.940002,99.510002,98.440002,99.449997,99.449997,870400,RHT
2017-07-25,99.519997,100.580002,99.309998,99.919998,99.919998,814800,RHT
2017-07-26,100.070000,100.769997,99.470001,100.669998,100.669998,1072300,RHT
2017-07-27,101.000000,101.730003,97.620003,98.919998,98.919998,1562400,RHT
2017-07-28,98.419998,99.389999,97.989998,98.510002,98.510002,919300,RHT
2017-07-31,98.860001,99.050003,97.559998,98.870003,98.870003,1237400,RHT
2017-08-01,99.029999,100.629997,98.720001,100.019997,100.019997,1173300,RHT
2017-08-02,100.150002,100.169998,97.180000,98.349998,98.349998,1304000,RHT
2017-08-03,98.419998,98.900002,97.800003,98.190002,98.190002,1305900,RHT
2017-08-04,98.370003,99.230003,98.209999,98.360001,98.360001,798800,RHT
2017-08-07,98.269997,99.169998,98.269997,98.879997,98.879997,565800,RHT
2017-08-08,98.470001,99.010002,97.489998,98.070000,98.070000,851500,RHT
2017-08-09,97.339996,97.709999,96.220001,97.699997,97.699997,3383300,RHT
2017-08-10,97.000000,97.440002,95.879997,95.949997,95.949997,1984200,RHT
2017-08-11,96.099998,98.879997,96.099998,98.339996,98.339996,1723600,RHT
2017-08-14,99.389999,100.570000,99.059998,99.739998,99.739998,983400,RHT
2017-08-15,99.739998,100.330002,99.080002,99.989998,99.989998,960700,RHT
2017-08-16,100.190002,101.820000,99.750000,101.750000,101.750000,1421200,RHT
2017-08-17,101.440002,101.750000,100.519997,100.660004,100.660004,1987100,RHT
2017-08-18,100.540001,101.180000,100.150002,100.430000,100.430000,1708900,RHT
2017-08-21,100.839996,103.489998,100.440002,102.650002,102.650002,2513200,RHT
2017-08-22,103.220001,105.209999,102.099998,104.889999,104.889999,2039600,RHT
2017-08-23,104.129997,104.830002,103.639999,104.000000,104.000000,1202800,RHT
2017-08-24,104.540001,104.699997,103.099998,104.650002,104.650002,940100,RHT
2017-08-25,105.379997,105.639999,104.610001,105.330002,105.330002,1071000,RHT
2017-08-28,105.400002,105.919998,105.199997,105.589996,105.589996,1426000,RHT
2017-08-29,104.589996,105.900002,104.550003,105.519997,105.519997,1476600,RHT
2017-08-30,105.500000,106.449997,104.940002,106.160004,106.160004,2916600,RHT
2017-08-31,106.500000,107.769997,106.160004,107.500000,107.500000,1912000,RHT
2017-09-01,107.820000,108.089996,107.180000,107.459999,107.459999,945700,RHT
2017-09-05,106.820000,107.290001,105.839996,106.809998,106.809998,1121900,RHT
2017-09-06,107.470001,107.690002,106.320000,106.339996,106.339996,1246800,RHT
2017-09-07,106.709999,107.389999,106.139999,107.040001,107.040001,1881200,RHT
2017-09-08,107.209999,107.980003,106.940002,107.120003,107.120003,1111300,RHT
2017-09-11,107.900002,108.129997,107.360001,107.620003,107.620003,1412600,RHT
2017-09-12,107.709999,107.989998,106.389999,107.660004,107.660004,1096100,RHT
2017-09-13,107.599998,108.050003,106.989998,107.830002,107.830002,863100,RHT
2017-09-14,107.419998,107.860001,106.879997,107.739998,107.739998,929100,RHT
