Date,Open,High,Low,Close,Adj Close,Volume,TSN
2012-09-14,16.350000,16.709999,16.059999,16.459999,15.563310,7277800,TSN
2012-09-17,16.459999,16.510000,16.150000,16.219999,15.336386,4255800,TSN
2012-09-18,16.219999,16.490000,16.040001,16.420000,15.525495,3777900,TSN
2012-09-19,16.490000,16.730000,16.379999,16.570000,15.667317,6193800,TSN
2012-09-20,16.540001,16.680000,16.459999,16.559999,15.657864,4090100,TSN
2012-09-21,16.570000,16.670000,16.330000,16.440001,15.544403,6250500,TSN
2012-09-24,16.420000,16.440001,16.219999,16.330000,15.440392,4361000,TSN
2012-09-25,16.340000,16.379999,15.870000,15.920000,15.052731,7013400,TSN
2012-09-26,15.970000,16.389999,15.910000,16.240000,15.355296,5061500,TSN
2012-09-27,16.290001,16.490000,16.240000,16.360001,15.468760,2826500,TSN
2012-09-28,16.240000,16.330000,15.950000,16.020000,15.147283,5434800,TSN
2012-10-01,16.100000,16.750000,15.960000,16.709999,15.799691,6851900,TSN
2012-10-02,16.709999,16.760000,16.530001,16.540001,15.638953,5178700,TSN
2012-10-03,16.610001,16.650000,16.299999,16.340000,15.449850,5409800,TSN
2012-10-04,16.420000,16.490000,16.219999,16.440001,15.544403,4625000,TSN
2012-10-05,16.530001,16.719999,16.309999,16.370001,15.478214,3733300,TSN
2012-10-08,16.340000,16.400000,16.230000,16.280001,15.393118,2670700,TSN
2012-10-09,16.410000,16.670000,16.270000,16.309999,15.421485,6908000,TSN
2012-10-10,16.330000,16.420000,16.049999,16.059999,15.185102,4251600,TSN
2012-10-11,16.170000,16.530001,16.090000,16.110001,15.232379,6324600,TSN
2012-10-12,16.209999,16.290001,15.930000,16.020000,15.147283,2943800,TSN
2012-10-15,16.110001,16.200001,16.030001,16.129999,15.251289,2815200,TSN
2012-10-16,16.160000,16.299999,16.139999,16.299999,15.412027,2519400,TSN
2012-10-17,16.389999,16.530001,16.299999,16.490000,15.591677,2828500,TSN
2012-10-18,16.420000,16.629999,16.400000,16.620001,15.714595,3120500,TSN
2012-10-19,16.559999,16.620001,16.379999,16.440001,15.544403,3530600,TSN
2012-10-22,16.420000,16.629999,16.389999,16.620001,15.714595,4248200,TSN
2012-10-23,16.430000,16.430000,16.070000,16.139999,15.260743,3360500,TSN
2012-10-24,16.190001,16.400000,16.129999,16.400000,15.506577,3747100,TSN
2012-10-25,16.530001,16.639999,16.299999,16.370001,15.478214,4476500,TSN
2012-10-26,16.410000,16.650000,16.370001,16.540001,15.638953,2972400,TSN
2012-10-31,16.520000,17.000000,16.469999,16.809999,15.894245,3619000,TSN
2012-11-01,16.850000,17.219999,16.809999,17.190001,16.253540,7239000,TSN
2012-11-02,17.320000,17.400000,17.110001,17.129999,16.196808,2481500,TSN
2012-11-05,17.090000,17.129999,16.809999,17.070000,16.140079,2585400,TSN
2012-11-06,17.129999,17.379999,17.100000,17.260000,16.319727,2665900,TSN
2012-11-07,17.180000,17.250000,16.870001,17.020000,16.092802,3213300,TSN
2012-11-08,16.990000,17.160000,16.650000,16.709999,15.799691,4680200,TSN
2012-11-09,16.650000,16.870001,16.500000,16.809999,15.894245,5165000,TSN
2012-11-12,16.809999,16.920000,16.730000,16.910000,15.988797,3933100,TSN
2012-11-13,16.820000,17.230000,16.719999,17.110001,16.177904,4309200,TSN
2012-11-14,17.080000,17.110001,16.700001,16.740000,15.828054,5607800,TSN
2012-11-15,16.719999,16.830000,16.549999,16.760000,15.846969,4258400,TSN
2012-11-16,16.740000,17.030001,16.600000,16.879999,15.960429,9164100,TSN
2012-11-19,17.700001,18.799999,17.650000,18.719999,17.700195,21736300,TSN
2012-11-20,18.650000,19.080000,18.590000,19.070000,18.031128,8867000,TSN
2012-11-21,19.020000,19.129999,18.860001,18.990000,17.955490,4710100,TSN
2012-11-23,19.100000,19.299999,19.010000,19.250000,18.201323,2625600,TSN
2012-11-26,19.110001,19.379999,19.020000,19.360001,18.305330,5441600,TSN
2012-11-27,19.330000,19.400000,19.040001,19.110001,18.068945,5244000,TSN
2012-11-28,18.950001,19.260000,18.920000,19.080000,18.183310,5121100,TSN
2012-11-29,19.110001,19.250000,19.030001,19.190001,18.288139,3737200,TSN
2012-11-30,19.150000,19.209999,19.010000,19.170000,18.269079,3847100,TSN
2012-12-03,19.250000,19.370001,19.129999,19.219999,18.316723,4153700,TSN
2012-12-04,19.240000,19.309999,19.030001,19.280001,18.373907,4893600,TSN
2012-12-05,19.330000,19.680000,19.299999,19.600000,18.678869,5840600,TSN
2012-12-06,19.600000,19.740000,19.580000,19.680000,18.755108,4053600,TSN
2012-12-07,19.690001,19.740000,19.379999,19.629999,18.707458,4302900,TSN
2012-12-10,19.590000,19.639999,19.469999,19.559999,18.640745,3677700,TSN
2012-12-11,19.549999,19.850000,19.530001,19.709999,18.783697,3942600,TSN
2012-12-12,19.740000,19.910000,19.639999,19.709999,18.783697,2570900,TSN
2012-12-13,19.740000,19.900000,19.520000,19.600000,18.678869,2785100,TSN
2012-12-14,19.520000,19.850000,19.520000,19.650000,18.726522,4137000,TSN
2012-12-17,19.670000,19.740000,19.620001,19.700001,18.774168,3093400,TSN
2012-12-18,19.760000,19.850000,19.610001,19.790001,18.859943,3149800,TSN
2012-12-19,19.760000,19.760000,19.559999,19.600000,18.678869,2907100,TSN
2012-12-20,19.680000,19.760000,19.600000,19.700001,18.774168,2999600,TSN
2012-12-21,19.629999,19.719999,19.309999,19.469999,18.554979,4983200,TSN
2012-12-24,19.459999,19.590000,19.320000,19.580000,18.659809,1367800,TSN
2012-12-26,19.559999,19.590000,19.250000,19.290001,18.383438,1841300,TSN
2012-12-27,19.350000,19.430000,19.170000,19.370001,18.459682,2173500,TSN
2012-12-28,19.260000,19.379999,19.150000,19.180000,18.278608,1831100,TSN
2012-12-31,19.110001,19.450001,19.080000,19.400000,18.488274,2916100,TSN
2013-01-02,19.709999,19.990000,19.610001,19.980000,19.041014,3407100,TSN
2013-01-03,19.920000,20.500000,19.830000,20.350000,19.393623,5739000,TSN
2013-01-04,20.330000,20.440001,20.150000,20.340000,19.384087,4163200,TSN
2013-01-07,20.219999,20.299999,20.030001,20.219999,19.269732,3549500,TSN
2013-01-08,20.250000,20.389999,20.129999,20.320000,19.365030,4083200,TSN
2013-01-09,20.309999,20.320000,20.070000,20.280001,19.326916,4621300,TSN
2013-01-10,20.360001,20.370001,20.110001,20.160000,19.212551,2591900,TSN
2013-01-11,20.230000,20.340000,20.010000,20.320000,19.365030,2802500,TSN
2013-01-14,20.340000,20.500000,20.200001,20.450001,19.488926,1825500,TSN
2013-01-15,20.360001,20.440001,20.219999,20.410000,19.450798,1443400,TSN
2013-01-16,20.330000,20.530001,20.330000,20.459999,19.498453,1346800,TSN
2013-01-17,20.510000,21.440001,20.500000,21.230000,20.232269,7872800,TSN
2013-01-18,21.549999,22.100000,21.530001,21.850000,20.823126,13498500,TSN
2013-01-22,21.799999,22.170000,21.760000,22.150000,21.109028,5025300,TSN
2013-01-23,22.080000,22.360001,21.879999,22.270000,21.223391,4997100,TSN
2013-01-24,22.240000,22.410000,22.139999,22.299999,21.251980,2497400,TSN
2013-01-25,22.309999,22.500000,22.240000,22.440001,21.385405,2417900,TSN
2013-01-28,22.450001,22.500000,22.240000,22.260000,21.213861,3656100,TSN
2013-01-29,22.790001,22.860001,22.469999,22.500000,21.442577,7734000,TSN
2013-01-30,22.459999,22.580000,22.080000,22.209999,21.166214,6008600,TSN
2013-01-31,22.150000,22.420000,22.080000,22.120001,21.080442,5957300,TSN
2013-02-01,22.950001,23.040001,22.650000,22.799999,21.728481,8425500,TSN
2013-02-04,22.500000,23.120001,22.290001,22.830000,21.757071,6745400,TSN
2013-02-05,22.900000,23.150000,22.879999,23.059999,21.976259,3691200,TSN
2013-02-06,23.000000,23.459999,22.990000,23.389999,22.290749,4756100,TSN
2013-02-07,23.440001,23.900000,23.410000,23.770000,22.652893,9338000,TSN
2013-02-08,23.730000,23.809999,23.580000,23.780001,22.662426,5680600,TSN
2013-02-11,23.690001,23.760000,23.469999,23.639999,22.529007,2699600,TSN
2013-02-12,23.709999,23.750000,23.430000,23.510000,22.405121,4220400,TSN
2013-02-13,23.520000,23.920000,23.520000,23.860001,22.738663,4463500,TSN
2013-02-14,23.860001,24.240000,23.780001,24.219999,23.081745,4730900,TSN
2013-02-15,24.059999,24.219999,23.910000,24.010000,22.881620,5145000,TSN
2013-02-19,24.120001,24.309999,23.889999,24.129999,22.995975,4787600,TSN
2013-02-20,24.080000,24.139999,23.510000,23.559999,22.452763,8058700,TSN
2013-02-21,23.520000,23.549999,23.100000,23.400000,22.300282,5373500,TSN
2013-02-22,23.500000,23.930000,23.420000,23.799999,22.681484,4261000,TSN
2013-02-25,23.860001,23.910000,23.230000,23.260000,22.166864,7062700,TSN
2013-02-26,22.410000,22.680000,21.790001,22.400000,21.347279,16213000,TSN
2013-02-27,22.900000,22.900000,22.400000,22.540001,21.528757,6167100,TSN
2013-02-28,22.590000,22.879999,22.450001,22.670000,21.652918,5189900,TSN
2013-03-01,22.650000,23.370001,22.600000,23.180000,22.140043,5702800,TSN
2013-03-04,23.100000,23.430000,23.049999,23.209999,22.168695,5092300,TSN
2013-03-05,23.379999,23.580000,23.110001,23.330000,22.283314,4067600,TSN
2013-03-06,23.440001,23.690001,23.350000,23.570000,22.512541,3684200,TSN
2013-03-07,23.709999,24.120001,23.600000,23.770000,22.703573,3954200,TSN
2013-03-08,23.930000,24.160000,23.900000,24.000000,22.923254,3701700,TSN
2013-03-11,23.930000,24.020000,23.700001,23.790001,22.722679,4024100,TSN
2013-03-12,23.740000,23.930000,23.660000,23.860001,22.789534,2306400,TSN
2013-03-13,23.850000,24.309999,23.799999,24.209999,23.123825,4764900,TSN
2013-03-14,24.209999,24.459999,24.059999,24.360001,23.267103,2894500,TSN
2013-03-15,24.290001,24.490000,24.150000,24.410000,23.314857,5268600,TSN
2013-03-18,24.160000,24.340000,23.940001,24.280001,23.190691,2146400,TSN
2013-03-19,24.330000,24.459999,23.850000,24.170000,23.085623,3779100,TSN
2013-03-20,24.250000,24.280001,24.059999,24.080000,22.999662,3519600,TSN
2013-03-21,24.000000,24.120001,23.870001,23.950001,22.875498,2324200,TSN
2013-03-22,24.020000,24.160000,23.930000,24.129999,23.047421,2182900,TSN
2013-03-25,24.180000,24.410000,23.969999,24.040001,22.961460,2779300,TSN
2013-03-26,24.160000,24.280001,24.059999,24.209999,23.123825,2982000,TSN
2013-03-27,24.080000,24.230000,23.910000,24.180000,23.095175,2007300,TSN
2013-03-28,24.219999,24.850000,24.049999,24.820000,23.706461,5147700,TSN
2013-04-01,24.760000,24.820000,24.309999,24.650000,23.544090,3346000,TSN
2013-04-02,24.730000,25.100000,24.610001,24.750000,23.639603,4768500,TSN
2013-04-03,24.719999,24.790001,24.180000,24.459999,23.362617,4083400,TSN
2013-04-04,24.430000,24.860001,24.389999,24.700001,23.591846,4399100,TSN
2013-04-05,24.330000,24.469999,23.879999,24.030001,22.951908,6022600,TSN
2013-04-08,23.990000,24.040001,23.410000,23.770000,22.703573,4807900,TSN
2013-04-09,23.770000,23.879999,23.430000,23.680000,22.617609,3500600,TSN
2013-04-10,23.760000,23.799999,23.469999,23.590000,22.531651,4606400,TSN
2013-04-11,23.420000,23.770000,22.469999,23.750000,22.684465,4379400,TSN
2013-04-12,23.709999,24.000000,23.670000,23.879999,22.808636,2612000,TSN
2013-04-15,23.850000,23.879999,23.240000,23.260000,22.216454,4584900,TSN
2013-04-16,23.430000,23.799999,23.389999,23.670000,22.608061,3939200,TSN
2013-04-17,23.530001,23.610001,23.240000,23.540001,22.483892,3949400,TSN
2013-04-18,23.580000,23.660000,23.370001,23.610001,22.550751,2867200,TSN
2013-04-19,23.740000,24.200001,23.680000,24.080000,22.999662,3798800,TSN
2013-04-22,24.110001,24.340000,23.709999,24.250000,23.162035,2446600,TSN
2013-04-23,24.320000,24.780001,24.309999,24.629999,23.524986,3450400,TSN
2013-04-24,24.660000,24.980000,24.650000,24.820000,23.706461,3771900,TSN
2013-04-25,24.879999,24.980000,24.660000,24.879999,23.763773,3903800,TSN
2013-04-26,24.889999,24.990000,24.690001,24.719999,23.610950,1942600,TSN
2013-04-29,24.809999,24.840000,24.450001,24.500000,23.400820,3258100,TSN
2013-04-30,24.490000,24.660000,24.320000,24.629999,23.524986,2072400,TSN
2013-05-01,24.520000,24.620001,24.280001,24.370001,23.276655,1857400,TSN
2013-05-02,24.400000,24.680000,24.350000,24.610001,23.505886,2103000,TSN
2013-05-03,24.799999,25.120001,24.730000,24.930000,23.811527,2993300,TSN
2013-05-06,23.930000,24.230000,23.389999,24.100000,23.018766,12720800,TSN
2013-05-07,24.420000,24.770000,24.290001,24.600000,23.496332,5404600,TSN
2013-05-08,24.610001,25.219999,24.549999,25.010000,23.887941,6107100,TSN
2013-05-09,25.080000,25.219999,24.820000,24.879999,23.763773,4765200,TSN
2013-05-10,24.920000,24.959999,24.590000,24.750000,23.639603,5130800,TSN
2013-05-13,24.639999,24.700001,24.480000,24.600000,23.496332,3149200,TSN
2013-05-14,24.680000,25.170000,24.680000,24.930000,23.811527,8921100,TSN
2013-05-15,24.879999,25.129999,24.799999,25.030001,23.907043,9285700,TSN
2013-05-16,25.000000,25.160000,24.850000,24.879999,23.763773,5284000,TSN
2013-05-17,24.930000,25.020000,24.820000,24.950001,23.830626,3224500,TSN
2013-05-20,24.969999,25.100000,24.700001,24.760000,23.649151,3637000,TSN
2013-05-21,24.840000,25.420000,24.840000,25.260000,24.126726,6159400,TSN
2013-05-22,25.360001,25.650000,25.260000,25.309999,24.174480,4864800,TSN
2013-05-23,25.080000,25.209999,24.770000,24.920000,23.801983,4743700,TSN
2013-05-24,24.719999,24.930000,24.540001,24.870001,23.754223,1848500,TSN
2013-05-28,25.059999,25.240000,24.639999,24.860001,23.744671,3022000,TSN
2013-05-29,25.850000,25.860001,25.110001,25.360001,24.271051,6157300,TSN
2013-05-30,25.420000,25.760000,25.209999,25.490000,24.395470,5618500,TSN
2013-05-31,25.400000,25.580000,24.990000,25.000000,23.926510,3613000,TSN
2013-06-03,24.950001,25.020000,24.480000,24.840000,23.773380,4092800,TSN
2013-06-04,24.750000,25.309999,24.750000,25.200001,24.117920,4292300,TSN
2013-06-05,25.100000,25.150000,24.690001,24.740000,23.677675,3401900,TSN
2013-06-06,24.700001,24.879999,24.510000,24.809999,23.744669,2537500,TSN
2013-06-07,25.200001,25.340000,24.790001,25.049999,23.974363,4174300,TSN
2013-06-10,25.059999,25.629999,25.059999,25.450001,24.357191,5572100,TSN
2013-06-11,25.230000,25.700001,25.139999,25.500000,24.405039,2833900,TSN
2013-06-12,25.620001,25.850000,25.420000,25.420000,24.328472,3742200,TSN
2013-06-13,25.400000,25.790001,25.370001,25.709999,24.606018,2340700,TSN
2013-06-14,25.770000,25.870001,25.389999,25.559999,24.462463,2661900,TSN
2013-06-17,25.730000,25.860001,25.500000,25.650000,24.548601,2984900,TSN
2013-06-18,25.500000,25.920000,25.469999,25.879999,24.768724,3941200,TSN
2013-06-19,25.900000,26.000000,25.530001,25.530001,24.433752,3133700,TSN
2013-06-20,25.370001,25.610001,25.139999,25.219999,24.137062,4325100,TSN
2013-06-21,25.379999,25.440001,24.900000,25.190001,24.108353,4139400,TSN
2013-06-24,25.040001,25.240000,24.740000,24.969999,23.897799,2519800,TSN
2013-06-25,25.270000,25.420000,25.030001,25.040001,23.964796,2149700,TSN
2013-06-26,25.160000,25.260000,25.020000,25.139999,24.060503,1994900,TSN
2013-06-27,25.320000,25.620001,25.209999,25.230000,24.146633,2250400,TSN
2013-06-28,25.219999,25.750000,25.070000,25.680000,24.577311,4003800,TSN
2013-07-01,25.790001,26.100000,25.690001,26.049999,24.931419,3248200,TSN
2013-07-02,26.049999,26.500000,25.930000,26.330000,25.199398,4880800,TSN
2013-07-03,26.180000,26.370001,26.000000,26.030001,24.912287,2692800,TSN
2013-07-05,26.160000,26.360001,26.059999,26.320000,25.189829,2150300,TSN
2013-07-08,26.459999,26.740000,26.389999,26.570000,25.429094,2147600,TSN
2013-07-09,26.730000,26.730000,26.260000,26.320000,25.189829,3202500,TSN
2013-07-10,26.450001,26.790001,26.379999,26.770000,25.620506,4756500,TSN
2013-07-11,27.000000,27.209999,26.870001,27.010000,25.850203,3965500,TSN
2013-07-12,27.000000,27.209999,26.940001,27.190001,26.022474,1851500,TSN
2013-07-15,27.190001,27.510000,27.180000,27.469999,26.290449,3364600,TSN
2013-07-16,27.379999,27.540001,27.170000,27.200001,26.032047,2631100,TSN
2013-07-17,27.360001,27.430000,26.969999,27.020000,25.859776,2869600,TSN
2013-07-18,27.090000,27.270000,26.889999,26.950001,25.792778,2736000,TSN
2013-07-19,27.030001,27.110001,26.870001,27.070000,25.907621,1612300,TSN
2013-07-22,27.040001,27.150000,26.950001,27.049999,25.888479,1439700,TSN
2013-07-23,27.100000,27.250000,27.059999,27.150000,25.984190,1618800,TSN
2013-07-24,27.209999,27.240000,26.969999,27.070000,25.907621,1751200,TSN
2013-07-25,27.049999,27.150000,26.760000,27.100000,25.936338,1900400,TSN
2013-07-26,27.000000,27.290001,26.870001,27.150000,25.984190,1605200,TSN
2013-07-29,27.150000,27.170000,26.969999,27.030001,25.869343,1633300,TSN
2013-07-30,27.160000,27.520000,27.150000,27.309999,26.137318,3389100,TSN
2013-07-31,27.330000,27.660000,27.080000,27.620001,26.434010,4252200,TSN
2013-08-01,27.879999,28.559999,27.860001,28.459999,27.237940,5807900,TSN
2013-08-02,28.450001,28.580000,27.860001,28.510000,27.285795,3498700,TSN
2013-08-05,29.530001,29.850000,29.270000,29.690001,28.415125,13381100,TSN
2013-08-06,29.629999,30.740000,29.549999,30.709999,29.391323,10176800,TSN
2013-08-07,30.520000,30.930000,30.170000,30.600000,29.286049,4783900,TSN
2013-08-08,30.770000,31.010000,30.600000,30.770000,29.448746,9612800,TSN
2013-08-09,30.830000,31.410000,30.639999,31.360001,30.013418,3005900,TSN
2013-08-12,31.240000,31.490000,31.129999,31.260000,29.917707,5057900,TSN
2013-08-13,31.360001,31.969999,31.240000,31.830000,30.463234,4559200,TSN
2013-08-14,31.830000,32.400002,31.740000,31.799999,30.434521,4613900,TSN
2013-08-15,31.440001,31.590000,31.040001,31.469999,30.118689,4285400,TSN
2013-08-16,31.370001,31.610001,31.350000,31.440001,30.089981,2986200,TSN
2013-08-19,31.370001,31.980000,31.370001,31.660000,30.300531,3835500,TSN
2013-08-20,31.639999,32.099998,31.620001,31.830000,30.463234,3735000,TSN
2013-08-21,31.860001,31.910000,31.530001,31.530001,30.176115,3221800,TSN
2013-08-22,31.549999,31.719999,31.330000,31.400000,30.051697,2905300,TSN
2013-08-23,31.430000,31.610001,31.250000,31.480000,30.128262,2620300,TSN
2013-08-26,30.850000,30.889999,29.120001,29.170000,27.917456,11798700,TSN
2013-08-27,28.920000,29.410000,28.719999,29.120001,27.869600,5973500,TSN
2013-08-28,29.010000,29.160000,28.440001,28.450001,27.275202,6165500,TSN
2013-08-29,28.450001,29.049999,28.320000,28.910000,27.716211,5032400,TSN
2013-08-30,28.990000,29.030001,28.820000,28.950001,27.754557,3384000,TSN
2013-09-03,29.180000,29.270000,28.650000,28.840000,27.649097,6212400,TSN
2013-09-04,28.840000,29.530001,28.750000,29.520000,28.301018,5356300,TSN
2013-09-05,29.490000,29.830000,29.360001,29.760000,28.531103,4583500,TSN
2013-09-06,29.790001,29.870001,28.969999,29.500000,28.281841,5897400,TSN
2013-09-09,29.520000,29.920000,29.510000,29.850000,28.617395,5348000,TSN
2013-09-10,29.980000,30.010000,29.650000,29.850000,28.617395,4458100,TSN
2013-09-11,29.850000,30.129999,29.700001,30.080000,28.837893,5340100,TSN
2013-09-12,30.080000,30.320000,29.959999,30.200001,28.952938,4043900,TSN
2013-09-13,30.260000,30.379999,30.030001,30.250000,29.000875,3146800,TSN
2013-09-16,30.500000,30.559999,30.170000,30.299999,29.048809,3751100,TSN
2013-09-17,30.260000,30.370001,30.160000,30.270000,29.020048,3457800,TSN
2013-09-18,30.299999,30.540001,29.920000,30.430000,29.173445,3449800,TSN
2013-09-19,30.490000,30.490000,30.020000,30.420000,29.163851,4059500,TSN
2013-09-20,30.469999,30.530001,30.270000,30.320000,29.067982,4839900,TSN
2013-09-23,30.250000,30.350000,29.610001,29.870001,28.636566,3042900,TSN
2013-09-24,29.889999,29.900000,29.340000,29.370001,28.157215,4674300,TSN
2013-09-25,29.500000,29.620001,28.639999,28.670000,27.486116,8788800,TSN
2013-09-26,28.680000,28.730000,28.260000,28.540001,27.361481,6588500,TSN
2013-09-27,28.430000,28.840000,28.400000,28.600000,27.419008,5637800,TSN
2013-09-30,28.430000,28.580000,28.180000,28.280001,27.112221,5462300,TSN
2013-10-01,28.209999,28.510000,28.129999,28.500000,27.323137,4488000,TSN
2013-10-02,28.320000,28.809999,28.230000,28.360001,27.188917,4464300,TSN
2013-10-03,28.230000,28.410000,28.030001,28.230000,27.064285,4443000,TSN
2013-10-04,28.230000,28.910000,28.190001,28.840000,27.649097,4718100,TSN
2013-10-07,29.120001,29.180000,28.719999,28.730000,27.543638,4763700,TSN
2013-10-08,28.700001,28.740000,28.190001,28.299999,27.131397,3942200,TSN
2013-10-09,28.660000,28.900000,28.510000,28.700001,27.514875,4485500,TSN
2013-10-10,28.879999,29.320000,28.879999,29.299999,28.090097,3145800,TSN
2013-10-11,29.309999,29.780001,29.250000,29.760000,28.531103,3152600,TSN
2013-10-14,29.510000,29.510000,29.160000,29.350000,28.138039,2315100,TSN
2013-10-15,29.400000,29.530001,29.190001,29.250000,28.042168,1967100,TSN
2013-10-16,29.299999,29.580000,29.180000,29.559999,28.339363,2053800,TSN
2013-10-17,29.530001,29.889999,29.440001,29.770000,28.540695,2698200,TSN
2013-10-18,29.750000,29.750000,28.049999,28.450001,27.275202,9218600,TSN
2013-10-21,28.389999,28.440001,27.910000,28.190001,27.025938,3752800,TSN
2013-10-22,28.280001,28.900000,28.160000,28.889999,27.697033,6532600,TSN
2013-10-23,28.809999,29.040001,28.549999,28.639999,27.457355,5251000,TSN
2013-10-24,28.670000,28.709999,28.299999,28.330000,27.160156,3046000,TSN
2013-10-25,28.280001,28.350000,28.059999,28.139999,26.978004,3231600,TSN
2013-10-28,28.240000,28.590000,28.219999,28.430000,27.256023,4185000,TSN
2013-10-29,28.450001,28.850000,28.350000,28.540001,27.361481,3648500,TSN
2013-10-30,28.510000,28.520000,27.510000,27.760000,26.613693,5246800,TSN
2013-10-31,27.790001,27.870001,27.389999,27.670000,26.527411,4673600,TSN
2013-11-01,27.690001,27.860001,27.549999,27.709999,26.565760,4051200,TSN
2013-11-04,27.860001,27.889999,27.330000,27.570000,26.431540,3164200,TSN
2013-11-05,27.610001,28.129999,27.549999,27.850000,26.699982,4690300,TSN
2013-11-06,27.870001,28.080000,27.690001,27.990000,26.834196,2888200,TSN
2013-11-07,27.969999,28.010000,27.480000,27.559999,26.421949,3944300,TSN
2013-11-08,27.629999,28.049999,27.430000,28.000000,26.843782,2730600,TSN
2013-11-11,27.870001,28.030001,27.799999,27.920000,26.767086,2024300,TSN
2013-11-12,27.889999,28.160000,27.709999,28.059999,26.901310,3233400,TSN
2013-11-13,28.020000,28.549999,27.940001,28.530001,27.351898,6567900,TSN
2013-11-14,28.200001,28.670000,27.850000,28.629999,27.447767,4682700,TSN
2013-11-15,28.709999,28.920000,28.459999,28.770000,27.581989,5481300,TSN
2013-11-18,30.010000,30.219999,29.030001,29.420000,28.205145,9563300,TSN
2013-11-19,29.360001,30.830000,29.299999,30.780001,29.508987,8734600,TSN
2013-11-20,30.840000,31.110001,30.750000,30.910000,29.633621,5234800,TSN
2013-11-21,31.059999,31.580000,31.020000,31.400000,30.103382,3361300,TSN
2013-11-22,31.450001,31.850000,31.070000,31.820000,30.506042,3634300,TSN
2013-11-25,31.780001,31.950001,31.549999,31.580000,30.275953,2675800,TSN
2013-11-26,31.570000,31.930000,31.459999,31.690001,30.453739,2693600,TSN
2013-11-27,31.820000,31.820000,31.510000,31.650000,30.415297,2269600,TSN
2013-11-29,31.150000,31.980000,31.059999,31.690001,30.453739,1619200,TSN
2013-12-02,31.590000,32.180000,31.450001,31.959999,30.713203,3158600,TSN
2013-12-03,32.020000,32.990002,32.000000,32.840000,31.558876,5455000,TSN
2013-12-04,32.680000,33.500000,32.509998,33.360001,32.058590,7043100,TSN
2013-12-05,33.290001,33.290001,32.380001,32.910000,31.626146,6599100,TSN
2013-12-06,33.110001,33.980000,33.110001,33.820000,32.500641,3832700,TSN
2013-12-09,33.830002,34.150002,33.650002,33.790001,32.471813,3639800,TSN
2013-12-10,33.880001,34.080002,33.509998,33.970001,32.644791,3755400,TSN
2013-12-11,34.080002,34.380001,33.860001,33.930000,32.606354,3182000,TSN
2013-12-12,33.790001,33.959999,33.320000,33.590000,32.279610,3724300,TSN
2013-12-13,33.750000,33.750000,33.029999,33.110001,31.818338,3842600,TSN
2013-12-16,33.360001,33.740002,33.220001,33.590000,32.279610,4244700,TSN
2013-12-17,33.540001,33.639999,33.130001,33.160000,31.866390,3247900,TSN
2013-12-18,33.320000,33.919998,33.130001,33.900002,32.577526,3744800,TSN
2013-12-19,33.750000,33.930000,33.500000,33.840000,32.519859,3485400,TSN
2013-12-20,33.840000,33.889999,33.189999,33.209999,31.914438,5309300,TSN
2013-12-23,33.470001,33.570000,33.139999,33.340000,32.039368,1778000,TSN
2013-12-24,33.279999,33.480000,33.180000,33.439999,32.135464,598800,TSN
2013-12-26,33.419998,33.630001,33.200001,33.299999,32.000919,1394600,TSN
2013-12-27,33.380001,33.560001,33.310001,33.470001,32.164299,1046500,TSN
2013-12-30,33.450001,33.639999,33.330002,33.580002,32.269997,1215400,TSN
2013-12-31,33.580002,33.889999,33.279999,33.459999,32.154686,1367800,TSN
2014-01-02,33.520000,33.529999,33.090000,33.169998,31.875999,2001300,TSN
2014-01-03,33.279999,33.669998,33.029999,33.419998,32.116241,1519200,TSN
2014-01-06,33.650002,33.730000,33.180000,33.200001,31.904831,3024500,TSN
2014-01-07,33.380001,33.619999,33.209999,33.310001,32.010536,4331400,TSN
2014-01-08,33.349998,34.380001,33.189999,33.919998,32.596737,5028300,TSN
2014-01-09,33.970001,34.919998,33.900002,34.599998,33.250210,4758200,TSN
2014-01-10,34.610001,34.900002,34.150002,34.840000,33.480850,5312800,TSN
2014-01-13,34.650002,34.730000,33.830002,33.900002,32.577526,3133400,TSN
2014-01-14,33.910000,34.639999,33.910000,34.470001,33.125290,3135200,TSN
2014-01-15,34.630001,34.790001,34.439999,34.779999,33.423195,2325600,TSN
2014-01-16,34.759998,35.740002,34.259998,35.040001,33.673050,6105700,TSN
2014-01-17,34.980000,35.090000,34.480000,35.040001,33.673050,2504900,TSN
2014-01-21,35.430000,35.480000,34.919998,34.990002,33.625004,4646600,TSN
2014-01-22,35.169998,35.669998,35.070000,35.580002,34.191986,2203500,TSN
2014-01-23,35.320000,35.490002,35.119999,35.459999,34.076668,2558400,TSN
2014-01-24,35.209999,35.209999,34.590000,34.770000,33.413582,4411400,TSN
2014-01-27,34.900002,34.980000,34.270000,34.650002,33.298275,3238300,TSN
2014-01-28,34.799999,35.009998,34.459999,34.660000,33.307869,3083000,TSN
2014-01-29,34.529999,34.730000,34.150002,34.389999,33.048401,3003200,TSN
2014-01-30,34.520000,34.610001,34.259998,34.490002,33.144501,3770400,TSN
2014-01-31,35.680000,38.250000,35.610001,37.400002,35.940987,12040800,TSN
2014-02-03,37.349998,37.790001,35.939999,36.020000,34.614819,6871100,TSN
2014-02-04,36.259998,36.520000,35.209999,35.470001,34.086281,6792100,TSN
2014-02-05,35.439999,35.860001,35.250000,35.590000,34.201595,3978400,TSN
2014-02-06,35.650002,35.970001,35.380001,35.700001,34.307301,3298900,TSN
2014-02-07,35.740002,36.299999,35.540001,36.090000,34.682083,3701600,TSN
2014-02-10,36.090000,36.619999,35.990002,36.500000,35.076096,3592100,TSN
2014-02-11,36.450001,36.770000,36.150002,36.759998,35.325954,4236000,TSN
2014-02-12,36.730000,37.160000,36.490002,36.889999,35.450874,3858200,TSN
2014-02-13,36.779999,37.619999,36.730000,37.470001,36.008255,3052500,TSN
2014-02-14,37.470001,37.730000,37.230000,37.730000,36.258106,2406100,TSN
2014-02-18,37.880001,38.529999,37.880001,38.340000,36.844307,3083500,TSN
2014-02-19,38.250000,38.410000,37.939999,38.290001,36.796261,3180000,TSN
2014-02-20,38.310001,39.310001,38.310001,39.169998,37.641937,3759000,TSN
2014-02-21,39.299999,39.320000,38.480000,38.910000,37.392075,3838200,TSN
2014-02-24,39.000000,39.189999,38.509998,38.860001,37.344021,2770500,TSN
2014-02-25,39.020000,39.540001,38.869999,38.930000,37.411297,3849900,TSN
2014-02-26,38.959999,39.450001,38.889999,39.110001,37.656815,2960900,TSN
2014-02-27,39.049999,39.250000,38.580002,38.910000,37.464256,3929700,TSN
2014-02-28,38.919998,39.549999,38.900002,39.450001,37.984196,3366300,TSN
2014-03-03,39.049999,39.049999,38.299999,38.810001,37.367962,4367500,TSN
2014-03-04,39.240002,39.730000,39.169998,39.599998,38.128609,4431200,TSN
2014-03-05,39.730000,40.799999,39.630001,40.419998,38.918140,5059600,TSN
2014-03-06,40.419998,40.490002,40.020000,40.169998,38.677441,3237300,TSN
2014-03-07,40.270000,40.360001,39.919998,40.270000,38.773724,1959500,TSN
2014-03-10,40.230000,40.599998,39.910000,40.189999,38.696697,3023200,TSN
2014-03-11,40.279999,40.389999,39.650002,39.740002,38.263409,2914400,TSN
2014-03-12,39.650002,40.480000,39.619999,40.470001,38.966282,2325700,TSN
2014-03-13,40.500000,40.799999,40.290001,40.470001,38.966282,2348600,TSN
2014-03-14,40.360001,41.500000,40.360001,41.480000,39.938759,3978400,TSN
2014-03-17,41.560001,41.910000,41.439999,41.669998,40.121696,3383600,TSN
2014-03-18,41.750000,42.380001,41.750000,42.330002,40.757172,3345200,TSN
2014-03-19,42.400002,42.490002,41.580002,41.910000,40.352776,4495000,TSN
2014-03-20,41.880001,42.340000,41.500000,42.290001,40.718662,2027300,TSN
2014-03-21,42.630001,42.860001,42.290001,42.369999,40.795696,3904900,TSN
2014-03-24,42.500000,42.759998,42.119999,42.369999,40.795696,1974400,TSN
2014-03-25,42.389999,42.639999,42.160000,42.430000,40.853458,2839500,TSN
2014-03-26,42.540001,42.990002,42.189999,42.869999,41.277119,3316100,TSN
2014-03-27,42.820000,42.970001,42.360001,42.869999,41.277119,2391000,TSN
2014-03-28,42.900002,43.450001,42.860001,43.150002,41.546711,1985700,TSN
2014-03-31,43.799999,44.220001,43.279999,44.009998,42.374748,3312900,TSN
2014-04-01,44.130001,44.240002,43.320000,43.450001,41.835571,4026500,TSN
2014-04-02,43.470001,43.480000,41.349998,41.439999,39.900246,8327000,TSN
2014-04-03,41.419998,42.000000,41.360001,41.990002,40.429813,5031400,TSN
2014-04-04,42.160000,42.279999,41.189999,41.220001,39.688419,3629800,TSN
2014-04-07,41.220001,41.730000,40.919998,41.020000,39.495857,3285900,TSN
2014-04-08,41.049999,41.740002,40.790001,41.590000,40.044674,4117700,TSN
2014-04-09,41.660000,42.439999,41.610001,42.290001,40.718662,3413900,TSN
2014-04-10,42.250000,42.540001,41.240002,41.320000,39.784710,4584500,TSN
2014-04-11,41.310001,42.049999,41.279999,41.669998,40.121696,3036600,TSN
2014-04-14,41.919998,42.400002,41.720001,42.380001,40.805328,2679900,TSN
2014-04-15,42.459999,42.830002,41.599998,42.439999,40.863087,3230700,TSN
2014-04-16,42.730000,43.360001,42.060001,42.750000,41.161579,4069000,TSN
2014-04-17,42.639999,42.950001,42.439999,42.650002,41.065285,2070500,TSN
2014-04-21,42.740002,43.110001,42.680000,43.029999,41.431175,3408400,TSN
2014-04-22,43.200001,43.330002,42.810001,43.200001,41.594856,2166500,TSN
2014-04-23,43.169998,43.439999,43.099998,43.250000,41.642990,2375900,TSN
2014-04-24,43.290001,43.290001,41.880001,42.500000,40.920860,4299900,TSN
2014-04-25,42.540001,43.000000,42.259998,42.430000,40.853458,2749700,TSN
2014-04-28,42.680000,42.869999,42.110001,42.520000,40.940117,3156500,TSN
2014-04-29,42.360001,42.720001,41.750000,41.799999,40.246872,3043200,TSN
2014-04-30,41.790001,42.099998,41.700001,41.970001,40.410553,3409900,TSN
2014-05-01,42.240002,42.500000,41.639999,42.410000,40.834202,2629200,TSN
2014-05-02,42.340000,42.849998,42.119999,42.650002,41.065285,2455900,TSN
2014-05-05,40.529999,40.709999,38.310001,38.439999,37.011711,10992300,TSN
2014-05-06,38.560001,38.689999,38.000000,38.250000,36.828777,5311600,TSN
2014-05-07,38.360001,39.259998,38.310001,39.230000,37.772358,3890900,TSN
2014-05-08,39.209999,39.770000,38.910000,39.160000,37.704975,4023800,TSN
2014-05-09,39.099998,39.480000,39.029999,39.430000,37.964931,2722400,TSN
2014-05-12,39.680000,39.849998,39.599998,39.830002,38.350067,2865500,TSN
2014-05-13,39.860001,40.500000,39.860001,40.099998,38.610035,2449800,TSN
2014-05-14,40.049999,40.450001,39.820000,40.150002,38.658176,1957000,TSN
2014-05-15,40.049999,40.630001,39.660000,40.599998,39.091457,2657800,TSN
2014-05-16,40.790001,41.060001,40.490002,40.900002,39.380306,2700500,TSN
2014-05-19,40.680000,41.060001,40.540001,40.970001,39.447704,1677800,TSN
2014-05-20,41.000000,41.200001,40.500000,40.639999,39.129971,3190100,TSN
2014-05-21,40.660000,40.740002,39.720001,39.779999,38.301929,2865500,TSN
2014-05-22,39.709999,39.830002,38.669998,39.130001,37.676083,4406700,TSN
2014-05-23,39.340000,39.810001,39.270000,39.720001,38.244152,2254900,TSN
2014-05-27,40.009998,41.880001,39.970001,41.540001,39.996532,6179700,TSN
2014-05-28,41.459999,41.619999,40.730000,40.750000,39.306847,4561500,TSN
2014-05-29,42.380001,44.000000,42.180000,43.250000,41.718315,11088700,TSN
2014-05-30,42.689999,43.459999,42.330002,42.459999,40.956291,4696800,TSN
2014-06-02,42.560001,43.470001,42.520000,43.400002,41.863003,2944500,TSN
2014-06-03,42.290001,43.630001,42.040001,42.080002,40.589760,8088600,TSN
2014-06-04,42.150002,42.369999,41.349998,41.430000,39.962772,4945300,TSN
2014-06-05,41.529999,41.619999,40.700001,40.900002,39.451546,5849800,TSN
2014-06-06,40.639999,40.810001,40.000000,40.119999,38.699162,5381400,TSN
2014-06-09,39.709999,39.750000,37.380001,37.500000,36.171951,12264100,TSN
2014-06-10,36.799999,36.970001,35.509998,36.070000,34.792599,14592800,TSN
2014-06-11,36.049999,36.340000,35.630001,36.090000,34.811878,6605800,TSN
2014-06-12,35.740002,35.900002,35.029999,35.169998,33.924465,7890000,TSN
2014-06-13,35.160000,35.500000,35.049999,35.430000,34.175262,5927700,TSN
2014-06-16,35.450001,35.500000,34.900002,35.150002,33.905170,4037500,TSN
2014-06-17,35.180000,35.500000,35.110001,35.470001,34.213844,3588400,TSN
2014-06-18,35.900002,36.290001,35.680000,36.040001,34.763653,7990700,TSN
2014-06-19,36.090000,36.110001,35.779999,35.970001,34.696125,5151000,TSN
2014-06-20,36.070000,36.560001,35.930000,36.439999,35.149483,6385000,TSN
2014-06-23,36.400002,36.619999,36.180000,36.270000,34.985508,2787700,TSN
2014-06-24,36.259998,36.520000,35.910000,36.029999,34.754005,3371800,TSN
2014-06-25,35.930000,36.459999,35.689999,36.380001,35.091610,3110600,TSN
2014-06-26,36.430000,37.049999,36.270000,37.029999,35.718594,4974000,TSN
2014-06-27,36.970001,37.450001,36.770000,37.439999,36.114075,3968700,TSN
2014-06-30,37.220001,37.560001,36.930000,37.540001,36.210529,4776400,TSN
2014-07-01,37.500000,38.349998,37.470001,37.869999,36.528851,5851400,TSN
2014-07-02,37.910000,39.160000,37.740002,38.959999,37.580250,7285700,TSN
2014-07-03,39.099998,39.110001,38.279999,38.509998,37.146179,3508400,TSN
2014-07-07,38.439999,39.110001,38.360001,39.020000,37.638119,4319800,TSN
2014-07-08,39.080002,39.320000,39.000000,39.240002,37.850323,4143200,TSN
2014-07-09,39.320000,39.480000,38.750000,38.810001,37.435555,3704400,TSN
2014-07-10,38.480000,39.290001,38.349998,39.130001,37.744228,2583900,TSN
2014-07-11,38.860001,39.720001,38.860001,39.680000,38.274746,2563700,TSN
2014-07-14,39.799999,40.009998,39.590000,39.849998,38.438725,2681400,TSN
2014-07-15,39.919998,39.959999,39.180000,39.259998,37.869625,2803400,TSN
2014-07-16,39.419998,39.639999,39.049999,39.230000,37.840675,2054500,TSN
2014-07-17,39.250000,39.480000,38.849998,39.060001,37.676704,1818700,TSN
2014-07-18,39.000000,39.630001,38.919998,39.480000,38.081829,1710700,TSN
2014-07-21,39.380001,39.380001,38.619999,38.759998,37.387329,2674800,TSN
2014-07-22,38.930000,39.630001,38.840000,39.540001,38.139702,2109600,TSN
2014-07-23,39.500000,39.750000,39.250000,39.290001,37.898563,1800700,TSN
2014-07-24,39.200001,39.830002,39.049999,39.770000,38.361561,2569600,TSN
2014-07-25,38.939999,39.590000,38.939999,39.540001,38.139702,2294500,TSN
2014-07-28,40.939999,41.880001,40.310001,40.560001,39.123581,7853500,TSN
2014-07-29,40.709999,41.080002,39.029999,39.169998,37.782810,9335900,TSN
2014-07-30,39.250000,39.279999,38.090000,38.200001,36.847164,7747500,TSN
2014-07-31,37.570000,37.759998,37.099998,37.209999,35.892220,32321100,TSN
2014-08-01,37.099998,37.560001,37.000000,37.049999,35.737888,11397600,TSN
2014-08-04,37.200001,37.470001,37.009998,37.240002,35.921165,6145600,TSN
2014-08-05,37.209999,37.349998,36.689999,36.740002,35.438869,6114300,TSN
2014-08-06,36.509998,37.200001,36.459999,37.130001,35.815056,5467900,TSN
2014-08-07,37.189999,37.290001,36.119999,36.389999,35.101265,4984500,TSN
2014-08-08,36.860001,36.910000,36.310001,36.869999,35.564259,4852200,TSN
2014-08-11,37.020000,37.439999,36.900002,37.310001,35.988682,3741100,TSN
2014-08-12,37.299999,37.419998,37.119999,37.369999,36.046551,3315200,TSN
2014-08-13,37.450001,37.700001,37.320000,37.660000,36.326279,3478000,TSN
2014-08-14,37.750000,37.799999,37.459999,37.590000,36.258766,2442600,TSN
2014-08-15,37.630001,37.799999,37.209999,37.389999,36.065842,2830200,TSN
2014-08-18,37.669998,37.669998,37.220001,37.320000,35.998322,2353500,TSN
2014-08-19,37.430000,37.869999,37.410000,37.560001,36.229832,3883300,TSN
2014-08-20,37.730000,37.730000,37.230000,37.419998,36.094780,2711600,TSN
2014-08-21,37.810001,37.810001,37.410000,37.450001,36.123722,2636400,TSN
2014-08-22,37.590000,37.639999,36.840000,37.020000,35.708950,2665500,TSN
2014-08-25,37.320000,37.459999,37.150002,37.459999,36.133362,2144800,TSN
2014-08-26,37.549999,37.549999,36.799999,37.220001,35.901863,3634200,TSN
2014-08-27,37.250000,37.900002,36.880001,37.709999,36.447964,4977300,TSN
2014-08-28,37.700001,38.200001,37.480000,38.040001,36.766914,5076000,TSN
2014-08-29,38.029999,38.110001,37.820000,38.060001,36.786243,3121700,TSN
2014-09-02,38.139999,38.389999,38.000000,38.369999,37.085865,3124000,TSN
2014-09-03,38.369999,38.389999,37.720001,37.790001,36.525280,3816500,TSN
2014-09-04,37.779999,38.090000,37.299999,37.389999,36.138672,3330100,TSN
2014-09-05,37.400002,37.910000,37.220001,37.889999,36.621929,2336400,TSN
2014-09-08,37.880001,38.570000,37.799999,38.320000,37.037548,3473100,TSN
2014-09-09,38.220001,38.270000,38.029999,38.230000,36.950558,2903800,TSN
2014-09-10,38.470001,38.900002,38.310001,38.820000,37.520813,3904700,TSN
2014-09-11,38.610001,38.930000,38.439999,38.810001,37.511143,2995000,TSN
2014-09-12,38.880001,38.889999,38.119999,38.259998,36.979553,4142100,TSN
2014-09-15,38.240002,38.410000,38.009998,38.299999,37.018208,3653200,TSN
2014-09-16,38.320000,39.150002,38.180000,39.080002,37.772118,2680400,TSN
2014-09-17,39.090000,39.090000,38.180000,38.430000,37.143852,4157500,TSN
2014-09-18,38.650002,38.860001,38.330002,38.779999,37.482147,2952600,TSN
2014-09-19,38.959999,39.009998,38.500000,38.509998,37.221188,3845500,TSN
2014-09-22,38.439999,38.439999,37.730000,37.869999,36.602596,2927500,TSN
2014-09-23,37.700001,38.119999,37.139999,37.230000,35.984024,4705300,TSN
2014-09-24,37.279999,38.400002,37.160000,38.240002,36.960217,4175500,TSN
2014-09-25,37.990002,38.110001,37.529999,37.779999,36.515610,3065300,TSN
2014-09-26,37.970001,38.189999,37.580002,37.740002,36.476959,2267800,TSN
2014-09-29,37.529999,38.980000,37.410000,38.849998,37.549801,3940500,TSN
2014-09-30,38.930000,39.869999,38.830002,39.369999,38.052402,6447200,TSN
2014-10-01,39.820000,40.090000,39.389999,39.990002,38.651653,7032500,TSN
2014-10-02,39.939999,41.169998,39.939999,40.830002,39.463547,7754900,TSN
2014-10-03,41.130001,41.840000,41.070000,41.700001,40.304420,7494500,TSN
2014-10-06,41.900002,42.000000,41.070000,41.520000,40.130447,4371900,TSN
2014-10-07,41.430000,41.590000,41.040001,41.049999,39.676174,3954700,TSN
2014-10-08,41.080002,41.549999,40.750000,41.520000,40.130447,4564600,TSN
2014-10-09,41.509998,42.099998,40.830002,40.959999,39.589188,3822300,TSN
2014-10-10,40.860001,41.310001,40.369999,40.419998,39.067249,2934400,TSN
2014-10-13,40.349998,40.590000,39.240002,39.340000,38.023411,5566600,TSN
2014-10-14,39.529999,39.849998,38.970001,39.520000,38.197388,4825500,TSN
2014-10-15,39.119999,39.419998,37.750000,38.849998,37.549801,5776400,TSN
2014-10-16,38.009998,38.459999,37.020000,37.119999,35.877701,7283600,TSN
2014-10-17,37.680000,38.310001,37.349998,37.560001,36.302982,5635200,TSN
2014-10-20,37.570000,38.400002,37.560001,38.349998,37.066540,2690900,TSN
2014-10-21,38.610001,39.180000,38.610001,39.009998,37.704449,3444600,TSN
2014-10-22,38.919998,39.139999,38.430000,38.549999,37.259850,3430500,TSN
2014-10-23,38.849998,38.970001,38.230000,38.320000,37.037548,3109400,TSN
2014-10-24,38.369999,38.799999,38.230000,38.740002,37.443485,2127500,TSN
2014-10-27,38.709999,39.029999,38.310001,38.799999,37.501476,2369400,TSN
2014-10-28,39.049999,39.570000,38.880001,39.360001,38.042736,2455300,TSN
2014-10-29,39.250000,39.520000,38.570000,38.959999,37.656124,2196300,TSN
2014-10-30,39.189999,39.950001,38.900002,39.619999,38.294037,3143800,TSN
2014-10-31,39.959999,40.369999,39.810001,40.349998,38.999603,2698100,TSN
2014-11-03,40.349998,40.970001,40.349998,40.830002,39.463547,3082000,TSN
2014-11-04,40.820000,41.340000,40.750000,41.029999,39.656845,2969300,TSN
2014-11-05,41.520000,42.000000,41.250000,41.459999,40.072460,2728900,TSN
2014-11-06,41.500000,41.779999,41.200001,41.529999,40.140114,2512200,TSN
2014-11-07,41.500000,41.570000,40.509998,41.110001,39.734165,3452100,TSN
2014-11-10,41.270000,41.490002,40.520000,40.740002,39.376553,3282400,TSN
2014-11-11,40.820000,41.240002,40.500000,40.650002,39.289570,3075100,TSN
2014-11-12,40.549999,40.580002,39.619999,39.869999,38.535664,4223500,TSN
2014-11-13,40.310001,41.360001,40.259998,41.180000,39.801830,4567600,TSN
2014-11-14,41.180000,41.240002,40.320000,40.660000,39.299229,3991700,TSN
2014-11-17,42.349998,43.080002,41.509998,43.029999,41.589912,9031000,TSN
2014-11-18,43.000000,43.349998,42.169998,42.650002,41.222630,7350100,TSN
2014-11-19,42.700001,43.240002,42.490002,43.180000,41.734890,5301700,TSN
2014-11-20,43.000000,43.369999,42.540001,42.560001,41.135647,5763200,TSN
2014-11-21,43.080002,43.130001,41.970001,42.259998,40.845680,5417900,TSN
2014-11-24,42.250000,42.250000,41.160000,41.250000,39.869480,7467500,TSN
2014-11-25,41.250000,41.740002,41.220001,41.410000,40.024136,5874300,TSN
2014-11-26,41.580002,42.180000,41.529999,42.070000,40.760475,2812400,TSN
2014-11-28,42.200001,42.560001,42.099998,42.340000,41.022068,1644900,TSN
2014-12-01,42.139999,42.529999,41.080002,41.310001,40.024136,4525600,TSN
2014-12-02,40.849998,41.360001,40.330002,41.200001,39.917549,7635700,TSN
2014-12-03,41.259998,41.560001,40.310001,41.500000,40.208221,6303700,TSN
2014-12-04,41.549999,41.740002,40.560001,40.700001,39.433121,5138400,TSN
2014-12-05,41.070000,42.310001,40.990002,41.650002,40.353542,7741000,TSN
2014-12-08,41.450001,41.889999,41.009998,41.310001,40.024136,4077500,TSN
2014-12-09,41.049999,41.599998,40.889999,41.200001,39.917549,5812000,TSN
2014-12-10,41.220001,41.310001,40.389999,40.610001,39.345921,6769100,TSN
2014-12-11,40.869999,42.290001,40.779999,41.730000,40.431057,5675300,TSN
2014-12-12,41.310001,41.860001,40.790001,40.799999,39.530010,5557800,TSN
2014-12-15,40.980000,41.520000,40.590000,41.220001,39.936932,5985500,TSN
2014-12-16,40.980000,41.150002,39.560001,39.590000,38.357670,6277500,TSN
2014-12-17,39.669998,39.900002,39.070000,39.459999,38.231720,5994400,TSN
2014-12-18,39.889999,39.950001,38.250000,39.720001,38.483624,9242700,TSN
2014-12-19,39.669998,40.490002,39.470001,40.220001,38.968063,6447400,TSN
2014-12-22,40.320000,41.000000,40.180000,40.990002,39.714100,4070100,TSN
2014-12-23,41.180000,41.759998,41.090000,41.230000,39.946621,4159300,TSN
2014-12-24,41.270000,41.360001,40.270000,40.330002,39.074642,1509200,TSN
2014-12-26,40.380001,40.549999,40.139999,40.180000,38.929306,1561300,TSN
2014-12-29,40.099998,40.330002,39.369999,40.230000,38.977745,3698200,TSN
2014-12-30,40.250000,40.830002,39.750000,40.430000,39.171520,2614100,TSN
2014-12-31,40.459999,40.830002,40.060001,40.090000,38.842102,2392100,TSN
2015-01-02,40.090000,40.520000,39.599998,39.950001,38.706470,3225300,TSN
2015-01-05,39.750000,40.209999,38.990002,39.029999,37.815102,3809800,TSN
2015-01-06,38.959999,39.700001,38.889999,39.259998,38.037945,4562600,TSN
2015-01-07,39.599998,40.330002,39.470001,39.740002,38.503002,3600100,TSN
2015-01-08,40.020000,41.209999,39.939999,41.200001,39.917549,5632800,TSN
2015-01-09,41.209999,41.270000,40.099998,40.349998,39.094013,3423100,TSN
2015-01-12,40.349998,40.389999,39.000000,39.099998,37.882923,4069700,TSN
2015-01-13,39.110001,39.230000,38.389999,38.849998,37.640705,6462100,TSN
2015-01-14,38.520000,39.919998,38.480000,39.849998,38.609577,6969700,TSN
2015-01-15,40.200001,40.430000,39.540001,40.090000,38.842102,6798800,TSN
2015-01-16,40.099998,40.400002,39.480000,40.360001,39.103699,3809500,TSN
2015-01-20,40.570000,40.750000,40.029999,40.310001,39.055256,4750600,TSN
2015-01-21,40.090000,40.779999,39.970001,40.709999,39.442802,3787300,TSN
2015-01-22,40.959999,41.200001,40.480000,41.099998,39.820663,4349500,TSN
2015-01-23,41.000000,41.520000,40.900002,41.270000,39.985374,3606900,TSN
2015-01-26,41.270000,41.549999,40.799999,41.310001,40.024136,3614600,TSN
2015-01-27,41.070000,41.200001,40.509998,41.060001,39.781918,3786200,TSN
2015-01-28,41.200001,41.200001,40.130001,40.180000,38.929306,4258000,TSN
2015-01-29,40.169998,40.270000,39.470001,40.209999,38.958366,5868300,TSN
2015-01-30,41.490002,42.000000,38.889999,39.040001,37.824795,10232900,TSN
2015-02-02,39.040001,39.599998,38.509998,39.570000,38.338295,5855600,TSN
2015-02-03,39.730000,39.810001,38.770000,38.869999,37.660076,7087500,TSN
2015-02-04,38.869999,39.619999,38.860001,39.250000,38.028255,4730100,TSN
2015-02-05,39.310001,40.040001,39.310001,40.020000,38.774284,3310500,TSN
2015-02-06,40.099998,40.270000,39.599998,39.759998,38.522381,3071900,TSN
2015-02-09,39.540001,39.910000,39.430000,39.770000,38.532078,2916200,TSN
2015-02-10,40.000000,40.790001,39.849998,40.709999,39.442802,3503700,TSN
2015-02-11,40.709999,40.880001,40.049999,40.230000,38.977745,2928400,TSN
2015-02-12,40.200001,40.820000,40.049999,40.790001,39.520317,3410600,TSN
2015-02-13,40.740002,41.150002,40.520000,40.700001,39.433121,3519600,TSN
2015-02-17,40.669998,41.000000,40.240002,40.630001,39.365299,2637000,TSN
2015-02-18,40.810001,41.119999,40.349998,41.119999,39.840042,2749200,TSN
2015-02-19,41.270000,41.540001,40.900002,41.340000,40.053192,3581800,TSN
2015-02-20,41.240002,41.700001,40.799999,41.669998,40.372925,4044000,TSN
2015-02-23,41.680000,41.820000,41.320000,41.470001,40.179150,2660500,TSN
2015-02-24,41.439999,41.540001,41.000000,41.500000,40.208221,2613600,TSN
2015-02-25,41.389999,41.439999,41.070000,41.299999,40.111088,1981400,TSN
2015-02-26,41.330002,41.490002,40.689999,40.869999,39.693474,2492600,TSN
2015-02-27,40.990002,41.750000,40.880001,41.310001,40.120808,2928600,TSN
2015-03-02,41.310001,42.250000,41.160000,42.169998,40.956051,3581200,TSN
2015-03-03,42.160000,42.410000,41.740002,42.389999,41.169716,3404400,TSN
2015-03-04,42.349998,42.380001,41.230000,41.400002,40.208221,4475300,TSN
2015-03-05,41.250000,41.450001,40.400002,40.560001,39.392399,3970400,TSN
2015-03-06,40.330002,41.080002,40.270000,40.660000,39.489521,4271400,TSN
2015-03-09,40.860001,40.869999,40.349998,40.439999,39.275848,2720400,TSN
2015-03-10,40.020000,40.080002,39.549999,39.779999,38.634850,4169100,TSN
2015-03-11,39.779999,39.779999,37.349998,37.549999,36.469051,16163300,TSN
2015-03-12,37.799999,38.250000,37.369999,37.560001,36.478756,6549600,TSN
2015-03-13,37.419998,37.509998,37.099998,37.419998,36.342785,4080200,TSN
2015-03-16,37.580002,38.180000,37.470001,38.090000,36.993500,5180600,TSN
2015-03-17,38.099998,38.810001,38.090000,38.709999,37.595650,4146900,TSN
2015-03-18,38.689999,39.740002,38.330002,39.599998,38.460026,5028300,TSN
2015-03-19,39.509998,40.169998,39.470001,39.830002,38.683411,3903500,TSN
2015-03-20,40.099998,40.610001,39.889999,40.220001,39.062191,4763200,TSN
2015-03-23,40.020000,40.740002,39.689999,39.799999,38.654270,5473800,TSN
2015-03-24,39.759998,39.799999,38.349998,38.700001,37.585938,10066000,TSN
2015-03-25,39.009998,39.130001,38.290001,38.299999,37.197453,4169300,TSN
2015-03-26,38.060001,38.320000,37.689999,38.160000,37.061489,3744800,TSN
2015-03-27,38.150002,38.349998,38.000000,38.160000,37.061489,2818400,TSN
2015-03-30,38.250000,38.610001,37.939999,38.500000,37.391701,3993600,TSN
2015-03-31,38.400002,38.660000,38.099998,38.299999,37.197453,4619200,TSN
2015-04-01,38.150002,38.520000,37.740002,38.400002,37.294575,4774700,TSN
2015-04-02,38.299999,39.209999,38.259998,38.630001,37.517956,3503000,TSN
2015-04-06,38.490002,39.049999,38.349998,38.910000,37.789898,2330600,TSN
2015-04-07,39.029999,39.310001,38.900002,39.060001,37.935574,2948300,TSN
2015-04-08,39.000000,39.130001,38.500000,38.650002,37.537388,3084700,TSN
2015-04-09,38.759998,38.770000,38.360001,38.669998,37.556808,5364500,TSN
2015-04-10,38.660000,39.470001,38.619999,39.380001,38.246368,2892300,TSN
2015-04-13,39.279999,39.779999,39.200001,39.220001,38.090973,2388900,TSN
2015-04-14,39.040001,39.950001,38.939999,39.900002,38.751400,2635800,TSN
2015-04-15,39.939999,40.000000,39.549999,39.590000,38.450321,2553400,TSN
2015-04-16,39.580002,39.849998,39.279999,39.330002,38.197811,2479600,TSN
2015-04-17,39.029999,39.279999,38.790001,39.029999,37.906445,2183900,TSN
2015-04-20,39.119999,39.250000,38.480000,38.490002,37.381989,3337100,TSN
2015-04-21,38.209999,38.380001,37.240002,38.110001,37.012928,6741700,TSN
2015-04-22,38.400002,38.400002,37.529999,38.180000,37.080910,3900000,TSN
2015-04-23,38.090000,38.540001,37.880001,38.290001,37.187748,2652000,TSN
2015-04-24,38.330002,38.849998,38.259998,38.650002,37.537388,3178800,TSN
2015-04-27,38.810001,39.099998,38.770000,38.900002,37.780186,2876800,TSN
2015-04-28,39.009998,39.430000,38.750000,39.310001,38.178387,3229700,TSN
2015-04-29,39.299999,39.410000,39.000000,39.209999,38.081257,3179100,TSN
2015-04-30,39.200001,39.689999,39.049999,39.500000,38.362911,4747500,TSN
2015-05-01,39.560001,40.520000,39.340000,40.490002,39.324421,5772300,TSN
2015-05-04,40.750000,41.709999,40.669998,41.090000,39.907143,7609200,TSN
2015-05-05,41.060001,41.450001,40.660000,40.669998,39.499226,5349300,TSN
2015-05-06,40.509998,40.799999,40.020000,40.349998,39.188442,4184300,TSN
2015-05-07,40.349998,40.599998,40.000000,40.389999,39.227283,2455800,TSN
2015-05-08,40.770000,41.340000,40.689999,41.259998,40.072243,4689200,TSN
2015-05-11,41.250000,41.570000,41.110001,41.369999,40.179073,2666900,TSN
2015-05-12,41.000000,41.029999,40.369999,40.919998,39.742027,4426100,TSN
2015-05-13,40.959999,41.450001,40.950001,41.119999,39.936279,3575800,TSN
2015-05-14,41.410000,41.930000,41.400002,41.720001,40.519005,3328300,TSN
2015-05-15,41.700001,42.360001,41.500000,42.110001,40.897778,3481400,TSN
2015-05-18,41.840000,42.470001,41.799999,42.189999,40.975471,3436900,TSN
2015-05-19,42.240002,43.270000,42.230000,42.959999,41.723305,5162500,TSN
2015-05-20,43.000000,43.759998,42.970001,43.419998,42.170063,5470700,TSN
2015-05-21,43.509998,43.799999,43.119999,43.490002,42.238049,4401700,TSN
2015-05-22,43.490002,43.709999,42.919998,42.950001,41.713596,2589800,TSN
2015-05-26,42.950001,43.209999,42.660000,43.139999,41.898129,3169400,TSN
2015-05-27,43.160000,43.389999,42.570000,42.730000,41.499931,3978500,TSN
2015-05-28,42.619999,42.650002,42.070000,42.349998,41.227348,3631200,TSN
2015-05-29,42.430000,42.730000,42.299999,42.450001,41.324699,3456600,TSN
2015-06-01,42.529999,42.750000,41.860001,42.220001,41.100796,2398700,TSN
2015-06-02,42.230000,42.310001,41.680000,42.270000,41.149471,2769800,TSN
2015-06-03,42.290001,42.450001,41.740002,41.759998,40.652988,3118900,TSN
2015-06-04,41.759998,42.049999,41.279999,41.360001,40.263592,2722200,TSN
2015-06-05,41.299999,41.360001,40.799999,40.939999,39.854721,2630500,TSN
2015-06-08,40.990002,41.220001,40.720001,40.730000,39.650295,2890900,TSN
2015-06-09,40.799999,41.560001,40.709999,41.160000,40.068893,3749900,TSN
2015-06-10,41.200001,41.450001,40.910000,41.400002,40.302536,3330200,TSN
2015-06-11,41.400002,41.509998,41.160000,41.320000,40.224655,3942300,TSN
2015-06-12,41.169998,41.639999,41.099998,41.590000,40.487499,2485900,TSN
2015-06-15,41.400002,42.020000,41.320000,41.650002,40.545906,3750500,TSN
2015-06-16,41.650002,42.000000,41.509998,41.910000,40.799015,2328100,TSN
2015-06-17,41.900002,42.290001,41.669998,42.209999,41.091061,2400700,TSN
2015-06-18,42.310001,42.439999,42.270000,42.310001,41.188412,2541700,TSN
2015-06-19,42.509998,43.130001,42.500000,43.020000,41.879593,4482700,TSN
2015-06-22,43.250000,43.610001,42.889999,43.230000,42.084026,2888600,TSN
2015-06-23,43.299999,44.099998,43.150002,44.060001,42.892025,4718600,TSN
2015-06-24,44.090000,45.070000,43.880001,45.009998,43.816830,6134100,TSN
2015-06-25,45.099998,45.099998,44.549999,44.650002,43.466377,4336000,TSN
2015-06-26,44.650002,44.849998,43.450001,43.599998,42.444214,4364600,TSN
2015-06-29,43.290001,43.590000,42.910000,42.950001,41.811447,3586500,TSN
2015-06-30,43.099998,43.660000,42.580002,42.630001,41.499931,4170900,TSN
2015-07-01,42.810001,43.250000,42.660000,42.959999,41.821175,3097300,TSN
2015-07-02,43.000000,43.430000,42.740002,42.930000,41.791977,2945600,TSN
2015-07-06,42.529999,42.849998,42.000000,42.570000,41.441521,3627700,TSN
2015-07-07,42.779999,43.130001,42.160000,43.099998,41.957466,3002200,TSN
2015-07-08,42.900002,43.020000,42.610001,42.619999,41.490192,2788900,TSN
2015-07-09,43.169998,43.240002,42.660000,42.669998,41.538872,4358000,TSN
2015-07-10,43.080002,43.160000,42.779999,42.980000,41.840645,2156700,TSN
2015-07-13,43.200001,43.799999,43.150002,43.720001,42.561035,3450100,TSN
2015-07-14,43.720001,44.250000,43.720001,44.029999,42.862816,4155300,TSN
2015-07-15,44.009998,44.080002,43.189999,43.439999,42.288456,4795800,TSN
2015-07-16,43.730000,43.820000,43.290001,43.450001,42.298191,4342000,TSN
2015-07-17,43.450001,43.549999,42.820000,42.939999,41.801708,3727000,TSN
2015-07-20,42.959999,43.139999,42.630001,42.810001,41.675156,2944400,TSN
2015-07-21,42.849998,42.860001,42.389999,42.540001,41.412315,3503200,TSN
2015-07-22,42.540001,43.349998,42.480000,43.130001,41.986671,3018600,TSN
2015-07-23,43.099998,43.509998,42.869999,43.130001,41.986671,2118600,TSN
2015-07-24,43.119999,43.270000,42.830002,42.889999,41.753033,2158600,TSN
2015-07-27,42.500000,42.750000,42.150002,42.669998,41.538872,2568200,TSN
2015-07-28,42.880001,43.430000,42.490002,43.380001,42.230049,3255200,TSN
2015-07-29,43.330002,43.820000,43.090000,43.820000,42.658379,2978000,TSN
2015-07-30,43.689999,44.419998,43.490002,44.380001,43.203541,4667600,TSN
2015-07-31,44.599998,44.779999,44.320000,44.349998,43.174332,5595200,TSN
2015-08-03,40.009998,40.730000,39.610001,39.959999,38.900707,26353500,TSN
2015-08-04,39.970001,42.580002,39.849998,41.580002,40.477764,14514900,TSN
2015-08-05,41.720001,41.849998,41.060001,41.400002,40.302536,4713900,TSN
2015-08-06,41.459999,42.139999,41.029999,42.070000,40.954773,4701400,TSN
2015-08-07,42.000000,42.189999,41.560001,41.849998,40.740604,4009200,TSN
2015-08-10,42.009998,42.889999,41.860001,42.849998,41.714096,4334000,TSN
2015-08-11,42.500000,42.790001,41.849998,41.950001,40.837952,4605600,TSN
2015-08-12,41.759998,42.330002,41.169998,42.279999,41.159206,3648700,TSN
2015-08-13,42.410000,42.660000,42.250000,42.299999,41.178673,4175700,TSN
2015-08-14,42.080002,42.599998,42.029999,42.500000,41.373375,5147600,TSN
2015-08-17,42.410000,43.209999,42.220001,42.849998,41.714096,2944600,TSN
2015-08-18,42.740002,43.369999,42.660000,42.869999,41.733566,3430900,TSN
2015-08-19,42.740002,43.490002,42.599998,43.180000,42.035347,5684500,TSN
2015-08-20,42.750000,43.860001,42.650002,43.450001,42.298191,5919200,TSN
2015-08-21,43.130001,43.259998,41.650002,41.669998,40.565372,5635400,TSN
2015-08-24,39.639999,41.270000,39.049999,40.169998,39.105137,7025300,TSN
2015-08-25,40.910000,40.939999,39.740002,39.750000,38.696266,6888500,TSN
2015-08-26,40.470001,40.889999,39.709999,40.810001,39.728172,4374200,TSN
2015-08-27,41.110001,42.459999,41.070000,42.340000,41.217617,4770400,TSN
2015-08-28,41.790001,42.639999,41.630001,42.619999,41.588413,3746200,TSN
2015-08-31,42.430000,42.610001,42.000000,42.279999,41.256645,3414500,TSN
2015-09-01,41.369999,42.209999,41.150002,41.400002,40.397949,4025100,TSN
2015-09-02,41.770000,42.000000,41.520000,42.000000,40.983425,2235500,TSN
2015-09-03,42.099998,43.029999,42.040001,42.689999,41.656723,3073100,TSN
2015-09-04,42.080002,42.419998,41.959999,42.130001,41.110275,2477900,TSN
2015-09-08,42.720001,42.830002,42.240002,42.770000,41.734787,4020000,TSN
2015-09-09,43.209999,43.290001,42.400002,42.500000,41.471321,2651100,TSN
2015-09-10,42.509998,43.160000,41.950001,42.849998,41.812851,3090800,TSN
2015-09-11,42.610001,43.410000,42.389999,43.369999,42.320267,3507100,TSN
2015-09-14,43.299999,43.549999,43.020000,43.299999,42.251957,3347800,TSN
2015-09-15,43.340000,43.790001,43.189999,43.730000,42.671555,4636300,TSN
2015-09-16,43.689999,43.830002,43.279999,43.619999,42.564217,2859300,TSN
2015-09-17,43.549999,44.139999,43.439999,43.680000,42.622765,3058100,TSN
2015-09-18,43.279999,43.750000,42.860001,42.889999,41.851887,5794900,TSN
2015-09-21,43.230000,43.270000,42.470001,42.660000,41.627449,3286300,TSN
2015-09-22,42.270000,42.389999,41.549999,41.900002,40.885841,3626200,TSN
2015-09-23,42.000000,42.230000,41.599998,42.150002,41.129795,4253600,TSN
2015-09-24,41.950001,43.110001,41.639999,42.980000,41.939709,4219700,TSN
2015-09-25,43.270000,43.639999,43.130001,43.340000,42.290993,3710600,TSN
2015-09-28,43.070000,43.189999,41.599998,41.830002,40.817543,3789300,TSN
2015-09-29,41.790001,41.939999,41.380001,41.820000,40.807777,3530800,TSN
2015-09-30,42.349998,43.200001,42.279999,43.099998,42.056797,4293200,TSN
2015-10-01,43.270000,43.750000,42.779999,43.669998,42.613007,3897300,TSN
2015-10-02,43.490002,44.439999,43.150002,44.389999,43.315575,3948100,TSN
2015-10-05,44.599998,45.139999,44.480000,44.910000,43.822990,4197400,TSN
2015-10-06,44.900002,45.029999,44.320000,44.580002,43.500977,3077200,TSN
2015-10-07,44.750000,44.970001,44.299999,44.619999,43.540005,4056700,TSN
2015-10-08,44.610001,46.040001,44.450001,45.990002,44.876850,5157800,TSN
2015-10-09,46.270000,46.779999,46.020000,46.330002,45.208622,5533400,TSN
2015-10-12,46.419998,47.220001,46.400002,47.049999,45.911190,3024100,TSN
2015-10-13,46.700001,46.810001,45.400002,45.450001,44.349918,5732100,TSN
2015-10-14,45.459999,45.590000,43.820000,44.290001,43.217995,5915600,TSN
2015-10-15,44.540001,44.650002,43.470001,43.930000,42.866707,5754900,TSN
2015-10-16,44.160000,45.349998,43.950001,45.299999,44.203552,4455500,TSN
2015-10-19,45.330002,46.259998,45.330002,46.180000,45.062252,3562200,TSN
2015-10-20,46.070000,46.279999,45.820000,46.090000,44.974426,1905000,TSN
2015-10-21,46.209999,46.500000,46.000000,46.230000,45.111038,2345100,TSN
2015-10-22,46.380001,47.450001,46.180000,47.180000,46.038052,3700700,TSN
2015-10-23,47.459999,47.709999,47.070000,47.439999,46.291748,2826900,TSN
2015-10-26,46.500000,46.500000,44.740002,45.099998,44.008392,9173100,TSN
2015-10-27,44.790001,45.209999,43.889999,44.799999,43.715652,6336300,TSN
2015-10-28,44.770000,45.189999,44.389999,44.970001,43.881542,4078700,TSN
2015-10-29,44.840000,45.049999,43.830002,43.849998,42.788647,4223000,TSN
2015-10-30,43.910000,44.790001,43.900002,44.360001,43.286304,4356500,TSN
2015-11-02,44.459999,44.900002,43.959999,44.779999,43.696133,3784800,TSN
2015-11-03,44.730000,45.340000,44.560001,45.340000,44.242584,3580400,TSN
2015-11-04,45.619999,46.389999,44.950001,45.150002,44.057186,2996300,TSN
2015-11-05,45.310001,45.689999,44.980000,45.599998,44.496292,2786500,TSN
2015-11-06,45.490002,45.639999,44.830002,45.500000,44.398712,2131000,TSN
2015-11-09,45.150002,45.380001,44.740002,45.049999,43.959602,1916100,TSN
2015-11-10,44.990002,45.380001,44.790001,45.240002,44.145004,2522300,TSN
2015-11-11,45.419998,45.490002,44.740002,44.810001,43.725414,1768500,TSN
2015-11-12,44.580002,44.590000,43.410000,43.610001,42.554459,3599400,TSN
2015-11-13,43.669998,43.680000,42.889999,43.099998,42.056797,3415100,TSN
2015-11-16,42.970001,44.250000,42.900002,44.189999,43.120415,2923000,TSN
2015-11-17,44.220001,44.599998,43.750000,43.939999,42.876465,4230000,TSN
2015-11-18,44.049999,45.189999,43.950001,45.099998,44.008392,4701400,TSN
2015-11-19,45.209999,45.340000,43.730000,44.459999,43.383881,4450900,TSN
2015-11-20,44.439999,44.759998,43.430000,43.650002,42.593491,5717600,TSN
2015-11-23,45.200001,48.279999,44.980000,48.090000,46.926022,17778300,TSN
2015-11-24,48.189999,49.740002,48.099998,49.090000,47.901814,14391500,TSN
2015-11-25,49.150002,50.320000,48.840000,49.849998,48.643421,8465000,TSN
2015-11-27,49.939999,50.660000,49.720001,50.549999,49.475349,3049800,TSN
2015-11-30,50.720001,50.759998,49.590000,50.000000,48.937042,7046300,TSN
2015-12-01,50.220001,50.779999,50.049999,50.650002,49.573231,5620500,TSN
2015-12-02,50.779999,51.160000,50.439999,50.580002,49.504715,4963400,TSN
2015-12-03,50.750000,51.840000,50.750000,51.480000,50.385578,9781000,TSN
2015-12-04,51.480000,52.160000,51.320000,52.040001,50.933674,7698000,TSN
2015-12-07,51.509998,52.000000,51.180000,51.799999,50.698780,7604900,TSN
2015-12-08,51.110001,53.209999,50.619999,52.610001,51.491562,9807500,TSN
2015-12-09,52.320000,53.060001,52.110001,53.009998,51.883049,8500700,TSN
2015-12-10,53.070000,54.029999,52.869999,53.410000,52.274548,8399000,TSN
2015-12-11,52.799999,53.750000,52.369999,52.520000,51.403473,4562300,TSN
2015-12-14,52.500000,52.910000,52.150002,52.709999,51.589432,4483700,TSN
2015-12-15,53.169998,54.000000,53.070000,53.950001,52.803070,4946700,TSN
2015-12-16,53.860001,54.419998,53.529999,53.849998,52.705196,5686900,TSN
2015-12-17,53.639999,53.669998,52.459999,52.880001,51.755817,4893400,TSN
2015-12-18,52.650002,52.840000,52.049999,52.549999,51.432831,7370600,TSN
2015-12-21,52.970001,53.340000,52.599998,53.169998,52.039654,3013200,TSN
2015-12-22,53.220001,53.650002,52.910000,53.590000,52.450726,2724600,TSN
2015-12-23,53.810001,54.000000,53.660000,53.799999,52.656258,2151300,TSN
2015-12-24,53.889999,54.180000,53.889999,53.939999,52.793282,959400,TSN
2015-12-28,53.750000,53.880001,53.209999,53.529999,52.392002,1515700,TSN
2015-12-29,53.750000,54.049999,53.520000,53.900002,52.754135,1951600,TSN
2015-12-30,53.610001,54.049999,53.480000,53.779999,52.636681,1533500,TSN
2015-12-31,53.490002,53.790001,53.310001,53.330002,52.196251,2338800,TSN
2016-01-04,52.439999,53.110001,52.380001,52.959999,51.834118,3567500,TSN
2016-01-05,52.290001,52.430000,51.000000,52.299999,51.188148,5282100,TSN
2016-01-06,51.720001,52.869999,51.500000,52.259998,51.148998,5437800,TSN
2016-01-07,51.520000,52.430000,51.430000,52.169998,51.060909,4631000,TSN
2016-01-08,52.540001,52.990002,52.160000,52.299999,51.188148,4583600,TSN
2016-01-11,52.490002,53.150002,52.279999,52.720001,51.599220,4848900,TSN
2016-01-12,52.660000,53.709999,52.549999,53.580002,52.440937,3186800,TSN
2016-01-13,53.669998,53.950001,52.869999,53.119999,51.990715,4059800,TSN
2016-01-14,53.049999,53.169998,52.480000,52.910000,51.785179,4039600,TSN
2016-01-15,51.810001,52.639999,49.990002,51.490002,50.395367,9782100,TSN
2016-01-19,51.520000,52.090000,49.320000,49.680000,48.623848,6833300,TSN
2016-01-20,48.650002,50.360001,48.520000,49.959999,48.897892,6549300,TSN
2016-01-21,50.000000,51.290001,49.669998,51.009998,49.925571,5607700,TSN
2016-01-22,51.560001,51.730000,50.770000,51.220001,50.131107,3328900,TSN
2016-01-25,51.220001,51.959999,50.990002,51.290001,50.199623,4868300,TSN
2016-01-26,51.290001,52.500000,51.279999,52.500000,51.383896,3696800,TSN
2016-01-27,52.500000,52.720001,51.599998,51.860001,50.757504,2879100,TSN
2016-01-28,52.240002,52.860001,51.490002,52.590000,51.471981,3433600,TSN
2016-01-29,52.820000,53.660000,52.630001,53.360001,52.225613,3971900,TSN
2016-02-01,53.450001,54.590000,53.220001,54.310001,53.155418,5194600,TSN
2016-02-02,54.000000,54.070000,52.919998,53.000000,51.873260,5111200,TSN
2016-02-03,53.299999,53.560001,51.840000,52.919998,51.794968,4065000,TSN
2016-02-04,52.709999,53.230000,51.730000,51.950001,50.845589,4972900,TSN
2016-02-05,56.000000,58.950001,55.830002,57.099998,55.886105,16168200,TSN
2016-02-08,57.099998,60.320000,57.099998,60.160000,58.881054,11044000,TSN
2016-02-09,59.650002,61.000000,59.560001,60.849998,59.556381,6373800,TSN
2016-02-10,61.070000,62.090000,60.770000,61.580002,60.270866,7074700,TSN
2016-02-11,61.110001,61.500000,59.770000,60.049999,58.773384,5306700,TSN
2016-02-12,60.250000,60.330002,59.290001,60.169998,58.890842,5759200,TSN
2016-02-16,61.189999,62.209999,60.900002,61.810001,60.495972,8427200,TSN
2016-02-17,62.689999,63.080002,62.230000,62.410000,61.083218,5833300,TSN
2016-02-18,62.560001,63.340000,62.009998,62.959999,61.621525,5005600,TSN
2016-02-19,62.959999,63.599998,61.900002,62.970001,61.631313,4760600,TSN
2016-02-22,63.090000,64.110001,63.040001,64.099998,62.737289,4658900,TSN
2016-02-23,64.019997,65.029999,63.779999,64.790001,63.412628,6790400,TSN
2016-02-24,64.500000,65.419998,64.410004,65.379997,63.990074,3876800,TSN
2016-02-25,65.570000,66.669998,65.220001,66.489998,65.076477,3867000,TSN
2016-02-26,66.010002,66.330002,65.099998,65.169998,63.928764,3214400,TSN
2016-02-29,65.000000,65.720001,64.730003,64.750000,63.516766,3535100,TSN
2016-03-01,65.099998,65.910004,64.980003,65.580002,64.330956,2941400,TSN
2016-03-02,65.400002,65.790001,64.629997,65.790001,64.536957,3341000,TSN
2016-03-03,66.000000,66.089996,65.370003,66.019997,64.762573,2956400,TSN
2016-03-04,65.360001,65.519997,64.379997,64.959999,63.722759,4212500,TSN
2016-03-07,64.709999,65.949997,64.389999,65.690002,64.438858,3109000,TSN
2016-03-08,65.500000,66.139999,65.129997,65.440002,64.193634,3586900,TSN
2016-03-09,65.680000,66.820000,65.470001,66.080002,64.821434,4538900,TSN
2016-03-10,66.169998,66.779999,66.050003,66.639999,65.370773,4592100,TSN
2016-03-11,67.139999,67.709999,66.589996,67.690002,66.400772,3790800,TSN
2016-03-14,67.260002,67.620003,66.989998,67.220001,65.939720,2704500,TSN
2016-03-15,66.980003,67.199997,66.639999,66.660004,65.390388,2320500,TSN
2016-03-16,66.639999,67.269997,65.879997,67.050003,65.772949,2466300,TSN
2016-03-17,67.349998,67.730003,67.099998,67.209999,65.929916,2443900,TSN
2016-03-18,67.199997,67.599998,66.629997,67.180000,65.900490,3754500,TSN
2016-03-21,66.690002,66.879997,66.320000,66.760002,65.488480,3366300,TSN
2016-03-22,66.709999,67.220001,66.110001,66.690002,65.419815,2593000,TSN
2016-03-23,66.860001,67.610001,66.379997,67.440002,66.155525,2635100,TSN
2016-03-24,66.940002,67.459999,66.489998,66.889999,65.615997,1843900,TSN
2016-03-28,66.879997,67.629997,66.860001,67.480003,66.194771,1577500,TSN
2016-03-29,67.559998,68.099998,67.290001,67.699997,66.410583,2462800,TSN
2016-03-30,67.959999,68.139999,66.769997,67.559998,66.273247,2326400,TSN
2016-03-31,67.639999,67.669998,66.610001,66.660004,65.390388,3091100,TSN
2016-04-01,66.599998,68.169998,66.500000,68.089996,66.793152,2601100,TSN
2016-04-04,68.050003,68.300003,67.209999,67.769997,66.479240,2074100,TSN
2016-04-05,67.699997,67.779999,66.949997,67.440002,66.155525,3249000,TSN
2016-04-06,67.400002,68.040001,66.989998,68.040001,66.744102,2074000,TSN
2016-04-07,67.779999,68.230003,67.540001,67.839996,66.547913,2031300,TSN
2016-04-08,67.720001,68.160004,67.489998,68.110001,66.812775,1795300,TSN
2016-04-11,67.940002,68.839996,67.419998,67.440002,66.155525,2244100,TSN
2016-04-12,67.610001,68.820000,67.370003,68.370003,67.067825,2496300,TSN
2016-04-13,68.300003,68.389999,65.559998,65.629997,64.380005,3853900,TSN
2016-04-14,65.519997,65.629997,64.180000,64.660004,63.428478,3448900,TSN
2016-04-15,64.599998,65.720001,64.339996,65.330002,64.085716,4266700,TSN
2016-04-18,65.059998,65.910004,64.870003,65.790001,64.536957,2359600,TSN
2016-04-19,66.089996,66.250000,65.160004,65.320000,64.075912,1880200,TSN
2016-04-20,65.169998,65.559998,63.500000,63.669998,62.457333,4101300,TSN
2016-04-21,63.529999,63.849998,62.299999,62.939999,61.741234,5211300,TSN
2016-04-22,63.029999,63.369999,62.529999,63.070000,61.868763,3647200,TSN
2016-04-25,63.180000,64.629997,63.000000,64.080002,62.859528,3579800,TSN
2016-04-26,64.190002,65.070000,64.070000,64.680000,63.448097,3382500,TSN
2016-04-27,64.779999,65.790001,64.750000,65.330002,64.085716,2124600,TSN
2016-04-28,65.010002,66.570000,64.919998,65.519997,64.272102,2815300,TSN
2016-04-29,65.290001,66.089996,65.029999,65.820000,64.566391,2644400,TSN
2016-05-02,65.989998,67.150002,65.820000,66.669998,65.400200,3397100,TSN
2016-05-03,66.720001,67.099998,66.160004,66.360001,65.096100,2870300,TSN
2016-05-04,66.040001,67.099998,65.769997,66.690002,65.419815,1995900,TSN
2016-05-05,66.709999,67.080002,66.320000,66.379997,65.115715,2437900,TSN
2016-05-06,66.139999,67.339996,66.080002,67.250000,65.969154,4532200,TSN
2016-05-09,69.550003,70.440002,67.790001,68.239998,66.940292,5998100,TSN
2016-05-10,68.870003,69.279999,67.900002,69.269997,67.950668,3903100,TSN
2016-05-11,69.239998,69.720001,68.309998,68.480003,67.175728,3255000,TSN
2016-05-12,68.349998,68.940002,67.629997,68.650002,67.342484,2849600,TSN
2016-05-13,68.769997,69.879997,68.370003,68.750000,67.440590,2933800,TSN
2016-05-16,68.720001,69.180000,68.309998,68.349998,67.048203,3230700,TSN
2016-05-17,68.070000,68.580002,66.190002,66.500000,65.233429,3051300,TSN
2016-05-18,66.239998,66.500000,64.949997,65.589996,64.340767,4059100,TSN
2016-05-19,65.000000,65.629997,64.589996,65.019997,63.781624,4208700,TSN
2016-05-20,65.349998,65.470001,64.379997,64.709999,63.477524,2915300,TSN
2016-05-23,64.809998,65.500000,64.690002,64.980003,63.742382,3933900,TSN
2016-05-24,65.010002,65.470001,64.660004,65.099998,63.860092,2781700,TSN
2016-05-25,65.220001,65.349998,64.540001,64.779999,63.546196,3469500,TSN
2016-05-26,64.839996,65.459999,64.650002,65.139999,63.899338,2320200,TSN
2016-05-27,65.199997,65.599998,64.610001,65.070000,63.977993,3277100,TSN
2016-05-31,65.239998,65.480003,63.610001,63.779999,62.709641,5934200,TSN
2016-06-01,63.779999,64.980003,63.730000,64.309998,63.230747,3272600,TSN
2016-06-02,64.400002,64.400002,62.490002,62.599998,61.549442,4031000,TSN
2016-06-03,62.650002,63.430000,61.660000,63.209999,62.149212,4300400,TSN
2016-06-06,61.299999,62.340000,60.320000,60.880001,59.858315,6284400,TSN
2016-06-07,60.970001,61.830002,60.720001,60.840000,59.818977,4083100,TSN
2016-06-08,60.869999,61.000000,59.509998,59.759998,58.757103,5841100,TSN
2016-06-09,59.830002,61.529999,59.630001,61.279999,60.251595,5104900,TSN
2016-06-10,61.080002,61.380001,60.270000,60.570000,59.553516,3836900,TSN
2016-06-13,60.279999,60.820000,59.450001,59.930000,58.924252,3454500,TSN
2016-06-14,60.040001,60.840000,59.880001,60.290001,59.278210,3605400,TSN
2016-06-15,60.320000,60.759998,60.020000,60.360001,59.347034,2446000,TSN
2016-06-16,60.360001,61.509998,60.189999,61.490002,60.458073,3951700,TSN
2016-06-17,61.310001,61.480000,60.720001,61.220001,60.192604,4925600,TSN
2016-06-20,61.520000,62.060001,61.279999,61.290001,60.261433,2757600,TSN
2016-06-21,61.500000,62.560001,61.500000,62.180000,61.136490,3398200,TSN
2016-06-22,62.349998,62.869999,62.209999,62.680000,61.628109,3669700,TSN
2016-06-23,63.020000,63.369999,62.700001,63.360001,62.296688,3180700,TSN
2016-06-24,62.200001,64.809998,62.009998,63.570000,62.503166,6870800,TSN
2016-06-27,63.189999,65.470001,63.060001,65.239998,64.145134,5015300,TSN
2016-06-28,64.779999,65.150002,63.380001,64.199997,63.122589,4005100,TSN
2016-06-29,64.589996,64.639999,63.160000,64.230003,63.152096,3261500,TSN
2016-06-30,64.309998,66.809998,64.239998,66.790001,65.669136,4877700,TSN
2016-07-01,66.620003,67.050003,65.940002,66.019997,64.912048,2565400,TSN
2016-07-05,66.040001,67.000000,65.830002,66.690002,65.570808,3318400,TSN
2016-07-06,66.949997,68.099998,66.800003,67.660004,66.524544,4517300,TSN
2016-07-07,68.000000,68.000000,67.230003,67.660004,66.524544,2799900,TSN
2016-07-08,67.820000,68.959999,67.559998,68.919998,67.763382,2405900,TSN
2016-07-11,68.769997,69.209999,68.269997,68.470001,67.320930,2028300,TSN
2016-07-12,68.500000,68.959999,68.279999,68.660004,67.507751,1885600,TSN
2016-07-13,68.150002,69.339996,67.379997,69.209999,68.048515,2799500,TSN
2016-07-14,68.919998,69.989998,68.610001,69.849998,68.677773,2177800,TSN
2016-07-15,70.000000,70.070000,69.540001,69.570000,68.402473,2142400,TSN
2016-07-18,69.570000,70.650002,69.489998,69.889999,68.717110,2550100,TSN
2016-07-19,69.989998,71.160004,69.760002,71.080002,69.887131,3198200,TSN
2016-07-20,71.029999,71.139999,70.470001,70.669998,69.484009,2767400,TSN
2016-07-21,70.699997,71.160004,70.529999,71.129997,69.936295,2022900,TSN
2016-07-22,71.269997,72.610001,71.169998,72.389999,71.175140,2838100,TSN
2016-07-25,72.250000,73.470001,72.220001,73.309998,72.079697,2590400,TSN
2016-07-26,73.500000,73.779999,72.669998,72.800003,71.578270,2378000,TSN
2016-07-27,72.519997,72.870003,72.040001,72.160004,70.949013,2869500,TSN
2016-07-28,72.120003,73.389999,71.919998,73.050003,71.824081,2634100,TSN
2016-07-29,73.139999,73.989998,73.019997,73.599998,72.364845,2214700,TSN
2016-08-01,73.709999,74.449997,73.690002,74.279999,73.033424,2553100,TSN
2016-08-02,74.279999,74.860001,73.410004,73.480003,72.246864,2372400,TSN
2016-08-03,73.639999,73.639999,72.760002,72.970001,71.745407,2298800,TSN
2016-08-04,73.300003,73.879997,73.000000,73.559998,72.325508,2764200,TSN
2016-08-05,73.650002,73.820000,72.889999,73.639999,72.404175,2948600,TSN
2016-08-08,74.870003,75.459999,72.599998,74.070000,72.826958,4923800,TSN
2016-08-09,74.279999,75.440002,74.000000,74.470001,73.220238,2664100,TSN
2016-08-10,74.400002,75.000000,74.300003,74.639999,73.387390,1446600,TSN
2016-08-11,74.860001,74.949997,74.139999,74.570000,73.318573,2275100,TSN
2016-08-12,74.660004,75.550003,74.470001,75.370003,74.105141,1863300,TSN
2016-08-15,75.000000,75.290001,74.550003,75.089996,73.829826,2046700,TSN
2016-08-16,74.959999,75.080002,74.230003,74.250000,73.003929,2267800,TSN
2016-08-17,74.220001,74.500000,73.830002,74.379997,73.131744,2720900,TSN
2016-08-18,74.580002,75.239998,74.290001,75.029999,73.770844,2192900,TSN
2016-08-19,74.900002,74.970001,74.510002,74.879997,73.623352,2225100,TSN
2016-08-22,75.220001,75.629997,74.900002,75.599998,74.331268,1691700,TSN
2016-08-23,75.459999,75.620003,74.940002,75.220001,73.957657,2053600,TSN
2016-08-24,75.360001,75.430000,74.800003,75.000000,73.741341,1438400,TSN
2016-08-25,75.010002,76.230003,75.000000,75.470001,74.203468,2385100,TSN
2016-08-26,75.959999,75.959999,75.029999,75.089996,73.829826,1846900,TSN
2016-08-29,75.059998,76.150002,75.019997,76.029999,74.754059,2150600,TSN
2016-08-30,75.879997,75.879997,75.110001,75.430000,74.310738,1677400,TSN
2016-08-31,75.230003,75.690002,74.980003,75.570000,74.448669,1775600,TSN
2016-09-01,75.580002,75.599998,74.870003,75.480003,74.360001,1871600,TSN
2016-09-02,75.540001,76.910004,75.540001,76.440002,75.305756,2309400,TSN
2016-09-06,76.629997,77.050003,75.230003,76.080002,74.951096,2999900,TSN
2016-09-07,75.720001,75.949997,74.660004,75.279999,74.162964,2403700,TSN
2016-09-08,75.019997,75.139999,74.510002,74.699997,73.591576,2063900,TSN
2016-09-09,74.199997,74.199997,72.260002,72.260002,71.187782,2882100,TSN
2016-09-12,72.379997,73.970001,72.339996,73.830002,72.734482,2987300,TSN
2016-09-13,73.699997,74.180000,73.279999,73.370003,72.281311,2238500,TSN
2016-09-14,73.519997,73.800003,72.879997,73.099998,72.015312,2633900,TSN
2016-09-15,72.989998,73.709999,72.500000,73.599998,72.507889,2145700,TSN
2016-09-16,73.379997,73.709999,72.930000,73.250000,72.163094,8192600,TSN
2016-09-19,73.910004,74.809998,73.480003,74.230003,73.128548,2876100,TSN
2016-09-20,74.589996,75.000000,74.389999,74.559998,73.453636,2291800,TSN
2016-09-21,74.459999,75.870003,74.440002,75.690002,74.566879,2126900,TSN
2016-09-22,75.970001,76.809998,75.809998,76.760002,75.621010,2245100,TSN
2016-09-23,76.660004,76.930000,76.239998,76.260002,75.128426,2175200,TSN
2016-09-26,76.199997,76.279999,75.650002,75.879997,74.754059,1886000,TSN
2016-09-27,75.910004,76.139999,75.370003,75.720001,74.596436,1986300,TSN
2016-09-28,75.709999,76.099998,75.510002,76.019997,74.891983,1872500,TSN
2016-09-29,76.169998,76.379997,74.750000,74.830002,73.719650,3207900,TSN
2016-09-30,75.199997,75.550003,74.419998,74.669998,73.562019,2591200,TSN
2016-10-03,74.580002,75.239998,74.080002,75.099998,73.985634,2192800,TSN
2016-10-04,75.129997,75.330002,73.599998,73.669998,72.576851,2702400,TSN
2016-10-05,73.800003,74.089996,73.029999,73.769997,72.675377,3206300,TSN
2016-10-06,73.709999,74.650002,73.570000,74.379997,73.276321,1978900,TSN
2016-10-07,70.480003,70.769997,65.849998,67.750000,66.744698,19872500,TSN
2016-10-10,69.000000,70.800003,68.599998,70.500000,69.453896,5459300,TSN
2016-10-11,70.949997,71.959999,70.750000,71.379997,70.320831,3849500,TSN
2016-10-12,71.379997,71.760002,70.809998,71.559998,70.498161,2265200,TSN
2016-10-13,71.519997,72.519997,71.199997,72.029999,70.961189,2904600,TSN
2016-10-14,72.150002,72.879997,71.580002,71.580002,70.517876,2250600,TSN
2016-10-17,71.699997,72.269997,71.459999,71.550003,70.488319,1767900,TSN
2016-10-18,72.099998,72.360001,71.540001,71.559998,70.498161,1687200,TSN
2016-10-19,71.970001,71.970001,70.290001,70.470001,69.424339,3590000,TSN
2016-10-20,70.550003,71.110001,69.550003,69.809998,68.774139,2625900,TSN
2016-10-21,69.440002,70.139999,69.169998,69.540001,68.508133,2679900,TSN
2016-10-24,69.949997,70.269997,69.500000,69.830002,68.793831,2958100,TSN
2016-10-25,69.639999,69.959999,69.000000,69.040001,68.015556,2755800,TSN
2016-10-26,69.050003,69.320000,68.550003,68.669998,67.651047,1872200,TSN
2016-10-27,68.610001,69.410004,67.900002,68.910004,67.887482,2528600,TSN
2016-10-28,68.949997,70.089996,68.919998,69.739998,68.705170,2150100,TSN
2016-10-31,69.889999,70.889999,69.599998,70.849998,69.798698,2468000,TSN
2016-11-01,70.529999,71.620003,70.510002,71.089996,70.035133,3035700,TSN
2016-11-02,71.160004,71.260002,70.279999,70.309998,69.266708,2261400,TSN
2016-11-03,70.489998,70.639999,69.889999,69.970001,68.931770,1805700,TSN
2016-11-04,70.050003,70.190002,66.559998,67.180000,66.183151,5402900,TSN
2016-11-07,67.820000,69.459999,67.510002,69.389999,68.360367,3386600,TSN
2016-11-08,69.410004,71.139999,69.230003,70.300003,69.256866,2725600,TSN
2016-11-09,68.699997,69.930000,66.410004,69.519997,68.488426,4854600,TSN
2016-11-10,69.599998,70.010002,66.010002,66.239998,65.257103,3945200,TSN
2016-11-11,66.190002,67.160004,65.209999,66.540001,65.552658,3897700,TSN
2016-11-14,66.730003,69.059998,66.379997,68.480003,67.463867,2930800,TSN
2016-11-15,68.739998,69.660004,68.260002,68.800003,67.779121,3187400,TSN
2016-11-16,68.809998,69.839996,68.650002,69.019997,67.995850,2239000,TSN
2016-11-17,68.570000,68.570000,64.370003,66.699997,65.710274,6172100,TSN
2016-11-18,66.440002,68.180000,66.339996,67.360001,66.360489,3917500,TSN
2016-11-21,67.360001,67.360001,55.720001,57.599998,56.745308,30092100,TSN
2016-11-22,57.970001,59.930000,57.099998,58.959999,58.085133,12523800,TSN
2016-11-23,58.779999,59.529999,58.029999,58.660000,57.789581,6815300,TSN
2016-11-25,58.740002,59.689999,58.740002,59.650002,58.764889,2783900,TSN
2016-11-28,59.490002,59.740002,58.130001,58.340000,57.474327,5531600,TSN
2016-11-29,58.279999,59.750000,58.180000,58.959999,58.310013,5667600,TSN
2016-11-30,59.279999,59.279999,56.799999,56.810001,56.183716,6788500,TSN
2016-12-01,56.810001,57.180000,55.939999,56.169998,55.550766,4595200,TSN
2016-12-02,56.860001,57.240002,56.400002,57.049999,56.421070,3617900,TSN
2016-12-05,57.009998,57.959999,56.840000,57.270000,56.638645,4349600,TSN
2016-12-06,57.230000,57.869999,56.950001,57.389999,56.757320,3809100,TSN
2016-12-07,57.580002,59.049999,57.049999,58.820000,58.171555,4464200,TSN
2016-12-08,59.000000,61.770000,58.880001,61.590000,60.911018,7665300,TSN
2016-12-09,61.560001,61.939999,60.549999,61.919998,61.237381,4484000,TSN
2016-12-12,62.009998,63.330002,61.830002,62.150002,61.464848,3714800,TSN
2016-12-13,61.650002,63.709999,61.650002,62.740002,62.048347,3629300,TSN
2016-12-14,63.020000,63.790001,61.860001,62.139999,61.454952,3056400,TSN
2016-12-15,62.320000,62.650002,60.779999,62.400002,61.712093,2902000,TSN
2016-12-16,62.439999,62.970001,61.549999,62.439999,61.751648,5789700,TSN
2016-12-19,62.310001,62.439999,61.520000,62.330002,61.642864,2195200,TSN
2016-12-20,62.060001,62.279999,61.340000,61.900002,61.217602,3150100,TSN
2016-12-21,61.700001,63.099998,61.700001,61.970001,61.286831,2213900,TSN
2016-12-22,62.090000,62.779999,61.360001,61.740002,61.059368,2729500,TSN
2016-12-23,61.950001,62.630001,61.549999,62.549999,61.860432,1581900,TSN
2016-12-27,62.470001,63.000000,61.810001,62.439999,61.751648,1331600,TSN
2016-12-28,62.430000,62.430000,61.470001,61.650002,60.970360,1302800,TSN
2016-12-29,61.959999,62.310001,61.689999,62.150002,61.464848,1085700,TSN
2016-12-30,62.180000,62.189999,61.340000,61.680000,61.000027,1792600,TSN
2017-01-03,62.480000,63.340000,61.880001,62.580002,61.890106,4199000,TSN
2017-01-04,62.750000,63.619999,62.610001,63.470001,62.770294,2615300,TSN
2017-01-05,63.509998,64.000000,62.889999,63.799999,63.096657,2474400,TSN
2017-01-06,63.639999,63.770000,63.119999,63.320000,62.621944,2725700,TSN
2017-01-09,63.119999,63.150002,61.720001,62.650002,61.959332,3964000,TSN
2017-01-10,62.549999,62.560001,61.080002,61.209999,60.535206,3908100,TSN
2017-01-11,61.349998,61.770000,61.000000,61.459999,60.782452,2438000,TSN
2017-01-12,61.680000,61.849998,61.110001,61.689999,61.009914,2158800,TSN
2017-01-13,61.669998,62.119999,61.599998,61.990002,61.306610,1466600,TSN
2017-01-17,61.950001,62.560001,61.770000,62.320000,61.632973,1934700,TSN
2017-01-18,62.529999,62.930000,62.209999,62.740002,62.048347,1908700,TSN
2017-01-19,62.610001,62.790001,61.840000,62.340000,61.652752,2172900,TSN
2017-01-20,62.660000,63.080002,61.869999,62.570000,61.880219,2192200,TSN
2017-01-23,62.500000,62.500000,61.540001,61.750000,61.069256,1651400,TSN
2017-01-24,61.919998,62.509998,61.560001,62.360001,61.672527,1949600,TSN
2017-01-25,62.509998,62.830002,62.310001,62.630001,61.939552,1845100,TSN
2017-01-26,62.650002,62.660000,61.669998,61.709999,61.029694,2172200,TSN
2017-01-27,61.720001,62.799999,61.480000,62.770000,62.078007,1325300,TSN
2017-01-30,62.570000,62.820000,62.049999,62.570000,61.880219,1795200,TSN
2017-01-31,62.619999,62.990002,62.209999,62.790001,62.097790,2315400,TSN
2017-02-01,62.560001,64.540001,62.279999,64.300003,63.591145,2789800,TSN
2017-02-02,64.300003,65.550003,64.019997,65.180000,64.461441,3505000,TSN
2017-02-03,65.540001,66.089996,64.940002,65.389999,64.669128,4047100,TSN
2017-02-06,67.000000,67.139999,62.099998,63.130001,62.434044,9131200,TSN
2017-02-07,63.410000,66.279999,63.150002,64.650002,63.937286,6440000,TSN
2017-02-08,64.580002,65.209999,64.440002,65.050003,64.332878,3491600,TSN
2017-02-09,65.050003,65.940002,64.739998,65.389999,64.669128,2736000,TSN
2017-02-10,65.480003,65.489998,64.750000,65.059998,64.342766,2686000,TSN
2017-02-13,65.279999,65.470001,65.000000,65.300003,64.580124,1748000,TSN
2017-02-14,65.000000,65.459999,64.690002,65.000000,64.283424,2001600,TSN
2017-02-15,65.010002,65.430000,64.809998,65.330002,64.609795,2342900,TSN
2017-02-16,65.239998,65.360001,63.849998,64.900002,64.184525,3815000,TSN
2017-02-17,64.709999,65.400002,64.279999,65.260002,64.540565,2850500,TSN
2017-02-21,65.370003,65.870003,63.160000,63.310001,62.612057,6414500,TSN
2017-02-22,63.349998,64.010002,62.639999,63.220001,62.523052,4537300,TSN
2017-02-23,63.259998,63.590000,62.490002,62.820000,62.127457,2389500,TSN
2017-02-24,62.439999,63.250000,62.119999,62.680000,61.989002,2895600,TSN
2017-02-27,62.630001,62.820000,62.020000,62.360001,61.894714,2888500,TSN
2017-02-28,62.200001,62.930000,62.160000,62.560001,62.093224,2875200,TSN
2017-03-01,62.630001,64.320000,62.599998,64.199997,63.720982,3966200,TSN
2017-03-02,64.360001,64.360001,63.029999,63.099998,62.629192,2810000,TSN
2017-03-03,63.080002,63.639999,62.709999,63.599998,63.125458,2265400,TSN
2017-03-06,61.700001,62.299999,61.009998,61.990002,61.527473,4862000,TSN
2017-03-07,61.840000,62.560001,61.759998,61.889999,61.428219,3232600,TSN
2017-03-08,62.020000,62.799999,61.700001,61.919998,61.457996,2702000,TSN
2017-03-09,62.139999,62.389999,61.939999,62.290001,61.825237,1495900,TSN
2017-03-10,62.389999,63.660000,62.389999,63.549999,63.075832,2478000,TSN
2017-03-13,63.689999,63.930000,63.270000,63.599998,63.125458,3591900,TSN
2017-03-14,63.610001,63.730000,62.250000,62.669998,62.202400,2060300,TSN
2017-03-15,62.889999,63.459999,62.310001,63.099998,62.629192,2005200,TSN
2017-03-16,62.900002,62.900002,61.209999,62.000000,61.537399,4253600,TSN
2017-03-17,62.060001,62.279999,61.619999,61.840000,61.378593,4125000,TSN
2017-03-20,61.840000,62.480000,61.549999,62.360001,61.894714,2124000,TSN
2017-03-21,62.290001,62.340000,61.560001,62.259998,61.795456,2470300,TSN
2017-03-22,62.270000,62.820000,61.689999,62.720001,62.252029,1999900,TSN
2017-03-23,62.509998,63.049999,62.230000,62.330002,61.864937,1695900,TSN
2017-03-24,62.509998,62.790001,62.310001,62.570000,62.103146,1664200,TSN
2017-03-27,62.090000,62.869999,61.730000,61.840000,61.378593,1892100,TSN
2017-03-28,61.730000,61.980000,61.259998,61.820000,61.358742,2129700,TSN
2017-03-29,61.880001,62.209999,61.610001,61.880001,61.418293,1698600,TSN
2017-03-30,61.869999,62.070000,61.590000,61.639999,61.180084,1556900,TSN
2017-03-31,61.630001,62.099998,61.580002,61.709999,61.249561,2473900,TSN
2017-04-03,61.959999,62.349998,61.700001,61.980000,61.517548,1561500,TSN
2017-04-04,61.930000,62.110001,61.500000,62.070000,61.606876,2837100,TSN
2017-04-05,62.080002,62.590000,61.720001,61.950001,61.487774,2159200,TSN
2017-04-06,61.910000,62.730000,61.779999,62.619999,62.152771,2277100,TSN
2017-04-07,62.599998,62.709999,62.070000,62.160000,61.696205,2473600,TSN
2017-04-10,62.259998,62.880001,62.020000,62.650002,62.182552,1726300,TSN
2017-04-11,62.470001,62.860001,62.369999,62.860001,62.390984,1644000,TSN
2017-04-12,62.669998,64.389999,62.540001,64.260002,63.780537,3886800,TSN
2017-04-13,64.379997,64.440002,63.439999,63.470001,62.996433,2100200,TSN
2017-04-17,63.639999,64.809998,63.400002,64.459999,63.979042,2509200,TSN
2017-04-18,64.410004,65.599998,64.209999,65.239998,64.753227,4011300,TSN
2017-04-19,65.190002,65.339996,64.550003,64.629997,64.147774,2171100,TSN
2017-04-20,64.669998,65.449997,64.599998,65.040001,64.554718,2431600,TSN
2017-04-21,65.139999,65.519997,64.680000,65.139999,64.653969,3073400,TSN
2017-04-24,65.660004,65.779999,64.930000,65.389999,64.902107,2436700,TSN
2017-04-25,66.440002,66.870003,64.790001,65.129997,64.644043,4976500,TSN
2017-04-26,65.120003,65.150002,64.470001,64.529999,64.048523,2108700,TSN
2017-04-27,64.660004,65.080002,64.430000,64.610001,64.127922,1492400,TSN
2017-04-28,64.360001,64.550003,64.010002,64.260002,63.780537,2511700,TSN
2017-05-01,64.510002,64.529999,63.799999,63.869999,63.393444,1702200,TSN
2017-05-02,64.010002,64.059998,62.970001,63.220001,62.748299,1846800,TSN
2017-05-03,63.410000,63.410000,62.360001,62.650002,62.182552,1984600,TSN
2017-05-04,62.669998,63.209999,62.290001,62.970001,62.500160,2115900,TSN
2017-05-05,63.150002,63.680000,63.060001,63.330002,62.857475,2772800,TSN
2017-05-08,62.009998,62.009998,59.099998,59.480000,59.036201,10076500,TSN
2017-05-09,59.509998,59.580002,57.810001,57.880001,57.448139,5751900,TSN
2017-05-10,58.000000,58.169998,57.560001,58.040001,57.606949,4429700,TSN
2017-05-11,57.869999,58.200001,57.459999,58.049999,57.616871,3557900,TSN
2017-05-12,58.759998,59.000000,58.009998,58.240002,57.805454,2759600,TSN
2017-05-15,58.220001,58.250000,57.770000,58.070000,57.636723,2485300,TSN
2017-05-16,58.130001,58.240002,57.650002,57.849998,57.418362,2913400,TSN
2017-05-17,57.849998,58.250000,57.590000,58.020000,57.587097,2463800,TSN
2017-05-18,57.880001,58.189999,57.439999,57.830002,57.398514,3400100,TSN
2017-05-19,57.880001,58.590000,57.619999,58.560001,58.123066,2333300,TSN
2017-05-22,58.580002,58.810001,58.259998,58.439999,58.003960,2378800,TSN
2017-05-23,58.540001,58.610001,58.009998,58.419998,57.984108,3218700,TSN
2017-05-24,58.230000,58.660000,58.180000,58.430000,57.994034,1678700,TSN
2017-05-25,58.490002,58.730000,57.820000,58.099998,57.666496,1943200,TSN
2017-05-26,58.099998,58.669998,57.930000,58.340000,57.904705,1711300,TSN
2017-05-30,58.110001,58.270000,57.509998,57.939999,57.730339,2120400,TSN
2017-05-31,58.029999,58.080002,57.259998,57.340000,57.132515,3546200,TSN
2017-06-01,57.520000,58.570000,57.200001,58.480000,58.268387,3088600,TSN
2017-06-02,58.410000,58.950001,57.700001,57.889999,57.680523,2731900,TSN
2017-06-05,57.900002,58.389999,57.700001,58.270000,58.059147,1948800,TSN
2017-06-06,58.459999,59.660000,58.270000,59.369999,59.155167,2971000,TSN
2017-06-07,59.240002,60.610001,59.130001,60.470001,60.251186,3412700,TSN
2017-06-08,60.470001,61.570000,60.360001,60.520000,60.301006,3822800,TSN
2017-06-09,60.520000,61.360001,60.230000,60.750000,60.530174,2296300,TSN
2017-06-12,61.110001,61.990002,61.070000,61.270000,61.048294,2975600,TSN
2017-06-13,61.860001,62.490002,61.250000,62.380001,62.154278,2340000,TSN
2017-06-14,62.599998,63.029999,62.119999,62.509998,62.283802,2469100,TSN
2017-06-15,62.439999,62.730000,61.880001,61.959999,61.735794,2732400,TSN
2017-06-16,61.849998,61.930000,60.529999,61.610001,61.387062,4269100,TSN
2017-06-19,61.610001,61.660000,60.619999,61.560001,61.337246,1913300,TSN
2017-06-20,61.610001,62.180000,61.330002,61.389999,61.167858,1877800,TSN
2017-06-21,61.430000,61.619999,60.959999,61.380001,61.157894,1408600,TSN
2017-06-22,61.470001,62.000000,60.939999,61.720001,61.496666,2510100,TSN
2017-06-23,61.599998,63.139999,61.599998,62.790001,62.562794,7281400,TSN
2017-06-26,63.279999,63.790001,62.410000,62.759998,62.532898,3241500,TSN
2017-06-27,62.480000,62.639999,61.529999,61.700001,61.476738,2162600,TSN
2017-06-28,61.970001,62.360001,61.540001,61.570000,61.347206,2345100,TSN
2017-06-29,61.650002,62.150002,61.279999,61.570000,61.347206,2960600,TSN
2017-06-30,61.700001,62.919998,61.700001,62.630001,62.403374,2819400,TSN
2017-07-03,62.750000,63.130001,62.160000,62.580002,62.353554,1584400,TSN
2017-07-05,62.669998,62.810001,61.299999,61.570000,61.347206,2505300,TSN
2017-07-06,61.450001,61.669998,60.189999,60.209999,59.992126,2576600,TSN
2017-07-07,60.400002,60.630001,60.020000,60.220001,60.002094,2563500,TSN
2017-07-10,60.200001,60.439999,59.080002,59.279999,59.065491,3529100,TSN
2017-07-11,59.259998,59.630001,58.360001,58.580002,58.368027,4924000,TSN
2017-07-12,58.849998,59.959999,58.849998,59.919998,59.703175,2799400,TSN
2017-07-13,59.939999,60.939999,59.869999,60.889999,60.669666,2693500,TSN
2017-07-14,61.040001,61.590000,61.040001,61.389999,61.167858,2476400,TSN
2017-07-17,61.400002,61.910000,61.250000,61.669998,61.446842,1799900,TSN
2017-07-18,61.270000,61.320000,60.580002,60.840000,60.619850,1671300,TSN
2017-07-19,60.939999,61.250000,60.480000,61.130001,60.908798,2261900,TSN
2017-07-20,61.130001,61.369999,60.709999,60.930000,60.709522,3533700,TSN
2017-07-21,60.840000,61.900002,60.810001,61.880001,61.656086,1747100,TSN
2017-07-24,61.889999,62.220001,61.470001,61.610001,61.387062,1222600,TSN
2017-07-25,61.959999,62.910000,61.599998,62.720001,62.493046,1878200,TSN
2017-07-26,62.930000,63.799999,62.750000,63.029999,62.801922,1342000,TSN
2017-07-27,62.980000,63.580002,62.770000,63.360001,63.130730,1633000,TSN
2017-07-28,63.320000,63.480000,62.840000,63.000000,62.772034,1012200,TSN
2017-07-31,63.099998,63.430000,62.950001,63.360001,63.130730,1607700,TSN
2017-08-01,63.529999,63.650002,62.619999,62.900002,62.672394,1987700,TSN
2017-08-02,62.799999,63.689999,62.220001,63.630001,63.399754,1935000,TSN
2017-08-03,63.700001,64.400002,63.220001,63.240002,63.011166,2486900,TSN
2017-08-04,63.470001,63.689999,63.029999,63.299999,63.070946,2818700,TSN
2017-08-07,65.769997,67.730003,65.419998,66.900002,66.657921,7091700,TSN
2017-08-08,66.610001,66.860001,65.010002,65.019997,64.784721,6011500,TSN
2017-08-09,64.739998,65.169998,63.930000,64.660004,64.426025,3666100,TSN
2017-08-10,64.269997,65.260002,63.779999,64.870003,64.635269,3295300,TSN
2017-08-11,64.989998,66.169998,64.739998,65.550003,65.312805,2783300,TSN
2017-08-14,65.870003,66.570000,65.830002,65.849998,65.611717,2559800,TSN
2017-08-15,66.050003,66.250000,65.440002,65.959999,65.721321,2457300,TSN
2017-08-16,66.000000,66.410004,65.570000,65.650002,65.412445,2604700,TSN
2017-08-17,65.580002,65.970001,64.889999,64.900002,64.665161,2221900,TSN
2017-08-18,64.959999,65.260002,64.610001,65.139999,64.904289,2465300,TSN
2017-08-21,65.160004,65.449997,64.930000,65.110001,64.874397,1579500,TSN
2017-08-22,65.080002,65.410004,64.199997,64.949997,64.714973,2734500,TSN
2017-08-23,64.910004,65.209999,64.430000,64.559998,64.326385,2612300,TSN
2017-08-24,64.470001,64.669998,63.810001,63.860001,63.628922,2519900,TSN
2017-08-25,64.279999,64.680000,63.250000,63.250000,63.021126,2691700,TSN
2017-08-28,63.259998,63.400002,62.360001,62.549999,62.323658,2425100,TSN
2017-08-29,62.590000,62.860001,62.009998,62.180000,61.954998,2287600,TSN
2017-08-30,61.970001,62.560001,61.970001,62.490002,62.490002,1987700,TSN
2017-08-31,62.299999,63.599998,62.299999,63.299999,63.299999,3244400,TSN
2017-09-01,63.529999,64.559998,63.299999,64.529999,64.529999,2893900,TSN
2017-09-05,64.500000,65.300003,64.290001,64.470001,64.470001,2527700,TSN
2017-09-06,64.570000,65.300003,64.150002,64.949997,64.949997,2949900,TSN
2017-09-07,64.919998,65.779999,64.430000,64.650002,64.650002,3265200,TSN
2017-09-08,64.610001,65.500000,64.300003,65.389999,65.389999,2221900,TSN
2017-09-11,65.500000,65.800003,65.120003,65.500000,65.500000,1789200,TSN
2017-09-12,65.540001,66.000000,64.839996,65.820000,65.820000,1606700,TSN
2017-09-13,65.820000,66.040001,65.169998,65.949997,65.949997,1790900,TSN
2017-09-14,65.940002,66.360001,65.660004,66.320000,66.320000,3238600,TSN
